club_id,club_name,season,financial_year_end,currency_original,units_original,total_revenue_original,matchday_revenue_original,broadcast_revenue_original,commercial_revenue_original,other_revenue_original,women_team_revenue_original,excluded_player_trading_revenue_original,staff_costs_original,net_debt_original,player_amortisation_original,profit_on_player_sales_original,profit_loss_before_tax_original,total_revenue_eur,matchday_revenue_eur,broadcast_revenue_eur,commercial_revenue_eur,other_revenue_eur,net_debt_eur,profit_loss_before_tax_eur,exchange_rate_used,exchange_rate_source,revenue_sum_check_original,revenue_sum_difference_original,pages_used,classification_notes,women_team_treatment_notes,non_football_revenue_notes,confidence_level,requires_manual_review,source_document,source_url,notes
arsenal,Arsenal,2008/09,2009-05-31,GBP,full pounds (converted from GBP thousands disclosed in report),221463000,100086000,73239000,48138000,,,3589000.0,103978000,1999000.0,23876000.0,23177000.0,28000.0,,,,,,,,,,221463000,0,"[31, 38, 39]","Total revenue has been set to football operating revenue only and excludes disclosed player trading and property development turnover. Where Arsenal disclosed retail, retail and licensing, or licensing separately, those lines have been mapped into commercial revenue to align with the project taxonomy.",Women's team revenue is not separately disclosed in the relevant report note. The extracted football revenue figure should be treated as potentially including any inseparable women's activity.,Disclosed property development turnover is excluded from the football revenue total used here.,high,True,Group of companies' accounts made up to 31 May 2009,https://find-and-update.company-information.service.gov.uk/company/04250459/filing-history/MzAwNDAyMzEzNWFkaXF6a2N4/document?format=pdf&download=0,"Values in the annual report were disclosed in GBP thousands and have been converted here into full GBP amounts by multiplying by 1,000. Missing fields in raw extraction: net_debt_eur, profit_loss_before_tax_eur."
arsenal,Arsenal,2009/10,2010-05-31,GBP,full pounds (converted from GBP thousands disclosed in report),222486000,93929000,84584000,43973000,,,460000.0,110733000,2000000.0,25033000.0,38137000.0,28000.0,,,,,,,,,,222486000,0,"[32, 38, 39]","Total revenue has been set to football operating revenue only and excludes disclosed player trading and property development turnover. Where Arsenal disclosed retail, retail and licensing, or licensing separately, those lines have been mapped into commercial revenue to align with the project taxonomy.",Women's team revenue is not separately disclosed in the relevant report note. The extracted football revenue figure should be treated as potentially including any inseparable women's activity.,Disclosed property development turnover is excluded from the football revenue total used here.,high,True,Group of companies' accounts made up to 31 May 2010,https://find-and-update.company-information.service.gov.uk/company/04250459/filing-history/MzAyNzE0NjA3NmFkaXF6a2N4/document?format=pdf&download=0,"Values in the annual report were disclosed in GBP thousands and have been converted here into full GBP amounts by multiplying by 1,000. Missing fields in raw extraction: net_debt_eur, profit_loss_before_tax_eur."
arsenal,Arsenal,2010/11,2011-05-31,GBP,full pounds (converted from GBP thousands disclosed in report),224675000,93108000,85244000,46323000,,,735000.0,124401000,-133468000.0,21658000.0,6256000.0,14776000.0,,,,,,,,,,224675000,0,"[31, 32]","Total revenue has been set to football operating revenue only and excludes disclosed player trading and property development turnover. Where Arsenal disclosed retail, retail and licensing, or licensing separately, those lines have been mapped into commercial revenue to align with the project taxonomy.",Women's team revenue is not separately disclosed in the relevant report note. The extracted football revenue figure should be treated as potentially including any inseparable women's activity.,Disclosed property development turnover is excluded from the football revenue total used here.,high,True,Group of companies' accounts made up to 31 May 2011,https://find-and-update.company-information.service.gov.uk/company/04250459/filing-history/MzA0ODAzNDA0NmFkaXF6a2N4/document?format=pdf&download=0,"Values in the annual report were disclosed in GBP thousands and have been converted here into full GBP amounts by multiplying by 1,000. Missing fields in raw extraction: net_debt_original, profit_loss_before_tax_original, net_debt_eur, profit_loss_before_tax_eur. Net debt computed as total debt less cash and short-term deposits from the downloaded annual report. Profit before tax taken from the segmental analysis page as group profit on ordinary activities before taxation."
arsenal,Arsenal,2011/12,2012-05-31,GBP,full pounds (converted from GBP thousands disclosed in report),232428000,95212000,84701000,52515000,,,2901000.0,143448000,101016000.0,36802000.0,65456000.0,36588000.0,,,,,,,,,,232428000,0,"[30, 31]","Total revenue has been set to football operating revenue only and excludes disclosed player trading and property development turnover. Where Arsenal disclosed retail, retail and licensing, or licensing separately, those lines have been mapped into commercial revenue to align with the project taxonomy.",Women's team revenue is not separately disclosed in the relevant report note. The extracted football revenue figure should be treated as potentially including any inseparable women's activity.,Disclosed property development turnover is excluded from the football revenue total used here.,high,True,Group of companies' accounts made up to 31 May 2012,https://find-and-update.company-information.service.gov.uk/company/04250459/filing-history/MzA2NzUwNTA2M2FkaXF6a2N4/document?format=pdf&download=0,"Values in the annual report were disclosed in GBP thousands and have been converted here into full GBP amounts by multiplying by 1,000. Net debt has been computed from statement debt and cash disclosures because it was not presented as a single line item. Net debt computed from total debt less cash and short-term deposits from the downloaded annual report."
arsenal,Arsenal,2012/13,2013-05-31,GBP,full pounds (converted from GBP thousands disclosed in report),241227000,92780000,86025000,62422000,,,1598000.0,154490000,121264000.0,41349000.0,46986000.0,6654000.0,,,,,,,,,,241227000,0,"[30, 31]","Total revenue has been set to football operating revenue only and excludes disclosed player trading and property development turnover. Where Arsenal disclosed retail, retail and licensing, or licensing separately, those lines have been mapped into commercial revenue to align with the project taxonomy.",Women's team revenue is not separately disclosed in the relevant report note. The extracted football revenue figure should be treated as potentially including any inseparable women's activity.,Disclosed property development turnover is excluded from the football revenue total used here.,high,True,Group of companies' accounts made up to 31 May 2013,https://find-and-update.company-information.service.gov.uk/company/04250459/filing-history/MzA4ODY5MjM1MGFkaXF6a2N4/document?format=pdf&download=0,"Values in the annual report were disclosed in GBP thousands and have been converted here into full GBP amounts by multiplying by 1,000. Missing fields in raw extraction: net_debt_eur, profit_loss_before_tax_eur. Net debt computed from creditors due after more than one year and cash/short-term deposits from the downloaded annual report."
arsenal,Arsenal,2013/14,2014-05-31,GBP,full pounds (converted from GBP thousands disclosed in report),298145000,100229000,120762000,77154000,,,513000.0,166403000,32577000.0,40072000.0,6912000.0,20593000.0,,,,,,,,,,298145000,0,"[29, 30, 31]","Total revenue has been set to football operating revenue only and excludes disclosed player trading and property development turnover. Where Arsenal disclosed retail, retail and licensing, or licensing separately, those lines have been mapped into commercial revenue to align with the project taxonomy.",Women's team revenue is not separately disclosed in the relevant report note. The extracted football revenue figure should be treated as potentially including any inseparable women's activity.,Disclosed property development turnover is excluded from the football revenue total used here.,high,True,Group of companies' accounts made up to 31 May 2014,https://find-and-update.company-information.service.gov.uk/company/04250459/filing-history/MzExMDUwMTE2MGFkaXF6a2N4/document?format=pdf&download=0,"Values in the annual report were disclosed in GBP thousands and have been converted here into full GBP amounts by multiplying by 1,000. Missing fields in raw extraction: net_debt_eur, profit_loss_before_tax_eur. Net debt taken from the analysis of changes in net debt note. Profit before tax verified from the tax note and standard-rate reconciliation."
arsenal,Arsenal,2014/15,2015-05-31,GBP,full pounds (converted from GBP thousands disclosed in report),328532000,100401000,124844000,103287000,,,805000.0,192213000,5681000.0,54430000.0,28944000.0,24714000.0,,,,,,,,,,328532000,0,"[31, 32]","Total revenue has been set to football operating revenue only and excludes disclosed player trading and property development turnover. Where Arsenal disclosed retail, retail and licensing, or licensing separately, those lines have been mapped into commercial revenue to align with the project taxonomy.",Women's team revenue is not separately disclosed in the relevant report note. The extracted football revenue figure should be treated as potentially including any inseparable women's activity.,Disclosed property development turnover is excluded from the football revenue total used here.,high,True,Group of companies' accounts made up to 31 May 2015,https://find-and-update.company-information.service.gov.uk/company/04250459/filing-history/MzEzNTE5MDEzMWFkaXF6a2N4/document?format=pdf&download=0,"Values in the annual report were disclosed in GBP thousands and have been converted here into full GBP amounts by multiplying by 1,000. Missing fields in raw extraction: net_debt_eur, profit_loss_before_tax_eur. Net debt taken from the analysis of changes in net debt note. Profit before tax verified from the tax note and standard-rate reconciliation."
arsenal,Arsenal,2015/16,2016-05-31,GBP,full pounds (converted from GBP thousands disclosed in report),347393000,99907000,140579000,106907000,,,3230000.0,195387000,6142000.0,59257000.0,2047000.0,18192000.0,,,,,,,,,,347393000,0,"[33, 35, 39]","Total revenue has been set to football operating revenue only and excludes disclosed player trading and property development turnover. Where Arsenal disclosed retail, retail and licensing, or licensing separately, those lines have been mapped into commercial revenue to align with the project taxonomy.",Women's team revenue is not separately disclosed in the relevant report note. The extracted football revenue figure should be treated as potentially including any inseparable women's activity.,Disclosed property development turnover is excluded from the football revenue total used here.,high,True,Group of companies' accounts made up to 31 May 2016,https://find-and-update.company-information.service.gov.uk/company/04250459/filing-history/MzE2Njc3MDIwNGFkaXF6a2N4/document?format=pdf&download=0,"Values in the annual report were disclosed in GBP thousands and have been converted here into full GBP amounts by multiplying by 1,000. Missing fields in raw extraction: net_debt_eur, profit_loss_before_tax_eur. Net debt taken from the analysis of changes in net debt note. Profit before tax verified from the tax note and standard-rate reconciliation."
arsenal,Arsenal,2016/17,2017-05-31,GBP,full pounds (converted from GBP thousands disclosed in report),415867000,99996000,198637000,117234000,,,6932000.0,199395000,47352000.0,77126000.0,6760000.0,44607000.0,,,,,,,,,,415867000,0,"[37, 38, 39]","Total revenue has been set to football operating revenue only and excludes disclosed player trading and property development turnover. Where Arsenal disclosed retail, retail and licensing, or licensing separately, those lines have been mapped into commercial revenue to align with the project taxonomy.",Women's team revenue is not separately disclosed in the relevant report note. The extracted football revenue figure should be treated as potentially including any inseparable women's activity.,Disclosed property development turnover is excluded from the football revenue total used here.,high,True,Group of companies' accounts made up to 31 May 2017,https://find-and-update.company-information.service.gov.uk/company/04250459/filing-history/MzE5MTg1NjI2OWFkaXF6a2N4/document?format=pdf&download=0,"Values in the annual report were disclosed in GBP thousands and have been converted here into full GBP amounts by multiplying by 1,000. Missing fields in raw extraction: net_debt_eur, profit_loss_before_tax_eur. Net debt taken from the analysis of changes in net debt note. Profit before tax taken from the segmental analysis / group disclosure."
arsenal,Arsenal,2017/18,2018-05-31,GBP,full pounds (converted from GBP thousands disclosed in report),385920000,98905000,180097000,106918000,,,2311000.0,240060000,0.0,85812000.0,120047000.0,2018000.0,,,,,,,,,,385920000,0,"[21, 23, 26]",Total revenue has been set to football operating revenue only and excludes disclosed player trading and property development turnover.,Women's team revenue is not separately disclosed in the relevant report note. The extracted football revenue figure should be treated as potentially including any inseparable women's activity.,Disclosed property development turnover is excluded from the football revenue total used here.,high,True,Group of companies' accounts made up to 31 May 2018,https://find-and-update.company-information.service.gov.uk/company/04250459/filing-history/MzIyNTM1MjYxN2FkaXF6a2N4/document?format=pdf&download=0,"Values in the annual report were disclosed in GBP thousands and have been converted here into full GBP amounts by multiplying by 1,000. Missing fields in raw extraction: net_debt_eur, profit_loss_before_tax_eur."
arsenal,Arsenal,2018/19,2019-05-31,GBP,full pounds (converted from GBP thousands disclosed in report),390148000,96244000,183025000,110879000,,,4582000.0,234922000,21715000.0,89678000.0,12243000.0,-32215000.0,,,,,,,,,,390148000,0,"[21, 23, 26]",Total revenue has been set to football operating revenue only and excludes disclosed player trading and property development turnover.,Women's team revenue is not separately disclosed in the relevant report note. The extracted football revenue figure should be treated as potentially including any inseparable women's activity.,Disclosed property development turnover is excluded from the football revenue total used here.,high,True,Group of companies' accounts made up to 31 May 2019,https://find-and-update.company-information.service.gov.uk/company/04250459/filing-history/MzI1ODcyNTM1MWFkaXF6a2N4/document?format=pdf&download=0,"Values in the annual report were disclosed in GBP thousands and have been converted here into full GBP amounts by multiplying by 1,000. Missing fields in raw extraction: net_debt_original, profit_loss_before_tax_original, net_debt_eur, profit_loss_before_tax_eur. Net debt computed as total debt less cash and short-term deposits from the downloaded annual report. Profit before tax verified from the tax note."
arsenal,Arsenal,2019/20,2020-05-31,GBP,full pounds (converted from GBP thousands disclosed in report),339968000,78743000,118948000,142277000,,,3485000.0,234478000,-94109000.0,109114000.0,60050000.0,-54022000.0,,,,,,,,,,339968000,0,"[25, 26, 27]",Total revenue has been set to football operating revenue only and excludes disclosed player trading and property development turnover.,Women's team revenue is not separately disclosed in the relevant report note. The extracted football revenue figure should be treated as potentially including any inseparable women's activity.,Disclosed property development turnover is excluded from the football revenue total used here.,high,True,Group of companies' accounts made up to 31 May 2020,https://find-and-update.company-information.service.gov.uk/company/04250459/filing-history/MzI5NDA2NjY3MWFkaXF6a2N4/document?format=pdf&download=0,"Values in the annual report were disclosed in GBP thousands and have been converted here into full GBP amounts by multiplying by 1,000. Missing fields in raw extraction: net_debt_original, profit_loss_before_tax_original, net_debt_eur, profit_loss_before_tax_eur. Net debt computed as total debt less cash and short-term deposits from the downloaded annual report. Profit before tax verified from the tax note."
arsenal,Arsenal,2020/21,2021-05-31,GBP,full pounds (converted from GBP thousands disclosed in report),324519000,3763000,184376000,136380000,,,3067000.0,244438000,-2466000.0,117413000.0,11770000.0,-127204000.0,,,,,,,,,,324519000,0,"[26, 27, 30]",Total revenue has been set to football operating revenue only and excludes disclosed player trading and property development turnover.,Women's team revenue is not separately disclosed in the relevant report note. The extracted football revenue figure should be treated as potentially including any inseparable women's activity.,Disclosed property development turnover is excluded from the football revenue total used here.,high,True,Group of companies' accounts made up to 31 May 2021,https://find-and-update.company-information.service.gov.uk/company/04250459/filing-history/MzMzMjQ0NzAzOGFkaXF6a2N4/document?format=pdf&download=0,"Values in the annual report were disclosed in GBP thousands and have been converted here into full GBP amounts by multiplying by 1,000. Missing fields in raw extraction: net_debt_original, profit_loss_before_tax_original, net_debt_eur, profit_loss_before_tax_eur. Net debt computed as total debt less cash and short-term deposits from the downloaded annual report. Profit before tax verified from the tax note."
arsenal,Arsenal,2021/22,2022-05-31,GBP,full pounds (converted from GBP thousands disclosed in report),324519000,3763000,184376000,136380000,,,3067000.0,244438000,-13188000.0,117413000.0,11770000.0,-45481000.0,,,,,,,,,,324519000,0,"[22, 26, 27]",Total revenue has been set to football operating revenue only and excludes disclosed player trading and property development turnover.,Women's team revenue is not separately disclosed in the relevant report note. The extracted football revenue figure should be treated as potentially including any inseparable women's activity.,Disclosed property development turnover is excluded from the football revenue total used here.,high,True,Group of companies' accounts made up to 31 May 2022,https://find-and-update.company-information.service.gov.uk/company/04250459/filing-history/MzM2OTcwMjYwNWFkaXF6a2N4/document?download=0&format=pdf,"Values in the annual report were disclosed in GBP thousands and have been converted here into full GBP amounts by multiplying by 1,000. Missing fields in raw extraction: net_debt_original, profit_loss_before_tax_original, net_debt_eur, profit_loss_before_tax_eur. Net debt computed as total debt less cash and short-term deposits from the downloaded annual report. Profit before tax verified from the tax note."
arsenal,Arsenal,2022/23,2023-05-31,GBP,full pounds (converted from GBP thousands disclosed in report),463100000,102604000,191194000,169302000,,,1457000.0,234766000,-25531000.0,139060000.0,10732000.0,-52124000.0,,,,,,,,,,463100000,0,"[22, 26, 27]",Total revenue has been set to football operating revenue only and excludes disclosed player trading and property development turnover.,Women's team revenue is not separately disclosed in the relevant report note. The extracted football revenue figure should be treated as potentially including any inseparable women's activity.,Disclosed property development turnover is excluded from the football revenue total used here.,high,True,Group of companies' accounts made up to 31 May 2023,https://find-and-update.company-information.service.gov.uk/company/04250459/filing-history/MzQxMjE5NjQ0MGFkaXF6a2N4/document?download=0&format=pdf,"Values in the annual report were disclosed in GBP thousands and have been converted here into full GBP amounts by multiplying by 1,000. Missing fields in raw extraction: net_debt_original, profit_loss_before_tax_original, net_debt_eur, profit_loss_before_tax_eur. Net debt computed as total debt less cash and short-term deposits from the downloaded annual report. Profit before tax verified from the tax note."
arsenal,Arsenal,2023/24,2024-05-31,GBP,full pounds (converted from GBP thousands disclosed in report),611972000,131652000,262052000,218268000,,,1374000.0,327822000,-49097000.0,171099000.0,51073000.0,-17687000.0,,,,,,,,,,611972000,0,"[26, 30, 31, 32]",Total revenue has been set to football operating revenue only and excludes disclosed player trading and property development turnover.,"Women's UEFA competition income of GBP 200,000 was separately disclosed within broadcasting revenue and has been excluded from the extracted men's/club football revenue figure. Any other inseparable women's activity remains embedded if not separately disclosed.",Disclosed property development turnover is excluded from the football revenue total used here.,high,True,Group of companies' accounts made up to 31 May 2024,https://find-and-update.company-information.service.gov.uk/company/04250459/filing-history/MzQ1NTk1NjAxMGFkaXF6a2N4/document?download=0&format=pdf,"Values in the annual report were disclosed in GBP thousands and have been converted here into full GBP amounts by multiplying by 1,000. Broadcasting and total revenue were adjusted to exclude separately disclosed women's UEFA revenue. Missing fields in raw extraction: net_debt_original, profit_loss_before_tax_original, net_debt_eur, profit_loss_before_tax_eur. Net debt computed as total debt less cash from the downloaded annual report. Profit before tax verified from the tax note."
arsenal,Arsenal,2024/25,2025-05-31,GBP,full pounds (converted from GBP thousands disclosed in report),688431000,153854000,271384000,263193000,,,454000.0,346804000,-37776000.0,175547000.0,,-1348000.0,,,,,,,,,,688431000,0,"[31, 32, 33, 34]",Total revenue has been set to football operating revenue only and excludes disclosed player trading and property development turnover.,"Women's UEFA competition income of GBP 1,400,000 was separately disclosed within broadcasting revenue and has been excluded from the extracted men's/club football revenue figure. Any other inseparable women's activity remains embedded if not separately disclosed.",Disclosed property development turnover is excluded from the football revenue total used here.,medium,True,Group of companies' accounts made up to 31 May 2025,https://find-and-update.company-information.service.gov.uk/company/04250459/filing-history/MzUwNzE0ODU1NmFkaXF6a2N4/document?download=0&format=pdf,"Values in the annual report were disclosed in GBP thousands and have been converted here into full GBP amounts by multiplying by 1,000. Broadcasting and total revenue were adjusted to exclude separately disclosed women's UEFA revenue. Missing fields in raw extraction: net_debt_original, profit_loss_before_tax_original, net_debt_eur, profit_loss_before_tax_eur. Net debt computed as total debt less cash from the downloaded annual report. Profit before tax verified from the tax note."
chelsea,Chelsea,2011/12,2012-06-30,GBP,full pounds (converted from GBP thousands disclosed in report),255738000,77742000,112815000,66977000,,,28794000.0,171036000,18146000.0,49506000.0,28794000.0,1378000.0,,,,,,,,,,257534000,1796000,"[15, 16]","Chelsea discloses matchday, broadcasting, and commercial revenue directly in the financial statements from the seasons extracted here. Total revenue has been set to football operating turnover only and excludes player trading.",Women's team revenue is not separately disclosed in the relevant Chelsea financial statement notes used here. The extracted revenue figures should therefore be treated as potentially including inseparable women's activity.,"Chelsea's disclosed commercial category may include hotel, stadium, retail, or other non-matchday commercial operations where the group classifies them within ordinary football-related activities.",medium,True,Group of companies' accounts made up to 30 June 2012,https://find-and-update.company-information.service.gov.uk/company/02536231/filing-history/MzA3MDcyNjIxOGFkaXF6a2N4/document?format=pdf&download=0,"Values in the annual report were disclosed in GBP thousands and have been converted here into full GBP amounts by multiplying by 1,000. Broadcasting, matchday, and commercial are disclosed before deducting Chelsea Digital Media joint-venture turnover of GBP 1,796,000, so the category sum exceeds reported group turnover. Net debt taken from the analysis of net debt note in the downloaded annual report."
chelsea,Chelsea,2012/13,2013-06-30,GBP,full pounds (converted from GBP thousands disclosed in report),255772000,70693000,105435000,79644000,,,14452000.0,176568000,28113000.0,58758000.0,14452000.0,-50712000.0,,,,,,,,,,255772000,0,"[15, 16]","Chelsea discloses matchday, broadcasting, and commercial revenue directly in the financial statements from the seasons extracted here. Total revenue has been set to football operating turnover only and excludes player trading.",Women's team revenue is not separately disclosed in the relevant Chelsea financial statement notes used here. The extracted revenue figures should therefore be treated as potentially including inseparable women's activity.,"Chelsea's disclosed commercial category may include hotel, stadium, retail, or other non-matchday commercial operations where the group classifies them within ordinary football-related activities.",high,True,Group of companies' accounts made up to 30 June 2013,https://find-and-update.company-information.service.gov.uk/company/02536231/filing-history/MzA5MjAwODY1MmFkaXF6a2N4/document?format=pdf&download=0,"Values in the annual report were disclosed in GBP thousands and have been converted here into full GBP amounts by multiplying by 1,000. Missing fields in raw extraction: net_debt_eur, profit_loss_before_tax_eur. Net debt taken from the analysis of net debt note. Profit before tax taken from the taxation note."
chelsea,Chelsea,2013/14,2014-06-30,GBP,full pounds (converted from GBP thousands disclosed in report),319843000,71019000,139858000,108966000,,,65072000.0,190581000,25004000.0,72360000.0,65072000.0,19068000.0,,,,,,,,,,319843000,0,"[15, 16]","Chelsea discloses matchday, broadcasting, and commercial revenue directly in the financial statements from the seasons extracted here. Total revenue has been set to football operating turnover only and excludes player trading.",Women's team revenue is not separately disclosed in the relevant Chelsea financial statement notes used here. The extracted revenue figures should therefore be treated as potentially including inseparable women's activity.,"Chelsea's disclosed commercial category may include hotel, stadium, retail, or other non-matchday commercial operations where the group classifies them within ordinary football-related activities.",high,True,Group of companies' accounts made up to 30 June 2014,https://find-and-update.company-information.service.gov.uk/company/02536231/filing-history/MzExNDY3NzI3MmFkaXF6a2N4/document?format=pdf&download=0,"Values in the annual report were disclosed in GBP thousands and have been converted here into full GBP amounts by multiplying by 1,000. Missing fields in raw extraction: net_debt_eur, profit_loss_before_tax_eur. Net debt taken from the analysis of net debt note. Profit before tax taken from the taxation note."
chelsea,Chelsea,2014/15,2015-06-30,GBP,full pounds (converted from GBP thousands disclosed in report),314287000,70778000,135565000,107944000,,,42027000.0,215647000,5330000.0,70186000.0,42027000.0,-22656000.0,,,,,,,,,,314287000,0,"[16, 17]","Chelsea discloses matchday, broadcasting, and commercial revenue directly in the financial statements from the seasons extracted here. Total revenue has been set to football operating turnover only and excludes player trading.",Women's team revenue is not separately disclosed in the relevant Chelsea financial statement notes used here. The extracted revenue figures should therefore be treated as potentially including inseparable women's activity.,"Chelsea's disclosed commercial category may include hotel, stadium, retail, or other non-matchday commercial operations where the group classifies them within ordinary football-related activities.",high,True,Group of companies' accounts made up to 30 June 2015,https://find-and-update.company-information.service.gov.uk/company/02536231/filing-history/MzEzODU4Mjg2MWFkaXF6a2N4/document?format=pdf&download=0,"Values in the annual report were disclosed in GBP thousands and have been converted here into full GBP amounts by multiplying by 1,000. Missing fields in raw extraction: net_debt_eur, profit_loss_before_tax_eur. Net debt taken from the analysis of net debt note. Profit before tax taken from the taxation note."
chelsea,Chelsea,2015/16,2016-06-30,GBP,full pounds (converted from GBP thousands disclosed in report),329122000,69675000,142933000,116514000,,,49000000.0,222406000,-27127000.0,71909000.0,49000000.0,-69789000.0,,,,,,,,,,329122000,0,"[23, 24, 25]","Chelsea discloses matchday, broadcasting, and commercial revenue directly in the financial statements from the seasons extracted here. Total revenue has been set to football operating turnover only and excludes player trading.",Women's team revenue is not separately disclosed in the relevant Chelsea financial statement notes used here. The extracted revenue figures should therefore be treated as potentially including inseparable women's activity.,"Chelsea's disclosed commercial category may include hotel, stadium, retail, or other non-matchday commercial operations where the group classifies them within ordinary football-related activities.",high,True,Group of companies' accounts made up to 30 June 2016,https://find-and-update.company-information.service.gov.uk/company/02536231/filing-history/MzE2NjMwNjg5MWFkaXF6a2N4/document?format=pdf&download=0,"Values in the annual report were disclosed in GBP thousands and have been converted here into full GBP amounts by multiplying by 1,000. Missing fields in raw extraction: net_debt_original, profit_loss_before_tax_original, net_debt_eur, profit_loss_before_tax_eur. Net debt inferred as net cash because the balance sheet shows cash at bank and in hand but no separately disclosed year-end borrowings. Profit before tax taken from the group profit and loss account."
chelsea,Chelsea,2016/17,2017-06-30,GBP,full pounds (converted from GBP thousands disclosed in report),361308000,65519000,162446000,133343000,,,69226000.0,219659000,-32986000.0,89642000.0,69226000.0,15646000.0,,,,,,,,,,361308000,0,"[22, 23, 24]","Chelsea discloses matchday, broadcasting, and commercial revenue directly in the financial statements from the seasons extracted here. Total revenue has been set to football operating turnover only and excludes player trading.",Women's team revenue is not separately disclosed in the relevant Chelsea financial statement notes used here. The extracted revenue figures should therefore be treated as potentially including inseparable women's activity.,"Chelsea's disclosed commercial category may include hotel, stadium, retail, or other non-matchday commercial operations where the group classifies them within ordinary football-related activities.",high,True,Group of companies' accounts made up to 30 June 2017,https://find-and-update.company-information.service.gov.uk/company/02536231/filing-history/MzE5NDY3NTc5NGFkaXF6a2N4/document?format=pdf&download=0,"Values in the annual report were disclosed in GBP thousands and have been converted here into full GBP amounts by multiplying by 1,000. Missing fields in raw extraction: net_debt_original, profit_loss_before_tax_original, net_debt_eur, profit_loss_before_tax_eur. Net debt inferred as net cash because the balance sheet shows cash at bank and in hand but no separately disclosed year-end borrowings. Profit before tax taken from the group profit and loss account."
chelsea,Chelsea,2017/18,2018-06-30,GBP,full pounds (converted from GBP thousands disclosed in report),443449000,73938000,204141000,165370000,,,112995000.0,244084000,-31679000.0,125554000.0,112995000.0,67461000.0,,,,,,,,,,443449000,0,"[22, 23, 24]","Chelsea discloses matchday, broadcasting, and commercial revenue directly in the financial statements from the seasons extracted here. Total revenue has been set to football operating turnover only and excludes player trading.",Women's team revenue is not separately disclosed in the relevant Chelsea financial statement notes used here. The extracted revenue figures should therefore be treated as potentially including inseparable women's activity.,"Chelsea's disclosed commercial category may include hotel, stadium, retail, or other non-matchday commercial operations where the group classifies them within ordinary football-related activities.",high,True,Group of companies' accounts made up to 30 June 2018,https://find-and-update.company-information.service.gov.uk/company/02536231/filing-history/MzIyMzk3MDA5OGFkaXF6a2N4/document?format=pdf&download=0,"Values in the annual report were disclosed in GBP thousands and have been converted here into full GBP amounts by multiplying by 1,000. Missing fields in raw extraction: net_debt_original, profit_loss_before_tax_original, net_debt_eur, profit_loss_before_tax_eur. Net debt inferred as net cash because the balance sheet shows cash at bank and in hand but no separately disclosed year-end borrowings. Profit before tax taken from the group profit and loss account."
chelsea,Chelsea,2018/19,2019-06-30,GBP,full pounds (converted from GBP thousands disclosed in report),446741000,66623000,200188000,179930000,,,60459000.0,285550000,-36580000.0,170010000.0,60459000.0,-101786000.0,,,,,,,,,,446741000,0,"[22, 23, 24]","Chelsea discloses matchday, broadcasting, and commercial revenue directly in the financial statements from the seasons extracted here. Total revenue has been set to football operating turnover only and excludes player trading.",Women's team revenue is not separately disclosed in the relevant Chelsea financial statement notes used here. The extracted revenue figures should therefore be treated as potentially including inseparable women's activity.,"Chelsea's disclosed commercial category may include hotel, stadium, retail, or other non-matchday commercial operations where the group classifies them within ordinary football-related activities.",high,True,Group of companies' accounts made up to 30 June 2019,https://find-and-update.company-information.service.gov.uk/company/02536231/filing-history/MzI1MzY5NTU2NWFkaXF6a2N4/document?format=pdf&download=0,"Values in the annual report were disclosed in GBP thousands and have been converted here into full GBP amounts by multiplying by 1,000. Missing fields in raw extraction: net_debt_original, profit_loss_before_tax_original, net_debt_eur, profit_loss_before_tax_eur. Net debt inferred as net cash because the balance sheet shows cash at bank and in hand but no separately disclosed year-end borrowings. Profit before tax taken from the group profit and loss account."
chelsea,Chelsea,2019/20,2020-06-30,GBP,full pounds (converted from GBP thousands disclosed in report),407402000,54469000,182546000,170387000,,,142645000.0,283480000,-17077000.0,129141000.0,142645000.0,35652000.0,,,,,,,,,,407402000,0,"[25, 26, 27]","Chelsea discloses matchday, broadcasting, and commercial revenue directly in the financial statements from the seasons extracted here. Total revenue has been set to football operating turnover only and excludes player trading.",Women's team revenue is not separately disclosed in the relevant Chelsea financial statement notes used here. The extracted revenue figures should therefore be treated as potentially including inseparable women's activity.,"Chelsea's disclosed commercial category may include hotel, stadium, retail, or other non-matchday commercial operations where the group classifies them within ordinary football-related activities.",high,True,Group of companies' accounts made up to 30 June 2020,https://find-and-update.company-information.service.gov.uk/company/02536231/filing-history/MzI5MTA2NDMxM2FkaXF6a2N4/document?format=pdf&download=0,"Values in the annual report were disclosed in GBP thousands and have been converted here into full GBP amounts by multiplying by 1,000. Missing fields in raw extraction: net_debt_original, profit_loss_before_tax_original, net_debt_eur, profit_loss_before_tax_eur. Net debt inferred as net cash because the balance sheet shows cash at bank and in hand but no separately disclosed year-end borrowings. Profit before tax taken from the group profit and loss account."
chelsea,Chelsea,2020/21,2021-06-30,GBP,full pounds (converted from GBP thousands disclosed in report),434863000,7654000,273606000,153603000,,,27940000.0,332905000,-17077000.0,163864000.0,27940000.0,35652000.0,,,,,,,,,,434863000,0,"[28, 29, 30]","Chelsea discloses matchday, broadcasting, and commercial revenue directly in the financial statements from the seasons extracted here. Total revenue has been set to football operating turnover only and excludes player trading.",Women's team revenue is not separately disclosed in the relevant Chelsea financial statement notes used here. The extracted revenue figures should therefore be treated as potentially including inseparable women's activity.,"Chelsea's disclosed commercial category may include hotel, stadium, retail, or other non-matchday commercial operations where the group classifies them within ordinary football-related activities.",high,True,Group of companies' accounts made up to 30 June 2021,https://find-and-update.company-information.service.gov.uk/company/02536231/filing-history/MzMyNDMxMTA2NmFkaXF6a2N4/document?format=pdf&download=0,"Values in the annual report were disclosed in GBP thousands and have been converted here into full GBP amounts by multiplying by 1,000. Missing fields in raw extraction: net_debt_original, profit_loss_before_tax_original, net_debt_eur, profit_loss_before_tax_eur. Net debt inferred as net cash because the balance sheet shows cash at bank and in hand but no separately disclosed year-end borrowings. Profit before tax taken from the group profit and loss account."
chelsea,Chelsea,2021/22,2022-06-30,GBP,full pounds (converted from GBP thousands disclosed in report),481278000,69163000,235016000,177099000,,,123213000.0,340249000,-16366000.0,162457000.0,123213000.0,-155939000.0,,,,,,,,,,481278000,0,"[29, 30, 31]","Chelsea discloses matchday, broadcasting, and commercial revenue directly in the financial statements from the seasons extracted here. Total revenue has been set to football operating turnover only and excludes player trading.",Women's team revenue is not separately disclosed in the relevant Chelsea financial statement notes used here. The extracted revenue figures should therefore be treated as potentially including inseparable women's activity.,"Chelsea's disclosed commercial category may include hotel, stadium, retail, or other non-matchday commercial operations where the group classifies them within ordinary football-related activities.",high,True,Group of companies' accounts made up to 30 June 2022,https://find-and-update.company-information.service.gov.uk/company/02536231/filing-history/MzM3NDg3MzQ5MGFkaXF6a2N4/document?download=0&format=pdf,"Values in the annual report were disclosed in GBP thousands and have been converted here into full GBP amounts by multiplying by 1,000. Missing fields in raw extraction: net_debt_original, profit_loss_before_tax_original, net_debt_eur, profit_loss_before_tax_eur. Net debt inferred as net cash because the balance sheet shows cash at bank and in hand but no separately disclosed year-end borrowings. Profit before tax taken from the group profit and loss account."
chelsea,Chelsea,2022/23,2023-06-30,GBP,full pounds (converted from GBP thousands disclosed in report),512467000,76481000,225902000,210084000,,,62861000.0,403962000,-54184000.0,205000000.0,62861000.0,-121355000.0,,,,,,,,,,512467000,0,"[33, 34, 35]","Chelsea discloses matchday, broadcasting, and commercial revenue directly in the financial statements from the seasons extracted here. Total revenue has been set to football operating turnover only and excludes player trading.",Women's team revenue is not separately disclosed in the relevant Chelsea financial statement notes used here. The extracted revenue figures should therefore be treated as potentially including inseparable women's activity.,"Chelsea's disclosed commercial category may include hotel, stadium, retail, or other non-matchday commercial operations where the group classifies them within ordinary football-related activities.",high,True,Group of companies' accounts made up to 30 June 2023,https://find-and-update.company-information.service.gov.uk/company/02536231/filing-history/MzQxNzE0MTU2NWFkaXF6a2N4/document?download=0&format=pdf,"Values in the annual report were disclosed in GBP thousands and have been converted here into full GBP amounts by multiplying by 1,000. Missing fields in raw extraction: net_debt_original, profit_loss_before_tax_original, net_debt_eur, profit_loss_before_tax_eur. Net debt inferred as net cash because the balance sheet shows cash at bank and in hand but no separately disclosed year-end borrowings. Profit before tax taken from the group profit and loss account."
chelsea,Chelsea,2023/24,2024-06-30,GBP,full pounds (converted from GBP thousands disclosed in report),468486000,80120000,163101000,225265000,,,152463000.0,338021000,-87889000.0,191826000.0,152463000.0,-90100000.0,,,,,,,,,,468486000,0,"[33, 34, 35]","Chelsea discloses matchday, broadcasting, and commercial revenue directly in the financial statements from the seasons extracted here. Total revenue has been set to football operating turnover only and excludes player trading.",Women's team revenue is not separately disclosed in the relevant Chelsea financial statement notes used here. The extracted revenue figures should therefore be treated as potentially including inseparable women's activity.,"Chelsea's disclosed commercial category may include hotel, stadium, retail, or other non-matchday commercial operations where the group classifies them within ordinary football-related activities.",high,True,Group of companies' accounts made up to 30 June 2024,https://find-and-update.company-information.service.gov.uk/company/02536231/filing-history/MzQ2MTE3NTE4OWFkaXF6a2N4/document?download=0&format=pdf,"Values in the annual report were disclosed in GBP thousands and have been converted here into full GBP amounts by multiplying by 1,000. Missing fields in raw extraction: net_debt_original, profit_loss_before_tax_original, net_debt_eur, profit_loss_before_tax_eur. Net debt inferred as net cash because the balance sheet shows cash at bank and in hand but no separately disclosed year-end borrowings. Profit before tax taken from the group profit and loss account."
chelsea,Chelsea,2024/25,2025-06-30,GBP,full pounds (converted from GBP thousands disclosed in report),490857000,86762000,203230000,200865000,,,57906000.0,359265000,-49009000.0,213893000.0,57906000.0,-262444000.0,,,,,,,,,,490857000,0,"[29, 30, 31]","Chelsea discloses matchday, broadcasting, and commercial revenue directly in the financial statements from the seasons extracted here. Total revenue has been set to football operating turnover only and excludes player trading.",Women's team revenue is not separately disclosed in the relevant Chelsea financial statement notes used here. The extracted revenue figures should therefore be treated as potentially including inseparable women's activity.,"Chelsea's disclosed commercial category may include hotel, stadium, retail, or other non-matchday commercial operations where the group classifies them within ordinary football-related activities.",high,True,Group of companies' accounts made up to 30 June 2025,https://find-and-update.company-information.service.gov.uk/company/02536231/filing-history/MzUxNDEyMjMwN2FkaXF6a2N4/document?download=0&format=pdf,"Values in the annual report were disclosed in GBP thousands and have been converted here into full GBP amounts by multiplying by 1,000. Missing fields in raw extraction: net_debt_original, profit_loss_before_tax_original, net_debt_eur, profit_loss_before_tax_eur. Net debt inferred as net cash because the balance sheet shows cash at bank and in hand but no separately disclosed year-end borrowings. Profit before tax taken from the group profit and loss account."
liverpool,Liverpool,2011/12,2012-05-31,GBP,full pounds (converted from GBP thousands disclosed in report),168998000,42327000,62774000,63897000,,,,109231000,87170000.0,33759000.0,,-40522000.0,,,,,,,,,,168998000,0,"[17, 18, 21, 30]","Liverpool discloses matchday, media, and commercial turnover directly in the annual accounts for the shortened 10 month reporting period ended 31 May 2012. No player trading figure was used in football revenue.",Women's team revenue is not separately disclosed in the report.,No separate non-football commercial adjustment was identified in the extracted note.,high,True,Full accounts made up to 31 May 2012,https://find-and-update.company-information.service.gov.uk/company/00035668/filing-history/MzA3MzkyNTQ5NmFkaXF6a2N4/document?format=pdf&download=0,"Values in the annual report were disclosed in GBP thousands and have been converted here into full GBP amounts by multiplying by 1,000. This season covers a 10 month reporting period after Liverpool changed its financial year end."
liverpool,Liverpool,2012/13,2013-05-31,GBP,full pounds (converted from GBP thousands disclosed in report),206115000,39611000,68797000,97707000,,,,130843000,73287000.0,37300000.0,,-49850000.0,,,,,,,,,,206115000,0,"[11, 12, 17, 18, 25, 26]","Liverpool discloses matchday, media, and commercial turnover directly in the annual accounts. No player trading figure was used in football revenue.",Women's team revenue is not separately disclosed in the report.,No separate non-football commercial adjustment was identified in the extracted note.,medium,True,Full accounts made up to 31 May 2013,https://find-and-update.company-information.service.gov.uk/company/00035668/filing-history,"Values in the annual report were disclosed in GBP thousands and have been converted here into full GBP amounts by multiplying by 1,000. Liverpool net debt is estimated here as bank loans plus the current group loan less cash, based on the debt-related note disclosures available in the scanned statement."
liverpool,Liverpool,2013/14,2014-05-31,GBP,full pounds (converted from GBP thousands disclosed in report),255647000,50949000,100854000,103844000,,,,143749000,126315000.0,41093000.0,,413000.0,,,,,,,,,,255647000,0,"[12, 13, 18, 19, 26, 27]","Liverpool discloses matchday, media, and commercial turnover directly in the annual accounts. No player trading figure was used in football revenue.",Women's team revenue is not separately disclosed in the report.,No separate non-football commercial adjustment was identified in the extracted note.,medium,True,Full accounts made up to 31 May 2014,https://find-and-update.company-information.service.gov.uk/company/00035668/filing-history,"Values in the annual report were disclosed in GBP thousands and have been converted here into full GBP amounts by multiplying by 1,000. Liverpool net debt is estimated here as bank loans plus the current parent undertaking loan less cash, based on the debt-related note disclosures available in the scanned statement."
liverpool,Liverpool,2014/15,2015-05-31,GBP,full pounds (converted from GBP thousands disclosed in report),297947000,58956000,122641000,116350000,,,,166085000,110214000.0,60980000.0,56219000.0,59508000.0,,,,,,,,,,297947000,0,"[12, 13, 18, 19, 26, 27]","Liverpool discloses matchday, media, and commercial turnover directly in the annual accounts. No player trading figure was used in football revenue totals.",Women's team revenue is not separately disclosed in the report.,No separate non-football commercial adjustment was identified in the extracted note.,medium,True,Full accounts made up to 31 May 2015,https://find-and-update.company-information.service.gov.uk/company/00035668/filing-history,"Values in the annual report were disclosed in GBP thousands and have been converted here into full GBP amounts by multiplying by 1,000. Liverpool net debt is estimated here as current bank loan plus current parent undertaking loan less cash, based on the debt-related note disclosures available in the scanned statement. This season also clearly discloses profit on disposal of players' registrations in the profit and loss account."
liverpool,Liverpool,2015/16,2016-05-31,GBP,full pounds (converted from GBP thousands disclosed in report),301765000,62449000,123636000,115680000,,,,208258000,155043000.0,59218000.0,56219000.0,59974000.0,,,,,,,,,,301765000,0,"[12, 21, 22, 30, 31]","Liverpool discloses media, commercial, and match day turnover directly in the annual accounts. No player trading figure was used in football revenue totals.",Women's team revenue is not separately disclosed in the report.,No separate non-football commercial adjustment was identified in the extracted note.,medium,True,Full accounts made up to 31 May 2016,https://find-and-update.company-information.service.gov.uk/company/00035668/filing-history,"Values in the annual report were disclosed in GBP thousands and have been converted here into full GBP amounts by multiplying by 1,000. Liverpool net debt is estimated here from the interest-bearing loans and borrowings note less cash at bank and in hand, which is more reliable for this season than the broader creditor subtotal."
liverpool,Liverpool,2016/17,2017-05-31,GBP,full pounds (converted from GBP thousands disclosed in report),364246000,73524000,154281000,136441000,,,,207526000,177606000.0,58352000.0,38263000.0,39797000.0,,,,,,,,,,364246000,0,"[11, 12, 21, 22, 28]","Liverpool discloses media, commercial, and match day turnover directly in the annual accounts. No player trading figure was used in football revenue totals.",Women's team revenue is not separately disclosed in the report.,No separate non-football commercial adjustment was identified in the extracted note.,medium,True,Full accounts made up to 31 May 2017,https://find-and-update.company-information.service.gov.uk/company/00035668/filing-history,"Values in the annual report were disclosed in GBP thousands and have been converted here into full GBP amounts by multiplying by 1,000. Liverpool net debt is estimated here from the interest-bearing loans and borrowings note less cash at bank and in hand. The staff and turnover notes remain in the deeper post-2015 section of the statement."
liverpool,Liverpool,2017/18,2018-05-31,GBP,full pounds (converted from GBP thousands disclosed in report),455089000,80743000,220058000,154288000,,,,263615000,145605000.0,77057000.0,123854000.0,125135000.0,,,,,,,,,,455089000,0,"[11, 22, 24, 29, 30]","Liverpool discloses media, commercial, and match day turnover directly in the annual accounts. No player trading figure was used in football revenue totals.",Women's team revenue is not separately disclosed in the report.,No separate non-football commercial adjustment was identified in the extracted note.,medium,True,Group of companies accounts made up to 31 May 2018,https://find-and-update.company-information.service.gov.uk/company/00035668/filing-history,"Values in the annual report were disclosed in GBP thousands and have been converted here into full GBP amounts by multiplying by 1,000. Liverpool net debt is estimated here from the dedicated interest-bearing loans and borrowings note less cash at bank and in hand from the consolidated balance sheet."
liverpool,Liverpool,2018/19,2019-05-31,GBP,full pounds (converted from GBP thousands disclosed in report),533022000,84208000,260785000,188029000,,,,309917000,91775000.0,111772000.0,45245000.0,41905000.0,,,,,,,,,,533022000,0,"[11, 22, 24, 28, 29]","Liverpool discloses media, commercial, and match day turnover directly in the annual accounts. No player trading figure was used in football revenue totals.",Women's team revenue is not separately disclosed in the report.,No separate non-football commercial adjustment was identified in the extracted note.,medium,True,Group of companies accounts made up to 31 May 2019,https://find-and-update.company-information.service.gov.uk/company/00035668/filing-history,"Values in the annual report were disclosed in GBP thousands and have been converted here into full GBP amounts by multiplying by 1,000. Liverpool net debt is estimated here from the dedicated interest-bearing loans and borrowings note less cash at bank and in hand from the consolidated balance sheet."
liverpool,Liverpool,2019/20,2020-05-31,GBP,full pounds (converted from GBP thousands disclosed in report),489860000,70854000,201585000,217421000,,,,325572000,184334000.0,106034000.0,26915000.0,-46317000.0,,,,,,,,,,489860000,0,"[13, 24, 25, 30, 31]","Liverpool discloses media, commercial, and match day turnover directly in the annual accounts. No player trading figure was used in football revenue totals.",Women's team revenue is not separately disclosed in the report.,No separate non-football commercial adjustment was identified in the extracted note.,medium,True,Group of companies' accounts made up to 31 May 2020,https://find-and-update.company-information.service.gov.uk/company/00035668/filing-history,"Values in the annual report were disclosed in GBP thousands and have been converted here into full GBP amounts by multiplying by 1,000. The 2019/20 report has COVID-related disruption but still uses the direct Liverpool turnover split. Net debt is estimated from the intercompany loan and secured bank borrowings less cash."
liverpool,Liverpool,2020/21,2021-05-31,GBP,full pounds (converted from GBP thousands disclosed in report),487365000,3636000,266147000,217582000,,,,314354000,166724000.0,107811000.0,39340000.0,-4762000.0,,,,,,,,,,487365000,0,"[14, 25, 26, 14, 32]","Liverpool discloses media, commercial, and match day turnover directly in the annual accounts. No player trading figure was used in football revenue totals.",Women's team revenue is not separately disclosed in the report.,No separate non-football commercial adjustment was identified in the extracted note.,medium,True,Group of companies' accounts made up to 31 May 2021,https://find-and-update.company-information.service.gov.uk/company/00035668/filing-history,"Values in the annual report were disclosed in GBP thousands and have been converted here into full GBP amounts by multiplying by 1,000. Matchday revenue was heavily suppressed in the COVID period. The long-term bank borrowing figure OCRs weakly in note 15 and was corroborated with the creditors note."
liverpool,Liverpool,2021/22,2022-05-31,GBP,full pounds (converted from GBP thousands disclosed in report),594271000,86767000,260841000,246663000,,,,366092000,144992000.0,102714000.0,10049000.0,7469000.0,,,,,,,,,,594271000,0,"[14, 24, 25, 13, 30]","Liverpool discloses media, commercial, and match day turnover directly in the annual accounts. No player trading figure was used in football revenue totals.",Women's team revenue is not separately disclosed in the report.,No separate non-football commercial adjustment was identified in the extracted note.,medium,True,Group of companies' accounts made up to 31 May 2022,https://find-and-update.company-information.service.gov.uk/company/00035668/filing-history,"Values in the annual report were disclosed in GBP thousands and have been converted here into full GBP amounts by multiplying by 1,000. The statement carries a restatement note in the accounting policies section, but the turnover and cost lines used here are the face primary-statement figures. Net debt is estimated from the current intercompany loan plus secured bank loans less cash."
liverpool,Liverpool,2022/23,2023-05-31,GBP,full pounds (converted from GBP thousands disclosed in report),593836000,79760000,241553000,272523000,,,,372881000,193413000.0,107546000.0,-4457000.0,-9005000.0,,,,,,,,,,593836000,0,"[13, 24, 25, 13, 31]","Liverpool discloses media, commercial, and match day turnover directly in the annual accounts. No player trading figure was used in football revenue totals.",Women's team revenue is not separately disclosed in the report.,No separate non-football commercial adjustment was identified in the extracted note.,medium,True,Group of companies' accounts made up to 31 May 2023,https://find-and-update.company-information.service.gov.uk/company/00035668/filing-history,"Values in the annual report were disclosed in GBP thousands and have been converted here into full GBP amounts by multiplying by 1,000. The turnover note needed a cropped OCR pass because the row order was scrambled in the full-page OCR. Net debt is estimated from the intercompany loan plus secured bank loans less cash."
liverpool,Liverpool,2023/24,2024-05-31,GBP,full pounds (converted from GBP thousands disclosed in report),613764000,101661000,203705000,308398000,,,,386086000,306791000.0,114479000.0,22017000.0,-57104000.0,,,,,,,,,,613764000,0,"[13, 24, 25, 13, 31]","Liverpool discloses media, commercial, and match day turnover directly in the annual accounts. No player trading figure was used in football revenue totals.",Women's team revenue is not separately disclosed in the report.,"Matchday turnover includes GBP 8.6 million of compensatory proceeds for loss of matchday revenue according to the note disclosure, but the club still presents it within matchday turnover.",medium,True,Group of companies' accounts made up to 31 May 2024,https://find-and-update.company-information.service.gov.uk/company/00035668/filing-history,"Values in the annual report were disclosed in GBP thousands and have been converted here into full GBP amounts by multiplying by 1,000. The turnover note required a crop to recover the full current-year split cleanly. Net debt is estimated from the interest-bearing loan note less cash."
liverpool,Liverpool,2024/25,2025-05-31,GBP,full pounds (converted from GBP thousands disclosed in report),702722000,115591000,263659000,323472000,,,,427727000,282715000.0,117165000.0,53268000.0,15212000.0,,,,,,,,,,702722000,0,"[13, 24, 25, 13, 31]","Liverpool discloses media, commercial, and match day turnover directly in the annual accounts. No player trading figure was used in football revenue totals.",Women's team revenue is not separately disclosed in the report.,"Prior-year matchday turnover note references GBP 8.6 million of compensatory proceeds for loss of matchday revenue, but there was no equivalent current-year note-based adjustment identified.",medium,True,Group of companies' accounts made up to 31 May 2025,https://find-and-update.company-information.service.gov.uk/company/00035668/filing-history,"Values in the annual report were disclosed in GBP thousands and have been converted here into full GBP amounts by multiplying by 1,000. The 2024/25 profit and loss account introduces other operating income, but that line is not included in the project revenue total. Net debt is estimated from the interest-bearing loan note less cash."
manchester_city,Manchester City,2011/12,2012-05-31,GBP,full pounds (converted from GBP thousands disclosed in report),231140000,21871000,88153000,121116000,,,,201789000,26078000.0,83031000.0,,-95296000.0,,,,,,,,,,231140000,0,"[12, 15, 16, 17, 21]","Manchester City discloses gate receipts, television income, and other commercial activities directly in the annual accounts. Broadcasting has been formed by combining the UEFA and all other television lines.",Women's team revenue is not separately disclosed in the report.,"Other commercial activities may include hospitality, catering, conference, and event income within the club's commercial operations.",high,True,Full accounts made up to 31 May 2012,https://find-and-update.company-information.service.gov.uk/company/00040946/filing-history/MzA3MzkyODE1NmFkaXF6a2N4/document?format=pdf&download=0,"Values in the annual report were disclosed in GBP thousands and have been converted here into full GBP amounts by multiplying by 1,000. Net debt has been computed from statement borrowings and cash because the report did not present a single net debt line."
manchester_city,Manchester City,2012/13,2013-05-31,GBP,full pounds (converted from GBP thousands disclosed in report),271000000,39615000,88394000,142991000,,,5872000.0,233106000,53569000.0,80869000.0,5872000.0,-79368000.0,,,,,,,,,,271000000,0,"[9, 11, 14, 15, 16, 23]","Manchester City discloses matchday, broadcasting, and commercial revenue directly in the annual accounts, with broadcasting split between UEFA and all-other lines that have been combined here. Player-trading profit is disclosed separately and excluded from football revenue.",Women's team revenue is not separately disclosed in the report.,"Other commercial activities may include hospitality, sponsorship, tours, and other club commercial operations classified within ordinary activities.",high,True,Full accounts made up to 31 May 2013,https://find-and-update.company-information.service.gov.uk/company/00040946/filing-history/MzA5NTYzMTUzOGFkaXF6a2N4/document?format=pdf&download=0,"Values in the annual report were disclosed in GBP thousands and have been converted here into full GBP amounts by multiplying by 1,000. Net debt has been computed from financial liabilities in the financial instruments note less cash at bank and in hand from the balance sheet."
manchester_city,Manchester City,2013/14,2014-05-31,GBP,full pounds (converted from GBP thousands disclosed in report),346512000,47457000,133239000,165816000,,,197000.0,205044000,45914000.0,76484000.0,197000.0,-22929000.0,,,,,,,,,,346512000,0,"[10, 12, 15, 16, 17, 24]","Manchester City discloses matchday, broadcasting, and commercial revenue directly in the annual accounts, with broadcasting split between UEFA and all-other lines that have been combined here. Player-trading profit is disclosed separately and excluded from football revenue.",Women's team revenue is not separately disclosed in the report.,"Other commercial activities may include hospitality, sponsorship, and other club commercial operations classified within ordinary activities.",high,True,Full accounts made up to 31 May 2014,https://find-and-update.company-information.service.gov.uk/company/00040946/filing-history/MzExMzg5ODI4M2FkaXF6a2N4/document?format=pdf&download=0,"Values in the annual report were disclosed in GBP thousands and have been converted here into full GBP amounts by multiplying by 1,000. Net debt has been computed from financial liabilities in the financial instruments note less cash at bank and in hand from the balance sheet."
manchester_city,Manchester City,2014/15,2015-05-31,GBP,full pounds (converted from GBP thousands disclosed in report),351766000,43330000,135426000,173010000,,,13832000.0,193821000,-7752000.0,70291000.0,13832000.0,10369000.0,,,,,,,,,,351766000,0,"[10, 12, 15, 16, 17, 24]","Manchester City discloses matchday, broadcasting, and commercial revenue directly in the annual accounts, with broadcasting split between UEFA and all-other lines that have been combined here. Player-trading profit is disclosed separately and excluded from football revenue.",Women's team revenue is not separately disclosed in the report.,"Other commercial activities may include hospitality, sponsorship, and other club commercial operations classified within ordinary activities.",high,True,Full accounts made up to 31 May 2015,https://find-and-update.company-information.service.gov.uk/company/00040946/filing-history,"Values in the annual report were disclosed in GBP thousands and have been converted here into full GBP amounts by multiplying by 1,000. Net debt has been computed from financial liabilities in the financial instruments note less cash at bank and in hand from the balance sheet."
manchester_city,Manchester City,2015/16,2016-05-31,GBP,full pounds (converted from GBP thousands disclosed in report),391774000,52523000,161381000,177870000,,,20714000.0,197584000,10852000.0,93952000.0,20714000.0,19589000.0,,,,,,,,,,391774000,0,"[10, 11, 24, 25, 30]","Manchester City discloses matchday, broadcasting, and commercial revenue directly in the annual accounts, with broadcasting split between UEFA and all-other lines that have been combined here. Player-trading profit is disclosed separately and excluded from football revenue.",Women's team revenue is not separately disclosed in the report.,"Other commercial activities may include hospitality, sponsorship, and other club commercial operations classified within ordinary activities.",high,True,Full accounts made up to 31 May 2016,https://find-and-update.company-information.service.gov.uk/company/00040946/filing-history,"Values in the annual report were disclosed in GBP thousands and have been converted here into full GBP amounts by multiplying by 1,000. Net debt has been computed from the borrowings note less cash at bank and in hand from the balance sheet."
manchester_city,Manchester City,2016/17,2017-06-30,GBP,full pounds (converted from GBP thousands disclosed in report),473375000,51868000,203494000,218013000,,,34563000.0,264133000,47616000.0,121742000.0,34563000.0,104000.0,,,,,,,,,,473375000,0,"[10, 11, 23, 24, 30]","Manchester City discloses matchday, broadcasting, and commercial revenue directly in the annual accounts, with broadcasting split between UEFA and all-other lines that have been combined here. Player-trading profit is disclosed separately and excluded from football revenue.",Women's team revenue is not separately disclosed in the report.,"Other commercial activities may include hospitality, sponsorship, and other club commercial operations classified within ordinary activities.",high,True,Full accounts made up to 30 June 2017,https://find-and-update.company-information.service.gov.uk/company/00040946/filing-history,"Values in the annual report were disclosed in GBP thousands and have been converted here into full GBP amounts by multiplying by 1,000. This filing covers a 13 month period ended 30 June 2017. Net debt has been computed from the borrowings note less cash at bank and in hand from the balance sheet."
manchester_city,Manchester City,2017/18,2018-06-30,GBP,full pounds (converted from GBP thousands disclosed in report),500456000,56621000,211520000,232315000,,,39057000.0,259634000,38102000.0,134284000.0,39057000.0,10438000.0,,,,,,,,,,500456000,0,"[12, 13, 26, 25, 27, 32]","Manchester City discloses matchday, broadcasting, and commercial revenue directly in the annual accounts, with broadcasting split between UEFA and all-other lines that have been combined here. Player-trading profit is disclosed separately and excluded from football revenue.",Women's team revenue is not separately disclosed in the report.,"Other commercial activities may include hospitality, sponsorship, concerts, conferences, and events within the club's commercial operations.",high,True,Full accounts made up to 30 June 2018,https://find-and-update.company-information.service.gov.uk/company/00040946/filing-history/MzIzMTA0NjA0N2FkaXF6a2N4/document?format=pdf&download=0,"Values in the annual report were disclosed in GBP thousands and have been converted here into full GBP amounts by multiplying by 1,000. The prior period covered 13 months, so the comparative season is not fully comparable. Net debt has been computed from borrowings in the finance lease note less cash at bank and in hand from the balance sheet."
manchester_city,Manchester City,2018/19,2019-06-30,GBP,full pounds (converted from GBP thousands disclosed in report),535169000,55007000,253176000,226986000,,,38787000.0,315257000,-64282000.0,126561000.0,38787000.0,10079000.0,,,,,,,,,,535169000,0,"[12, 13, 25, 27, 32]","Manchester City discloses matchday, broadcasting, and commercial revenue directly in the annual accounts, with broadcasting split between UEFA and all-other lines that have been combined here. Player-trading profit is disclosed separately and excluded from football revenue.",Women's team revenue is not separately disclosed in the report.,"Other commercial activities may include sponsorship, hospitality, and other club commercial operations. The report also notes an IFRS 15 presentation change affecting catering revenue recognition.",high,True,Full accounts made up to 30 June 2019,https://find-and-update.company-information.service.gov.uk/company/00040946/filing-history/MzI2NjY0NzkxMmFkaXF6a2N4/document?format=pdf&download=0,"Values in the annual report were disclosed in GBP thousands and have been converted here into full GBP amounts by multiplying by 1,000. Net debt has been computed from finance lease borrowings less cash at bank and in hand from the balance sheet."
manchester_city,Manchester City,2019/20,2020-06-30,GBP,full pounds (converted from GBP thousands disclosed in report),478359000,41694000,190324000,246341000,,,39803000.0,351412000,47333000.0,145820000.0,39803000.0,-125120000.0,,,,,,,,,,478359000,0,"[13, 14, 27, 28, 33]","Manchester City discloses matchday, broadcasting, and commercial revenue directly in the annual accounts, with broadcasting split between UEFA and all-other lines that have been combined here. Player-trading profit is disclosed separately and excluded from football revenue.",Women's team revenue is not separately disclosed in the report.,"Other commercial activities may include sponsorship, hospitality, and other club commercial operations.",high,True,Full accounts made up to 30 June 2020,https://find-and-update.company-information.service.gov.uk/company/00040946/filing-history/MzMwNTY0NzkwNmFkaXF6a2N4/document?format=pdf&download=0,"Values in the annual report were disclosed in GBP thousands and have been converted here into full GBP amounts by multiplying by 1,000. COVID-19 materially affected this season and delayed the completion of football competitions. Net debt has been computed from lease liabilities less cash at bank and in hand from the balance sheet."
manchester_city,Manchester City,2020/21,2021-06-30,GBP,full pounds (converted from GBP thousands disclosed in report),569849000,732000,297448000,271669000,,,68545000.0,354689000,19613000.0,145697000.0,68545000.0,5048000.0,,,,,,,,,,569849000,0,"[13, 14, 26, 27, 32]","Manchester City discloses matchday, broadcasting, and commercial revenue directly in the annual accounts, with broadcasting split between UEFA and all-other lines that have been combined here. Player-trading profit is disclosed separately and excluded from football revenue.",Women's team revenue is not separately disclosed in the report.,"Other commercial activities may include sponsorship, hospitality, and other club commercial operations.",high,True,Full accounts made up to 30 June 2021,https://find-and-update.company-information.service.gov.uk/company/00040946/filing-history/MzMzMTg5NTkwN2FkaXF6a2N4/document?format=pdf&download=0,"Values in the annual report were disclosed in GBP thousands and have been converted here into full GBP amounts by multiplying by 1,000. Matchday revenue was almost eliminated by pandemic restrictions. Net debt has been computed from lease liabilities less cash at bank and in hand from the balance sheet."
manchester_city,Manchester City,2021/22,2022-06-30,GBP,full pounds (converted from GBP thousands disclosed in report),613014000,54482000,249060000,309472000,,,67699000.0,353881000,-13450000.0,140708000.0,67699000.0,41726000.0,,,,,,,,,,613014000,0,"[13, 14, 26, 27, 32]","Manchester City discloses matchday, broadcasting, and commercial revenue directly in the annual accounts, with broadcasting split between UEFA and all-other lines that have been combined here. Player-trading profit is disclosed separately and excluded from football revenue.",Women's team revenue is not separately disclosed in the report.,"Other commercial activities may include sponsorship, hospitality, and other club commercial operations.",high,True,Full accounts made up to 30 June 2022,https://find-and-update.company-information.service.gov.uk/company/00040946/filing-history/MzM3NDk5MzUyNmFkaXF6a2N4/document?download=0&format=pdf,"Values in the annual report were disclosed in GBP thousands and have been converted here into full GBP amounts by multiplying by 1,000. The report cautions that comparisons with the prior year should be read carefully because the prior year remained affected by COVID-19 disruption. Net debt has been computed from lease liabilities less cash at bank and in hand from the balance sheet."
manchester_city,Manchester City,2022/23,2023-06-30,GBP,full pounds (converted from GBP thousands disclosed in report),712768000,71914000,299410000,341444000,,,121720000.0,422895000,-15425000.0,145448000.0,121720000.0,80371000.0,,,,,,,,,,712768000,0,"[14, 15, 27, 28, 33]","Manchester City discloses matchday, broadcasting, and commercial revenue directly in the annual accounts, with broadcasting split between UEFA and all-other lines that have been combined here. Player-trading profit is disclosed separately and excluded from football revenue.",Women's team revenue is not separately disclosed in the report.,"Other commercial activities may include sponsorship, hospitality, and other club commercial operations.",high,True,Full accounts made up to 30 June 2023,https://find-and-update.company-information.service.gov.uk/company/00040946/filing-history/MzQxNjQwNDE4NmFkaXF6a2N4/document?download=0&format=pdf,"Values in the annual report were disclosed in GBP thousands and have been converted here into full GBP amounts by multiplying by 1,000. Net debt has been computed from lease liabilities less cash at bank and in hand from the balance sheet."
manchester_city,Manchester City,2023/24,2024-06-30,GBP,full pounds (converted from GBP thousands disclosed in report),715019000,75607000,294731000,344681000,,,139009000.0,412573000,9577000.0,165094000.0,139009000.0,73757000.0,,,,,,,,,,715019000,0,"[14, 15, 27, 28, 33]","Manchester City discloses matchday, broadcasting, and commercial revenue directly in the annual accounts, with broadcasting split between UEFA and all-other lines that have been combined here. Player-trading profit is disclosed separately and excluded from football revenue.",Women's team revenue is not separately disclosed in the report.,"Other commercial activities may include sponsorship, hospitality, and other club commercial operations.",high,True,Full accounts made up to 30 June 2024,https://find-and-update.company-information.service.gov.uk/company/00040946/filing-history/MzQ1NzU3NzIwNWFkaXF6a2N4/document?download=0&format=pdf,"Values in the annual report were disclosed in GBP thousands and have been converted here into full GBP amounts by multiplying by 1,000. Net debt has been computed from lease liabilities less cash at bank and in hand from the balance sheet."
manchester_city,Manchester City,2024/25,2025-06-30,GBP,full pounds (converted from GBP thousands disclosed in report),694094000,75084000,278627000,340383000,,,95210000.0,408403000,-104058000.0,169546000.0,95210000.0,-9916000.0,,,,,,,,,,694094000,0,"[15, 16, 28, 29, 35]","Manchester City discloses matchday, broadcasting, and commercial revenue directly in the annual accounts, with broadcasting split between UEFA and all-other lines that have been combined here. Player-trading profit is disclosed separately and excluded from football revenue.",Women's team revenue is not separately disclosed in the report.,"Other commercial activities may include sponsorship, hospitality, and outsourced retail operations presented on a net basis.",high,True,Full accounts made up to 30 June 2025,https://find-and-update.company-information.service.gov.uk/company/00040946/filing-history/MzUwODQ0MDY0MmFkaXF6a2N4/document?download=0&format=pdf,"Values in the annual report were disclosed in GBP thousands and have been converted here into full GBP amounts by multiplying by 1,000. Apart from Club World Cup related income derived in the USA, the revenue note states that revenue originated in the United Kingdom. Net debt has been computed from lease liabilities less cash at bank and in hand from the balance sheet."
manchester_united,Manchester United,2011/12,2012-06-30,GBP,full pounds (converted from GBP millions and thousands disclosed in report),320300000,98700000,104000000,117600000,,,,161700000,366272000.0,38300000.0,9691000.0,-4664000.0,,,,,,,,,,320300000,0,"[70, 67, 156, 157]","For comparability, Manchester United's 2011/12 figures were taken from the official Manchester United plc annual report on Form 20-F rather than the narrower club-limited Companies House filing. The plc report provides the consolidated Commercial, Broadcasting, Matchday, employee benefit, and net debt disclosures that align with the project methodology.",Women's team revenue is not separately disclosed in the source used here.,"Commercial revenue in the plc report includes sponsorship, retail, merchandising, apparel and product licensing, and new media/mobile activities within the club's commercial segment.",high,True,Manchester United plc 2012 Annual Report on Form 20-F,https://ir.manutd.com/~/media/Files/M/Manutd-IR/Annual%20Reports/manchester-united-plc-20f-20131024.pdf,Values in the annual report were disclosed in GBP millions or GBP thousands and have been converted here into full GBP amounts. This source was chosen because it provides the comparable consolidated sector revenue and debt view required for the project.
manchester_united,Manchester United,2012/13,2013-06-30,GBP,"full pounds (converted from GBP thousands disclosed in report, with debt-note borrowings disclosed in GBP millions converted to full GBP)",194442000,97671000,94323000,2448000,,,,145799000,320923000.0,41714000.0,9162000.0,-22684000.0,,,,,,,,,,194442000,0,"[12, 13, 19, 20, 21, 29]","This season was extracted from the downloaded Manchester United Football Club Limited Companies House filing because that is the raw statement available in the Manchester United folder for the pre-plc gap years. The turnover note discloses Commercial, Broadcasting and Matchday directly, but the commercial line is materially narrower than the broader plc commercial segment used in later seasons.",Women's team revenue is not separately disclosed in the source used here.,The turnover note states turnover excludes transfer fees and VAT. No separate non-football revenue adjustment was identified within the club-limited turnover note used here.,medium,True,Manchester United Football Club Limited annual report and financial statements for the year ended 30 June 2013,https://find-and-update.company-information.service.gov.uk/company/00095489/filing-history,"Scanned PDF extraction. Debt is not disclosed as a single company net-debt line, so net debt has been estimated as fellow-subsidiary senior secured notes plus secured term loan less company cash at bank and in hand."
manchester_united,Manchester United,2013/14,2014-06-30,GBP,"full pounds (converted from GBP thousands disclosed in report, with debt-note borrowings disclosed in GBP millions converted to full GBP)",228676000,95845000,129018000,3813000,,,,165350000,307005000.0,55290000.0,6991000.0,-44294000.0,,,,,,,,,,228676000,0,"[10, 11, 16, 17, 18, 25]","This season was extracted from the downloaded Manchester United Football Club Limited Companies House filing. The turnover note again discloses Commercial, Broadcasting and Matchday directly, but the commercial line remains materially narrower than the broader plc commercial segment used in later seasons.",Women's team revenue is not separately disclosed in the source used here.,The turnover note states turnover derives from the company's principal activity in the United Kingdom. No separate non-football revenue adjustment was identified within the club-limited turnover note used here.,medium,True,Manchester United Football Club Limited annual report and financial statements for the year ended 30 June 2014,https://find-and-update.company-information.service.gov.uk/company/00095489/filing-history,"Scanned PDF extraction. Debt is not disclosed as a single company net-debt line, so net debt has been estimated as fellow-subsidiary senior secured notes plus secured term loan less company cash at bank and in hand."
manchester_united,Manchester United,2014/15,2015-06-30,GBP,"full pounds (converted from GBP thousands disclosed in report, with debt-note borrowings disclosed in GBP millions converted to full GBP)",182623000,78686000,99997000,3940000,,,,158289000,336608000.0,99534000.0,23649000.0,-81224000.0,,,,,,,,,,182623000,0,"[10, 11, 16, 17, 18, 25]","This season was extracted from the downloaded Manchester United Football Club Limited Companies House filing. The turnover note again discloses Commercial, Broadcasting and Matchday directly, but the commercial line remains materially narrower than the broader plc commercial segment used in later seasons.",Women's team revenue is not separately disclosed in the source used here.,The turnover note states turnover derives from the company's principal activities in the United Kingdom. No separate non-football revenue adjustment was identified within the club-limited turnover note used here.,medium,True,Manchester United Football Club Limited annual report and financial statements for the year ended 30 June 2015,https://find-and-update.company-information.service.gov.uk/company/00095489/filing-history,"Scanned PDF extraction. Debt is not disclosed as a single company net-debt line, so net debt has been estimated as fellow-subsidiary senior secured notes plus secured term loan less company cash at bank and in hand."
manchester_united,Manchester United,2015/16,2016-06-30,GBP,"full pounds (converted from GBP thousands disclosed in report, with debt-note borrowings disclosed in GBP millions converted to full GBP)",230271000,94854000,131395000,4022000,,,,184946000,256539000.0,87853000.0,-9786000.0,-111741000.0,,,,,,,,,,230271000,0,"[9, 10, 19, 20, 21, 25]","This season was extracted from the downloaded Manchester United Football Club Limited Companies House filing. Under the FRS 101 layout the revenue note still discloses Commercial, Broadcasting and Matchday directly, but the commercial line remains materially narrower than the broader plc commercial segment used in later seasons.",Women's team revenue is not separately disclosed in the source used here.,The revenue note states the principal activity is the operation of a professional football club and all activities support that operation. No separate non-football revenue adjustment was identified within the club-limited revenue note used here.,medium,True,Manchester United Football Club Limited annual report and financial statements for the year ended 30 June 2016,https://find-and-update.company-information.service.gov.uk/company/00095489/filing-history,"Scanned PDF extraction. Debt is not disclosed as a single company net-debt line, so net debt has been estimated as fellow-subsidiary senior secured notes plus secured term loan less company cash at bank and in hand."
manchester_united,Manchester United,2021/22,2022-06-30,GBP,full pounds (converted from GBP thousands disclosed in report),583201000,110534000,214847000,257820000,,,,384141000,514899000.0,151462000.0,21935000.0,-149623000.0,,,,,,,,,,583201000,0,"[72, 161]",Manchester United plc annual report on Form 20-F provides the broader comparable consolidated revenue split and financing disclosures used elsewhere in the plc-era extractions.,Women's team revenue is not separately disclosed in the source used here.,"Commercial revenue in the plc report includes sponsorship, retail, merchandising, product licensing and related commercial activities.",high,True,Manchester United plc 2022 Annual Report on Form 20-F,https://ir.manutd.com/financial-information/annual-reports/2022.aspx,Values disclosed in GBP thousands have been converted to full GBP amounts.
manchester_united,Manchester United,2022/23,2023-06-30,GBP,full pounds (converted from GBP thousands disclosed in report),648401000,136420000,209095000,302886000,,,,331374000,537277000.0,172684000.0,20424000.0,-32574000.0,,,,,,,,,,648401000,0,"[63, 148]",Manchester United plc annual report on Form 20-F provides a comparable consolidated revenue split and financing disclosures aligned to the project methodology.,Women's team revenue is not separately disclosed in the source used here.,"Commercial revenue in the plc report includes sponsorship, retail, merchandising, product licensing and related commercial activities.",high,True,Manchester United plc 2023 Annual Report on Form 20-F,https://ir.manutd.com/financial-information/annual-reports/2023.aspx,Values disclosed in GBP thousands have been converted to full GBP amounts.
manchester_united,Manchester United,2023/24,2024-06-30,GBP,full pounds (converted from GBP thousands disclosed in report),661755000,137134000,221745000,302876000,,,,364719000,473072000.0,190123000.0,37422000.0,-130724000.0,,,,,,,,,,661755000,0,"[7, 154]",Manchester United plc annual report on Form 20-F provides a comparable consolidated revenue split and financing disclosures aligned to the project methodology.,Women's team revenue is not separately disclosed in the source used here.,"Commercial revenue in the plc report includes sponsorship, retail, merchandising, product licensing and related commercial activities.",high,True,Manchester United plc 2024 Annual Report on Form 20-F,https://ir.manutd.com/financial-information/annual-reports/2024.aspx,Values disclosed in GBP thousands have been converted to full GBP amounts.
manchester_united,Manchester United,2024/25,2025-06-30,GBP,full pounds (converted from GBP thousands disclosed in report),666514000,160263000,172977000,333274000,,,,313256000,550869000.0,196373000.0,48742000.0,-39664000.0,,,,,,,,,,666514000,0,"[53, 141]",Manchester United plc annual report on Form 20-F provides a comparable consolidated revenue split and financing disclosures aligned to the project methodology.,Women's team revenue is not separately disclosed in the source used here.,"Commercial revenue in the plc report includes sponsorship, retail, merchandising, product licensing and related commercial activities.",high,True,Manchester United plc 2025 Annual Report on Form 20-F,https://ir.manutd.com/financial-information/annual-reports/2025.aspx,Values disclosed in GBP thousands have been converted to full GBP amounts.
tottenham_hotspur,Tottenham Hotspur,2011/12,2012-06-30,GBP,full pounds (converted from GBP thousands disclosed in report),144156000,27659000,63561000,52936000,,,,90206000,70096000.0,,9200000.0,-7304000.0,,,,,,,,,,144156000,0,"[17, 19, 21, 33]","Tottenham's revenue note mixes gate receipts with domestic prize money and separates UEFA solidarity and prize money from media and broadcasting. For comparability, UEFA solidarity and prize money has been grouped with broadcasting, while the domestic cup gate receipts and prize money line has been kept within the matchday-style bucket and should be treated as a medium-confidence mapping.",Women's team revenue is not separately disclosed in the report.,The 'Other' revenue line is included within commercial revenue because the club does not separately disclose a clearer commercial subcategory breakdown for that amount.,medium,True,Group of companies' accounts made up to 30 June 2012,https://find-and-update.company-information.service.gov.uk/company/01706358/filing-history/MzA3NTgyOTE2NmFkaXF6a2N4/document?format=pdf&download=0,"Values in the annual report were disclosed in GBP thousands and have been converted here into full GBP amounts by multiplying by 1,000. Revenue category mapping requires some reclassification because Tottenham's note does not align perfectly with the standard matchday/broadcast/commercial split."
tottenham_hotspur,Tottenham Hotspur,2012/13,2013-06-30,GBP,full pounds (converted from GBP thousands disclosed in report),147392000,33491000,57347000,56554000,,,,96087000,54799000.0,,26343000.0,3682000.0,,,,,,,,,,147392000,0,"[16, 18, 20, 34]","Tottenham discloses match receipts, TV and media, and commercial directly in this season's revenue note.",Women's team revenue is not separately disclosed in the report.,No separate non-football commercial adjustment was identified in the revenue note.,high,True,Group of companies accounts made up to 30 June 2013,https://find-and-update.company-information.service.gov.uk/company/01706358/filing-history/MzA5Nzc5MjQzOGFkaXF6a2N4/document?format=pdf&download=0,"Values in the annual report were disclosed in GBP thousands and have been converted here into full GBP amounts by multiplying by 1,000."
tottenham_hotspur,Tottenham Hotspur,2013/14,2014-06-30,GBP,full pounds (converted from GBP thousands disclosed in report),180541000,34801000,89512000,56228000,,,,100400000,-3158000.0,,103965000.0,80030000.0,,,,,,,,,,180541000,0,"[17, 19, 21, 35]","Tottenham discloses match receipts, TV and media, and commercial directly in this season's revenue note.",Women's team revenue is not separately disclosed in the report.,No separate non-football commercial adjustment was identified in the revenue note.,high,True,Group of companies accounts made up to 30 June 2014,https://find-and-update.company-information.service.gov.uk/company/01706358/filing-history/MzEyMTAxOTUyNmFkaXF6a2N4/document?format=pdf&download=0,"Values in the annual report were disclosed in GBP thousands and have been converted here into full GBP amounts by multiplying by 1,000."
tottenham_hotspur,Tottenham Hotspur,2014/15,2015-06-30,GBP,full pounds (converted from GBP thousands disclosed in report),196377000,41248000,95261000,59868000,,,,100832000,20812000.0,,21182000.0,12053000.0,,,,,,,,,,196377000,0,"[17, 19, 21, 34]",UEFA prize money is disclosed separately from TV and media and has been grouped with broadcasting for comparability with the project taxonomy.,Women's team revenue is not separately disclosed in the report.,No separate non-football commercial adjustment was identified in the revenue note.,high,True,Group of companies accounts made up to 30 June 2015,https://find-and-update.company-information.service.gov.uk/company/01706358/filing-history/MzE0NTY1NDc5MGFkaXF6a2N4/document?format=pdf&download=0,"Values in the annual report were disclosed in GBP thousands and have been converted here into full GBP amounts by multiplying by 1,000. The report states that prior-year revenue was re-analysed to align with common industry practice."
tottenham_hotspur,Tottenham Hotspur,2015/16,2016-06-30,GBP,full pounds (converted from GBP thousands disclosed in report),209770000,40782000,110354000,58634000,,,,100042000,-47560000.0,31462000.0,27109000.0,38450000.0,,,,,,,,,,209770000,0,"[18, 20, 21, 35]",UEFA prize money is disclosed separately from TV and media and has been grouped with broadcasting for comparability with the project taxonomy.,Women's team revenue is not separately disclosed in the report.,No separate non-football commercial adjustment was identified in the revenue note.,high,True,Group of companies accounts made up to 30 June 2016,https://find-and-update.company-information.service.gov.uk/company/01706358/filing-history/MzE3Mjk1Mjk2OWFkaXF6a2N4/document?format=pdf&download=0,"Values in the annual report were disclosed in GBP thousands and have been converted here into full GBP amounts by multiplying by 1,000."
tottenham_hotspur,Tottenham Hotspur,2016/17,2017-06-30,GBP,full pounds (converted from GBP thousands disclosed in report),306321000,45336000,188179000,72806000,,,,126915000,-14565000.0,42905000.0,39964000.0,57886000.0,,,,,,,,,,306321000,0,"[17, 19, 21, 34]",UEFA prize money is disclosed separately from TV and media and has been grouped with broadcasting for comparability with the project taxonomy.,Women's team revenue is not separately disclosed in the report.,No separate non-football commercial adjustment was identified in the revenue note.,high,True,Group of companies accounts made up to 30 June 2017,https://find-and-update.company-information.service.gov.uk/company/01706358/filing-history/MzIwMTg0ODMyMmFkaXF6a2N4/document?format=pdf&download=0,"Values in the annual report were disclosed in GBP thousands and have been converted here into full GBP amounts by multiplying by 1,000."
tottenham_hotspur,Tottenham Hotspur,2017/18,2018-06-30,GBP,full pounds (converted from GBP thousands disclosed in report),380697000,70951000,200695000,109051000,,,,147606000,365700000.0,,73058000.0,138909000.0,,,,,,,,,,380697000,0,"[18, 21, 10, 3, 19]","Tottenham's later accounts disclose direct revenue lines for match receipts, UEFA prize money, TV and media, and commercial. UEFA prize money is grouped into broadcasting for comparability.",Women's team revenue is not separately disclosed in the report.,Commercial revenue may include stadium and other non-football event activity where disclosed within the club's commercial line.,high,True,2017 18 group of companies accounts made up to 30 june 2018,https://find-and-update.company-information.service.gov.uk/company/01706358/filing-history/MzIzMTA1ODEzMmFkaXF6a2N4/document?format=pdf&download=0,"Values in the annual report were disclosed in GBP thousands and have been converted here into full GBP amounts by multiplying by 1,000."
tottenham_hotspur,Tottenham Hotspur,2018/19,2019-06-30,GBP,full pounds (converted from GBP thousands disclosed in report),460695000,81675000,243861000,135159000,,,,178602000,534300000.0,47506000.0,10885000.0,87356000.0,,,,,,,,,,460695000,0,"[18, 20, 10, 3, 19]","Tottenham's later accounts disclose direct revenue lines for match receipts, UEFA prize money, TV and media, and commercial. UEFA prize money is grouped into broadcasting for comparability.",Women's team revenue is not separately disclosed in the report.,Commercial revenue may include stadium and other non-football event activity where disclosed within the club's commercial line.,high,True,2018 19 group of companies accounts made up to 30 june 2019,https://find-and-update.company-information.service.gov.uk/company/01706358/filing-history/MzI2MDc0Mzc4NWFkaXF6a2N4/document?format=pdf&download=0,"Values in the annual report were disclosed in GBP thousands and have been converted here into full GBP amounts by multiplying by 1,000."
tottenham_hotspur,Tottenham Hotspur,2019/20,2020-06-30,GBP,full pounds (converted from GBP thousands disclosed in report),391862000,94526000,146359000,161501000,,,,181280000,604600000.0,75350000.0,15397000.0,-67724000.0,,,,,,,,,,402386000,10524000,"[19, 21, 11, 3, 24]","Tottenham's later accounts disclose direct revenue lines for match receipts, UEFA prize money, TV and media, and commercial. UEFA prize money is grouped into broadcasting for comparability. Exceptional rebates/deductions mean the category sum exceeds reported revenue; the difference is recorded explicitly.",Women's team revenue is not separately disclosed in the report.,Commercial revenue may include stadium and other non-football event activity where disclosed within the club's commercial line.,high,True,2019 20 group of companies accounts made up to 30 june 2020,https://find-and-update.company-information.service.gov.uk/company/01706358/filing-history/MzI4NTE2NTkzNWFkaXF6a2N4/document?format=pdf&download=0,"Values in the annual report were disclosed in GBP thousands and have been converted here into full GBP amounts by multiplying by 1,000."
tottenham_hotspur,Tottenham Hotspur,2020/21,2021-06-30,GBP,full pounds (converted from GBP thousands disclosed in report),360405000,1900000,208057000,151915000,,,,204875000,706281000.0,73812000.0,18939000.0,-80189000.0,,,,,,,,,,361872000,1467000,"[23, 25, 15, 41, 24]","Tottenham's later accounts disclose direct revenue lines for match receipts, UEFA prize money, TV and media, and commercial. UEFA prize money is grouped into broadcasting for comparability. Exceptional rebates/deductions mean the category sum exceeds reported revenue; the difference is recorded explicitly.",Women's team revenue is not separately disclosed in the report.,Commercial revenue may include stadium and other non-football event activity where disclosed within the club's commercial line.,high,True,2020 21 group of companies accounts made up to 30 june 2021,https://find-and-update.company-information.service.gov.uk/company/01706358/filing-history/MzMyMTM0NDgyNWFkaXF6a2N4/document?format=pdf&download=0,"Values in the annual report were disclosed in GBP thousands and have been converted here into full GBP amounts by multiplying by 1,000."
tottenham_hotspur,Tottenham Hotspur,2021/22,2022-06-30,GBP,full pounds (converted from GBP thousands disclosed in report),443415000,106142000,154391000,183495000,,,,209180000,626100000.0,79893000.0,19150000.0,-61328000.0,,,,,,,,,,444028000,613000,"[23, 25, 15, 3, 24]","Tottenham's later accounts disclose direct revenue lines for match receipts, UEFA prize money, TV and media, and commercial. UEFA prize money is grouped into broadcasting for comparability. Exceptional rebates/deductions mean the category sum exceeds reported revenue; the difference is recorded explicitly.",Women's team revenue is not separately disclosed in the report.,Commercial revenue may include stadium and other non-football event activity where disclosed within the club's commercial line.,high,True,2021 22 annual report 2022,https://resources.thfc.pulselive.com/thfc/document/2026/04/02/7347ba67-221e-4361-9c7d-df768809a901/AR-2022.pdf,"Values in the annual report were disclosed in GBP thousands and have been converted here into full GBP amounts by multiplying by 1,000."
tottenham_hotspur,Tottenham Hotspur,2022/23,2023-06-30,GBP,full pounds (converted from GBP thousands disclosed in report),549633000,117598000,204285000,227750000,,,,251121000,677400000.0,109073000.0,15510000.0,-94674000.0,,,,,,,,,,549633000,0,"[29, 31, 19, 3, 30]","Tottenham's later accounts disclose direct revenue lines for match receipts, UEFA prize money, TV and media, and commercial. UEFA prize money is grouped into broadcasting for comparability.",Women's team revenue is not separately disclosed in the report.,Commercial revenue may include stadium and other non-football event activity where disclosed within the club's commercial line.,high,True,2022 23 annual report 2023,https://resources.thfc.pulselive.com/thfc/document/2026/04/02/f87e2b63-8d10-4c8c-9d87-a0d00821dea3/AR-2023.pdf,"Values in the annual report were disclosed in GBP thousands and have been converted here into full GBP amounts by multiplying by 1,000."
tottenham_hotspur,Tottenham Hotspur,2023/24,2024-06-30,GBP,full pounds (converted from GBP thousands disclosed in report),517763000,105847000,167172000,244744000,,,,221929000,772500000.0,136287000.0,82305000.0,-26030000.0,,,,,,,,,,517763000,0,"[30, 32, 20, 3, 34]","Tottenham's later accounts disclose direct revenue lines for match receipts, UEFA prize money, TV and media, and commercial. UEFA prize money is grouped into broadcasting for comparability.",Women's team revenue is not separately disclosed in the report.,Commercial revenue may include stadium and other non-football event activity where disclosed within the club's commercial line.,high,True,2023 24 annual report 2024,https://resources.thfc.pulselive.com/thfc/document/2026/04/02/9a0ff60a-6e59-4bce-844b-6091a6273e9b/AR-2024.pdf,"Values in the annual report were disclosed in GBP thousands and have been converted here into full GBP amounts by multiplying by 1,000."
tottenham_hotspur,Tottenham Hotspur,2024/25,2025-06-30,GBP,full pounds (converted from GBP thousands disclosed in report),564881000,126473000,161709000,276699000,,,,255811000,831200000.0,141851000.0,52565000.0,-120628000.0,,,,,,,,,,564881000,0,"[33, 35, 23, 3, 34]","Tottenham's later accounts disclose direct revenue lines for match receipts, UEFA prize money, TV and media, and commercial. UEFA prize money is grouped into broadcasting for comparability.",Women's team revenue is not separately disclosed in the report.,Commercial revenue may include stadium and other non-football event activity where disclosed within the club's commercial line.,high,True,2024 25 annual report 2025,https://resources.thfc.pulselive.com/thfc/document/2026/04/02/7909b5bc-9c0d-439a-bca9-c2f27b9c9f4d/AR-2025.pdf,"Values in the annual report were disclosed in GBP thousands and have been converted here into full GBP amounts by multiplying by 1,000."
