club_id,club_name,season,financial_year_end,field,value_original,page_number,statement_label,evidence_text,source_document,source_url
arsenal,Arsenal,2008/09,2009-05-31,matchday_revenue_original,100086000.0,31,Gate and other match day revenues,Official annual report turnover note.,Group of companies' accounts made up to 31 May 2009,https://find-and-update.company-information.service.gov.uk/company/04250459/filing-history/MzAwNDAyMzEzNWFkaXF6a2N4/document?format=pdf&download=0
arsenal,Arsenal,2008/09,2009-05-31,broadcast_revenue_original,73239000.0,31,Broadcasting,Official annual report turnover note.,Group of companies' accounts made up to 31 May 2009,https://find-and-update.company-information.service.gov.uk/company/04250459/filing-history/MzAwNDAyMzEzNWFkaXF6a2N4/document?format=pdf&download=0
arsenal,Arsenal,2008/09,2009-05-31,commercial_revenue_original,48138000.0,31,Commercial / retail / licensing mapping,"Official annual report turnover note, with any disclosed retail or licensing line merged into commercial revenue for standardisation.",Group of companies' accounts made up to 31 May 2009,https://find-and-update.company-information.service.gov.uk/company/04250459/filing-history/MzAwNDAyMzEzNWFkaXF6a2N4/document?format=pdf&download=0
arsenal,Arsenal,2008/09,2009-05-31,excluded_player_trading_revenue_original,3589000.0,31,Player trading,Official annual report turnover note. Excluded from football revenue total.,Group of companies' accounts made up to 31 May 2009,https://find-and-update.company-information.service.gov.uk/company/04250459/filing-history/MzAwNDAyMzEzNWFkaXF6a2N4/document?format=pdf&download=0
arsenal,Arsenal,2008/09,2009-05-31,staff_costs_original,103978000.0,39,Staff costs,Official annual report operating expenses or employees note.,Group of companies' accounts made up to 31 May 2009,https://find-and-update.company-information.service.gov.uk/company/04250459/filing-history/MzAwNDAyMzEzNWFkaXF6a2N4/document?format=pdf&download=0
arsenal,Arsenal,2008/09,2009-05-31,player_amortisation_original,23876000.0,38,Amortisation of player registrations,Official annual report operating expenses or intangible assets note.,Group of companies' accounts made up to 31 May 2009,https://find-and-update.company-information.service.gov.uk/company/04250459/filing-history/MzAwNDAyMzEzNWFkaXF6a2N4/document?format=pdf&download=0
arsenal,Arsenal,2008/09,2009-05-31,profit_on_player_sales_original,23177000.0,31,Profit on disposal of player registrations,Official annual report segmental analysis or profit and loss disclosure.,Group of companies' accounts made up to 31 May 2009,https://find-and-update.company-information.service.gov.uk/company/04250459/filing-history/MzAwNDAyMzEzNWFkaXF6a2N4/document?format=pdf&download=0
arsenal,Arsenal,2008/09,2009-05-31,profit_loss_before_tax_original,28000.0,41,Profit on ordinary activities before tax,Annual report profit/tax note. Values were disclosed in GBP thousands and converted to full GBP.,Group of companies' accounts made up to 31 May 2009,https://find-and-update.company-information.service.gov.uk/company/04250459/filing-history/MzAwNDAyMzEzNWFkaXF6a2N4/document?format=pdf&download=0
arsenal,Arsenal,2008/09,2009-05-31,net_debt_original,1999000.0,47,Computed net debt from total debt less cash and short-term deposits,Calculated from the annual report total debt disclosure and the cash / cash and short-term deposits note. Values were disclosed in GBP thousands and converted to full GBP.,Group of companies' accounts made up to 31 May 2009,https://find-and-update.company-information.service.gov.uk/company/04250459/filing-history/MzAwNDAyMzEzNWFkaXF6a2N4/document?format=pdf&download=0
arsenal,Arsenal,2009/10,2010-05-31,matchday_revenue_original,93929000.0,32,Gate and other match day revenues,Official annual report turnover note.,Group of companies' accounts made up to 31 May 2010,https://find-and-update.company-information.service.gov.uk/company/04250459/filing-history/MzAyNzE0NjA3NmFkaXF6a2N4/document?format=pdf&download=0
arsenal,Arsenal,2009/10,2010-05-31,broadcast_revenue_original,84584000.0,32,Broadcasting,Official annual report turnover note.,Group of companies' accounts made up to 31 May 2010,https://find-and-update.company-information.service.gov.uk/company/04250459/filing-history/MzAyNzE0NjA3NmFkaXF6a2N4/document?format=pdf&download=0
arsenal,Arsenal,2009/10,2010-05-31,commercial_revenue_original,43973000.0,32,Commercial / retail / licensing mapping,"Official annual report turnover note, with any disclosed retail or licensing line merged into commercial revenue for standardisation.",Group of companies' accounts made up to 31 May 2010,https://find-and-update.company-information.service.gov.uk/company/04250459/filing-history/MzAyNzE0NjA3NmFkaXF6a2N4/document?format=pdf&download=0
arsenal,Arsenal,2009/10,2010-05-31,excluded_player_trading_revenue_original,460000.0,32,Player trading,Official annual report turnover note. Excluded from football revenue total.,Group of companies' accounts made up to 31 May 2010,https://find-and-update.company-information.service.gov.uk/company/04250459/filing-history/MzAyNzE0NjA3NmFkaXF6a2N4/document?format=pdf&download=0
arsenal,Arsenal,2009/10,2010-05-31,staff_costs_original,110733000.0,39,Staff costs,Official annual report operating expenses or employees note.,Group of companies' accounts made up to 31 May 2010,https://find-and-update.company-information.service.gov.uk/company/04250459/filing-history/MzAyNzE0NjA3NmFkaXF6a2N4/document?format=pdf&download=0
arsenal,Arsenal,2009/10,2010-05-31,player_amortisation_original,25033000.0,38,Amortisation of player registrations,Official annual report operating expenses or intangible assets note.,Group of companies' accounts made up to 31 May 2010,https://find-and-update.company-information.service.gov.uk/company/04250459/filing-history/MzAyNzE0NjA3NmFkaXF6a2N4/document?format=pdf&download=0
arsenal,Arsenal,2009/10,2010-05-31,profit_on_player_sales_original,38137000.0,32,Profit on disposal of player registrations,Official annual report segmental analysis or profit and loss disclosure.,Group of companies' accounts made up to 31 May 2010,https://find-and-update.company-information.service.gov.uk/company/04250459/filing-history/MzAyNzE0NjA3NmFkaXF6a2N4/document?format=pdf&download=0
arsenal,Arsenal,2009/10,2010-05-31,profit_loss_before_tax_original,28000.0,42,Profit on ordinary activities before tax,Annual report profit/tax note. Values were disclosed in GBP thousands and converted to full GBP.,Group of companies' accounts made up to 31 May 2010,https://find-and-update.company-information.service.gov.uk/company/04250459/filing-history/MzAyNzE0NjA3NmFkaXF6a2N4/document?format=pdf&download=0
arsenal,Arsenal,2009/10,2010-05-31,net_debt_original,2000000.0,48,Computed net debt from total debt less cash and short-term deposits,Calculated from the annual report total debt disclosure and the cash / cash and short-term deposits note. Values were disclosed in GBP thousands and converted to full GBP.,Group of companies' accounts made up to 31 May 2010,https://find-and-update.company-information.service.gov.uk/company/04250459/filing-history/MzAyNzE0NjA3NmFkaXF6a2N4/document?format=pdf&download=0
arsenal,Arsenal,2010/11,2011-05-31,matchday_revenue_original,93108000.0,31,Gate and other match day revenues,Official annual report turnover note.,Group of companies' accounts made up to 31 May 2011,https://find-and-update.company-information.service.gov.uk/company/04250459/filing-history/MzA0ODAzNDA0NmFkaXF6a2N4/document?format=pdf&download=0
arsenal,Arsenal,2010/11,2011-05-31,broadcast_revenue_original,85244000.0,31,Broadcasting,Official annual report turnover note.,Group of companies' accounts made up to 31 May 2011,https://find-and-update.company-information.service.gov.uk/company/04250459/filing-history/MzA0ODAzNDA0NmFkaXF6a2N4/document?format=pdf&download=0
arsenal,Arsenal,2010/11,2011-05-31,commercial_revenue_original,46323000.0,31,Commercial / retail / licensing mapping,"Official annual report turnover note, with any disclosed retail or licensing line merged into commercial revenue for standardisation.",Group of companies' accounts made up to 31 May 2011,https://find-and-update.company-information.service.gov.uk/company/04250459/filing-history/MzA0ODAzNDA0NmFkaXF6a2N4/document?format=pdf&download=0
arsenal,Arsenal,2010/11,2011-05-31,excluded_player_trading_revenue_original,735000.0,31,Player trading,Official annual report turnover note. Excluded from football revenue total.,Group of companies' accounts made up to 31 May 2011,https://find-and-update.company-information.service.gov.uk/company/04250459/filing-history/MzA0ODAzNDA0NmFkaXF6a2N4/document?format=pdf&download=0
arsenal,Arsenal,2010/11,2011-05-31,staff_costs_original,124401000.0,32,Staff costs,Official annual report operating expenses or employees note.,Group of companies' accounts made up to 31 May 2011,https://find-and-update.company-information.service.gov.uk/company/04250459/filing-history/MzA0ODAzNDA0NmFkaXF6a2N4/document?format=pdf&download=0
arsenal,Arsenal,2010/11,2011-05-31,player_amortisation_original,21658000.0,32,Amortisation of player registrations,Official annual report operating expenses or intangible assets note.,Group of companies' accounts made up to 31 May 2011,https://find-and-update.company-information.service.gov.uk/company/04250459/filing-history/MzA0ODAzNDA0NmFkaXF6a2N4/document?format=pdf&download=0
arsenal,Arsenal,2010/11,2011-05-31,profit_on_player_sales_original,6256000.0,31,Profit on disposal of player registrations,Official annual report segmental analysis or profit and loss disclosure.,Group of companies' accounts made up to 31 May 2011,https://find-and-update.company-information.service.gov.uk/company/04250459/filing-history/MzA0ODAzNDA0NmFkaXF6a2N4/document?format=pdf&download=0
arsenal,Arsenal,2011/12,2012-05-31,matchday_revenue_original,95212000.0,30,Gate and other match day revenues,Official annual report turnover note.,Group of companies' accounts made up to 31 May 2012,https://find-and-update.company-information.service.gov.uk/company/04250459/filing-history/MzA2NzUwNTA2M2FkaXF6a2N4/document?format=pdf&download=0
arsenal,Arsenal,2011/12,2012-05-31,broadcast_revenue_original,84701000.0,30,Broadcasting,Official annual report turnover note.,Group of companies' accounts made up to 31 May 2012,https://find-and-update.company-information.service.gov.uk/company/04250459/filing-history/MzA2NzUwNTA2M2FkaXF6a2N4/document?format=pdf&download=0
arsenal,Arsenal,2011/12,2012-05-31,commercial_revenue_original,52515000.0,30,Commercial / retail / licensing mapping,"Official annual report turnover note, with any disclosed retail or licensing line merged into commercial revenue for standardisation.",Group of companies' accounts made up to 31 May 2012,https://find-and-update.company-information.service.gov.uk/company/04250459/filing-history/MzA2NzUwNTA2M2FkaXF6a2N4/document?format=pdf&download=0
arsenal,Arsenal,2011/12,2012-05-31,excluded_player_trading_revenue_original,2901000.0,30,Player trading,Official annual report turnover note. Excluded from football revenue total.,Group of companies' accounts made up to 31 May 2012,https://find-and-update.company-information.service.gov.uk/company/04250459/filing-history/MzA2NzUwNTA2M2FkaXF6a2N4/document?format=pdf&download=0
arsenal,Arsenal,2011/12,2012-05-31,staff_costs_original,143448000.0,31,Staff costs,Official annual report operating expenses or employees note.,Group of companies' accounts made up to 31 May 2012,https://find-and-update.company-information.service.gov.uk/company/04250459/filing-history/MzA2NzUwNTA2M2FkaXF6a2N4/document?format=pdf&download=0
arsenal,Arsenal,2011/12,2012-05-31,player_amortisation_original,36802000.0,31,Amortisation of player registrations,Official annual report operating expenses or intangible assets note.,Group of companies' accounts made up to 31 May 2012,https://find-and-update.company-information.service.gov.uk/company/04250459/filing-history/MzA2NzUwNTA2M2FkaXF6a2N4/document?format=pdf&download=0
arsenal,Arsenal,2011/12,2012-05-31,profit_on_player_sales_original,65456000.0,30,Profit on disposal of player registrations,Official annual report segmental analysis or profit and loss disclosure.,Group of companies' accounts made up to 31 May 2012,https://find-and-update.company-information.service.gov.uk/company/04250459/filing-history/MzA2NzUwNTA2M2FkaXF6a2N4/document?format=pdf&download=0
arsenal,Arsenal,2011/12,2012-05-31,profit_loss_before_tax_original,36588000.0,34,Profit before taxation,Annual report profit/tax note. Values were disclosed in GBP thousands and converted to full GBP.,Group of companies' accounts made up to 31 May 2012,https://find-and-update.company-information.service.gov.uk/company/04250459/filing-history/MzA2NzUwNTA2M2FkaXF6a2N4/document?format=pdf&download=0
arsenal,Arsenal,2011/12,2012-05-31,net_debt_original,1998000.0,41,Computed net debt from total debt less cash and short-term deposits,Calculated from the annual report total debt disclosure and the cash / cash and short-term deposits note. Values were disclosed in GBP thousands and converted to full GBP.,Group of companies' accounts made up to 31 May 2012,https://find-and-update.company-information.service.gov.uk/company/04250459/filing-history/MzA2NzUwNTA2M2FkaXF6a2N4/document?format=pdf&download=0
arsenal,Arsenal,2012/13,2013-05-31,matchday_revenue_original,92780000.0,30,Gate and other match day revenues,Official annual report turnover note.,Group of companies' accounts made up to 31 May 2013,https://find-and-update.company-information.service.gov.uk/company/04250459/filing-history/MzA4ODY5MjM1MGFkaXF6a2N4/document?format=pdf&download=0
arsenal,Arsenal,2012/13,2013-05-31,broadcast_revenue_original,86025000.0,30,Broadcasting,Official annual report turnover note.,Group of companies' accounts made up to 31 May 2013,https://find-and-update.company-information.service.gov.uk/company/04250459/filing-history/MzA4ODY5MjM1MGFkaXF6a2N4/document?format=pdf&download=0
arsenal,Arsenal,2012/13,2013-05-31,commercial_revenue_original,62422000.0,30,Commercial / retail / licensing mapping,"Official annual report turnover note, with any disclosed retail or licensing line merged into commercial revenue for standardisation.",Group of companies' accounts made up to 31 May 2013,https://find-and-update.company-information.service.gov.uk/company/04250459/filing-history/MzA4ODY5MjM1MGFkaXF6a2N4/document?format=pdf&download=0
arsenal,Arsenal,2012/13,2013-05-31,excluded_player_trading_revenue_original,1598000.0,30,Player trading,Official annual report turnover note. Excluded from football revenue total.,Group of companies' accounts made up to 31 May 2013,https://find-and-update.company-information.service.gov.uk/company/04250459/filing-history/MzA4ODY5MjM1MGFkaXF6a2N4/document?format=pdf&download=0
arsenal,Arsenal,2012/13,2013-05-31,staff_costs_original,154490000.0,31,Staff costs,Official annual report operating expenses or employees note.,Group of companies' accounts made up to 31 May 2013,https://find-and-update.company-information.service.gov.uk/company/04250459/filing-history/MzA4ODY5MjM1MGFkaXF6a2N4/document?format=pdf&download=0
arsenal,Arsenal,2012/13,2013-05-31,player_amortisation_original,41349000.0,31,Amortisation of player registrations,Official annual report operating expenses or intangible assets note.,Group of companies' accounts made up to 31 May 2013,https://find-and-update.company-information.service.gov.uk/company/04250459/filing-history/MzA4ODY5MjM1MGFkaXF6a2N4/document?format=pdf&download=0
arsenal,Arsenal,2012/13,2013-05-31,profit_on_player_sales_original,46986000.0,30,Profit on disposal of player registrations,Official annual report segmental analysis or profit and loss disclosure.,Group of companies' accounts made up to 31 May 2013,https://find-and-update.company-information.service.gov.uk/company/04250459/filing-history/MzA4ODY5MjM1MGFkaXF6a2N4/document?format=pdf&download=0
arsenal,Arsenal,2012/13,2013-05-31,profit_loss_before_tax_original,6654000.0,34,Profit before taxation,Annual report profit/tax note. Values were disclosed in GBP thousands and converted to full GBP.,Group of companies' accounts made up to 31 May 2013,https://find-and-update.company-information.service.gov.uk/company/04250459/filing-history/MzA4ODY5MjM1MGFkaXF6a2N4/document?format=pdf&download=0
arsenal,Arsenal,2012/13,2013-05-31,net_debt_original,6885000.0,41,Computed net debt from total debt less cash and short-term deposits,Calculated from the annual report total debt disclosure and the cash / cash and short-term deposits note. Values were disclosed in GBP thousands and converted to full GBP.,Group of companies' accounts made up to 31 May 2013,https://find-and-update.company-information.service.gov.uk/company/04250459/filing-history/MzA4ODY5MjM1MGFkaXF6a2N4/document?format=pdf&download=0
arsenal,Arsenal,2013/14,2014-05-31,matchday_revenue_original,100229000.0,29,Gate and other match day revenues,Official annual report turnover note.,Group of companies' accounts made up to 31 May 2014,https://find-and-update.company-information.service.gov.uk/company/04250459/filing-history/MzExMDUwMTE2MGFkaXF6a2N4/document?format=pdf&download=0
arsenal,Arsenal,2013/14,2014-05-31,broadcast_revenue_original,120762000.0,29,Broadcasting,Official annual report turnover note.,Group of companies' accounts made up to 31 May 2014,https://find-and-update.company-information.service.gov.uk/company/04250459/filing-history/MzExMDUwMTE2MGFkaXF6a2N4/document?format=pdf&download=0
arsenal,Arsenal,2013/14,2014-05-31,commercial_revenue_original,77154000.0,29,Commercial / retail / licensing mapping,"Official annual report turnover note, with any disclosed retail or licensing line merged into commercial revenue for standardisation.",Group of companies' accounts made up to 31 May 2014,https://find-and-update.company-information.service.gov.uk/company/04250459/filing-history/MzExMDUwMTE2MGFkaXF6a2N4/document?format=pdf&download=0
arsenal,Arsenal,2013/14,2014-05-31,excluded_player_trading_revenue_original,513000.0,29,Player trading,Official annual report turnover note. Excluded from football revenue total.,Group of companies' accounts made up to 31 May 2014,https://find-and-update.company-information.service.gov.uk/company/04250459/filing-history/MzExMDUwMTE2MGFkaXF6a2N4/document?format=pdf&download=0
arsenal,Arsenal,2013/14,2014-05-31,staff_costs_original,166403000.0,31,Staff costs,Official annual report operating expenses or employees note.,Group of companies' accounts made up to 31 May 2014,https://find-and-update.company-information.service.gov.uk/company/04250459/filing-history/MzExMDUwMTE2MGFkaXF6a2N4/document?format=pdf&download=0
arsenal,Arsenal,2013/14,2014-05-31,player_amortisation_original,40072000.0,30,Amortisation of player registrations,Official annual report operating expenses or intangible assets note.,Group of companies' accounts made up to 31 May 2014,https://find-and-update.company-information.service.gov.uk/company/04250459/filing-history/MzExMDUwMTE2MGFkaXF6a2N4/document?format=pdf&download=0
arsenal,Arsenal,2013/14,2014-05-31,profit_on_player_sales_original,6912000.0,29,Profit on disposal of player registrations,Official annual report segmental analysis or profit and loss disclosure.,Group of companies' accounts made up to 31 May 2014,https://find-and-update.company-information.service.gov.uk/company/04250459/filing-history/MzExMDUwMTE2MGFkaXF6a2N4/document?format=pdf&download=0
arsenal,Arsenal,2013/14,2014-05-31,profit_loss_before_tax_original,120000.0,33,Profit before taxation,Annual report profit/tax note. Values were disclosed in GBP thousands and converted to full GBP.,Group of companies' accounts made up to 31 May 2014,https://find-and-update.company-information.service.gov.uk/company/04250459/filing-history/MzExMDUwMTE2MGFkaXF6a2N4/document?format=pdf&download=0
arsenal,Arsenal,2013/14,2014-05-31,net_debt_original,185000.0,40,Computed net debt from total debt less cash and short-term deposits,Calculated from the annual report total debt disclosure and the cash / cash and short-term deposits note. Values were disclosed in GBP thousands and converted to full GBP.,Group of companies' accounts made up to 31 May 2014,https://find-and-update.company-information.service.gov.uk/company/04250459/filing-history/MzExMDUwMTE2MGFkaXF6a2N4/document?format=pdf&download=0
arsenal,Arsenal,2014/15,2015-05-31,matchday_revenue_original,100401000.0,31,Gate and other match day revenues,Official annual report turnover note.,Group of companies' accounts made up to 31 May 2015,https://find-and-update.company-information.service.gov.uk/company/04250459/filing-history/MzEzNTE5MDEzMWFkaXF6a2N4/document?format=pdf&download=0
arsenal,Arsenal,2014/15,2015-05-31,broadcast_revenue_original,124844000.0,31,Broadcasting,Official annual report turnover note.,Group of companies' accounts made up to 31 May 2015,https://find-and-update.company-information.service.gov.uk/company/04250459/filing-history/MzEzNTE5MDEzMWFkaXF6a2N4/document?format=pdf&download=0
arsenal,Arsenal,2014/15,2015-05-31,commercial_revenue_original,103287000.0,31,Commercial / retail / licensing mapping,"Official annual report turnover note, with any disclosed retail or licensing line merged into commercial revenue for standardisation.",Group of companies' accounts made up to 31 May 2015,https://find-and-update.company-information.service.gov.uk/company/04250459/filing-history/MzEzNTE5MDEzMWFkaXF6a2N4/document?format=pdf&download=0
arsenal,Arsenal,2014/15,2015-05-31,excluded_player_trading_revenue_original,805000.0,31,Player trading,Official annual report turnover note. Excluded from football revenue total.,Group of companies' accounts made up to 31 May 2015,https://find-and-update.company-information.service.gov.uk/company/04250459/filing-history/MzEzNTE5MDEzMWFkaXF6a2N4/document?format=pdf&download=0
arsenal,Arsenal,2014/15,2015-05-31,staff_costs_original,192213000.0,32,Staff costs,Official annual report operating expenses or employees note.,Group of companies' accounts made up to 31 May 2015,https://find-and-update.company-information.service.gov.uk/company/04250459/filing-history/MzEzNTE5MDEzMWFkaXF6a2N4/document?format=pdf&download=0
arsenal,Arsenal,2014/15,2015-05-31,player_amortisation_original,54430000.0,32,Amortisation of player registrations,Official annual report operating expenses or intangible assets note.,Group of companies' accounts made up to 31 May 2015,https://find-and-update.company-information.service.gov.uk/company/04250459/filing-history/MzEzNTE5MDEzMWFkaXF6a2N4/document?format=pdf&download=0
arsenal,Arsenal,2014/15,2015-05-31,profit_on_player_sales_original,28944000.0,31,Profit on disposal of player registrations,Official annual report segmental analysis or profit and loss disclosure.,Group of companies' accounts made up to 31 May 2015,https://find-and-update.company-information.service.gov.uk/company/04250459/filing-history/MzEzNTE5MDEzMWFkaXF6a2N4/document?format=pdf&download=0
arsenal,Arsenal,2014/15,2015-05-31,profit_loss_before_tax_original,120000.0,35,Profit before taxation,Annual report profit/tax note. Values were disclosed in GBP thousands and converted to full GBP.,Group of companies' accounts made up to 31 May 2015,https://find-and-update.company-information.service.gov.uk/company/04250459/filing-history/MzEzNTE5MDEzMWFkaXF6a2N4/document?format=pdf&download=0
arsenal,Arsenal,2014/15,2015-05-31,net_debt_original,280000000.0,49,Net (debt) from analysis of changes in net debt,Annual report analysis of changes in net debt note. Values were disclosed in GBP thousands and converted to full GBP.,Group of companies' accounts made up to 31 May 2015,https://find-and-update.company-information.service.gov.uk/company/04250459/filing-history/MzEzNTE5MDEzMWFkaXF6a2N4/document?format=pdf&download=0
arsenal,Arsenal,2015/16,2016-05-31,matchday_revenue_original,99907000.0,33,Gate and other match day revenues,Official annual report turnover note.,Group of companies' accounts made up to 31 May 2016,https://find-and-update.company-information.service.gov.uk/company/04250459/filing-history/MzE2Njc3MDIwNGFkaXF6a2N4/document?format=pdf&download=0
arsenal,Arsenal,2015/16,2016-05-31,broadcast_revenue_original,140579000.0,33,Broadcasting,Official annual report turnover note.,Group of companies' accounts made up to 31 May 2016,https://find-and-update.company-information.service.gov.uk/company/04250459/filing-history/MzE2Njc3MDIwNGFkaXF6a2N4/document?format=pdf&download=0
arsenal,Arsenal,2015/16,2016-05-31,commercial_revenue_original,106907000.0,33,Commercial / retail / licensing mapping,"Official annual report turnover note, with any disclosed retail or licensing line merged into commercial revenue for standardisation.",Group of companies' accounts made up to 31 May 2016,https://find-and-update.company-information.service.gov.uk/company/04250459/filing-history/MzE2Njc3MDIwNGFkaXF6a2N4/document?format=pdf&download=0
arsenal,Arsenal,2015/16,2016-05-31,excluded_player_trading_revenue_original,3230000.0,33,Player trading,Official annual report turnover note. Excluded from football revenue total.,Group of companies' accounts made up to 31 May 2016,https://find-and-update.company-information.service.gov.uk/company/04250459/filing-history/MzE2Njc3MDIwNGFkaXF6a2N4/document?format=pdf&download=0
arsenal,Arsenal,2015/16,2016-05-31,staff_costs_original,195387000.0,39,Staff costs,Official annual report operating expenses or employees note.,Group of companies' accounts made up to 31 May 2016,https://find-and-update.company-information.service.gov.uk/company/04250459/filing-history/MzE2Njc3MDIwNGFkaXF6a2N4/document?format=pdf&download=0
arsenal,Arsenal,2015/16,2016-05-31,player_amortisation_original,59257000.0,39,Amortisation of player registrations,Official annual report operating expenses or intangible assets note.,Group of companies' accounts made up to 31 May 2016,https://find-and-update.company-information.service.gov.uk/company/04250459/filing-history/MzE2Njc3MDIwNGFkaXF6a2N4/document?format=pdf&download=0
arsenal,Arsenal,2015/16,2016-05-31,profit_on_player_sales_original,2047000.0,33,Profit on disposal of player registrations,Official annual report segmental analysis or profit and loss disclosure.,Group of companies' accounts made up to 31 May 2016,https://find-and-update.company-information.service.gov.uk/company/04250459/filing-history/MzE2Njc3MDIwNGFkaXF6a2N4/document?format=pdf&download=0
arsenal,Arsenal,2015/16,2016-05-31,profit_loss_before_tax_original,12013000.0,37,Profit before taxation,Annual report profit/tax note. Values were disclosed in GBP thousands and converted to full GBP.,Group of companies' accounts made up to 31 May 2016,https://find-and-update.company-information.service.gov.uk/company/04250459/filing-history/MzE2Njc3MDIwNGFkaXF6a2N4/document?format=pdf&download=0
arsenal,Arsenal,2015/16,2016-05-31,net_debt_original,0.0,44,Computed net debt from total debt less cash and short-term deposits,Calculated from the annual report total debt disclosure and the cash / cash and short-term deposits note. Values were disclosed in GBP thousands and converted to full GBP.,Group of companies' accounts made up to 31 May 2016,https://find-and-update.company-information.service.gov.uk/company/04250459/filing-history/MzE2Njc3MDIwNGFkaXF6a2N4/document?format=pdf&download=0
arsenal,Arsenal,2016/17,2017-05-31,matchday_revenue_original,99996000.0,37,Gate and other match day revenues,Official annual report turnover note.,Group of companies' accounts made up to 31 May 2017,https://find-and-update.company-information.service.gov.uk/company/04250459/filing-history/MzE5MTg1NjI2OWFkaXF6a2N4/document?format=pdf&download=0
arsenal,Arsenal,2016/17,2017-05-31,broadcast_revenue_original,198637000.0,37,Broadcasting,Official annual report turnover note.,Group of companies' accounts made up to 31 May 2017,https://find-and-update.company-information.service.gov.uk/company/04250459/filing-history/MzE5MTg1NjI2OWFkaXF6a2N4/document?format=pdf&download=0
arsenal,Arsenal,2016/17,2017-05-31,commercial_revenue_original,117234000.0,37,Commercial / retail / licensing mapping,"Official annual report turnover note, with any disclosed retail or licensing line merged into commercial revenue for standardisation.",Group of companies' accounts made up to 31 May 2017,https://find-and-update.company-information.service.gov.uk/company/04250459/filing-history/MzE5MTg1NjI2OWFkaXF6a2N4/document?format=pdf&download=0
arsenal,Arsenal,2016/17,2017-05-31,excluded_player_trading_revenue_original,6932000.0,37,Player trading,Official annual report turnover note. Excluded from football revenue total.,Group of companies' accounts made up to 31 May 2017,https://find-and-update.company-information.service.gov.uk/company/04250459/filing-history/MzE5MTg1NjI2OWFkaXF6a2N4/document?format=pdf&download=0
arsenal,Arsenal,2016/17,2017-05-31,staff_costs_original,199395000.0,39,Staff costs,Official annual report operating expenses or employees note.,Group of companies' accounts made up to 31 May 2017,https://find-and-update.company-information.service.gov.uk/company/04250459/filing-history/MzE5MTg1NjI2OWFkaXF6a2N4/document?format=pdf&download=0
arsenal,Arsenal,2016/17,2017-05-31,player_amortisation_original,77126000.0,39,Amortisation of player registrations,Official annual report operating expenses or intangible assets note.,Group of companies' accounts made up to 31 May 2017,https://find-and-update.company-information.service.gov.uk/company/04250459/filing-history/MzE5MTg1NjI2OWFkaXF6a2N4/document?format=pdf&download=0
arsenal,Arsenal,2016/17,2017-05-31,profit_on_player_sales_original,6760000.0,37,Profit on disposal of player registrations,Official annual report segmental analysis or profit and loss disclosure.,Group of companies' accounts made up to 31 May 2017,https://find-and-update.company-information.service.gov.uk/company/04250459/filing-history/MzE5MTg1NjI2OWFkaXF6a2N4/document?format=pdf&download=0
arsenal,Arsenal,2016/17,2017-05-31,profit_loss_before_tax_original,3000.0,28,Profit before taxation,Annual report profit/tax note. Values were disclosed in GBP thousands and converted to full GBP.,Group of companies' accounts made up to 31 May 2017,https://find-and-update.company-information.service.gov.uk/company/04250459/filing-history/MzE5MTg1NjI2OWFkaXF6a2N4/document?format=pdf&download=0
arsenal,Arsenal,2016/17,2017-05-31,net_debt_original,2019000000.0,54,Net (debt) from analysis of changes in net debt,Annual report analysis of changes in net debt note. Values were disclosed in GBP thousands and converted to full GBP.,Group of companies' accounts made up to 31 May 2017,https://find-and-update.company-information.service.gov.uk/company/04250459/filing-history/MzE5MTg1NjI2OWFkaXF6a2N4/document?format=pdf&download=0
arsenal,Arsenal,2017/18,2018-05-31,matchday_revenue_original,98905000.0,21,Gate and other match day revenues,Official annual report turnover note.,Group of companies' accounts made up to 31 May 2018,https://find-and-update.company-information.service.gov.uk/company/04250459/filing-history/MzIyNTM1MjYxN2FkaXF6a2N4/document?format=pdf&download=0
arsenal,Arsenal,2017/18,2018-05-31,broadcast_revenue_original,180097000.0,21,Broadcasting,Official annual report turnover note.,Group of companies' accounts made up to 31 May 2018,https://find-and-update.company-information.service.gov.uk/company/04250459/filing-history/MzIyNTM1MjYxN2FkaXF6a2N4/document?format=pdf&download=0
arsenal,Arsenal,2017/18,2018-05-31,commercial_revenue_original,106918000.0,21,Commercial / retail / licensing mapping,"Official annual report turnover note, with any disclosed retail or licensing line merged into commercial revenue for standardisation.",Group of companies' accounts made up to 31 May 2018,https://find-and-update.company-information.service.gov.uk/company/04250459/filing-history/MzIyNTM1MjYxN2FkaXF6a2N4/document?format=pdf&download=0
arsenal,Arsenal,2017/18,2018-05-31,excluded_player_trading_revenue_original,2311000.0,21,Player trading,Official annual report turnover note. Excluded from football revenue total.,Group of companies' accounts made up to 31 May 2018,https://find-and-update.company-information.service.gov.uk/company/04250459/filing-history/MzIyNTM1MjYxN2FkaXF6a2N4/document?format=pdf&download=0
arsenal,Arsenal,2017/18,2018-05-31,staff_costs_original,240060000.0,26,Staff costs,Official annual report operating expenses or employees note.,Group of companies' accounts made up to 31 May 2018,https://find-and-update.company-information.service.gov.uk/company/04250459/filing-history/MzIyNTM1MjYxN2FkaXF6a2N4/document?format=pdf&download=0
arsenal,Arsenal,2017/18,2018-05-31,player_amortisation_original,85812000.0,23,Amortisation of player registrations,Official annual report operating expenses or intangible assets note.,Group of companies' accounts made up to 31 May 2018,https://find-and-update.company-information.service.gov.uk/company/04250459/filing-history/MzIyNTM1MjYxN2FkaXF6a2N4/document?format=pdf&download=0
arsenal,Arsenal,2017/18,2018-05-31,profit_on_player_sales_original,120047000.0,21,Profit on disposal of player registrations,Official annual report segmental analysis or profit and loss disclosure.,Group of companies' accounts made up to 31 May 2018,https://find-and-update.company-information.service.gov.uk/company/04250459/filing-history/MzIyNTM1MjYxN2FkaXF6a2N4/document?format=pdf&download=0
arsenal,Arsenal,2017/18,2018-05-31,profit_loss_before_tax_original,2018000.0,21,Profit before taxation,Annual report profit/tax note. Values were disclosed in GBP thousands and converted to full GBP.,Group of companies' accounts made up to 31 May 2018,https://find-and-update.company-information.service.gov.uk/company/04250459/filing-history/MzIyNTM1MjYxN2FkaXF6a2N4/document?format=pdf&download=0
arsenal,Arsenal,2017/18,2018-05-31,net_debt_original,0.0,31,Computed net debt from total debt less cash and short-term deposits,Calculated from the annual report total debt disclosure and the cash / cash and short-term deposits note. Values were disclosed in GBP thousands and converted to full GBP.,Group of companies' accounts made up to 31 May 2018,https://find-and-update.company-information.service.gov.uk/company/04250459/filing-history/MzIyNTM1MjYxN2FkaXF6a2N4/document?format=pdf&download=0
arsenal,Arsenal,2018/19,2019-05-31,matchday_revenue_original,96244000.0,21,Gate and other match day revenues,Official annual report turnover note.,Group of companies' accounts made up to 31 May 2019,https://find-and-update.company-information.service.gov.uk/company/04250459/filing-history/MzI1ODcyNTM1MWFkaXF6a2N4/document?format=pdf&download=0
arsenal,Arsenal,2018/19,2019-05-31,broadcast_revenue_original,183025000.0,21,Broadcasting,Official annual report turnover note.,Group of companies' accounts made up to 31 May 2019,https://find-and-update.company-information.service.gov.uk/company/04250459/filing-history/MzI1ODcyNTM1MWFkaXF6a2N4/document?format=pdf&download=0
arsenal,Arsenal,2018/19,2019-05-31,commercial_revenue_original,110879000.0,21,Commercial / retail / licensing mapping,"Official annual report turnover note, with any disclosed retail or licensing line merged into commercial revenue for standardisation.",Group of companies' accounts made up to 31 May 2019,https://find-and-update.company-information.service.gov.uk/company/04250459/filing-history/MzI1ODcyNTM1MWFkaXF6a2N4/document?format=pdf&download=0
arsenal,Arsenal,2018/19,2019-05-31,excluded_player_trading_revenue_original,4582000.0,21,Player trading,Official annual report turnover note. Excluded from football revenue total.,Group of companies' accounts made up to 31 May 2019,https://find-and-update.company-information.service.gov.uk/company/04250459/filing-history/MzI1ODcyNTM1MWFkaXF6a2N4/document?format=pdf&download=0
arsenal,Arsenal,2018/19,2019-05-31,staff_costs_original,234922000.0,26,Staff costs,Official annual report operating expenses or employees note.,Group of companies' accounts made up to 31 May 2019,https://find-and-update.company-information.service.gov.uk/company/04250459/filing-history/MzI1ODcyNTM1MWFkaXF6a2N4/document?format=pdf&download=0
arsenal,Arsenal,2018/19,2019-05-31,player_amortisation_original,89678000.0,23,Amortisation of player registrations,Official annual report operating expenses or intangible assets note.,Group of companies' accounts made up to 31 May 2019,https://find-and-update.company-information.service.gov.uk/company/04250459/filing-history/MzI1ODcyNTM1MWFkaXF6a2N4/document?format=pdf&download=0
arsenal,Arsenal,2018/19,2019-05-31,profit_on_player_sales_original,12243000.0,21,Profit on disposal of player registrations,Official annual report segmental analysis or profit and loss disclosure.,Group of companies' accounts made up to 31 May 2019,https://find-and-update.company-information.service.gov.uk/company/04250459/filing-history/MzI1ODcyNTM1MWFkaXF6a2N4/document?format=pdf&download=0
arsenal,Arsenal,2019/20,2020-05-31,matchday_revenue_original,78743000.0,25,Gate and other match day revenues,Official annual report turnover note.,Group of companies' accounts made up to 31 May 2020,https://find-and-update.company-information.service.gov.uk/company/04250459/filing-history/MzI5NDA2NjY3MWFkaXF6a2N4/document?format=pdf&download=0
arsenal,Arsenal,2019/20,2020-05-31,broadcast_revenue_original,118948000.0,25,Broadcasting,Official annual report turnover note.,Group of companies' accounts made up to 31 May 2020,https://find-and-update.company-information.service.gov.uk/company/04250459/filing-history/MzI5NDA2NjY3MWFkaXF6a2N4/document?format=pdf&download=0
arsenal,Arsenal,2019/20,2020-05-31,commercial_revenue_original,142277000.0,25,Commercial / retail / licensing mapping,"Official annual report turnover note, with any disclosed retail or licensing line merged into commercial revenue for standardisation.",Group of companies' accounts made up to 31 May 2020,https://find-and-update.company-information.service.gov.uk/company/04250459/filing-history/MzI5NDA2NjY3MWFkaXF6a2N4/document?format=pdf&download=0
arsenal,Arsenal,2019/20,2020-05-31,excluded_player_trading_revenue_original,3485000.0,25,Player trading,Official annual report turnover note. Excluded from football revenue total.,Group of companies' accounts made up to 31 May 2020,https://find-and-update.company-information.service.gov.uk/company/04250459/filing-history/MzI5NDA2NjY3MWFkaXF6a2N4/document?format=pdf&download=0
arsenal,Arsenal,2019/20,2020-05-31,staff_costs_original,234478000.0,27,Staff costs,Official annual report operating expenses or employees note.,Group of companies' accounts made up to 31 May 2020,https://find-and-update.company-information.service.gov.uk/company/04250459/filing-history/MzI5NDA2NjY3MWFkaXF6a2N4/document?format=pdf&download=0
arsenal,Arsenal,2019/20,2020-05-31,player_amortisation_original,109114000.0,26,Amortisation of player registrations,Official annual report operating expenses or intangible assets note.,Group of companies' accounts made up to 31 May 2020,https://find-and-update.company-information.service.gov.uk/company/04250459/filing-history/MzI5NDA2NjY3MWFkaXF6a2N4/document?format=pdf&download=0
arsenal,Arsenal,2019/20,2020-05-31,profit_on_player_sales_original,60050000.0,25,Profit on disposal of player registrations,Official annual report segmental analysis or profit and loss disclosure.,Group of companies' accounts made up to 31 May 2020,https://find-and-update.company-information.service.gov.uk/company/04250459/filing-history/MzI5NDA2NjY3MWFkaXF6a2N4/document?format=pdf&download=0
arsenal,Arsenal,2020/21,2021-05-31,matchday_revenue_original,3763000.0,26,Gate and other match day revenues,Official annual report turnover note.,Group of companies' accounts made up to 31 May 2021,https://find-and-update.company-information.service.gov.uk/company/04250459/filing-history/MzMzMjQ0NzAzOGFkaXF6a2N4/document?format=pdf&download=0
arsenal,Arsenal,2020/21,2021-05-31,broadcast_revenue_original,184376000.0,26,Broadcasting,Official annual report turnover note.,Group of companies' accounts made up to 31 May 2021,https://find-and-update.company-information.service.gov.uk/company/04250459/filing-history/MzMzMjQ0NzAzOGFkaXF6a2N4/document?format=pdf&download=0
arsenal,Arsenal,2020/21,2021-05-31,commercial_revenue_original,136380000.0,26,Commercial / retail / licensing mapping,"Official annual report turnover note, with any disclosed retail or licensing line merged into commercial revenue for standardisation.",Group of companies' accounts made up to 31 May 2021,https://find-and-update.company-information.service.gov.uk/company/04250459/filing-history/MzMzMjQ0NzAzOGFkaXF6a2N4/document?format=pdf&download=0
arsenal,Arsenal,2020/21,2021-05-31,excluded_player_trading_revenue_original,3067000.0,26,Player trading,Official annual report turnover note. Excluded from football revenue total.,Group of companies' accounts made up to 31 May 2021,https://find-and-update.company-information.service.gov.uk/company/04250459/filing-history/MzMzMjQ0NzAzOGFkaXF6a2N4/document?format=pdf&download=0
arsenal,Arsenal,2020/21,2021-05-31,staff_costs_original,244438000.0,30,Staff costs,Official annual report operating expenses or employees note.,Group of companies' accounts made up to 31 May 2021,https://find-and-update.company-information.service.gov.uk/company/04250459/filing-history/MzMzMjQ0NzAzOGFkaXF6a2N4/document?format=pdf&download=0
arsenal,Arsenal,2020/21,2021-05-31,player_amortisation_original,117413000.0,27,Amortisation of player registrations,Official annual report operating expenses or intangible assets note.,Group of companies' accounts made up to 31 May 2021,https://find-and-update.company-information.service.gov.uk/company/04250459/filing-history/MzMzMjQ0NzAzOGFkaXF6a2N4/document?format=pdf&download=0
arsenal,Arsenal,2020/21,2021-05-31,profit_on_player_sales_original,11770000.0,26,Profit on disposal of player registrations,Official annual report segmental analysis or profit and loss disclosure.,Group of companies' accounts made up to 31 May 2021,https://find-and-update.company-information.service.gov.uk/company/04250459/filing-history/MzMzMjQ0NzAzOGFkaXF6a2N4/document?format=pdf&download=0
arsenal,Arsenal,2021/22,2022-05-31,matchday_revenue_original,3763000.0,22,Gate and other match day revenues,Official annual report turnover note.,Group of companies' accounts made up to 31 May 2022,https://find-and-update.company-information.service.gov.uk/company/04250459/filing-history/MzM2OTcwMjYwNWFkaXF6a2N4/document?download=0&format=pdf
arsenal,Arsenal,2021/22,2022-05-31,broadcast_revenue_original,184376000.0,22,Broadcasting,Official annual report turnover note.,Group of companies' accounts made up to 31 May 2022,https://find-and-update.company-information.service.gov.uk/company/04250459/filing-history/MzM2OTcwMjYwNWFkaXF6a2N4/document?download=0&format=pdf
arsenal,Arsenal,2021/22,2022-05-31,commercial_revenue_original,136380000.0,22,Commercial / retail / licensing mapping,"Official annual report turnover note, with any disclosed retail or licensing line merged into commercial revenue for standardisation.",Group of companies' accounts made up to 31 May 2022,https://find-and-update.company-information.service.gov.uk/company/04250459/filing-history/MzM2OTcwMjYwNWFkaXF6a2N4/document?download=0&format=pdf
arsenal,Arsenal,2021/22,2022-05-31,excluded_player_trading_revenue_original,3067000.0,22,Player trading,Official annual report turnover note. Excluded from football revenue total.,Group of companies' accounts made up to 31 May 2022,https://find-and-update.company-information.service.gov.uk/company/04250459/filing-history/MzM2OTcwMjYwNWFkaXF6a2N4/document?download=0&format=pdf
arsenal,Arsenal,2021/22,2022-05-31,staff_costs_original,244438000.0,27,Staff costs,Official annual report operating expenses or employees note.,Group of companies' accounts made up to 31 May 2022,https://find-and-update.company-information.service.gov.uk/company/04250459/filing-history/MzM2OTcwMjYwNWFkaXF6a2N4/document?download=0&format=pdf
arsenal,Arsenal,2021/22,2022-05-31,player_amortisation_original,117413000.0,26,Amortisation of player registrations,Official annual report operating expenses or intangible assets note.,Group of companies' accounts made up to 31 May 2022,https://find-and-update.company-information.service.gov.uk/company/04250459/filing-history/MzM2OTcwMjYwNWFkaXF6a2N4/document?download=0&format=pdf
arsenal,Arsenal,2021/22,2022-05-31,profit_on_player_sales_original,11770000.0,22,Profit on disposal of player registrations,Official annual report segmental analysis or profit and loss disclosure.,Group of companies' accounts made up to 31 May 2022,https://find-and-update.company-information.service.gov.uk/company/04250459/filing-history/MzM2OTcwMjYwNWFkaXF6a2N4/document?download=0&format=pdf
arsenal,Arsenal,2022/23,2023-05-31,matchday_revenue_original,102604000.0,22,Gate and other match day revenues,Official annual report turnover note.,Group of companies' accounts made up to 31 May 2023,https://find-and-update.company-information.service.gov.uk/company/04250459/filing-history/MzQxMjE5NjQ0MGFkaXF6a2N4/document?download=0&format=pdf
arsenal,Arsenal,2022/23,2023-05-31,broadcast_revenue_original,191194000.0,22,Broadcasting,Official annual report turnover note.,Group of companies' accounts made up to 31 May 2023,https://find-and-update.company-information.service.gov.uk/company/04250459/filing-history/MzQxMjE5NjQ0MGFkaXF6a2N4/document?download=0&format=pdf
arsenal,Arsenal,2022/23,2023-05-31,commercial_revenue_original,169302000.0,22,Commercial / retail / licensing mapping,"Official annual report turnover note, with any disclosed retail or licensing line merged into commercial revenue for standardisation.",Group of companies' accounts made up to 31 May 2023,https://find-and-update.company-information.service.gov.uk/company/04250459/filing-history/MzQxMjE5NjQ0MGFkaXF6a2N4/document?download=0&format=pdf
arsenal,Arsenal,2022/23,2023-05-31,excluded_player_trading_revenue_original,1457000.0,22,Player trading,Official annual report turnover note. Excluded from football revenue total.,Group of companies' accounts made up to 31 May 2023,https://find-and-update.company-information.service.gov.uk/company/04250459/filing-history/MzQxMjE5NjQ0MGFkaXF6a2N4/document?download=0&format=pdf
arsenal,Arsenal,2022/23,2023-05-31,staff_costs_original,234766000.0,27,Staff costs,Official annual report operating expenses or employees note.,Group of companies' accounts made up to 31 May 2023,https://find-and-update.company-information.service.gov.uk/company/04250459/filing-history/MzQxMjE5NjQ0MGFkaXF6a2N4/document?download=0&format=pdf
arsenal,Arsenal,2022/23,2023-05-31,player_amortisation_original,139060000.0,26,Amortisation of player registrations,Official annual report operating expenses or intangible assets note.,Group of companies' accounts made up to 31 May 2023,https://find-and-update.company-information.service.gov.uk/company/04250459/filing-history/MzQxMjE5NjQ0MGFkaXF6a2N4/document?download=0&format=pdf
arsenal,Arsenal,2022/23,2023-05-31,profit_on_player_sales_original,10732000.0,22,Profit on disposal of player registrations,Official annual report segmental analysis or profit and loss disclosure.,Group of companies' accounts made up to 31 May 2023,https://find-and-update.company-information.service.gov.uk/company/04250459/filing-history/MzQxMjE5NjQ0MGFkaXF6a2N4/document?download=0&format=pdf
arsenal,Arsenal,2023/24,2024-05-31,matchday_revenue_original,131652000.0,26,Gate and other match day revenues,Official annual report turnover note.,Group of companies' accounts made up to 31 May 2024,https://find-and-update.company-information.service.gov.uk/company/04250459/filing-history/MzQ1NTk1NjAxMGFkaXF6a2N4/document?download=0&format=pdf
arsenal,Arsenal,2023/24,2024-05-31,broadcast_revenue_original,262052000.0,26,Broadcasting,Official annual report turnover note.,Group of companies' accounts made up to 31 May 2024,https://find-and-update.company-information.service.gov.uk/company/04250459/filing-history/MzQ1NTk1NjAxMGFkaXF6a2N4/document?download=0&format=pdf
arsenal,Arsenal,2023/24,2024-05-31,commercial_revenue_original,218268000.0,26,Commercial / retail / licensing mapping,"Official annual report turnover note, with any disclosed retail or licensing line merged into commercial revenue for standardisation.",Group of companies' accounts made up to 31 May 2024,https://find-and-update.company-information.service.gov.uk/company/04250459/filing-history/MzQ1NTk1NjAxMGFkaXF6a2N4/document?download=0&format=pdf
arsenal,Arsenal,2023/24,2024-05-31,excluded_player_trading_revenue_original,1374000.0,26,Player trading,Official annual report turnover note. Excluded from football revenue total.,Group of companies' accounts made up to 31 May 2024,https://find-and-update.company-information.service.gov.uk/company/04250459/filing-history/MzQ1NTk1NjAxMGFkaXF6a2N4/document?download=0&format=pdf
arsenal,Arsenal,2023/24,2024-05-31,staff_costs_original,327822000.0,32,Staff costs,Official annual report operating expenses or employees note.,Group of companies' accounts made up to 31 May 2024,https://find-and-update.company-information.service.gov.uk/company/04250459/filing-history/MzQ1NTk1NjAxMGFkaXF6a2N4/document?download=0&format=pdf
arsenal,Arsenal,2023/24,2024-05-31,player_amortisation_original,171099000.0,30,Amortisation of player registrations,Official annual report operating expenses or intangible assets note.,Group of companies' accounts made up to 31 May 2024,https://find-and-update.company-information.service.gov.uk/company/04250459/filing-history/MzQ1NTk1NjAxMGFkaXF6a2N4/document?download=0&format=pdf
arsenal,Arsenal,2023/24,2024-05-31,profit_on_player_sales_original,51073000.0,26,Profit on disposal of player registrations,Official annual report segmental analysis or profit and loss disclosure.,Group of companies' accounts made up to 31 May 2024,https://find-and-update.company-information.service.gov.uk/company/04250459/filing-history/MzQ1NTk1NjAxMGFkaXF6a2N4/document?download=0&format=pdf
arsenal,Arsenal,2024/25,2025-05-31,matchday_revenue_original,153854000.0,31,Gate and other match day revenues,Official annual report turnover note.,Group of companies' accounts made up to 31 May 2025,https://find-and-update.company-information.service.gov.uk/company/04250459/filing-history/MzUwNzE0ODU1NmFkaXF6a2N4/document?download=0&format=pdf
arsenal,Arsenal,2024/25,2025-05-31,broadcast_revenue_original,271384000.0,31,Broadcasting,Official annual report turnover note.,Group of companies' accounts made up to 31 May 2025,https://find-and-update.company-information.service.gov.uk/company/04250459/filing-history/MzUwNzE0ODU1NmFkaXF6a2N4/document?download=0&format=pdf
arsenal,Arsenal,2024/25,2025-05-31,commercial_revenue_original,263193000.0,31,Commercial / retail / licensing mapping,"Official annual report turnover note, with any disclosed retail or licensing line merged into commercial revenue for standardisation.",Group of companies' accounts made up to 31 May 2025,https://find-and-update.company-information.service.gov.uk/company/04250459/filing-history/MzUwNzE0ODU1NmFkaXF6a2N4/document?download=0&format=pdf
arsenal,Arsenal,2024/25,2025-05-31,excluded_player_trading_revenue_original,454000.0,31,Player trading,Official annual report turnover note. Excluded from football revenue total.,Group of companies' accounts made up to 31 May 2025,https://find-and-update.company-information.service.gov.uk/company/04250459/filing-history/MzUwNzE0ODU1NmFkaXF6a2N4/document?download=0&format=pdf
arsenal,Arsenal,2024/25,2025-05-31,staff_costs_original,346804000.0,34,Staff costs,Official annual report operating expenses or employees note.,Group of companies' accounts made up to 31 May 2025,https://find-and-update.company-information.service.gov.uk/company/04250459/filing-history/MzUwNzE0ODU1NmFkaXF6a2N4/document?download=0&format=pdf
arsenal,Arsenal,2024/25,2025-05-31,player_amortisation_original,175547000.0,32,Amortisation of player registrations,Official annual report operating expenses or intangible assets note.,Group of companies' accounts made up to 31 May 2025,https://find-and-update.company-information.service.gov.uk/company/04250459/filing-history/MzUwNzE0ODU1NmFkaXF6a2N4/document?download=0&format=pdf
chelsea,Chelsea,2011/12,2012-06-30,matchday_revenue_original,77742000.0,15,Matchday,Official Chelsea turnover analysis note.,Group of companies' accounts made up to 30 June 2012,https://find-and-update.company-information.service.gov.uk/company/02536231/filing-history/MzA3MDcyNjIxOGFkaXF6a2N4/document?format=pdf&download=0
chelsea,Chelsea,2011/12,2012-06-30,broadcast_revenue_original,112815000.0,15,Broadcasting,Official Chelsea turnover analysis note.,Group of companies' accounts made up to 30 June 2012,https://find-and-update.company-information.service.gov.uk/company/02536231/filing-history/MzA3MDcyNjIxOGFkaXF6a2N4/document?format=pdf&download=0
chelsea,Chelsea,2011/12,2012-06-30,commercial_revenue_original,66977000.0,15,Commercial,Official Chelsea turnover analysis note.,Group of companies' accounts made up to 30 June 2012,https://find-and-update.company-information.service.gov.uk/company/02536231/filing-history/MzA3MDcyNjIxOGFkaXF6a2N4/document?format=pdf&download=0
chelsea,Chelsea,2011/12,2012-06-30,excluded_player_trading_revenue_original,28794000.0,16,Profit on disposal of player registrations,Official Chelsea profit/loss note. Excluded from football revenue total.,Group of companies' accounts made up to 30 June 2012,https://find-and-update.company-information.service.gov.uk/company/02536231/filing-history/MzA3MDcyNjIxOGFkaXF6a2N4/document?format=pdf&download=0
chelsea,Chelsea,2011/12,2012-06-30,staff_costs_original,171036000.0,16,Wages and salaries / employee costs,Official Chelsea staff numbers and costs note.,Group of companies' accounts made up to 30 June 2012,https://find-and-update.company-information.service.gov.uk/company/02536231/filing-history/MzA3MDcyNjIxOGFkaXF6a2N4/document?format=pdf&download=0
chelsea,Chelsea,2011/12,2012-06-30,player_amortisation_original,49506000.0,16,Amortisation of intangible assets / player registrations,Official Chelsea profit/loss note.,Group of companies' accounts made up to 30 June 2012,https://find-and-update.company-information.service.gov.uk/company/02536231/filing-history/MzA3MDcyNjIxOGFkaXF6a2N4/document?format=pdf&download=0
chelsea,Chelsea,2011/12,2012-06-30,profit_on_player_sales_original,28794000.0,16,Profit on disposal of player registrations,Official Chelsea profit/loss note.,Group of companies' accounts made up to 30 June 2012,https://find-and-update.company-information.service.gov.uk/company/02536231/filing-history/MzA3MDcyNjIxOGFkaXF6a2N4/document?format=pdf&download=0
chelsea,Chelsea,2011/12,2012-06-30,profit_loss_before_tax_original,1378000.0,17,Profit/(loss) on ordinary activities before taxation,Official annual report taxation note. Values were disclosed in GBP thousands and converted to full GBP.,Group of companies' accounts made up to 30 June 2012,https://find-and-update.company-information.service.gov.uk/company/02536231/filing-history/MzA3MDcyNjIxOGFkaXF6a2N4/document?format=pdf&download=0
chelsea,Chelsea,2011/12,2012-06-30,net_debt_original,18146000.0,25,Net debt,Official annual report analysis of net debt note. Values were disclosed in GBP thousands and converted to full GBP.,Group of companies' accounts made up to 30 June 2012,https://find-and-update.company-information.service.gov.uk/company/02536231/filing-history/MzA3MDcyNjIxOGFkaXF6a2N4/document?format=pdf&download=0
chelsea,Chelsea,2012/13,2013-06-30,matchday_revenue_original,70693000.0,15,Matchday,Official Chelsea turnover analysis note.,Group of companies' accounts made up to 30 June 2013,https://find-and-update.company-information.service.gov.uk/company/02536231/filing-history/MzA5MjAwODY1MmFkaXF6a2N4/document?format=pdf&download=0
chelsea,Chelsea,2012/13,2013-06-30,broadcast_revenue_original,105435000.0,15,Broadcasting,Official Chelsea turnover analysis note.,Group of companies' accounts made up to 30 June 2013,https://find-and-update.company-information.service.gov.uk/company/02536231/filing-history/MzA5MjAwODY1MmFkaXF6a2N4/document?format=pdf&download=0
chelsea,Chelsea,2012/13,2013-06-30,commercial_revenue_original,79644000.0,15,Commercial,Official Chelsea turnover analysis note.,Group of companies' accounts made up to 30 June 2013,https://find-and-update.company-information.service.gov.uk/company/02536231/filing-history/MzA5MjAwODY1MmFkaXF6a2N4/document?format=pdf&download=0
chelsea,Chelsea,2012/13,2013-06-30,excluded_player_trading_revenue_original,14452000.0,16,Profit on disposal of player registrations,Official Chelsea profit/loss note. Excluded from football revenue total.,Group of companies' accounts made up to 30 June 2013,https://find-and-update.company-information.service.gov.uk/company/02536231/filing-history/MzA5MjAwODY1MmFkaXF6a2N4/document?format=pdf&download=0
chelsea,Chelsea,2012/13,2013-06-30,staff_costs_original,176568000.0,16,Wages and salaries / employee costs,Official Chelsea staff numbers and costs note.,Group of companies' accounts made up to 30 June 2013,https://find-and-update.company-information.service.gov.uk/company/02536231/filing-history/MzA5MjAwODY1MmFkaXF6a2N4/document?format=pdf&download=0
chelsea,Chelsea,2012/13,2013-06-30,player_amortisation_original,58758000.0,16,Amortisation of intangible assets / player registrations,Official Chelsea profit/loss note.,Group of companies' accounts made up to 30 June 2013,https://find-and-update.company-information.service.gov.uk/company/02536231/filing-history/MzA5MjAwODY1MmFkaXF6a2N4/document?format=pdf&download=0
chelsea,Chelsea,2012/13,2013-06-30,profit_on_player_sales_original,14452000.0,16,Profit on disposal of player registrations,Official Chelsea profit/loss note.,Group of companies' accounts made up to 30 June 2013,https://find-and-update.company-information.service.gov.uk/company/02536231/filing-history/MzA5MjAwODY1MmFkaXF6a2N4/document?format=pdf&download=0
chelsea,Chelsea,2012/13,2013-06-30,profit_loss_before_tax_original,23000.0,19,Profit/(loss) on ordinary activities before taxation,Annual report profit/tax note. Values were disclosed in GBP thousands and converted to full GBP.,Group of companies' accounts made up to 30 June 2013,https://find-and-update.company-information.service.gov.uk/company/02536231/filing-history/MzA5MjAwODY1MmFkaXF6a2N4/document?format=pdf&download=0
chelsea,Chelsea,2012/13,2013-06-30,net_debt_original,0.0,26,Net debt,Annual report analysis of net debt note. Values were disclosed in GBP thousands and converted to full GBP.,Group of companies' accounts made up to 30 June 2013,https://find-and-update.company-information.service.gov.uk/company/02536231/filing-history/MzA5MjAwODY1MmFkaXF6a2N4/document?format=pdf&download=0
chelsea,Chelsea,2013/14,2014-06-30,matchday_revenue_original,71019000.0,15,Matchday,Official Chelsea turnover analysis note.,Group of companies' accounts made up to 30 June 2014,https://find-and-update.company-information.service.gov.uk/company/02536231/filing-history/MzExNDY3NzI3MmFkaXF6a2N4/document?format=pdf&download=0
chelsea,Chelsea,2013/14,2014-06-30,broadcast_revenue_original,139858000.0,15,Broadcasting,Official Chelsea turnover analysis note.,Group of companies' accounts made up to 30 June 2014,https://find-and-update.company-information.service.gov.uk/company/02536231/filing-history/MzExNDY3NzI3MmFkaXF6a2N4/document?format=pdf&download=0
chelsea,Chelsea,2013/14,2014-06-30,commercial_revenue_original,108966000.0,15,Commercial,Official Chelsea turnover analysis note.,Group of companies' accounts made up to 30 June 2014,https://find-and-update.company-information.service.gov.uk/company/02536231/filing-history/MzExNDY3NzI3MmFkaXF6a2N4/document?format=pdf&download=0
chelsea,Chelsea,2013/14,2014-06-30,excluded_player_trading_revenue_original,65072000.0,16,Profit on disposal of player registrations,Official Chelsea profit/loss note. Excluded from football revenue total.,Group of companies' accounts made up to 30 June 2014,https://find-and-update.company-information.service.gov.uk/company/02536231/filing-history/MzExNDY3NzI3MmFkaXF6a2N4/document?format=pdf&download=0
chelsea,Chelsea,2013/14,2014-06-30,staff_costs_original,190581000.0,16,Wages and salaries / employee costs,Official Chelsea staff numbers and costs note.,Group of companies' accounts made up to 30 June 2014,https://find-and-update.company-information.service.gov.uk/company/02536231/filing-history/MzExNDY3NzI3MmFkaXF6a2N4/document?format=pdf&download=0
chelsea,Chelsea,2013/14,2014-06-30,player_amortisation_original,72360000.0,16,Amortisation of intangible assets / player registrations,Official Chelsea profit/loss note.,Group of companies' accounts made up to 30 June 2014,https://find-and-update.company-information.service.gov.uk/company/02536231/filing-history/MzExNDY3NzI3MmFkaXF6a2N4/document?format=pdf&download=0
chelsea,Chelsea,2013/14,2014-06-30,profit_on_player_sales_original,65072000.0,16,Profit on disposal of player registrations,Official Chelsea profit/loss note.,Group of companies' accounts made up to 30 June 2014,https://find-and-update.company-information.service.gov.uk/company/02536231/filing-history/MzExNDY3NzI3MmFkaXF6a2N4/document?format=pdf&download=0
chelsea,Chelsea,2013/14,2014-06-30,profit_loss_before_tax_original,22000.0,19,Profit/(loss) on ordinary activities before taxation,Annual report profit/tax note. Values were disclosed in GBP thousands and converted to full GBP.,Group of companies' accounts made up to 30 June 2014,https://find-and-update.company-information.service.gov.uk/company/02536231/filing-history/MzExNDY3NzI3MmFkaXF6a2N4/document?format=pdf&download=0
chelsea,Chelsea,2013/14,2014-06-30,net_debt_original,0.0,27,Net debt,Annual report analysis of net debt note. Values were disclosed in GBP thousands and converted to full GBP.,Group of companies' accounts made up to 30 June 2014,https://find-and-update.company-information.service.gov.uk/company/02536231/filing-history/MzExNDY3NzI3MmFkaXF6a2N4/document?format=pdf&download=0
chelsea,Chelsea,2014/15,2015-06-30,matchday_revenue_original,70778000.0,16,Matchday,Official Chelsea turnover analysis note.,Group of companies' accounts made up to 30 June 2015,https://find-and-update.company-information.service.gov.uk/company/02536231/filing-history/MzEzODU4Mjg2MWFkaXF6a2N4/document?format=pdf&download=0
chelsea,Chelsea,2014/15,2015-06-30,broadcast_revenue_original,135565000.0,16,Broadcasting,Official Chelsea turnover analysis note.,Group of companies' accounts made up to 30 June 2015,https://find-and-update.company-information.service.gov.uk/company/02536231/filing-history/MzEzODU4Mjg2MWFkaXF6a2N4/document?format=pdf&download=0
chelsea,Chelsea,2014/15,2015-06-30,commercial_revenue_original,107944000.0,16,Commercial,Official Chelsea turnover analysis note.,Group of companies' accounts made up to 30 June 2015,https://find-and-update.company-information.service.gov.uk/company/02536231/filing-history/MzEzODU4Mjg2MWFkaXF6a2N4/document?format=pdf&download=0
chelsea,Chelsea,2014/15,2015-06-30,excluded_player_trading_revenue_original,42027000.0,17,Profit on disposal of player registrations,Official Chelsea profit/loss note. Excluded from football revenue total.,Group of companies' accounts made up to 30 June 2015,https://find-and-update.company-information.service.gov.uk/company/02536231/filing-history/MzEzODU4Mjg2MWFkaXF6a2N4/document?format=pdf&download=0
chelsea,Chelsea,2014/15,2015-06-30,staff_costs_original,215647000.0,17,Wages and salaries / employee costs,Official Chelsea staff numbers and costs note.,Group of companies' accounts made up to 30 June 2015,https://find-and-update.company-information.service.gov.uk/company/02536231/filing-history/MzEzODU4Mjg2MWFkaXF6a2N4/document?format=pdf&download=0
chelsea,Chelsea,2014/15,2015-06-30,player_amortisation_original,70186000.0,17,Amortisation of intangible assets / player registrations,Official Chelsea profit/loss note.,Group of companies' accounts made up to 30 June 2015,https://find-and-update.company-information.service.gov.uk/company/02536231/filing-history/MzEzODU4Mjg2MWFkaXF6a2N4/document?format=pdf&download=0
chelsea,Chelsea,2014/15,2015-06-30,profit_on_player_sales_original,42027000.0,17,Profit on disposal of player registrations,Official Chelsea profit/loss note.,Group of companies' accounts made up to 30 June 2015,https://find-and-update.company-information.service.gov.uk/company/02536231/filing-history/MzEzODU4Mjg2MWFkaXF6a2N4/document?format=pdf&download=0
chelsea,Chelsea,2014/15,2015-06-30,profit_loss_before_tax_original,20000.0,20,Profit/(loss) on ordinary activities before taxation,Annual report profit/tax note. Values were disclosed in GBP thousands and converted to full GBP.,Group of companies' accounts made up to 30 June 2015,https://find-and-update.company-information.service.gov.uk/company/02536231/filing-history/MzEzODU4Mjg2MWFkaXF6a2N4/document?format=pdf&download=0
chelsea,Chelsea,2014/15,2015-06-30,net_debt_original,0.0,29,Net debt,Annual report analysis of net debt note. Values were disclosed in GBP thousands and converted to full GBP.,Group of companies' accounts made up to 30 June 2015,https://find-and-update.company-information.service.gov.uk/company/02536231/filing-history/MzEzODU4Mjg2MWFkaXF6a2N4/document?format=pdf&download=0
chelsea,Chelsea,2015/16,2016-06-30,matchday_revenue_original,69675000.0,23,Matchday,Official Chelsea turnover analysis note.,Group of companies' accounts made up to 30 June 2016,https://find-and-update.company-information.service.gov.uk/company/02536231/filing-history/MzE2NjMwNjg5MWFkaXF6a2N4/document?format=pdf&download=0
chelsea,Chelsea,2015/16,2016-06-30,broadcast_revenue_original,142933000.0,23,Broadcasting,Official Chelsea turnover analysis note.,Group of companies' accounts made up to 30 June 2016,https://find-and-update.company-information.service.gov.uk/company/02536231/filing-history/MzE2NjMwNjg5MWFkaXF6a2N4/document?format=pdf&download=0
chelsea,Chelsea,2015/16,2016-06-30,commercial_revenue_original,116514000.0,23,Commercial,Official Chelsea turnover analysis note.,Group of companies' accounts made up to 30 June 2016,https://find-and-update.company-information.service.gov.uk/company/02536231/filing-history/MzE2NjMwNjg5MWFkaXF6a2N4/document?format=pdf&download=0
chelsea,Chelsea,2015/16,2016-06-30,excluded_player_trading_revenue_original,49000000.0,24,Profit on disposal of player registrations,Official Chelsea profit/loss note. Excluded from football revenue total.,Group of companies' accounts made up to 30 June 2016,https://find-and-update.company-information.service.gov.uk/company/02536231/filing-history/MzE2NjMwNjg5MWFkaXF6a2N4/document?format=pdf&download=0
chelsea,Chelsea,2015/16,2016-06-30,staff_costs_original,222406000.0,25,Wages and salaries / employee costs,Official Chelsea staff numbers and costs note.,Group of companies' accounts made up to 30 June 2016,https://find-and-update.company-information.service.gov.uk/company/02536231/filing-history/MzE2NjMwNjg5MWFkaXF6a2N4/document?format=pdf&download=0
chelsea,Chelsea,2015/16,2016-06-30,player_amortisation_original,71909000.0,24,Amortisation of intangible assets / player registrations,Official Chelsea profit/loss note.,Group of companies' accounts made up to 30 June 2016,https://find-and-update.company-information.service.gov.uk/company/02536231/filing-history/MzE2NjMwNjg5MWFkaXF6a2N4/document?format=pdf&download=0
chelsea,Chelsea,2015/16,2016-06-30,profit_on_player_sales_original,49000000.0,24,Profit on disposal of player registrations,Official Chelsea profit/loss note.,Group of companies' accounts made up to 30 June 2016,https://find-and-update.company-information.service.gov.uk/company/02536231/filing-history/MzE2NjMwNjg5MWFkaXF6a2N4/document?format=pdf&download=0
chelsea,Chelsea,2016/17,2017-06-30,matchday_revenue_original,65519000.0,22,Matchday,Official Chelsea turnover analysis note.,Group of companies' accounts made up to 30 June 2017,https://find-and-update.company-information.service.gov.uk/company/02536231/filing-history/MzE5NDY3NTc5NGFkaXF6a2N4/document?format=pdf&download=0
chelsea,Chelsea,2016/17,2017-06-30,broadcast_revenue_original,162446000.0,22,Broadcasting,Official Chelsea turnover analysis note.,Group of companies' accounts made up to 30 June 2017,https://find-and-update.company-information.service.gov.uk/company/02536231/filing-history/MzE5NDY3NTc5NGFkaXF6a2N4/document?format=pdf&download=0
chelsea,Chelsea,2016/17,2017-06-30,commercial_revenue_original,133343000.0,22,Commercial,Official Chelsea turnover analysis note.,Group of companies' accounts made up to 30 June 2017,https://find-and-update.company-information.service.gov.uk/company/02536231/filing-history/MzE5NDY3NTc5NGFkaXF6a2N4/document?format=pdf&download=0
chelsea,Chelsea,2016/17,2017-06-30,excluded_player_trading_revenue_original,69226000.0,23,Profit on disposal of player registrations,Official Chelsea profit/loss note. Excluded from football revenue total.,Group of companies' accounts made up to 30 June 2017,https://find-and-update.company-information.service.gov.uk/company/02536231/filing-history/MzE5NDY3NTc5NGFkaXF6a2N4/document?format=pdf&download=0
chelsea,Chelsea,2016/17,2017-06-30,staff_costs_original,219659000.0,24,Wages and salaries / employee costs,Official Chelsea staff numbers and costs note.,Group of companies' accounts made up to 30 June 2017,https://find-and-update.company-information.service.gov.uk/company/02536231/filing-history/MzE5NDY3NTc5NGFkaXF6a2N4/document?format=pdf&download=0
chelsea,Chelsea,2016/17,2017-06-30,player_amortisation_original,89642000.0,23,Amortisation of intangible assets / player registrations,Official Chelsea profit/loss note.,Group of companies' accounts made up to 30 June 2017,https://find-and-update.company-information.service.gov.uk/company/02536231/filing-history/MzE5NDY3NTc5NGFkaXF6a2N4/document?format=pdf&download=0
chelsea,Chelsea,2016/17,2017-06-30,profit_on_player_sales_original,69226000.0,23,Profit on disposal of player registrations,Official Chelsea profit/loss note.,Group of companies' accounts made up to 30 June 2017,https://find-and-update.company-information.service.gov.uk/company/02536231/filing-history/MzE5NDY3NTc5NGFkaXF6a2N4/document?format=pdf&download=0
chelsea,Chelsea,2017/18,2018-06-30,matchday_revenue_original,73938000.0,22,Matchday,Official Chelsea turnover analysis note.,Group of companies' accounts made up to 30 June 2018,https://find-and-update.company-information.service.gov.uk/company/02536231/filing-history/MzIyMzk3MDA5OGFkaXF6a2N4/document?format=pdf&download=0
chelsea,Chelsea,2017/18,2018-06-30,broadcast_revenue_original,204141000.0,22,Broadcasting,Official Chelsea turnover analysis note.,Group of companies' accounts made up to 30 June 2018,https://find-and-update.company-information.service.gov.uk/company/02536231/filing-history/MzIyMzk3MDA5OGFkaXF6a2N4/document?format=pdf&download=0
chelsea,Chelsea,2017/18,2018-06-30,commercial_revenue_original,165370000.0,22,Commercial,Official Chelsea turnover analysis note.,Group of companies' accounts made up to 30 June 2018,https://find-and-update.company-information.service.gov.uk/company/02536231/filing-history/MzIyMzk3MDA5OGFkaXF6a2N4/document?format=pdf&download=0
chelsea,Chelsea,2017/18,2018-06-30,excluded_player_trading_revenue_original,112995000.0,23,Profit on disposal of player registrations,Official Chelsea profit/loss note. Excluded from football revenue total.,Group of companies' accounts made up to 30 June 2018,https://find-and-update.company-information.service.gov.uk/company/02536231/filing-history/MzIyMzk3MDA5OGFkaXF6a2N4/document?format=pdf&download=0
chelsea,Chelsea,2017/18,2018-06-30,staff_costs_original,244084000.0,24,Wages and salaries / employee costs,Official Chelsea staff numbers and costs note.,Group of companies' accounts made up to 30 June 2018,https://find-and-update.company-information.service.gov.uk/company/02536231/filing-history/MzIyMzk3MDA5OGFkaXF6a2N4/document?format=pdf&download=0
chelsea,Chelsea,2017/18,2018-06-30,player_amortisation_original,125554000.0,23,Amortisation of intangible assets / player registrations,Official Chelsea profit/loss note.,Group of companies' accounts made up to 30 June 2018,https://find-and-update.company-information.service.gov.uk/company/02536231/filing-history/MzIyMzk3MDA5OGFkaXF6a2N4/document?format=pdf&download=0
chelsea,Chelsea,2017/18,2018-06-30,profit_on_player_sales_original,112995000.0,23,Profit on disposal of player registrations,Official Chelsea profit/loss note.,Group of companies' accounts made up to 30 June 2018,https://find-and-update.company-information.service.gov.uk/company/02536231/filing-history/MzIyMzk3MDA5OGFkaXF6a2N4/document?format=pdf&download=0
chelsea,Chelsea,2018/19,2019-06-30,matchday_revenue_original,66623000.0,22,Matchday,Official Chelsea turnover analysis note.,Group of companies' accounts made up to 30 June 2019,https://find-and-update.company-information.service.gov.uk/company/02536231/filing-history/MzI1MzY5NTU2NWFkaXF6a2N4/document?format=pdf&download=0
chelsea,Chelsea,2018/19,2019-06-30,broadcast_revenue_original,200188000.0,22,Broadcasting,Official Chelsea turnover analysis note.,Group of companies' accounts made up to 30 June 2019,https://find-and-update.company-information.service.gov.uk/company/02536231/filing-history/MzI1MzY5NTU2NWFkaXF6a2N4/document?format=pdf&download=0
chelsea,Chelsea,2018/19,2019-06-30,commercial_revenue_original,179930000.0,22,Commercial,Official Chelsea turnover analysis note.,Group of companies' accounts made up to 30 June 2019,https://find-and-update.company-information.service.gov.uk/company/02536231/filing-history/MzI1MzY5NTU2NWFkaXF6a2N4/document?format=pdf&download=0
chelsea,Chelsea,2018/19,2019-06-30,excluded_player_trading_revenue_original,60459000.0,23,Profit on disposal of player registrations,Official Chelsea profit/loss note. Excluded from football revenue total.,Group of companies' accounts made up to 30 June 2019,https://find-and-update.company-information.service.gov.uk/company/02536231/filing-history/MzI1MzY5NTU2NWFkaXF6a2N4/document?format=pdf&download=0
chelsea,Chelsea,2018/19,2019-06-30,staff_costs_original,285550000.0,24,Wages and salaries / employee costs,Official Chelsea staff numbers and costs note.,Group of companies' accounts made up to 30 June 2019,https://find-and-update.company-information.service.gov.uk/company/02536231/filing-history/MzI1MzY5NTU2NWFkaXF6a2N4/document?format=pdf&download=0
chelsea,Chelsea,2018/19,2019-06-30,player_amortisation_original,170010000.0,23,Amortisation of intangible assets / player registrations,Official Chelsea profit/loss note.,Group of companies' accounts made up to 30 June 2019,https://find-and-update.company-information.service.gov.uk/company/02536231/filing-history/MzI1MzY5NTU2NWFkaXF6a2N4/document?format=pdf&download=0
chelsea,Chelsea,2018/19,2019-06-30,profit_on_player_sales_original,60459000.0,23,Profit on disposal of player registrations,Official Chelsea profit/loss note.,Group of companies' accounts made up to 30 June 2019,https://find-and-update.company-information.service.gov.uk/company/02536231/filing-history/MzI1MzY5NTU2NWFkaXF6a2N4/document?format=pdf&download=0
chelsea,Chelsea,2019/20,2020-06-30,matchday_revenue_original,54469000.0,25,Matchday,Official Chelsea turnover analysis note.,Group of companies' accounts made up to 30 June 2020,https://find-and-update.company-information.service.gov.uk/company/02536231/filing-history/MzI5MTA2NDMxM2FkaXF6a2N4/document?format=pdf&download=0
chelsea,Chelsea,2019/20,2020-06-30,broadcast_revenue_original,182546000.0,25,Broadcasting,Official Chelsea turnover analysis note.,Group of companies' accounts made up to 30 June 2020,https://find-and-update.company-information.service.gov.uk/company/02536231/filing-history/MzI5MTA2NDMxM2FkaXF6a2N4/document?format=pdf&download=0
chelsea,Chelsea,2019/20,2020-06-30,commercial_revenue_original,170387000.0,25,Commercial,Official Chelsea turnover analysis note.,Group of companies' accounts made up to 30 June 2020,https://find-and-update.company-information.service.gov.uk/company/02536231/filing-history/MzI5MTA2NDMxM2FkaXF6a2N4/document?format=pdf&download=0
chelsea,Chelsea,2019/20,2020-06-30,excluded_player_trading_revenue_original,142645000.0,26,Profit on disposal of player registrations,Official Chelsea profit/loss note. Excluded from football revenue total.,Group of companies' accounts made up to 30 June 2020,https://find-and-update.company-information.service.gov.uk/company/02536231/filing-history/MzI5MTA2NDMxM2FkaXF6a2N4/document?format=pdf&download=0
chelsea,Chelsea,2019/20,2020-06-30,staff_costs_original,283480000.0,27,Wages and salaries / employee costs,Official Chelsea staff numbers and costs note.,Group of companies' accounts made up to 30 June 2020,https://find-and-update.company-information.service.gov.uk/company/02536231/filing-history/MzI5MTA2NDMxM2FkaXF6a2N4/document?format=pdf&download=0
chelsea,Chelsea,2019/20,2020-06-30,player_amortisation_original,129141000.0,26,Amortisation of intangible assets / player registrations,Official Chelsea profit/loss note.,Group of companies' accounts made up to 30 June 2020,https://find-and-update.company-information.service.gov.uk/company/02536231/filing-history/MzI5MTA2NDMxM2FkaXF6a2N4/document?format=pdf&download=0
chelsea,Chelsea,2019/20,2020-06-30,profit_on_player_sales_original,142645000.0,26,Profit on disposal of player registrations,Official Chelsea profit/loss note.,Group of companies' accounts made up to 30 June 2020,https://find-and-update.company-information.service.gov.uk/company/02536231/filing-history/MzI5MTA2NDMxM2FkaXF6a2N4/document?format=pdf&download=0
chelsea,Chelsea,2020/21,2021-06-30,matchday_revenue_original,7654000.0,28,Matchday,Official Chelsea turnover analysis note.,Group of companies' accounts made up to 30 June 2021,https://find-and-update.company-information.service.gov.uk/company/02536231/filing-history/MzMyNDMxMTA2NmFkaXF6a2N4/document?format=pdf&download=0
chelsea,Chelsea,2020/21,2021-06-30,broadcast_revenue_original,273606000.0,28,Broadcasting,Official Chelsea turnover analysis note.,Group of companies' accounts made up to 30 June 2021,https://find-and-update.company-information.service.gov.uk/company/02536231/filing-history/MzMyNDMxMTA2NmFkaXF6a2N4/document?format=pdf&download=0
chelsea,Chelsea,2020/21,2021-06-30,commercial_revenue_original,153603000.0,28,Commercial,Official Chelsea turnover analysis note.,Group of companies' accounts made up to 30 June 2021,https://find-and-update.company-information.service.gov.uk/company/02536231/filing-history/MzMyNDMxMTA2NmFkaXF6a2N4/document?format=pdf&download=0
chelsea,Chelsea,2020/21,2021-06-30,excluded_player_trading_revenue_original,27940000.0,29,Profit on disposal of player registrations,Official Chelsea profit/loss note. Excluded from football revenue total.,Group of companies' accounts made up to 30 June 2021,https://find-and-update.company-information.service.gov.uk/company/02536231/filing-history/MzMyNDMxMTA2NmFkaXF6a2N4/document?format=pdf&download=0
chelsea,Chelsea,2020/21,2021-06-30,staff_costs_original,332905000.0,30,Wages and salaries / employee costs,Official Chelsea staff numbers and costs note.,Group of companies' accounts made up to 30 June 2021,https://find-and-update.company-information.service.gov.uk/company/02536231/filing-history/MzMyNDMxMTA2NmFkaXF6a2N4/document?format=pdf&download=0
chelsea,Chelsea,2020/21,2021-06-30,player_amortisation_original,163864000.0,29,Amortisation of intangible assets / player registrations,Official Chelsea profit/loss note.,Group of companies' accounts made up to 30 June 2021,https://find-and-update.company-information.service.gov.uk/company/02536231/filing-history/MzMyNDMxMTA2NmFkaXF6a2N4/document?format=pdf&download=0
chelsea,Chelsea,2020/21,2021-06-30,profit_on_player_sales_original,27940000.0,29,Profit on disposal of player registrations,Official Chelsea profit/loss note.,Group of companies' accounts made up to 30 June 2021,https://find-and-update.company-information.service.gov.uk/company/02536231/filing-history/MzMyNDMxMTA2NmFkaXF6a2N4/document?format=pdf&download=0
chelsea,Chelsea,2021/22,2022-06-30,matchday_revenue_original,69163000.0,29,Matchday,Official Chelsea turnover analysis note.,Group of companies' accounts made up to 30 June 2022,https://find-and-update.company-information.service.gov.uk/company/02536231/filing-history/MzM3NDg3MzQ5MGFkaXF6a2N4/document?download=0&format=pdf
chelsea,Chelsea,2021/22,2022-06-30,broadcast_revenue_original,235016000.0,29,Broadcasting,Official Chelsea turnover analysis note.,Group of companies' accounts made up to 30 June 2022,https://find-and-update.company-information.service.gov.uk/company/02536231/filing-history/MzM3NDg3MzQ5MGFkaXF6a2N4/document?download=0&format=pdf
chelsea,Chelsea,2021/22,2022-06-30,commercial_revenue_original,177099000.0,29,Commercial,Official Chelsea turnover analysis note.,Group of companies' accounts made up to 30 June 2022,https://find-and-update.company-information.service.gov.uk/company/02536231/filing-history/MzM3NDg3MzQ5MGFkaXF6a2N4/document?download=0&format=pdf
chelsea,Chelsea,2021/22,2022-06-30,excluded_player_trading_revenue_original,123213000.0,30,Profit on disposal of player registrations,Official Chelsea profit/loss note. Excluded from football revenue total.,Group of companies' accounts made up to 30 June 2022,https://find-and-update.company-information.service.gov.uk/company/02536231/filing-history/MzM3NDg3MzQ5MGFkaXF6a2N4/document?download=0&format=pdf
chelsea,Chelsea,2021/22,2022-06-30,staff_costs_original,340249000.0,31,Wages and salaries / employee costs,Official Chelsea staff numbers and costs note.,Group of companies' accounts made up to 30 June 2022,https://find-and-update.company-information.service.gov.uk/company/02536231/filing-history/MzM3NDg3MzQ5MGFkaXF6a2N4/document?download=0&format=pdf
chelsea,Chelsea,2021/22,2022-06-30,player_amortisation_original,162457000.0,30,Amortisation of intangible assets / player registrations,Official Chelsea profit/loss note.,Group of companies' accounts made up to 30 June 2022,https://find-and-update.company-information.service.gov.uk/company/02536231/filing-history/MzM3NDg3MzQ5MGFkaXF6a2N4/document?download=0&format=pdf
chelsea,Chelsea,2021/22,2022-06-30,profit_on_player_sales_original,123213000.0,30,Profit on disposal of player registrations,Official Chelsea profit/loss note.,Group of companies' accounts made up to 30 June 2022,https://find-and-update.company-information.service.gov.uk/company/02536231/filing-history/MzM3NDg3MzQ5MGFkaXF6a2N4/document?download=0&format=pdf
chelsea,Chelsea,2022/23,2023-06-30,matchday_revenue_original,76481000.0,33,Matchday,Official Chelsea turnover analysis note.,Group of companies' accounts made up to 30 June 2023,https://find-and-update.company-information.service.gov.uk/company/02536231/filing-history/MzQxNzE0MTU2NWFkaXF6a2N4/document?download=0&format=pdf
chelsea,Chelsea,2022/23,2023-06-30,broadcast_revenue_original,225902000.0,33,Broadcasting,Official Chelsea turnover analysis note.,Group of companies' accounts made up to 30 June 2023,https://find-and-update.company-information.service.gov.uk/company/02536231/filing-history/MzQxNzE0MTU2NWFkaXF6a2N4/document?download=0&format=pdf
chelsea,Chelsea,2022/23,2023-06-30,commercial_revenue_original,210084000.0,33,Commercial,Official Chelsea turnover analysis note.,Group of companies' accounts made up to 30 June 2023,https://find-and-update.company-information.service.gov.uk/company/02536231/filing-history/MzQxNzE0MTU2NWFkaXF6a2N4/document?download=0&format=pdf
chelsea,Chelsea,2022/23,2023-06-30,excluded_player_trading_revenue_original,62861000.0,34,Profit on disposal of player registrations,Official Chelsea profit/loss note. Excluded from football revenue total.,Group of companies' accounts made up to 30 June 2023,https://find-and-update.company-information.service.gov.uk/company/02536231/filing-history/MzQxNzE0MTU2NWFkaXF6a2N4/document?download=0&format=pdf
chelsea,Chelsea,2022/23,2023-06-30,staff_costs_original,403962000.0,35,Wages and salaries / employee costs,Official Chelsea staff numbers and costs note.,Group of companies' accounts made up to 30 June 2023,https://find-and-update.company-information.service.gov.uk/company/02536231/filing-history/MzQxNzE0MTU2NWFkaXF6a2N4/document?download=0&format=pdf
chelsea,Chelsea,2022/23,2023-06-30,player_amortisation_original,205000000.0,34,Amortisation of intangible assets / player registrations,Official Chelsea profit/loss note.,Group of companies' accounts made up to 30 June 2023,https://find-and-update.company-information.service.gov.uk/company/02536231/filing-history/MzQxNzE0MTU2NWFkaXF6a2N4/document?download=0&format=pdf
chelsea,Chelsea,2022/23,2023-06-30,profit_on_player_sales_original,62861000.0,34,Profit on disposal of player registrations,Official Chelsea profit/loss note.,Group of companies' accounts made up to 30 June 2023,https://find-and-update.company-information.service.gov.uk/company/02536231/filing-history/MzQxNzE0MTU2NWFkaXF6a2N4/document?download=0&format=pdf
chelsea,Chelsea,2023/24,2024-06-30,matchday_revenue_original,80120000.0,33,Matchday,Official Chelsea turnover analysis note.,Group of companies' accounts made up to 30 June 2024,https://find-and-update.company-information.service.gov.uk/company/02536231/filing-history/MzQ2MTE3NTE4OWFkaXF6a2N4/document?download=0&format=pdf
chelsea,Chelsea,2023/24,2024-06-30,broadcast_revenue_original,163101000.0,33,Broadcasting,Official Chelsea turnover analysis note.,Group of companies' accounts made up to 30 June 2024,https://find-and-update.company-information.service.gov.uk/company/02536231/filing-history/MzQ2MTE3NTE4OWFkaXF6a2N4/document?download=0&format=pdf
chelsea,Chelsea,2023/24,2024-06-30,commercial_revenue_original,225265000.0,33,Commercial,Official Chelsea turnover analysis note.,Group of companies' accounts made up to 30 June 2024,https://find-and-update.company-information.service.gov.uk/company/02536231/filing-history/MzQ2MTE3NTE4OWFkaXF6a2N4/document?download=0&format=pdf
chelsea,Chelsea,2023/24,2024-06-30,excluded_player_trading_revenue_original,152463000.0,34,Profit on disposal of player registrations,Official Chelsea profit/loss note. Excluded from football revenue total.,Group of companies' accounts made up to 30 June 2024,https://find-and-update.company-information.service.gov.uk/company/02536231/filing-history/MzQ2MTE3NTE4OWFkaXF6a2N4/document?download=0&format=pdf
chelsea,Chelsea,2023/24,2024-06-30,staff_costs_original,338021000.0,35,Wages and salaries / employee costs,Official Chelsea staff numbers and costs note.,Group of companies' accounts made up to 30 June 2024,https://find-and-update.company-information.service.gov.uk/company/02536231/filing-history/MzQ2MTE3NTE4OWFkaXF6a2N4/document?download=0&format=pdf
chelsea,Chelsea,2023/24,2024-06-30,player_amortisation_original,191826000.0,34,Amortisation of intangible assets / player registrations,Official Chelsea profit/loss note.,Group of companies' accounts made up to 30 June 2024,https://find-and-update.company-information.service.gov.uk/company/02536231/filing-history/MzQ2MTE3NTE4OWFkaXF6a2N4/document?download=0&format=pdf
chelsea,Chelsea,2023/24,2024-06-30,profit_on_player_sales_original,152463000.0,34,Profit on disposal of player registrations,Official Chelsea profit/loss note.,Group of companies' accounts made up to 30 June 2024,https://find-and-update.company-information.service.gov.uk/company/02536231/filing-history/MzQ2MTE3NTE4OWFkaXF6a2N4/document?download=0&format=pdf
chelsea,Chelsea,2024/25,2025-06-30,matchday_revenue_original,86762000.0,29,Matchday,Official Chelsea turnover analysis note.,Group of companies' accounts made up to 30 June 2025,https://find-and-update.company-information.service.gov.uk/company/02536231/filing-history/MzUxNDEyMjMwN2FkaXF6a2N4/document?download=0&format=pdf
chelsea,Chelsea,2024/25,2025-06-30,broadcast_revenue_original,203230000.0,29,Broadcasting,Official Chelsea turnover analysis note.,Group of companies' accounts made up to 30 June 2025,https://find-and-update.company-information.service.gov.uk/company/02536231/filing-history/MzUxNDEyMjMwN2FkaXF6a2N4/document?download=0&format=pdf
chelsea,Chelsea,2024/25,2025-06-30,commercial_revenue_original,200865000.0,29,Commercial,Official Chelsea turnover analysis note.,Group of companies' accounts made up to 30 June 2025,https://find-and-update.company-information.service.gov.uk/company/02536231/filing-history/MzUxNDEyMjMwN2FkaXF6a2N4/document?download=0&format=pdf
chelsea,Chelsea,2024/25,2025-06-30,excluded_player_trading_revenue_original,57906000.0,30,Profit on disposal of player registrations,Official Chelsea profit/loss note. Excluded from football revenue total.,Group of companies' accounts made up to 30 June 2025,https://find-and-update.company-information.service.gov.uk/company/02536231/filing-history/MzUxNDEyMjMwN2FkaXF6a2N4/document?download=0&format=pdf
chelsea,Chelsea,2024/25,2025-06-30,staff_costs_original,359265000.0,31,Wages and salaries / employee costs,Official Chelsea staff numbers and costs note.,Group of companies' accounts made up to 30 June 2025,https://find-and-update.company-information.service.gov.uk/company/02536231/filing-history/MzUxNDEyMjMwN2FkaXF6a2N4/document?download=0&format=pdf
chelsea,Chelsea,2024/25,2025-06-30,player_amortisation_original,213893000.0,30,Amortisation of intangible assets / player registrations,Official Chelsea profit/loss note.,Group of companies' accounts made up to 30 June 2025,https://find-and-update.company-information.service.gov.uk/company/02536231/filing-history/MzUxNDEyMjMwN2FkaXF6a2N4/document?download=0&format=pdf
chelsea,Chelsea,2024/25,2025-06-30,profit_on_player_sales_original,57906000.0,30,Profit on disposal of player registrations,Official Chelsea profit/loss note.,Group of companies' accounts made up to 30 June 2025,https://find-and-update.company-information.service.gov.uk/company/02536231/filing-history/MzUxNDEyMjMwN2FkaXF6a2N4/document?download=0&format=pdf
liverpool,Liverpool,2011/12,2012-05-31,matchday_revenue_original,42327000.0,17,Matchday,Analysis of turnover note. Values were disclosed in GBP thousands and converted to full GBP.,Full accounts made up to 31 May 2012,https://find-and-update.company-information.service.gov.uk/company/00035668/filing-history/MzA3MzkyNTQ5NmFkaXF6a2N4/document?format=pdf&download=0
liverpool,Liverpool,2011/12,2012-05-31,broadcast_revenue_original,62774000.0,17,Media,Analysis of turnover note. Values were disclosed in GBP thousands and converted to full GBP.,Full accounts made up to 31 May 2012,https://find-and-update.company-information.service.gov.uk/company/00035668/filing-history/MzA3MzkyNTQ5NmFkaXF6a2N4/document?format=pdf&download=0
liverpool,Liverpool,2011/12,2012-05-31,commercial_revenue_original,63897000.0,17,Commercial,Analysis of turnover note. Values were disclosed in GBP thousands and converted to full GBP.,Full accounts made up to 31 May 2012,https://find-and-update.company-information.service.gov.uk/company/00035668/filing-history/MzA3MzkyNTQ5NmFkaXF6a2N4/document?format=pdf&download=0
liverpool,Liverpool,2011/12,2012-05-31,staff_costs_original,109231000.0,18,Staff costs,Administrative expenses note. Values were disclosed in GBP thousands and converted to full GBP.,Full accounts made up to 31 May 2012,https://find-and-update.company-information.service.gov.uk/company/00035668/filing-history/MzA3MzkyNTQ5NmFkaXF6a2N4/document?format=pdf&download=0
liverpool,Liverpool,2011/12,2012-05-31,player_amortisation_original,33759000.0,18,Amortisation of players' registrations,Administrative expenses note. Values were disclosed in GBP thousands and converted to full GBP.,Full accounts made up to 31 May 2012,https://find-and-update.company-information.service.gov.uk/company/00035668/filing-history/MzA3MzkyNTQ5NmFkaXF6a2N4/document?format=pdf&download=0
liverpool,Liverpool,2011/12,2012-05-31,profit_loss_before_tax_original,-40522000.0,21,Loss on ordinary activities before taxation,Taxation note. Values were disclosed in GBP thousands and converted to full GBP.,Full accounts made up to 31 May 2012,https://find-and-update.company-information.service.gov.uk/company/00035668/filing-history/MzA3MzkyNTQ5NmFkaXF6a2N4/document?format=pdf&download=0
liverpool,Liverpool,2011/12,2012-05-31,net_debt_original,87170000.0,30,Net debt at 31 May 2012,Analysis of changes in net debt note. Values were disclosed in GBP thousands and converted to full GBP.,Full accounts made up to 31 May 2012,https://find-and-update.company-information.service.gov.uk/company/00035668/filing-history/MzA3MzkyNTQ5NmFkaXF6a2N4/document?format=pdf&download=0
liverpool,Liverpool,2012/13,2013-05-31,matchday_revenue_original,39611000.0,17,Matchday,Analysis of turnover note. Values were disclosed in GBP thousands and converted to full GBP.,Full accounts made up to 31 May 2013,https://find-and-update.company-information.service.gov.uk/company/00035668/filing-history
liverpool,Liverpool,2012/13,2013-05-31,broadcast_revenue_original,68797000.0,17,Media,Analysis of turnover note. Values were disclosed in GBP thousands and converted to full GBP.,Full accounts made up to 31 May 2013,https://find-and-update.company-information.service.gov.uk/company/00035668/filing-history
liverpool,Liverpool,2012/13,2013-05-31,commercial_revenue_original,97707000.0,17,Commercial,Analysis of turnover note. Values were disclosed in GBP thousands and converted to full GBP.,Full accounts made up to 31 May 2013,https://find-and-update.company-information.service.gov.uk/company/00035668/filing-history
liverpool,Liverpool,2012/13,2013-05-31,staff_costs_original,130843000.0,18,Staff costs,Administrative expenses note. Values were disclosed in GBP thousands and converted to full GBP.,Full accounts made up to 31 May 2013,https://find-and-update.company-information.service.gov.uk/company/00035668/filing-history
liverpool,Liverpool,2012/13,2013-05-31,player_amortisation_original,37300000.0,18,Amortisation of players' registrations,Administrative expenses note. Values were disclosed in GBP thousands and converted to full GBP.,Full accounts made up to 31 May 2013,https://find-and-update.company-information.service.gov.uk/company/00035668/filing-history
liverpool,Liverpool,2012/13,2013-05-31,profit_loss_before_tax_original,-49850000.0,11,Loss on ordinary activities before taxation,Profit and loss account. Values were disclosed in GBP thousands and converted to full GBP.,Full accounts made up to 31 May 2013,https://find-and-update.company-information.service.gov.uk/company/00035668/filing-history
liverpool,Liverpool,2012/13,2013-05-31,net_debt_original,73287000.0,26,Estimated net debt from bank loans plus current group loan less cash,Calculated from the balance sheet cash line plus the current-group-loan line and bank-loan line in the creditors notes. Values were disclosed in GBP thousands and converted to full GBP.,Full accounts made up to 31 May 2013,https://find-and-update.company-information.service.gov.uk/company/00035668/filing-history
liverpool,Liverpool,2013/14,2014-05-31,matchday_revenue_original,50949000.0,18,Matchday,Analysis of turnover note. Values were disclosed in GBP thousands and converted to full GBP.,Full accounts made up to 31 May 2014,https://find-and-update.company-information.service.gov.uk/company/00035668/filing-history
liverpool,Liverpool,2013/14,2014-05-31,broadcast_revenue_original,100854000.0,18,Media,Analysis of turnover note. Values were disclosed in GBP thousands and converted to full GBP.,Full accounts made up to 31 May 2014,https://find-and-update.company-information.service.gov.uk/company/00035668/filing-history
liverpool,Liverpool,2013/14,2014-05-31,commercial_revenue_original,103844000.0,18,Commercial,Analysis of turnover note. Values were disclosed in GBP thousands and converted to full GBP.,Full accounts made up to 31 May 2014,https://find-and-update.company-information.service.gov.uk/company/00035668/filing-history
liverpool,Liverpool,2013/14,2014-05-31,staff_costs_original,143749000.0,19,Staff costs,Administrative expenses note. Values were disclosed in GBP thousands and converted to full GBP.,Full accounts made up to 31 May 2014,https://find-and-update.company-information.service.gov.uk/company/00035668/filing-history
liverpool,Liverpool,2013/14,2014-05-31,player_amortisation_original,41093000.0,19,Amortisation of players' registrations,Administrative expenses note. Values were disclosed in GBP thousands and converted to full GBP.,Full accounts made up to 31 May 2014,https://find-and-update.company-information.service.gov.uk/company/00035668/filing-history
liverpool,Liverpool,2013/14,2014-05-31,profit_loss_before_tax_original,413000.0,12,Profit on ordinary activities before taxation,Profit and loss account. Values were disclosed in GBP thousands and converted to full GBP.,Full accounts made up to 31 May 2014,https://find-and-update.company-information.service.gov.uk/company/00035668/filing-history
liverpool,Liverpool,2013/14,2014-05-31,net_debt_original,126315000.0,27,Estimated net debt from bank loans plus current parent undertaking loan less cash,Calculated from the balance sheet cash line plus the current parent undertaking loan line and bank loan line in the creditors notes. Values were disclosed in GBP thousands and converted to full GBP.,Full accounts made up to 31 May 2014,https://find-and-update.company-information.service.gov.uk/company/00035668/filing-history
liverpool,Liverpool,2014/15,2015-05-31,matchday_revenue_original,58956000.0,18,Matchday,Analysis of turnover note. Values were disclosed in GBP thousands and converted to full GBP.,Full accounts made up to 31 May 2015,https://find-and-update.company-information.service.gov.uk/company/00035668/filing-history
liverpool,Liverpool,2014/15,2015-05-31,broadcast_revenue_original,122641000.0,18,Media,Analysis of turnover note. Values were disclosed in GBP thousands and converted to full GBP.,Full accounts made up to 31 May 2015,https://find-and-update.company-information.service.gov.uk/company/00035668/filing-history
liverpool,Liverpool,2014/15,2015-05-31,commercial_revenue_original,116350000.0,18,Commercial,Analysis of turnover note. Values were disclosed in GBP thousands and converted to full GBP.,Full accounts made up to 31 May 2015,https://find-and-update.company-information.service.gov.uk/company/00035668/filing-history
liverpool,Liverpool,2014/15,2015-05-31,staff_costs_original,166085000.0,19,Staff costs,Administrative expenses note. Values were disclosed in GBP thousands and converted to full GBP.,Full accounts made up to 31 May 2015,https://find-and-update.company-information.service.gov.uk/company/00035668/filing-history
liverpool,Liverpool,2014/15,2015-05-31,player_amortisation_original,60980000.0,19,Amortisation of players' registrations,Administrative expenses note. Values were disclosed in GBP thousands and converted to full GBP.,Full accounts made up to 31 May 2015,https://find-and-update.company-information.service.gov.uk/company/00035668/filing-history
liverpool,Liverpool,2014/15,2015-05-31,profit_on_player_sales_original,56219000.0,12,Profit on disposal of players' registrations,Profit and loss account. Values were disclosed in GBP thousands and converted to full GBP.,Full accounts made up to 31 May 2015,https://find-and-update.company-information.service.gov.uk/company/00035668/filing-history
liverpool,Liverpool,2014/15,2015-05-31,profit_loss_before_tax_original,59508000.0,12,Profit on ordinary activities before taxation,Profit and loss account. Values were disclosed in GBP thousands and converted to full GBP.,Full accounts made up to 31 May 2015,https://find-and-update.company-information.service.gov.uk/company/00035668/filing-history
liverpool,Liverpool,2014/15,2015-05-31,net_debt_original,110214000.0,27,Estimated net debt from current bank loan plus parent undertaking loan less cash,Calculated from the balance sheet cash line plus the current bank-loan and parent-undertaking-loan lines in the creditors note. Values were disclosed in GBP thousands and converted to full GBP.,Full accounts made up to 31 May 2015,https://find-and-update.company-information.service.gov.uk/company/00035668/filing-history
liverpool,Liverpool,2015/16,2016-05-31,matchday_revenue_original,62449000.0,21,Match day,Turnover note. Values were disclosed in GBP thousands and converted to full GBP.,Full accounts made up to 31 May 2016,https://find-and-update.company-information.service.gov.uk/company/00035668/filing-history
liverpool,Liverpool,2015/16,2016-05-31,broadcast_revenue_original,123636000.0,21,Media,Turnover note. Values were disclosed in GBP thousands and converted to full GBP.,Full accounts made up to 31 May 2016,https://find-and-update.company-information.service.gov.uk/company/00035668/filing-history
liverpool,Liverpool,2015/16,2016-05-31,commercial_revenue_original,115680000.0,21,Commercial,Turnover note. Values were disclosed in GBP thousands and converted to full GBP.,Full accounts made up to 31 May 2016,https://find-and-update.company-information.service.gov.uk/company/00035668/filing-history
liverpool,Liverpool,2015/16,2016-05-31,staff_costs_original,208258000.0,22,"Wages and salaries, social security costs, pension costs",Staff numbers and costs note. Values were disclosed in GBP thousands and converted to full GBP.,Full accounts made up to 31 May 2016,https://find-and-update.company-information.service.gov.uk/company/00035668/filing-history
liverpool,Liverpool,2015/16,2016-05-31,player_amortisation_original,59218000.0,21,Amortisation of players' registrations,Administrative expenses note. Values were disclosed in GBP thousands and converted to full GBP.,Full accounts made up to 31 May 2016,https://find-and-update.company-information.service.gov.uk/company/00035668/filing-history
liverpool,Liverpool,2015/16,2016-05-31,profit_on_player_sales_original,56219000.0,12,Profit / (Loss) on disposal of players' registrations,Profit and loss account. Values were disclosed in GBP thousands and converted to full GBP.,Full accounts made up to 31 May 2016,https://find-and-update.company-information.service.gov.uk/company/00035668/filing-history
liverpool,Liverpool,2015/16,2016-05-31,profit_loss_before_tax_original,59974000.0,12,Profit on ordinary activities before taxation,Profit and loss account. Values were disclosed in GBP thousands and converted to full GBP.,Full accounts made up to 31 May 2016,https://find-and-update.company-information.service.gov.uk/company/00035668/filing-history
liverpool,Liverpool,2015/16,2016-05-31,net_debt_original,155043000.0,31,Estimated net debt from interest-bearing loans and borrowings less cash,Calculated from the interest-bearing loans and borrowings note and the balance sheet cash line. Values were disclosed in GBP thousands and converted to full GBP.,Full accounts made up to 31 May 2016,https://find-and-update.company-information.service.gov.uk/company/00035668/filing-history
liverpool,Liverpool,2016/17,2017-05-31,matchday_revenue_original,73524000.0,21,Match day,Turnover note. Values were disclosed in GBP thousands and converted to full GBP.,Full accounts made up to 31 May 2017,https://find-and-update.company-information.service.gov.uk/company/00035668/filing-history
liverpool,Liverpool,2016/17,2017-05-31,broadcast_revenue_original,154281000.0,21,Media,Turnover note. Values were disclosed in GBP thousands and converted to full GBP.,Full accounts made up to 31 May 2017,https://find-and-update.company-information.service.gov.uk/company/00035668/filing-history
liverpool,Liverpool,2016/17,2017-05-31,commercial_revenue_original,136441000.0,21,Commercial,Turnover note. Values were disclosed in GBP thousands and converted to full GBP.,Full accounts made up to 31 May 2017,https://find-and-update.company-information.service.gov.uk/company/00035668/filing-history
liverpool,Liverpool,2016/17,2017-05-31,staff_costs_original,207526000.0,22,"Wages and salaries, social security costs, pension costs",Staff numbers and costs note. Values were disclosed in GBP thousands and converted to full GBP.,Full accounts made up to 31 May 2017,https://find-and-update.company-information.service.gov.uk/company/00035668/filing-history
liverpool,Liverpool,2016/17,2017-05-31,player_amortisation_original,58352000.0,21,Amortisation of players' registrations,Administrative expenses note. Values were disclosed in GBP thousands and converted to full GBP.,Full accounts made up to 31 May 2017,https://find-and-update.company-information.service.gov.uk/company/00035668/filing-history
liverpool,Liverpool,2016/17,2017-05-31,profit_on_player_sales_original,38263000.0,11,Profit on disposal of players' registrations,Profit and loss account and other comprehensive income. Values were disclosed in GBP thousands and converted to full GBP.,Full accounts made up to 31 May 2017,https://find-and-update.company-information.service.gov.uk/company/00035668/filing-history
liverpool,Liverpool,2016/17,2017-05-31,profit_loss_before_tax_original,39797000.0,11,Profit/(loss) on ordinary activities before taxation,Profit and loss account and other comprehensive income. Values were disclosed in GBP thousands and converted to full GBP.,Full accounts made up to 31 May 2017,https://find-and-update.company-information.service.gov.uk/company/00035668/filing-history
liverpool,Liverpool,2016/17,2017-05-31,net_debt_original,177606000.0,28,Estimated net debt from interest-bearing loans and borrowings less cash,Calculated from the interest-bearing loans and borrowings note and the balance sheet cash line. Values were disclosed in GBP thousands and converted to full GBP.,Full accounts made up to 31 May 2017,https://find-and-update.company-information.service.gov.uk/company/00035668/filing-history
liverpool,Liverpool,2017/18,2018-05-31,matchday_revenue_original,80743000.0,22,Match day,Turnover note by activity. Values were disclosed in GBP thousands and converted to full GBP.,Group of companies accounts made up to 31 May 2018,https://find-and-update.company-information.service.gov.uk/company/00035668/filing-history
liverpool,Liverpool,2017/18,2018-05-31,broadcast_revenue_original,220058000.0,22,Media,Turnover note by activity. Values were disclosed in GBP thousands and converted to full GBP.,Group of companies accounts made up to 31 May 2018,https://find-and-update.company-information.service.gov.uk/company/00035668/filing-history
liverpool,Liverpool,2017/18,2018-05-31,commercial_revenue_original,154288000.0,22,Commercial,Turnover note by activity. Values were disclosed in GBP thousands and converted to full GBP.,Group of companies accounts made up to 31 May 2018,https://find-and-update.company-information.service.gov.uk/company/00035668/filing-history
liverpool,Liverpool,2017/18,2018-05-31,staff_costs_original,263615000.0,24,Wages and salaries plus social security costs plus pension costs,Staff numbers and costs note. Values were disclosed in GBP thousands and converted to full GBP.,Group of companies accounts made up to 31 May 2018,https://find-and-update.company-information.service.gov.uk/company/00035668/filing-history
liverpool,Liverpool,2017/18,2018-05-31,player_amortisation_original,77057000.0,22,Amortisation of players' registrations,Administrative expenses note. Values were disclosed in GBP thousands and converted to full GBP.,Group of companies accounts made up to 31 May 2018,https://find-and-update.company-information.service.gov.uk/company/00035668/filing-history
liverpool,Liverpool,2017/18,2018-05-31,profit_on_player_sales_original,123854000.0,11,Profit on disposal of players' registrations,Consolidated profit and loss account and other comprehensive income. Values were disclosed in GBP thousands and converted to full GBP.,Group of companies accounts made up to 31 May 2018,https://find-and-update.company-information.service.gov.uk/company/00035668/filing-history
liverpool,Liverpool,2017/18,2018-05-31,profit_loss_before_tax_original,125135000.0,11,Profit on ordinary activities before taxation,Consolidated profit and loss account and other comprehensive income. Values were disclosed in GBP thousands and converted to full GBP.,Group of companies accounts made up to 31 May 2018,https://find-and-update.company-information.service.gov.uk/company/00035668/filing-history
liverpool,Liverpool,2017/18,2018-05-31,net_debt_original,145605000.0,29,Interest-bearing loans and borrowings less cash at bank and in hand,Calculated as secured bank loans plus intercompany loan from the interest-bearing loans and borrowings note less the cash at bank and in hand line from the consolidated balance sheet. Values were disclosed in GBP thousands and converted to full GBP.,Group of companies accounts made up to 31 May 2018,https://find-and-update.company-information.service.gov.uk/company/00035668/filing-history
liverpool,Liverpool,2018/19,2019-05-31,matchday_revenue_original,84208000.0,22,Match day,Turnover note by activity. Values were disclosed in GBP thousands and converted to full GBP.,Group of companies accounts made up to 31 May 2019,https://find-and-update.company-information.service.gov.uk/company/00035668/filing-history
liverpool,Liverpool,2018/19,2019-05-31,broadcast_revenue_original,260785000.0,22,Media,Turnover note by activity. Values were disclosed in GBP thousands and converted to full GBP.,Group of companies accounts made up to 31 May 2019,https://find-and-update.company-information.service.gov.uk/company/00035668/filing-history
liverpool,Liverpool,2018/19,2019-05-31,commercial_revenue_original,188029000.0,22,Commercial,Turnover note by activity. Values were disclosed in GBP thousands and converted to full GBP.,Group of companies accounts made up to 31 May 2019,https://find-and-update.company-information.service.gov.uk/company/00035668/filing-history
liverpool,Liverpool,2018/19,2019-05-31,staff_costs_original,309917000.0,24,Wages and salaries plus social security costs plus pension costs,Staff numbers and costs note. Values were disclosed in GBP thousands and converted to full GBP.,Group of companies accounts made up to 31 May 2019,https://find-and-update.company-information.service.gov.uk/company/00035668/filing-history
liverpool,Liverpool,2018/19,2019-05-31,player_amortisation_original,111772000.0,22,Amortisation of players' registrations,Administrative expenses note. Values were disclosed in GBP thousands and converted to full GBP.,Group of companies accounts made up to 31 May 2019,https://find-and-update.company-information.service.gov.uk/company/00035668/filing-history
liverpool,Liverpool,2018/19,2019-05-31,profit_on_player_sales_original,45245000.0,11,Profit on disposal of players' registrations,Consolidated profit and loss account and other comprehensive income. Values were disclosed in GBP thousands and converted to full GBP.,Group of companies accounts made up to 31 May 2019,https://find-and-update.company-information.service.gov.uk/company/00035668/filing-history
liverpool,Liverpool,2018/19,2019-05-31,profit_loss_before_tax_original,41905000.0,11,Profit on ordinary activities before taxation,Consolidated profit and loss account and other comprehensive income. Values were disclosed in GBP thousands and converted to full GBP.,Group of companies accounts made up to 31 May 2019,https://find-and-update.company-information.service.gov.uk/company/00035668/filing-history
liverpool,Liverpool,2018/19,2019-05-31,net_debt_original,91775000.0,29,Interest-bearing loans and borrowings less cash at bank and in hand,Calculated as secured bank loans plus intercompany loan from the interest-bearing loans and borrowings note less the cash at bank and in hand line from the consolidated balance sheet. Values were disclosed in GBP thousands and converted to full GBP.,Group of companies accounts made up to 31 May 2019,https://find-and-update.company-information.service.gov.uk/company/00035668/filing-history
liverpool,Liverpool,2019/20,2020-05-31,matchday_revenue_original,70854000.0,24,Match day,Turnover note by activity. Values were disclosed in GBP thousands and converted to full GBP.,Group of companies' accounts made up to 31 May 2020,https://find-and-update.company-information.service.gov.uk/company/00035668/filing-history
liverpool,Liverpool,2019/20,2020-05-31,broadcast_revenue_original,201585000.0,24,Media,Turnover note by activity. Values were disclosed in GBP thousands and converted to full GBP.,Group of companies' accounts made up to 31 May 2020,https://find-and-update.company-information.service.gov.uk/company/00035668/filing-history
liverpool,Liverpool,2019/20,2020-05-31,commercial_revenue_original,217421000.0,24,Commercial,Turnover note by activity. Values were disclosed in GBP thousands and converted to full GBP.,Group of companies' accounts made up to 31 May 2020,https://find-and-update.company-information.service.gov.uk/company/00035668/filing-history
liverpool,Liverpool,2019/20,2020-05-31,staff_costs_original,325572000.0,25,Wages and salaries plus social security costs plus pension costs,Staff numbers and costs note. Values were disclosed in GBP thousands and converted to full GBP.,Group of companies' accounts made up to 31 May 2020,https://find-and-update.company-information.service.gov.uk/company/00035668/filing-history
liverpool,Liverpool,2019/20,2020-05-31,player_amortisation_original,106034000.0,24,Amortisation of players' registrations,Administrative expenses note. Values were disclosed in GBP thousands and converted to full GBP.,Group of companies' accounts made up to 31 May 2020,https://find-and-update.company-information.service.gov.uk/company/00035668/filing-history
liverpool,Liverpool,2019/20,2020-05-31,profit_on_player_sales_original,26915000.0,13,Profit on disposal of players' registrations,Consolidated profit and loss account and other comprehensive income. Values were disclosed in GBP thousands and converted to full GBP.,Group of companies' accounts made up to 31 May 2020,https://find-and-update.company-information.service.gov.uk/company/00035668/filing-history
liverpool,Liverpool,2019/20,2020-05-31,profit_loss_before_tax_original,-46317000.0,13,Loss on ordinary activities before taxation,Consolidated profit and loss account and other comprehensive income. Values were disclosed in GBP thousands and converted to full GBP.,Group of companies' accounts made up to 31 May 2020,https://find-and-update.company-information.service.gov.uk/company/00035668/filing-history
liverpool,Liverpool,2019/20,2020-05-31,net_debt_original,184334000.0,31,Interest-bearing loans and borrowings less cash at bank and in hand,Calculated as intercompany loan plus secured bank loans from the borrowing notes less the cash at bank and in hand line from the consolidated balance sheet. Values were disclosed in GBP thousands and converted to full GBP.,Group of companies' accounts made up to 31 May 2020,https://find-and-update.company-information.service.gov.uk/company/00035668/filing-history
liverpool,Liverpool,2020/21,2021-05-31,matchday_revenue_original,3636000.0,25,Match day,Turnover note by activity. Values were disclosed in GBP thousands and converted to full GBP.,Group of companies' accounts made up to 31 May 2021,https://find-and-update.company-information.service.gov.uk/company/00035668/filing-history
liverpool,Liverpool,2020/21,2021-05-31,broadcast_revenue_original,266147000.0,25,Media,Turnover note by activity. Values were disclosed in GBP thousands and converted to full GBP.,Group of companies' accounts made up to 31 May 2021,https://find-and-update.company-information.service.gov.uk/company/00035668/filing-history
liverpool,Liverpool,2020/21,2021-05-31,commercial_revenue_original,217582000.0,25,Commercial,Turnover note by activity. Values were disclosed in GBP thousands and converted to full GBP.,Group of companies' accounts made up to 31 May 2021,https://find-and-update.company-information.service.gov.uk/company/00035668/filing-history
liverpool,Liverpool,2020/21,2021-05-31,staff_costs_original,314354000.0,26,Wages and salaries plus social security costs plus pension costs,Staff numbers and costs note. Values were disclosed in GBP thousands and converted to full GBP.,Group of companies' accounts made up to 31 May 2021,https://find-and-update.company-information.service.gov.uk/company/00035668/filing-history
liverpool,Liverpool,2020/21,2021-05-31,player_amortisation_original,107811000.0,25,Amortisation of players' registrations,Administrative expenses note. Values were disclosed in GBP thousands and converted to full GBP.,Group of companies' accounts made up to 31 May 2021,https://find-and-update.company-information.service.gov.uk/company/00035668/filing-history
liverpool,Liverpool,2020/21,2021-05-31,profit_on_player_sales_original,39340000.0,14,Profit on disposal of players' registrations,Consolidated profit and loss account and other comprehensive income. Values were disclosed in GBP thousands and converted to full GBP.,Group of companies' accounts made up to 31 May 2021,https://find-and-update.company-information.service.gov.uk/company/00035668/filing-history
liverpool,Liverpool,2020/21,2021-05-31,profit_loss_before_tax_original,-4762000.0,14,Loss on ordinary activities before taxation,Consolidated profit and loss account and other comprehensive income. Values were disclosed in GBP thousands and converted to full GBP.,Group of companies' accounts made up to 31 May 2021,https://find-and-update.company-information.service.gov.uk/company/00035668/filing-history
liverpool,Liverpool,2020/21,2021-05-31,net_debt_original,166724000.0,32,Interest-bearing loans and borrowings less cash at bank and in hand,Calculated as intercompany loan plus bank loans from the creditors and borrowings notes less the cash at bank and in hand line from the consolidated balance sheet. Values were disclosed in GBP thousands and converted to full GBP.,Group of companies' accounts made up to 31 May 2021,https://find-and-update.company-information.service.gov.uk/company/00035668/filing-history
liverpool,Liverpool,2021/22,2022-05-31,matchday_revenue_original,86767000.0,24,Match day,Turnover note by activity. Values were disclosed in GBP thousands and converted to full GBP.,Group of companies' accounts made up to 31 May 2022,https://find-and-update.company-information.service.gov.uk/company/00035668/filing-history
liverpool,Liverpool,2021/22,2022-05-31,broadcast_revenue_original,260841000.0,24,Media,Turnover note by activity. Values were disclosed in GBP thousands and converted to full GBP.,Group of companies' accounts made up to 31 May 2022,https://find-and-update.company-information.service.gov.uk/company/00035668/filing-history
liverpool,Liverpool,2021/22,2022-05-31,commercial_revenue_original,246663000.0,24,Commercial,Turnover note by activity. Values were disclosed in GBP thousands and converted to full GBP.,Group of companies' accounts made up to 31 May 2022,https://find-and-update.company-information.service.gov.uk/company/00035668/filing-history
liverpool,Liverpool,2021/22,2022-05-31,staff_costs_original,366092000.0,25,Wages and salaries plus social security costs plus pension costs,Staff numbers and costs note. Values were disclosed in GBP thousands and converted to full GBP.,Group of companies' accounts made up to 31 May 2022,https://find-and-update.company-information.service.gov.uk/company/00035668/filing-history
liverpool,Liverpool,2021/22,2022-05-31,player_amortisation_original,102714000.0,24,Amortisation of players' registrations,Administrative expenses note. Values were disclosed in GBP thousands and converted to full GBP.,Group of companies' accounts made up to 31 May 2022,https://find-and-update.company-information.service.gov.uk/company/00035668/filing-history
liverpool,Liverpool,2021/22,2022-05-31,profit_on_player_sales_original,10049000.0,14,Profit on disposal of players' registrations,Consolidated profit and loss account and other comprehensive income. Values were disclosed in GBP thousands and converted to full GBP.,Group of companies' accounts made up to 31 May 2022,https://find-and-update.company-information.service.gov.uk/company/00035668/filing-history
liverpool,Liverpool,2021/22,2022-05-31,profit_loss_before_tax_original,7469000.0,14,Profit on ordinary activities before taxation,Consolidated profit and loss account and other comprehensive income. Values were disclosed in GBP thousands and converted to full GBP.,Group of companies' accounts made up to 31 May 2022,https://find-and-update.company-information.service.gov.uk/company/00035668/filing-history
liverpool,Liverpool,2021/22,2022-05-31,net_debt_original,144992000.0,30,Interest-bearing loans and borrowings less cash at bank and in hand,"Calculated as intercompany loan plus secured bank loans less cash at bank and in hand, corroborating the loans note with the creditors note where OCR was weak. Values were disclosed in GBP thousands and converted to full GBP.",Group of companies' accounts made up to 31 May 2022,https://find-and-update.company-information.service.gov.uk/company/00035668/filing-history
liverpool,Liverpool,2022/23,2023-05-31,matchday_revenue_original,79760000.0,24,Match day,Turnover note by activity. Values were disclosed in GBP thousands and converted to full GBP.,Group of companies' accounts made up to 31 May 2023,https://find-and-update.company-information.service.gov.uk/company/00035668/filing-history
liverpool,Liverpool,2022/23,2023-05-31,broadcast_revenue_original,241553000.0,24,Media,Turnover note by activity. Values were disclosed in GBP thousands and converted to full GBP.,Group of companies' accounts made up to 31 May 2023,https://find-and-update.company-information.service.gov.uk/company/00035668/filing-history
liverpool,Liverpool,2022/23,2023-05-31,commercial_revenue_original,272523000.0,24,Commercial,Turnover note by activity. Values were disclosed in GBP thousands and converted to full GBP.,Group of companies' accounts made up to 31 May 2023,https://find-and-update.company-information.service.gov.uk/company/00035668/filing-history
liverpool,Liverpool,2022/23,2023-05-31,staff_costs_original,372881000.0,25,Wages and salaries plus social security costs plus pension costs,Staff numbers and costs note. Values were disclosed in GBP thousands and converted to full GBP.,Group of companies' accounts made up to 31 May 2023,https://find-and-update.company-information.service.gov.uk/company/00035668/filing-history
liverpool,Liverpool,2022/23,2023-05-31,player_amortisation_original,107546000.0,24,Amortisation of players' registrations,Administrative expenses note. Values were disclosed in GBP thousands and converted to full GBP.,Group of companies' accounts made up to 31 May 2023,https://find-and-update.company-information.service.gov.uk/company/00035668/filing-history
liverpool,Liverpool,2022/23,2023-05-31,profit_on_player_sales_original,-4457000.0,13,Loss on disposal of players' registrations,Consolidated profit and loss account and other comprehensive income. Values were disclosed in GBP thousands and converted to full GBP.,Group of companies' accounts made up to 31 May 2023,https://find-and-update.company-information.service.gov.uk/company/00035668/filing-history
liverpool,Liverpool,2022/23,2023-05-31,profit_loss_before_tax_original,-9005000.0,13,Loss on ordinary activities before taxation,Consolidated profit and loss account and other comprehensive income. Values were disclosed in GBP thousands and converted to full GBP.,Group of companies' accounts made up to 31 May 2023,https://find-and-update.company-information.service.gov.uk/company/00035668/filing-history
liverpool,Liverpool,2022/23,2023-05-31,net_debt_original,193413000.0,31,Interest-bearing loans and borrowings less cash at bank and in hand,Calculated as intercompany loan plus secured bank loans from the borrowing note less the cash at bank and in hand line from the consolidated balance sheet. Values were disclosed in GBP thousands and converted to full GBP.,Group of companies' accounts made up to 31 May 2023,https://find-and-update.company-information.service.gov.uk/company/00035668/filing-history
liverpool,Liverpool,2023/24,2024-05-31,matchday_revenue_original,101661000.0,24,Match day,Turnover note by activity. Values were disclosed in GBP thousands and converted to full GBP.,Group of companies' accounts made up to 31 May 2024,https://find-and-update.company-information.service.gov.uk/company/00035668/filing-history
liverpool,Liverpool,2023/24,2024-05-31,broadcast_revenue_original,203705000.0,24,Media,Turnover note by activity. Values were disclosed in GBP thousands and converted to full GBP.,Group of companies' accounts made up to 31 May 2024,https://find-and-update.company-information.service.gov.uk/company/00035668/filing-history
liverpool,Liverpool,2023/24,2024-05-31,commercial_revenue_original,308398000.0,24,Commercial,Turnover note by activity. Values were disclosed in GBP thousands and converted to full GBP.,Group of companies' accounts made up to 31 May 2024,https://find-and-update.company-information.service.gov.uk/company/00035668/filing-history
liverpool,Liverpool,2023/24,2024-05-31,staff_costs_original,386086000.0,25,Wages and salaries plus social security costs plus pension costs,Staff numbers and costs note. Values were disclosed in GBP thousands and converted to full GBP.,Group of companies' accounts made up to 31 May 2024,https://find-and-update.company-information.service.gov.uk/company/00035668/filing-history
liverpool,Liverpool,2023/24,2024-05-31,player_amortisation_original,114479000.0,24,Amortisation of registrations,Administrative expenses note. Values were disclosed in GBP thousands and converted to full GBP.,Group of companies' accounts made up to 31 May 2024,https://find-and-update.company-information.service.gov.uk/company/00035668/filing-history
liverpool,Liverpool,2023/24,2024-05-31,profit_on_player_sales_original,22017000.0,13,Profit on disposal of registrations,Consolidated profit and loss account and other comprehensive income. Values were disclosed in GBP thousands and converted to full GBP.,Group of companies' accounts made up to 31 May 2024,https://find-and-update.company-information.service.gov.uk/company/00035668/filing-history
liverpool,Liverpool,2023/24,2024-05-31,profit_loss_before_tax_original,-57104000.0,13,Loss on ordinary activities before taxation,Consolidated profit and loss account and other comprehensive income. Values were disclosed in GBP thousands and converted to full GBP.,Group of companies' accounts made up to 31 May 2024,https://find-and-update.company-information.service.gov.uk/company/00035668/filing-history
liverpool,Liverpool,2023/24,2024-05-31,net_debt_original,306791000.0,31,Interest-bearing loans and borrowings less cash at bank and in hand,Calculated as intercompany loan plus secured bank loans less cash at bank and in hand from the consolidated balance sheet. Values were disclosed in GBP thousands and converted to full GBP.,Group of companies' accounts made up to 31 May 2024,https://find-and-update.company-information.service.gov.uk/company/00035668/filing-history
liverpool,Liverpool,2024/25,2025-05-31,matchday_revenue_original,115591000.0,24,Match day,Turnover note by activity. Values were disclosed in GBP thousands and converted to full GBP.,Group of companies' accounts made up to 31 May 2025,https://find-and-update.company-information.service.gov.uk/company/00035668/filing-history
liverpool,Liverpool,2024/25,2025-05-31,broadcast_revenue_original,263659000.0,24,Media,Turnover note by activity. Values were disclosed in GBP thousands and converted to full GBP.,Group of companies' accounts made up to 31 May 2025,https://find-and-update.company-information.service.gov.uk/company/00035668/filing-history
liverpool,Liverpool,2024/25,2025-05-31,commercial_revenue_original,323472000.0,24,Commercial,Turnover note by activity. Values were disclosed in GBP thousands and converted to full GBP.,Group of companies' accounts made up to 31 May 2025,https://find-and-update.company-information.service.gov.uk/company/00035668/filing-history
liverpool,Liverpool,2024/25,2025-05-31,staff_costs_original,427727000.0,25,Wages and salaries plus social security costs plus pension costs,Staff numbers and costs note. Values were disclosed in GBP thousands and converted to full GBP.,Group of companies' accounts made up to 31 May 2025,https://find-and-update.company-information.service.gov.uk/company/00035668/filing-history
liverpool,Liverpool,2024/25,2025-05-31,player_amortisation_original,117165000.0,24,Amortisation of registrations,Administrative expenses note. Values were disclosed in GBP thousands and converted to full GBP.,Group of companies' accounts made up to 31 May 2025,https://find-and-update.company-information.service.gov.uk/company/00035668/filing-history
liverpool,Liverpool,2024/25,2025-05-31,profit_on_player_sales_original,53268000.0,13,Profit on disposal of registrations,Consolidated profit and loss account and other comprehensive income. Values were disclosed in GBP thousands and converted to full GBP.,Group of companies' accounts made up to 31 May 2025,https://find-and-update.company-information.service.gov.uk/company/00035668/filing-history
liverpool,Liverpool,2024/25,2025-05-31,profit_loss_before_tax_original,15212000.0,13,Profit before taxation,Consolidated profit and loss account and other comprehensive income. Values were disclosed in GBP thousands and converted to full GBP.,Group of companies' accounts made up to 31 May 2025,https://find-and-update.company-information.service.gov.uk/company/00035668/filing-history
liverpool,Liverpool,2024/25,2025-05-31,net_debt_original,282715000.0,31,Interest-bearing loans and borrowings less cash at bank and in hand,Calculated as intercompany loan plus secured bank loans less cash at bank and in hand from the consolidated balance sheet. Values were disclosed in GBP thousands and converted to full GBP.,Group of companies' accounts made up to 31 May 2025,https://find-and-update.company-information.service.gov.uk/company/00035668/filing-history
manchester_city,Manchester City,2011/12,2012-05-31,matchday_revenue_original,21871000.0,15,Gate receipts,Turnover note. Values were disclosed in GBP thousands and converted to full GBP.,Full accounts made up to 31 May 2012,https://find-and-update.company-information.service.gov.uk/company/00040946/filing-history/MzA3MzkyODE1NmFkaXF6a2N4/document?format=pdf&download=0
manchester_city,Manchester City,2011/12,2012-05-31,broadcast_revenue_original,88153000.0,15,Television - UEFA and Television - All Other,Turnover note. UEFA and other television lines were combined for the broadcasting category.,Full accounts made up to 31 May 2012,https://find-and-update.company-information.service.gov.uk/company/00040946/filing-history/MzA3MzkyODE1NmFkaXF6a2N4/document?format=pdf&download=0
manchester_city,Manchester City,2011/12,2012-05-31,commercial_revenue_original,121116000.0,15,Other commercial activities,Turnover note. Values were disclosed in GBP thousands and converted to full GBP.,Full accounts made up to 31 May 2012,https://find-and-update.company-information.service.gov.uk/company/00040946/filing-history/MzA3MzkyODE1NmFkaXF6a2N4/document?format=pdf&download=0
manchester_city,Manchester City,2011/12,2012-05-31,staff_costs_original,201789000.0,16,Aggregate payroll costs,Staff numbers and costs note. Values were disclosed in GBP thousands and converted to full GBP.,Full accounts made up to 31 May 2012,https://find-and-update.company-information.service.gov.uk/company/00040946/filing-history/MzA3MzkyODE1NmFkaXF6a2N4/document?format=pdf&download=0
manchester_city,Manchester City,2011/12,2012-05-31,player_amortisation_original,83031000.0,15,Amortisation of player's registrations,Operating expenses note. Values were disclosed in GBP thousands and converted to full GBP.,Full accounts made up to 31 May 2012,https://find-and-update.company-information.service.gov.uk/company/00040946/filing-history/MzA3MzkyODE1NmFkaXF6a2N4/document?format=pdf&download=0
manchester_city,Manchester City,2011/12,2012-05-31,profit_loss_before_tax_original,-95296000.0,17,Loss on ordinary activities before taxation,Taxation note. Values were disclosed in GBP thousands and converted to full GBP.,Full accounts made up to 31 May 2012,https://find-and-update.company-information.service.gov.uk/company/00040946/filing-history/MzA3MzkyODE1NmFkaXF6a2N4/document?format=pdf&download=0
manchester_city,Manchester City,2011/12,2012-05-31,net_debt_original,26078000.0,12,Computed net debt from borrowings less cash at bank and in hand,Calculated from borrowings of GBP 38.678m disclosed in the borrowings note and cash at bank and in hand of GBP 12.600m disclosed on the balance sheet.,Full accounts made up to 31 May 2012,https://find-and-update.company-information.service.gov.uk/company/00040946/filing-history/MzA3MzkyODE1NmFkaXF6a2N4/document?format=pdf&download=0
manchester_city,Manchester City,2012/13,2013-05-31,matchday_revenue_original,39615000.0,14,Matchday,Turnover note. Values were disclosed in GBP thousands and converted to full GBP.,Full accounts made up to 31 May 2013,https://find-and-update.company-information.service.gov.uk/company/00040946/filing-history/MzA5NTYzMTUzOGFkaXF6a2N4/document?format=pdf&download=0
manchester_city,Manchester City,2012/13,2013-05-31,broadcast_revenue_original,88394000.0,14,Broadcasting - UEFA and Broadcasting - All Other,Turnover note. UEFA and all-other broadcasting lines were combined for the broadcasting category.,Full accounts made up to 31 May 2013,https://find-and-update.company-information.service.gov.uk/company/00040946/filing-history/MzA5NTYzMTUzOGFkaXF6a2N4/document?format=pdf&download=0
manchester_city,Manchester City,2012/13,2013-05-31,commercial_revenue_original,142991000.0,14,Other commercial activities,Turnover note. Values were disclosed in GBP thousands and converted to full GBP.,Full accounts made up to 31 May 2013,https://find-and-update.company-information.service.gov.uk/company/00040946/filing-history/MzA5NTYzMTUzOGFkaXF6a2N4/document?format=pdf&download=0
manchester_city,Manchester City,2012/13,2013-05-31,excluded_player_trading_revenue_original,5872000.0,9,Profit on disposal of players,Profit and loss account. Excluded from football revenue total.,Full accounts made up to 31 May 2013,https://find-and-update.company-information.service.gov.uk/company/00040946/filing-history/MzA5NTYzMTUzOGFkaXF6a2N4/document?format=pdf&download=0
manchester_city,Manchester City,2012/13,2013-05-31,staff_costs_original,233106000.0,15,Aggregate payroll costs,Staff numbers and costs note. Values were disclosed in GBP thousands and converted to full GBP.,Full accounts made up to 31 May 2013,https://find-and-update.company-information.service.gov.uk/company/00040946/filing-history/MzA5NTYzMTUzOGFkaXF6a2N4/document?format=pdf&download=0
manchester_city,Manchester City,2012/13,2013-05-31,player_amortisation_original,80869000.0,14,Amortisation of player registrations,Operating expenses note. Values were disclosed in GBP thousands and converted to full GBP.,Full accounts made up to 31 May 2013,https://find-and-update.company-information.service.gov.uk/company/00040946/filing-history/MzA5NTYzMTUzOGFkaXF6a2N4/document?format=pdf&download=0
manchester_city,Manchester City,2012/13,2013-05-31,profit_on_player_sales_original,5872000.0,9,Profit on disposal of players,Profit and loss account. Values were disclosed in GBP thousands and converted to full GBP.,Full accounts made up to 31 May 2013,https://find-and-update.company-information.service.gov.uk/company/00040946/filing-history/MzA5NTYzMTUzOGFkaXF6a2N4/document?format=pdf&download=0
manchester_city,Manchester City,2012/13,2013-05-31,profit_loss_before_tax_original,-79368000.0,16,Loss on ordinary activities before taxation,Taxation note. Values were disclosed in GBP thousands and converted to full GBP.,Full accounts made up to 31 May 2013,https://find-and-update.company-information.service.gov.uk/company/00040946/filing-history/MzA5NTYzMTUzOGFkaXF6a2N4/document?format=pdf&download=0
manchester_city,Manchester City,2012/13,2013-05-31,net_debt_original,53569000.0,23,Computed net debt from financial liabilities less cash at bank and in hand,Calculated from financial liabilities of GBP 67.614m in the financial instruments note and cash at bank and in hand of GBP 14.045m on the balance sheet.,Full accounts made up to 31 May 2013,https://find-and-update.company-information.service.gov.uk/company/00040946/filing-history/MzA5NTYzMTUzOGFkaXF6a2N4/document?format=pdf&download=0
manchester_city,Manchester City,2013/14,2014-05-31,matchday_revenue_original,47457000.0,15,Matchday,Turnover note. Values were disclosed in GBP thousands and converted to full GBP.,Full accounts made up to 31 May 2014,https://find-and-update.company-information.service.gov.uk/company/00040946/filing-history/MzExMzg5ODI4M2FkaXF6a2N4/document?format=pdf&download=0
manchester_city,Manchester City,2013/14,2014-05-31,broadcast_revenue_original,133239000.0,15,Broadcasting - UEFA and Broadcasting - All Other,Turnover note. UEFA and all-other broadcasting lines were combined for the broadcasting category.,Full accounts made up to 31 May 2014,https://find-and-update.company-information.service.gov.uk/company/00040946/filing-history/MzExMzg5ODI4M2FkaXF6a2N4/document?format=pdf&download=0
manchester_city,Manchester City,2013/14,2014-05-31,commercial_revenue_original,165816000.0,15,Other commercial activities,Turnover note. Values were disclosed in GBP thousands and converted to full GBP.,Full accounts made up to 31 May 2014,https://find-and-update.company-information.service.gov.uk/company/00040946/filing-history/MzExMzg5ODI4M2FkaXF6a2N4/document?format=pdf&download=0
manchester_city,Manchester City,2013/14,2014-05-31,excluded_player_trading_revenue_original,197000.0,10,Profit on disposal of players,Profit and loss account. Excluded from football revenue total.,Full accounts made up to 31 May 2014,https://find-and-update.company-information.service.gov.uk/company/00040946/filing-history/MzExMzg5ODI4M2FkaXF6a2N4/document?format=pdf&download=0
manchester_city,Manchester City,2013/14,2014-05-31,staff_costs_original,205044000.0,16,Aggregate payroll costs,Staff numbers and costs note. Values were disclosed in GBP thousands and converted to full GBP.,Full accounts made up to 31 May 2014,https://find-and-update.company-information.service.gov.uk/company/00040946/filing-history/MzExMzg5ODI4M2FkaXF6a2N4/document?format=pdf&download=0
manchester_city,Manchester City,2013/14,2014-05-31,player_amortisation_original,76484000.0,15,Amortisation of player registrations,Operating expenses note. Values were disclosed in GBP thousands and converted to full GBP.,Full accounts made up to 31 May 2014,https://find-and-update.company-information.service.gov.uk/company/00040946/filing-history/MzExMzg5ODI4M2FkaXF6a2N4/document?format=pdf&download=0
manchester_city,Manchester City,2013/14,2014-05-31,profit_on_player_sales_original,197000.0,10,Profit on disposal of players,Profit and loss account. Values were disclosed in GBP thousands and converted to full GBP.,Full accounts made up to 31 May 2014,https://find-and-update.company-information.service.gov.uk/company/00040946/filing-history/MzExMzg5ODI4M2FkaXF6a2N4/document?format=pdf&download=0
manchester_city,Manchester City,2013/14,2014-05-31,profit_loss_before_tax_original,-22929000.0,17,Loss on ordinary activities before taxation,Taxation note. Values were disclosed in GBP thousands and converted to full GBP.,Full accounts made up to 31 May 2014,https://find-and-update.company-information.service.gov.uk/company/00040946/filing-history/MzExMzg5ODI4M2FkaXF6a2N4/document?format=pdf&download=0
manchester_city,Manchester City,2013/14,2014-05-31,net_debt_original,45914000.0,24,Computed net debt from financial liabilities less cash at bank and in hand,Calculated from financial liabilities of GBP 67.315m in the financial instruments note and cash at bank and in hand of GBP 21.401m on the balance sheet.,Full accounts made up to 31 May 2014,https://find-and-update.company-information.service.gov.uk/company/00040946/filing-history/MzExMzg5ODI4M2FkaXF6a2N4/document?format=pdf&download=0
manchester_city,Manchester City,2014/15,2015-05-31,matchday_revenue_original,43330000.0,15,Matchday,Turnover note. Values were disclosed in GBP thousands and converted to full GBP.,Full accounts made up to 31 May 2015,https://find-and-update.company-information.service.gov.uk/company/00040946/filing-history
manchester_city,Manchester City,2014/15,2015-05-31,broadcast_revenue_original,135426000.0,15,Broadcasting - UEFA and Broadcasting - All Other,Turnover note. UEFA and all-other broadcasting lines were combined for the broadcasting category.,Full accounts made up to 31 May 2015,https://find-and-update.company-information.service.gov.uk/company/00040946/filing-history
manchester_city,Manchester City,2014/15,2015-05-31,commercial_revenue_original,173010000.0,15,Other commercial activities,Turnover note. Values were disclosed in GBP thousands and converted to full GBP.,Full accounts made up to 31 May 2015,https://find-and-update.company-information.service.gov.uk/company/00040946/filing-history
manchester_city,Manchester City,2014/15,2015-05-31,excluded_player_trading_revenue_original,13832000.0,10,Profit on disposal of players,Profit and loss account. Excluded from football revenue total.,Full accounts made up to 31 May 2015,https://find-and-update.company-information.service.gov.uk/company/00040946/filing-history
manchester_city,Manchester City,2014/15,2015-05-31,staff_costs_original,193821000.0,16,Aggregate payroll costs,Staff numbers and costs note. Values were disclosed in GBP thousands and converted to full GBP.,Full accounts made up to 31 May 2015,https://find-and-update.company-information.service.gov.uk/company/00040946/filing-history
manchester_city,Manchester City,2014/15,2015-05-31,player_amortisation_original,70291000.0,15,Amortisation of player registrations,Operating profit/(loss) note. Values were disclosed in GBP thousands and converted to full GBP.,Full accounts made up to 31 May 2015,https://find-and-update.company-information.service.gov.uk/company/00040946/filing-history
manchester_city,Manchester City,2014/15,2015-05-31,profit_on_player_sales_original,13832000.0,10,Profit on disposal of players,Profit and loss account. Values were disclosed in GBP thousands and converted to full GBP.,Full accounts made up to 31 May 2015,https://find-and-update.company-information.service.gov.uk/company/00040946/filing-history
manchester_city,Manchester City,2014/15,2015-05-31,profit_loss_before_tax_original,10369000.0,17,Loss on ordinary activities before taxation,Taxation note cross-checking to the profit and loss account total. Values were disclosed in GBP thousands and converted to full GBP.,Full accounts made up to 31 May 2015,https://find-and-update.company-information.service.gov.uk/company/00040946/filing-history
manchester_city,Manchester City,2014/15,2015-05-31,net_debt_original,-7752000.0,24,Computed net debt from financial liabilities less cash at bank and in hand,Calculated from financial liabilities of GBP 67.000m in the financial instruments note and cash at bank and in hand of GBP 74.752m on the balance sheet.,Full accounts made up to 31 May 2015,https://find-and-update.company-information.service.gov.uk/company/00040946/filing-history
manchester_city,Manchester City,2015/16,2016-05-31,matchday_revenue_original,52523000.0,24,Matchday,Turnover note. Values were disclosed in GBP thousands and converted to full GBP.,Full accounts made up to 31 May 2016,https://find-and-update.company-information.service.gov.uk/company/00040946/filing-history
manchester_city,Manchester City,2015/16,2016-05-31,broadcast_revenue_original,161381000.0,24,Broadcasting - UEFA and Broadcasting - All Other,Turnover note. UEFA and all-other broadcasting lines were combined for the broadcasting category.,Full accounts made up to 31 May 2016,https://find-and-update.company-information.service.gov.uk/company/00040946/filing-history
manchester_city,Manchester City,2015/16,2016-05-31,commercial_revenue_original,177870000.0,24,Other commercial activities,Turnover note. Values were disclosed in GBP thousands and converted to full GBP.,Full accounts made up to 31 May 2016,https://find-and-update.company-information.service.gov.uk/company/00040946/filing-history
manchester_city,Manchester City,2015/16,2016-05-31,excluded_player_trading_revenue_original,20714000.0,10,Profit on disposal of players' registrations,Profit and loss account. Excluded from football revenue total.,Full accounts made up to 31 May 2016,https://find-and-update.company-information.service.gov.uk/company/00040946/filing-history
manchester_city,Manchester City,2015/16,2016-05-31,staff_costs_original,197584000.0,25,Employee costs,Employees note. Values were disclosed in GBP thousands and converted to full GBP.,Full accounts made up to 31 May 2016,https://find-and-update.company-information.service.gov.uk/company/00040946/filing-history
manchester_city,Manchester City,2015/16,2016-05-31,player_amortisation_original,93952000.0,24,Amortisation of player registrations,Operating profit/(loss) note. Values were disclosed in GBP thousands and converted to full GBP.,Full accounts made up to 31 May 2016,https://find-and-update.company-information.service.gov.uk/company/00040946/filing-history
manchester_city,Manchester City,2015/16,2016-05-31,profit_on_player_sales_original,20714000.0,10,Profit on disposal of players' registrations,Profit and loss account. Values were disclosed in GBP thousands and converted to full GBP.,Full accounts made up to 31 May 2016,https://find-and-update.company-information.service.gov.uk/company/00040946/filing-history
manchester_city,Manchester City,2015/16,2016-05-31,profit_loss_before_tax_original,19589000.0,10,Profit/(loss) on ordinary activities before taxation,Profit and loss account. Values were disclosed in GBP thousands and converted to full GBP.,Full accounts made up to 31 May 2016,https://find-and-update.company-information.service.gov.uk/company/00040946/filing-history
manchester_city,Manchester City,2015/16,2016-05-31,net_debt_original,10852000.0,30,Computed net debt from borrowings less cash at bank and in hand,Calculated from borrowings of GBP 66.670m in the borrowings note and cash at bank and in hand of GBP 55.818m on the balance sheet.,Full accounts made up to 31 May 2016,https://find-and-update.company-information.service.gov.uk/company/00040946/filing-history
manchester_city,Manchester City,2016/17,2017-06-30,matchday_revenue_original,51868000.0,23,Matchday,Turnover note. Values were disclosed in GBP thousands and converted to full GBP.,Full accounts made up to 30 June 2017,https://find-and-update.company-information.service.gov.uk/company/00040946/filing-history
manchester_city,Manchester City,2016/17,2017-06-30,broadcast_revenue_original,203494000.0,23,Broadcasting - UEFA and Broadcasting - All Other,Turnover note. UEFA and all-other broadcasting lines were combined for the broadcasting category.,Full accounts made up to 30 June 2017,https://find-and-update.company-information.service.gov.uk/company/00040946/filing-history
manchester_city,Manchester City,2016/17,2017-06-30,commercial_revenue_original,218013000.0,23,Other commercial activities,Turnover note. Values were disclosed in GBP thousands and converted to full GBP.,Full accounts made up to 30 June 2017,https://find-and-update.company-information.service.gov.uk/company/00040946/filing-history
manchester_city,Manchester City,2016/17,2017-06-30,excluded_player_trading_revenue_original,34563000.0,10,Profit on disposal of players' registrations,Profit and loss account. Excluded from football revenue total.,Full accounts made up to 30 June 2017,https://find-and-update.company-information.service.gov.uk/company/00040946/filing-history
manchester_city,Manchester City,2016/17,2017-06-30,staff_costs_original,264133000.0,24,Employee costs,Employees note. Values were disclosed in GBP thousands and converted to full GBP.,Full accounts made up to 30 June 2017,https://find-and-update.company-information.service.gov.uk/company/00040946/filing-history
manchester_city,Manchester City,2016/17,2017-06-30,player_amortisation_original,121742000.0,23,Amortisation of player registrations,Operating (loss)/profit note. Values were disclosed in GBP thousands and converted to full GBP.,Full accounts made up to 30 June 2017,https://find-and-update.company-information.service.gov.uk/company/00040946/filing-history
manchester_city,Manchester City,2016/17,2017-06-30,profit_on_player_sales_original,34563000.0,10,Profit on disposal of players' registrations,Profit and loss account. Values were disclosed in GBP thousands and converted to full GBP.,Full accounts made up to 30 June 2017,https://find-and-update.company-information.service.gov.uk/company/00040946/filing-history
manchester_city,Manchester City,2016/17,2017-06-30,profit_loss_before_tax_original,104000.0,10,Profit/(loss) on ordinary activities before taxation,Profit and loss account. Values were disclosed in GBP thousands and converted to full GBP.,Full accounts made up to 30 June 2017,https://find-and-update.company-information.service.gov.uk/company/00040946/filing-history
manchester_city,Manchester City,2016/17,2017-06-30,net_debt_original,47616000.0,30,Computed net debt from borrowings less cash at bank and in hand,Calculated from borrowings of GBP 66.322m in the borrowings note and cash at bank and in hand of GBP 18.706m on the balance sheet.,Full accounts made up to 30 June 2017,https://find-and-update.company-information.service.gov.uk/company/00040946/filing-history
manchester_city,Manchester City,2017/18,2018-06-30,matchday_revenue_original,56621000.0,25,Matchday,Turnover note. Values were disclosed in GBP thousands and converted to full GBP.,Full accounts made up to 30 June 2018,https://find-and-update.company-information.service.gov.uk/company/00040946/filing-history/MzIzMTA0NjA0N2FkaXF6a2N4/document?format=pdf&download=0
manchester_city,Manchester City,2017/18,2018-06-30,broadcast_revenue_original,211520000.0,25,Broadcasting - UEFA and Broadcasting - all other,Turnover note. UEFA and all-other broadcasting lines were combined for the broadcasting category.,Full accounts made up to 30 June 2018,https://find-and-update.company-information.service.gov.uk/company/00040946/filing-history/MzIzMTA0NjA0N2FkaXF6a2N4/document?format=pdf&download=0
manchester_city,Manchester City,2017/18,2018-06-30,commercial_revenue_original,232315000.0,25,Other commercial activities,Turnover note. Values were disclosed in GBP thousands and converted to full GBP.,Full accounts made up to 30 June 2018,https://find-and-update.company-information.service.gov.uk/company/00040946/filing-history/MzIzMTA0NjA0N2FkaXF6a2N4/document?format=pdf&download=0
manchester_city,Manchester City,2017/18,2018-06-30,excluded_player_trading_revenue_original,39057000.0,12,Profit on disposal of players' registrations,Profit and loss account. Excluded from football revenue total.,Full accounts made up to 30 June 2018,https://find-and-update.company-information.service.gov.uk/company/00040946/filing-history/MzIzMTA0NjA0N2FkaXF6a2N4/document?format=pdf&download=0
manchester_city,Manchester City,2017/18,2018-06-30,staff_costs_original,259634000.0,27,Aggregate payroll costs,Employees note. Values were disclosed in GBP thousands and converted to full GBP.,Full accounts made up to 30 June 2018,https://find-and-update.company-information.service.gov.uk/company/00040946/filing-history/MzIzMTA0NjA0N2FkaXF6a2N4/document?format=pdf&download=0
manchester_city,Manchester City,2017/18,2018-06-30,player_amortisation_original,134284000.0,26,Amortisation of player registrations,Operating loss note. Values were disclosed in GBP thousands and converted to full GBP.,Full accounts made up to 30 June 2018,https://find-and-update.company-information.service.gov.uk/company/00040946/filing-history/MzIzMTA0NjA0N2FkaXF6a2N4/document?format=pdf&download=0
manchester_city,Manchester City,2017/18,2018-06-30,profit_on_player_sales_original,39057000.0,12,Profit on disposal of players' registrations,Profit and loss account. Values were disclosed in GBP thousands and converted to full GBP.,Full accounts made up to 30 June 2018,https://find-and-update.company-information.service.gov.uk/company/00040946/filing-history/MzIzMTA0NjA0N2FkaXF6a2N4/document?format=pdf&download=0
manchester_city,Manchester City,2017/18,2018-06-30,profit_loss_before_tax_original,10438000.0,12,Profit/(loss) on ordinary activities before taxation,Profit and loss account. Values were disclosed in GBP thousands and converted to full GBP.,Full accounts made up to 30 June 2018,https://find-and-update.company-information.service.gov.uk/company/00040946/filing-history/MzIzMTA0NjA0N2FkaXF6a2N4/document?format=pdf&download=0
manchester_city,Manchester City,2017/18,2018-06-30,net_debt_original,38102000.0,32,Computed net debt from borrowings less cash at bank and in hand,Calculated from finance lease borrowings of GBP 65.957m in the borrowings note and cash at bank and in hand of GBP 27.855m on the balance sheet.,Full accounts made up to 30 June 2018,https://find-and-update.company-information.service.gov.uk/company/00040946/filing-history/MzIzMTA0NjA0N2FkaXF6a2N4/document?format=pdf&download=0
manchester_city,Manchester City,2018/19,2019-06-30,matchday_revenue_original,55007000.0,25,Matchday,Revenue note. Values were disclosed in GBP thousands and converted to full GBP.,Full accounts made up to 30 June 2019,https://find-and-update.company-information.service.gov.uk/company/00040946/filing-history/MzI2NjY0NzkxMmFkaXF6a2N4/document?format=pdf&download=0
manchester_city,Manchester City,2018/19,2019-06-30,broadcast_revenue_original,253176000.0,25,Broadcasting - UEFA and Broadcasting - all other,Revenue note. UEFA and all-other broadcasting lines were combined for the broadcasting category.,Full accounts made up to 30 June 2019,https://find-and-update.company-information.service.gov.uk/company/00040946/filing-history/MzI2NjY0NzkxMmFkaXF6a2N4/document?format=pdf&download=0
manchester_city,Manchester City,2018/19,2019-06-30,commercial_revenue_original,226986000.0,25,Other commercial activities,Revenue note. Values were disclosed in GBP thousands and converted to full GBP.,Full accounts made up to 30 June 2019,https://find-and-update.company-information.service.gov.uk/company/00040946/filing-history/MzI2NjY0NzkxMmFkaXF6a2N4/document?format=pdf&download=0
manchester_city,Manchester City,2018/19,2019-06-30,excluded_player_trading_revenue_original,38787000.0,12,Profit on disposal of players' registrations,Profit and loss account. Excluded from football revenue total.,Full accounts made up to 30 June 2019,https://find-and-update.company-information.service.gov.uk/company/00040946/filing-history/MzI2NjY0NzkxMmFkaXF6a2N4/document?format=pdf&download=0
manchester_city,Manchester City,2018/19,2019-06-30,staff_costs_original,315257000.0,27,Aggregate payroll costs,Employees note. Values were disclosed in GBP thousands and converted to full GBP.,Full accounts made up to 30 June 2019,https://find-and-update.company-information.service.gov.uk/company/00040946/filing-history/MzI2NjY0NzkxMmFkaXF6a2N4/document?format=pdf&download=0
manchester_city,Manchester City,2018/19,2019-06-30,player_amortisation_original,126561000.0,12,Player trading and amortisation,Profit and loss account split between operations excluding player trading and player trading and amortisation. The player-trading and amortisation column is treated as player amortisation here.,Full accounts made up to 30 June 2019,https://find-and-update.company-information.service.gov.uk/company/00040946/filing-history/MzI2NjY0NzkxMmFkaXF6a2N4/document?format=pdf&download=0
manchester_city,Manchester City,2018/19,2019-06-30,profit_on_player_sales_original,38787000.0,12,Profit on disposal of players' registrations,Profit and loss account. Values were disclosed in GBP thousands and converted to full GBP.,Full accounts made up to 30 June 2019,https://find-and-update.company-information.service.gov.uk/company/00040946/filing-history/MzI2NjY0NzkxMmFkaXF6a2N4/document?format=pdf&download=0
manchester_city,Manchester City,2018/19,2019-06-30,profit_loss_before_tax_original,10079000.0,12,Profit on ordinary activities before taxation,Profit and loss account. Values were disclosed in GBP thousands and converted to full GBP.,Full accounts made up to 30 June 2019,https://find-and-update.company-information.service.gov.uk/company/00040946/filing-history/MzI2NjY0NzkxMmFkaXF6a2N4/document?format=pdf&download=0
manchester_city,Manchester City,2018/19,2019-06-30,net_debt_original,-64282000.0,32,Computed net debt from borrowings less cash at bank and in hand,Calculated from finance lease borrowings of GBP 65.574m in the borrowings note and cash at bank and in hand of GBP 129.856m on the balance sheet.,Full accounts made up to 30 June 2019,https://find-and-update.company-information.service.gov.uk/company/00040946/filing-history/MzI2NjY0NzkxMmFkaXF6a2N4/document?format=pdf&download=0
manchester_city,Manchester City,2019/20,2020-06-30,matchday_revenue_original,41694000.0,27,Matchday,Revenue note. Values were disclosed in GBP thousands and converted to full GBP.,Full accounts made up to 30 June 2020,https://find-and-update.company-information.service.gov.uk/company/00040946/filing-history/MzMwNTY0NzkwNmFkaXF6a2N4/document?format=pdf&download=0
manchester_city,Manchester City,2019/20,2020-06-30,broadcast_revenue_original,190324000.0,27,Broadcasting - UEFA and Broadcasting - all other,Revenue note. UEFA and all-other broadcasting lines were combined for the broadcasting category.,Full accounts made up to 30 June 2020,https://find-and-update.company-information.service.gov.uk/company/00040946/filing-history/MzMwNTY0NzkwNmFkaXF6a2N4/document?format=pdf&download=0
manchester_city,Manchester City,2019/20,2020-06-30,commercial_revenue_original,246341000.0,27,Other commercial activities,Revenue note. Values were disclosed in GBP thousands and converted to full GBP.,Full accounts made up to 30 June 2020,https://find-and-update.company-information.service.gov.uk/company/00040946/filing-history/MzMwNTY0NzkwNmFkaXF6a2N4/document?format=pdf&download=0
manchester_city,Manchester City,2019/20,2020-06-30,excluded_player_trading_revenue_original,39803000.0,13,Profit on disposal of players' registrations,Profit and loss account. Excluded from football revenue total.,Full accounts made up to 30 June 2020,https://find-and-update.company-information.service.gov.uk/company/00040946/filing-history/MzMwNTY0NzkwNmFkaXF6a2N4/document?format=pdf&download=0
manchester_city,Manchester City,2019/20,2020-06-30,staff_costs_original,351412000.0,28,Aggregate payroll costs,Employees note. Values were disclosed in GBP thousands and converted to full GBP.,Full accounts made up to 30 June 2020,https://find-and-update.company-information.service.gov.uk/company/00040946/filing-history/MzMwNTY0NzkwNmFkaXF6a2N4/document?format=pdf&download=0
manchester_city,Manchester City,2019/20,2020-06-30,player_amortisation_original,145820000.0,13,Player trading and amortisation,Profit and loss account split between operations excluding player trading and player trading and amortisation. The player-trading and amortisation column is treated as player amortisation here.,Full accounts made up to 30 June 2020,https://find-and-update.company-information.service.gov.uk/company/00040946/filing-history/MzMwNTY0NzkwNmFkaXF6a2N4/document?format=pdf&download=0
manchester_city,Manchester City,2019/20,2020-06-30,profit_on_player_sales_original,39803000.0,13,Profit on disposal of players' registrations,Profit and loss account. Values were disclosed in GBP thousands and converted to full GBP.,Full accounts made up to 30 June 2020,https://find-and-update.company-information.service.gov.uk/company/00040946/filing-history/MzMwNTY0NzkwNmFkaXF6a2N4/document?format=pdf&download=0
manchester_city,Manchester City,2019/20,2020-06-30,profit_loss_before_tax_original,-125120000.0,13,(Loss)/profit on ordinary activities before taxation,Profit and loss account. Values were disclosed in GBP thousands and converted to full GBP.,Full accounts made up to 30 June 2020,https://find-and-update.company-information.service.gov.uk/company/00040946/filing-history/MzMwNTY0NzkwNmFkaXF6a2N4/document?format=pdf&download=0
manchester_city,Manchester City,2019/20,2020-06-30,net_debt_original,47333000.0,33,Computed net debt from lease liabilities less cash at bank and in hand,Calculated from lease liabilities of GBP 65.171m in the leases note and cash at bank and in hand of GBP 17.838m on the balance sheet.,Full accounts made up to 30 June 2020,https://find-and-update.company-information.service.gov.uk/company/00040946/filing-history/MzMwNTY0NzkwNmFkaXF6a2N4/document?format=pdf&download=0
manchester_city,Manchester City,2020/21,2021-06-30,matchday_revenue_original,732000.0,26,Matchday,Revenue note. Values were disclosed in GBP thousands and converted to full GBP.,Full accounts made up to 30 June 2021,https://find-and-update.company-information.service.gov.uk/company/00040946/filing-history/MzMzMTg5NTkwN2FkaXF6a2N4/document?format=pdf&download=0
manchester_city,Manchester City,2020/21,2021-06-30,broadcast_revenue_original,297448000.0,26,Broadcasting - UEFA and Broadcasting - all other,Revenue note. UEFA and all-other broadcasting lines were combined for the broadcasting category.,Full accounts made up to 30 June 2021,https://find-and-update.company-information.service.gov.uk/company/00040946/filing-history/MzMzMTg5NTkwN2FkaXF6a2N4/document?format=pdf&download=0
manchester_city,Manchester City,2020/21,2021-06-30,commercial_revenue_original,271669000.0,26,Other commercial activities,Revenue note. Values were disclosed in GBP thousands and converted to full GBP.,Full accounts made up to 30 June 2021,https://find-and-update.company-information.service.gov.uk/company/00040946/filing-history/MzMzMTg5NTkwN2FkaXF6a2N4/document?format=pdf&download=0
manchester_city,Manchester City,2020/21,2021-06-30,excluded_player_trading_revenue_original,68545000.0,13,Profit on disposal of players' registrations,Statement of profit or loss. Excluded from football revenue total.,Full accounts made up to 30 June 2021,https://find-and-update.company-information.service.gov.uk/company/00040946/filing-history/MzMzMTg5NTkwN2FkaXF6a2N4/document?format=pdf&download=0
manchester_city,Manchester City,2020/21,2021-06-30,staff_costs_original,354689000.0,27,Aggregate payroll costs,Employees note. Values were disclosed in GBP thousands and converted to full GBP.,Full accounts made up to 30 June 2021,https://find-and-update.company-information.service.gov.uk/company/00040946/filing-history/MzMzMTg5NTkwN2FkaXF6a2N4/document?format=pdf&download=0
manchester_city,Manchester City,2020/21,2021-06-30,player_amortisation_original,145697000.0,13,Player trading and amortisation,Statement of profit or loss split between operations excluding player trading and player trading and amortisation. The player-trading and amortisation column is treated as player amortisation here.,Full accounts made up to 30 June 2021,https://find-and-update.company-information.service.gov.uk/company/00040946/filing-history/MzMzMTg5NTkwN2FkaXF6a2N4/document?format=pdf&download=0
manchester_city,Manchester City,2020/21,2021-06-30,profit_on_player_sales_original,68545000.0,13,Profit on disposal of players' registrations,Statement of profit or loss. Values were disclosed in GBP thousands and converted to full GBP.,Full accounts made up to 30 June 2021,https://find-and-update.company-information.service.gov.uk/company/00040946/filing-history/MzMzMTg5NTkwN2FkaXF6a2N4/document?format=pdf&download=0
manchester_city,Manchester City,2020/21,2021-06-30,profit_loss_before_tax_original,5048000.0,13,Profit/(loss) on ordinary activities before taxation,Statement of profit or loss. Values were disclosed in GBP thousands and converted to full GBP.,Full accounts made up to 30 June 2021,https://find-and-update.company-information.service.gov.uk/company/00040946/filing-history/MzMzMTg5NTkwN2FkaXF6a2N4/document?format=pdf&download=0
manchester_city,Manchester City,2020/21,2021-06-30,net_debt_original,19613000.0,32,Computed net debt from lease liabilities less cash at bank and in hand,Calculated from lease liabilities of GBP 64.748m in the leases note and cash at bank and in hand of GBP 45.135m on the balance sheet.,Full accounts made up to 30 June 2021,https://find-and-update.company-information.service.gov.uk/company/00040946/filing-history/MzMzMTg5NTkwN2FkaXF6a2N4/document?format=pdf&download=0
manchester_city,Manchester City,2021/22,2022-06-30,matchday_revenue_original,54482000.0,26,Matchday,Revenue note. Values were disclosed in GBP thousands and converted to full GBP.,Full accounts made up to 30 June 2022,https://find-and-update.company-information.service.gov.uk/company/00040946/filing-history/MzM3NDk5MzUyNmFkaXF6a2N4/document?download=0&format=pdf
manchester_city,Manchester City,2021/22,2022-06-30,broadcast_revenue_original,249060000.0,26,Broadcasting - UEFA and Broadcasting - all other,Revenue note. UEFA and all-other broadcasting lines were combined for the broadcasting category.,Full accounts made up to 30 June 2022,https://find-and-update.company-information.service.gov.uk/company/00040946/filing-history/MzM3NDk5MzUyNmFkaXF6a2N4/document?download=0&format=pdf
manchester_city,Manchester City,2021/22,2022-06-30,commercial_revenue_original,309472000.0,26,Other commercial activities,Revenue note. Values were disclosed in GBP thousands and converted to full GBP.,Full accounts made up to 30 June 2022,https://find-and-update.company-information.service.gov.uk/company/00040946/filing-history/MzM3NDk5MzUyNmFkaXF6a2N4/document?download=0&format=pdf
manchester_city,Manchester City,2021/22,2022-06-30,excluded_player_trading_revenue_original,67699000.0,13,Profit on disposal of players' registrations,Statement of profit or loss. Excluded from football revenue total.,Full accounts made up to 30 June 2022,https://find-and-update.company-information.service.gov.uk/company/00040946/filing-history/MzM3NDk5MzUyNmFkaXF6a2N4/document?download=0&format=pdf
manchester_city,Manchester City,2021/22,2022-06-30,staff_costs_original,353881000.0,27,Aggregate payroll costs,Employees note. Values were disclosed in GBP thousands and converted to full GBP.,Full accounts made up to 30 June 2022,https://find-and-update.company-information.service.gov.uk/company/00040946/filing-history/MzM3NDk5MzUyNmFkaXF6a2N4/document?download=0&format=pdf
manchester_city,Manchester City,2021/22,2022-06-30,player_amortisation_original,140708000.0,26,Amortisation of players' registrations,Operating loss note. Values were disclosed in GBP thousands and converted to full GBP.,Full accounts made up to 30 June 2022,https://find-and-update.company-information.service.gov.uk/company/00040946/filing-history/MzM3NDk5MzUyNmFkaXF6a2N4/document?download=0&format=pdf
manchester_city,Manchester City,2021/22,2022-06-30,profit_on_player_sales_original,67699000.0,13,Profit on disposal of players' registrations,Statement of profit or loss. Values were disclosed in GBP thousands and converted to full GBP.,Full accounts made up to 30 June 2022,https://find-and-update.company-information.service.gov.uk/company/00040946/filing-history/MzM3NDk5MzUyNmFkaXF6a2N4/document?download=0&format=pdf
manchester_city,Manchester City,2021/22,2022-06-30,profit_loss_before_tax_original,41726000.0,13,Profit on ordinary activities before taxation,Statement of profit or loss. Values were disclosed in GBP thousands and converted to full GBP.,Full accounts made up to 30 June 2022,https://find-and-update.company-information.service.gov.uk/company/00040946/filing-history/MzM3NDk5MzUyNmFkaXF6a2N4/document?download=0&format=pdf
manchester_city,Manchester City,2021/22,2022-06-30,net_debt_original,-13450000.0,32,Computed net debt from lease liabilities less cash at bank and in hand,Calculated from lease liabilities of GBP 64.302m in the leases note and cash at bank and in hand of GBP 77.752m on the balance sheet.,Full accounts made up to 30 June 2022,https://find-and-update.company-information.service.gov.uk/company/00040946/filing-history/MzM3NDk5MzUyNmFkaXF6a2N4/document?download=0&format=pdf
manchester_city,Manchester City,2022/23,2023-06-30,matchday_revenue_original,71914000.0,27,Matchday,Revenue note. Values were disclosed in GBP thousands and converted to full GBP.,Full accounts made up to 30 June 2023,https://find-and-update.company-information.service.gov.uk/company/00040946/filing-history/MzQxNjQwNDE4NmFkaXF6a2N4/document?download=0&format=pdf
manchester_city,Manchester City,2022/23,2023-06-30,broadcast_revenue_original,299410000.0,27,Broadcasting - UEFA and Broadcasting - all other,Revenue note. UEFA and all-other broadcasting lines were combined for the broadcasting category.,Full accounts made up to 30 June 2023,https://find-and-update.company-information.service.gov.uk/company/00040946/filing-history/MzQxNjQwNDE4NmFkaXF6a2N4/document?download=0&format=pdf
manchester_city,Manchester City,2022/23,2023-06-30,commercial_revenue_original,341444000.0,27,Other commercial activities,Revenue note. Values were disclosed in GBP thousands and converted to full GBP.,Full accounts made up to 30 June 2023,https://find-and-update.company-information.service.gov.uk/company/00040946/filing-history/MzQxNjQwNDE4NmFkaXF6a2N4/document?download=0&format=pdf
manchester_city,Manchester City,2022/23,2023-06-30,excluded_player_trading_revenue_original,121720000.0,14,Profit on disposal of players' registrations,Statement of profit or loss. Excluded from football revenue total.,Full accounts made up to 30 June 2023,https://find-and-update.company-information.service.gov.uk/company/00040946/filing-history/MzQxNjQwNDE4NmFkaXF6a2N4/document?download=0&format=pdf
manchester_city,Manchester City,2022/23,2023-06-30,staff_costs_original,422895000.0,28,Aggregate payroll costs,"Employees note. Values were disclosed in GBP thousands and converted to full GBP, including share-based payments.",Full accounts made up to 30 June 2023,https://find-and-update.company-information.service.gov.uk/company/00040946/filing-history/MzQxNjQwNDE4NmFkaXF6a2N4/document?download=0&format=pdf
manchester_city,Manchester City,2022/23,2023-06-30,player_amortisation_original,145448000.0,27,Amortisation of players' registrations,Operating loss note. Values were disclosed in GBP thousands and converted to full GBP.,Full accounts made up to 30 June 2023,https://find-and-update.company-information.service.gov.uk/company/00040946/filing-history/MzQxNjQwNDE4NmFkaXF6a2N4/document?download=0&format=pdf
manchester_city,Manchester City,2022/23,2023-06-30,profit_on_player_sales_original,121720000.0,14,Profit on disposal of players' registrations,Statement of profit or loss. Values were disclosed in GBP thousands and converted to full GBP.,Full accounts made up to 30 June 2023,https://find-and-update.company-information.service.gov.uk/company/00040946/filing-history/MzQxNjQwNDE4NmFkaXF6a2N4/document?download=0&format=pdf
manchester_city,Manchester City,2022/23,2023-06-30,profit_loss_before_tax_original,80371000.0,14,Profit/(loss) on ordinary activities before taxation,Statement of profit or loss. Values were disclosed in GBP thousands and converted to full GBP.,Full accounts made up to 30 June 2023,https://find-and-update.company-information.service.gov.uk/company/00040946/filing-history/MzQxNjQwNDE4NmFkaXF6a2N4/document?download=0&format=pdf
manchester_city,Manchester City,2022/23,2023-06-30,net_debt_original,-15425000.0,33,Computed net debt from lease liabilities less cash at bank and in hand,Calculated from lease liabilities of GBP 63.835m in the leases note and cash at bank and in hand of GBP 79.260m on the balance sheet.,Full accounts made up to 30 June 2023,https://find-and-update.company-information.service.gov.uk/company/00040946/filing-history/MzQxNjQwNDE4NmFkaXF6a2N4/document?download=0&format=pdf
manchester_city,Manchester City,2023/24,2024-06-30,matchday_revenue_original,75607000.0,27,Matchday,Revenue note. Values were disclosed in GBP thousands and converted to full GBP.,Full accounts made up to 30 June 2024,https://find-and-update.company-information.service.gov.uk/company/00040946/filing-history/MzQ1NzU3NzIwNWFkaXF6a2N4/document?download=0&format=pdf
manchester_city,Manchester City,2023/24,2024-06-30,broadcast_revenue_original,294731000.0,27,Broadcasting - UEFA and Broadcasting - All Other,Revenue note. UEFA and all-other broadcasting lines were combined for the broadcasting category.,Full accounts made up to 30 June 2024,https://find-and-update.company-information.service.gov.uk/company/00040946/filing-history/MzQ1NzU3NzIwNWFkaXF6a2N4/document?download=0&format=pdf
manchester_city,Manchester City,2023/24,2024-06-30,commercial_revenue_original,344681000.0,27,Other commercial activities,Revenue note. Values were disclosed in GBP thousands and converted to full GBP.,Full accounts made up to 30 June 2024,https://find-and-update.company-information.service.gov.uk/company/00040946/filing-history/MzQ1NzU3NzIwNWFkaXF6a2N4/document?download=0&format=pdf
manchester_city,Manchester City,2023/24,2024-06-30,excluded_player_trading_revenue_original,139009000.0,14,Profit on disposal of players' registrations,Statement of profit or loss. Excluded from football revenue total.,Full accounts made up to 30 June 2024,https://find-and-update.company-information.service.gov.uk/company/00040946/filing-history/MzQ1NzU3NzIwNWFkaXF6a2N4/document?download=0&format=pdf
manchester_city,Manchester City,2023/24,2024-06-30,staff_costs_original,412573000.0,28,Aggregate payroll costs,"Employees note. Values were disclosed in GBP thousands and converted to full GBP, including share-based payments.",Full accounts made up to 30 June 2024,https://find-and-update.company-information.service.gov.uk/company/00040946/filing-history/MzQ1NzU3NzIwNWFkaXF6a2N4/document?download=0&format=pdf
manchester_city,Manchester City,2023/24,2024-06-30,player_amortisation_original,165094000.0,27,Amortisation and impairment of intangible assets,Operating loss note. The player-trading and amortisation split in the statement of profit or loss cross-checks the player amortisation amount.,Full accounts made up to 30 June 2024,https://find-and-update.company-information.service.gov.uk/company/00040946/filing-history/MzQ1NzU3NzIwNWFkaXF6a2N4/document?download=0&format=pdf
manchester_city,Manchester City,2023/24,2024-06-30,profit_on_player_sales_original,139009000.0,14,Profit on disposal of players' registrations,Statement of profit or loss. Values were disclosed in GBP thousands and converted to full GBP.,Full accounts made up to 30 June 2024,https://find-and-update.company-information.service.gov.uk/company/00040946/filing-history/MzQ1NzU3NzIwNWFkaXF6a2N4/document?download=0&format=pdf
manchester_city,Manchester City,2023/24,2024-06-30,profit_loss_before_tax_original,73757000.0,14,Profit/(loss) on ordinary activities before taxation,Statement of profit or loss. Values were disclosed in GBP thousands and converted to full GBP.,Full accounts made up to 30 June 2024,https://find-and-update.company-information.service.gov.uk/company/00040946/filing-history/MzQ1NzU3NzIwNWFkaXF6a2N4/document?download=0&format=pdf
manchester_city,Manchester City,2023/24,2024-06-30,net_debt_original,9577000.0,33,Computed net debt from lease liabilities less cash at bank and in hand,Calculated from lease liabilities of GBP 63.344m in the leases note and cash at bank and in hand of GBP 53.767m on the balance sheet.,Full accounts made up to 30 June 2024,https://find-and-update.company-information.service.gov.uk/company/00040946/filing-history/MzQ1NzU3NzIwNWFkaXF6a2N4/document?download=0&format=pdf
manchester_city,Manchester City,2024/25,2025-06-30,matchday_revenue_original,75084000.0,28,Matchday,Revenue note. Values were disclosed in GBP thousands and converted to full GBP.,Full accounts made up to 30 June 2025,https://find-and-update.company-information.service.gov.uk/company/00040946/filing-history/MzUwODQ0MDY0MmFkaXF6a2N4/document?download=0&format=pdf
manchester_city,Manchester City,2024/25,2025-06-30,broadcast_revenue_original,278627000.0,28,Broadcasting - UEFA and Broadcasting - All Other,Revenue note. UEFA and all-other broadcasting lines were combined for the broadcasting category.,Full accounts made up to 30 June 2025,https://find-and-update.company-information.service.gov.uk/company/00040946/filing-history/MzUwODQ0MDY0MmFkaXF6a2N4/document?download=0&format=pdf
manchester_city,Manchester City,2024/25,2025-06-30,commercial_revenue_original,340383000.0,28,Other commercial activities,Revenue note. Values were disclosed in GBP thousands and converted to full GBP.,Full accounts made up to 30 June 2025,https://find-and-update.company-information.service.gov.uk/company/00040946/filing-history/MzUwODQ0MDY0MmFkaXF6a2N4/document?download=0&format=pdf
manchester_city,Manchester City,2024/25,2025-06-30,excluded_player_trading_revenue_original,95210000.0,15,Profit on disposal of players' registrations,Statement of profit or loss. Excluded from football revenue total.,Full accounts made up to 30 June 2025,https://find-and-update.company-information.service.gov.uk/company/00040946/filing-history/MzUwODQ0MDY0MmFkaXF6a2N4/document?download=0&format=pdf
manchester_city,Manchester City,2024/25,2025-06-30,staff_costs_original,408403000.0,29,Employee costs (Note 7),Operating loss note cross-checking to the employees note. Values were disclosed in GBP thousands and converted to full GBP.,Full accounts made up to 30 June 2025,https://find-and-update.company-information.service.gov.uk/company/00040946/filing-history/MzUwODQ0MDY0MmFkaXF6a2N4/document?download=0&format=pdf
manchester_city,Manchester City,2024/25,2025-06-30,player_amortisation_original,169546000.0,29,Amortisation and impairment of intangible assets,Operating loss note. The player-trading and amortisation split in the statement of profit or loss cross-checks the player amortisation amount.,Full accounts made up to 30 June 2025,https://find-and-update.company-information.service.gov.uk/company/00040946/filing-history/MzUwODQ0MDY0MmFkaXF6a2N4/document?download=0&format=pdf
manchester_city,Manchester City,2024/25,2025-06-30,profit_on_player_sales_original,95210000.0,15,Profit on disposal of players' registrations,Statement of profit or loss. Values were disclosed in GBP thousands and converted to full GBP.,Full accounts made up to 30 June 2025,https://find-and-update.company-information.service.gov.uk/company/00040946/filing-history/MzUwODQ0MDY0MmFkaXF6a2N4/document?download=0&format=pdf
manchester_city,Manchester City,2024/25,2025-06-30,profit_loss_before_tax_original,-9916000.0,15,(Loss)/profit on ordinary activities before taxation,Statement of profit or loss. Values were disclosed in GBP thousands and converted to full GBP.,Full accounts made up to 30 June 2025,https://find-and-update.company-information.service.gov.uk/company/00040946/filing-history/MzUwODQ0MDY0MmFkaXF6a2N4/document?download=0&format=pdf
manchester_city,Manchester City,2024/25,2025-06-30,net_debt_original,-104058000.0,35,Computed net debt from lease liabilities less cash at bank and in hand,Calculated from lease liabilities of GBP 69.666m in the leases note and cash at bank and in hand of GBP 173.724m on the balance sheet.,Full accounts made up to 30 June 2025,https://find-and-update.company-information.service.gov.uk/company/00040946/filing-history/MzUwODQ0MDY0MmFkaXF6a2N4/document?download=0&format=pdf
manchester_united,Manchester United,2011/12,2012-06-30,matchday_revenue_original,98700000.0,70,Matchday revenue,Official Manchester United plc 2012 annual report on Form 20-F. Value disclosed in GBP millions and converted to full GBP.,Manchester United plc 2012 Annual Report on Form 20-F,https://ir.manutd.com/~/media/Files/M/Manutd-IR/Annual%20Reports/manchester-united-plc-20f-20131024.pdf
manchester_united,Manchester United,2011/12,2012-06-30,broadcast_revenue_original,104000000.0,70,Broadcasting revenue,Official Manchester United plc 2012 annual report on Form 20-F. Value disclosed in GBP millions and converted to full GBP.,Manchester United plc 2012 Annual Report on Form 20-F,https://ir.manutd.com/~/media/Files/M/Manutd-IR/Annual%20Reports/manchester-united-plc-20f-20131024.pdf
manchester_united,Manchester United,2011/12,2012-06-30,commercial_revenue_original,117600000.0,70,Commercial revenue,Official Manchester United plc 2012 annual report on Form 20-F. Value disclosed in GBP millions and converted to full GBP.,Manchester United plc 2012 Annual Report on Form 20-F,https://ir.manutd.com/~/media/Files/M/Manutd-IR/Annual%20Reports/manchester-united-plc-20f-20131024.pdf
manchester_united,Manchester United,2011/12,2012-06-30,staff_costs_original,161700000.0,67,Employee benefit expenses,Official Manchester United plc 2012 annual report on Form 20-F. Value disclosed in GBP millions and converted to full GBP.,Manchester United plc 2012 Annual Report on Form 20-F,https://ir.manutd.com/~/media/Files/M/Manutd-IR/Annual%20Reports/manchester-united-plc-20f-20131024.pdf
manchester_united,Manchester United,2011/12,2012-06-30,player_amortisation_original,38300000.0,67,Amortization of players' registrations,Official Manchester United plc 2012 annual report on Form 20-F. Value disclosed in GBP millions and converted to full GBP.,Manchester United plc 2012 Annual Report on Form 20-F,https://ir.manutd.com/~/media/Files/M/Manutd-IR/Annual%20Reports/manchester-united-plc-20f-20131024.pdf
manchester_united,Manchester United,2011/12,2012-06-30,profit_on_player_sales_original,9691000.0,66,Profit on disposal of players' registrations,Official Manchester United plc 2012 annual report on Form 20-F. Value disclosed in GBP thousands and converted to full GBP.,Manchester United plc 2012 Annual Report on Form 20-F,https://ir.manutd.com/~/media/Files/M/Manutd-IR/Annual%20Reports/manchester-united-plc-20f-20131024.pdf
manchester_united,Manchester United,2011/12,2012-06-30,profit_loss_before_tax_original,-4664000.0,66,(Loss)/profit on ordinary activities before tax,Official Manchester United plc 2012 annual report on Form 20-F. Value disclosed in GBP thousands and converted to full GBP.,Manchester United plc 2012 Annual Report on Form 20-F,https://ir.manutd.com/~/media/Files/M/Manutd-IR/Annual%20Reports/manchester-united-plc-20f-20131024.pdf
manchester_united,Manchester United,2011/12,2012-06-30,net_debt_original,366272000.0,157,Net debt at 30 June 2012,Official Manchester United plc 2012 annual report on Form 20-F analysis of changes in net debt note. Value disclosed in GBP thousands and converted to full GBP.,Manchester United plc 2012 Annual Report on Form 20-F,https://ir.manutd.com/~/media/Files/M/Manutd-IR/Annual%20Reports/manchester-united-plc-20f-20131024.pdf
manchester_united,Manchester United,2012/13,2013-06-30,total_revenue_original,194442000.0,19,Turnover,Scanned Manchester United Football Club Limited annual accounts turnover note. Values disclosed in GBP thousands and converted to full GBP.,Manchester United Football Club Limited annual report and financial statements for the year ended 30 June 2013,https://find-and-update.company-information.service.gov.uk/company/00095489/filing-history
manchester_united,Manchester United,2012/13,2013-06-30,commercial_revenue_original,2448000.0,19,Commercial,Turnover note in the club-limited filing. Values disclosed in GBP thousands and converted to full GBP.,Manchester United Football Club Limited annual report and financial statements for the year ended 30 June 2013,https://find-and-update.company-information.service.gov.uk/company/00095489/filing-history
manchester_united,Manchester United,2012/13,2013-06-30,broadcast_revenue_original,94323000.0,19,Broadcasting,Turnover note in the club-limited filing. Values disclosed in GBP thousands and converted to full GBP.,Manchester United Football Club Limited annual report and financial statements for the year ended 30 June 2013,https://find-and-update.company-information.service.gov.uk/company/00095489/filing-history
manchester_united,Manchester United,2012/13,2013-06-30,matchday_revenue_original,97671000.0,19,Matchday,Turnover note in the club-limited filing. Values disclosed in GBP thousands and converted to full GBP.,Manchester United Football Club Limited annual report and financial statements for the year ended 30 June 2013,https://find-and-update.company-information.service.gov.uk/company/00095489/filing-history
manchester_united,Manchester United,2012/13,2013-06-30,staff_costs_original,145799000.0,21,Staff costs,Staff-cost note in the scanned annual accounts. Values disclosed in GBP thousands and converted to full GBP.,Manchester United Football Club Limited annual report and financial statements for the year ended 30 June 2013,https://find-and-update.company-information.service.gov.uk/company/00095489/filing-history
manchester_united,Manchester United,2012/13,2013-06-30,player_amortisation_original,41714000.0,20,Amortisation of players' registrations,Operating-expenses note in the scanned annual accounts. Values disclosed in GBP thousands and converted to full GBP.,Manchester United Football Club Limited annual report and financial statements for the year ended 30 June 2013,https://find-and-update.company-information.service.gov.uk/company/00095489/filing-history
manchester_united,Manchester United,2012/13,2013-06-30,profit_on_player_sales_original,9162000.0,12,Profit on disposal of players' registrations,Profit and loss account in the scanned annual accounts. Values disclosed in GBP thousands and converted to full GBP.,Manchester United Football Club Limited annual report and financial statements for the year ended 30 June 2013,https://find-and-update.company-information.service.gov.uk/company/00095489/filing-history
manchester_united,Manchester United,2012/13,2013-06-30,profit_loss_before_tax_original,-22684000.0,12,Loss on ordinary activities before taxation,Profit and loss account in the scanned annual accounts. Values disclosed in GBP thousands and converted to full GBP.,Manchester United Football Club Limited annual report and financial statements for the year ended 30 June 2013,https://find-and-update.company-information.service.gov.uk/company/00095489/filing-history
manchester_united,Manchester United,2012/13,2013-06-30,net_debt_original,320923000.0,29,Estimated net debt from fellow-subsidiary senior secured notes and secured term loan less cash at bank and in hand,"Calculated from the debt-of-fellow-subsidiary note showing GBP 177.5m senior secured notes and GBP 208.2m secured term loan, less GBP 64.777m cash at bank and in hand from the balance sheet.",Manchester United Football Club Limited annual report and financial statements for the year ended 30 June 2013,https://find-and-update.company-information.service.gov.uk/company/00095489/filing-history
manchester_united,Manchester United,2013/14,2014-06-30,total_revenue_original,228676000.0,16,Turnover,Scanned Manchester United Football Club Limited annual accounts turnover note. Values disclosed in GBP thousands and converted to full GBP.,Manchester United Football Club Limited annual report and financial statements for the year ended 30 June 2014,https://find-and-update.company-information.service.gov.uk/company/00095489/filing-history
manchester_united,Manchester United,2013/14,2014-06-30,commercial_revenue_original,3813000.0,16,Commercial,Turnover note in the club-limited filing. Values disclosed in GBP thousands and converted to full GBP.,Manchester United Football Club Limited annual report and financial statements for the year ended 30 June 2014,https://find-and-update.company-information.service.gov.uk/company/00095489/filing-history
manchester_united,Manchester United,2013/14,2014-06-30,broadcast_revenue_original,129018000.0,16,Broadcasting,Turnover note in the club-limited filing. Values disclosed in GBP thousands and converted to full GBP.,Manchester United Football Club Limited annual report and financial statements for the year ended 30 June 2014,https://find-and-update.company-information.service.gov.uk/company/00095489/filing-history
manchester_united,Manchester United,2013/14,2014-06-30,matchday_revenue_original,95845000.0,16,Matchday,Turnover note in the club-limited filing. Values disclosed in GBP thousands and converted to full GBP.,Manchester United Football Club Limited annual report and financial statements for the year ended 30 June 2014,https://find-and-update.company-information.service.gov.uk/company/00095489/filing-history
manchester_united,Manchester United,2013/14,2014-06-30,staff_costs_original,165350000.0,18,Staff costs,Staff-cost note in the scanned annual accounts. Values disclosed in GBP thousands and converted to full GBP.,Manchester United Football Club Limited annual report and financial statements for the year ended 30 June 2014,https://find-and-update.company-information.service.gov.uk/company/00095489/filing-history
manchester_united,Manchester United,2013/14,2014-06-30,player_amortisation_original,55290000.0,17,Amortisation of players' registrations,Operating-expenses note in the scanned annual accounts. Values disclosed in GBP thousands and converted to full GBP.,Manchester United Football Club Limited annual report and financial statements for the year ended 30 June 2014,https://find-and-update.company-information.service.gov.uk/company/00095489/filing-history
manchester_united,Manchester United,2013/14,2014-06-30,profit_on_player_sales_original,6991000.0,10,Profit on disposal of players' registrations,Profit and loss account in the scanned annual accounts. Values disclosed in GBP thousands and converted to full GBP.,Manchester United Football Club Limited annual report and financial statements for the year ended 30 June 2014,https://find-and-update.company-information.service.gov.uk/company/00095489/filing-history
manchester_united,Manchester United,2013/14,2014-06-30,profit_loss_before_tax_original,-44294000.0,10,Loss on ordinary activities before tax,Profit and loss account in the scanned annual accounts. Values disclosed in GBP thousands and converted to full GBP.,Manchester United Football Club Limited annual report and financial statements for the year ended 30 June 2014,https://find-and-update.company-information.service.gov.uk/company/00095489/filing-history
manchester_united,Manchester United,2013/14,2014-06-30,net_debt_original,307005000.0,25,Estimated net debt from fellow-subsidiary senior secured notes and secured term loan less cash at bank and in hand,"Calculated from the debt-of-fellow-subsidiary note showing GBP 157.4m senior secured notes and GBP 180.0m secured term loan, less GBP 30.395m cash at bank and in hand from the balance sheet.",Manchester United Football Club Limited annual report and financial statements for the year ended 30 June 2014,https://find-and-update.company-information.service.gov.uk/company/00095489/filing-history
manchester_united,Manchester United,2014/15,2015-06-30,total_revenue_original,182623000.0,16,Turnover,Scanned Manchester United Football Club Limited annual accounts turnover note. Values disclosed in GBP thousands and converted to full GBP.,Manchester United Football Club Limited annual report and financial statements for the year ended 30 June 2015,https://find-and-update.company-information.service.gov.uk/company/00095489/filing-history
manchester_united,Manchester United,2014/15,2015-06-30,commercial_revenue_original,3940000.0,16,Commercial,Turnover note in the club-limited filing. Values disclosed in GBP thousands and converted to full GBP.,Manchester United Football Club Limited annual report and financial statements for the year ended 30 June 2015,https://find-and-update.company-information.service.gov.uk/company/00095489/filing-history
manchester_united,Manchester United,2014/15,2015-06-30,broadcast_revenue_original,99997000.0,16,Broadcasting,Turnover note in the club-limited filing. Values disclosed in GBP thousands and converted to full GBP.,Manchester United Football Club Limited annual report and financial statements for the year ended 30 June 2015,https://find-and-update.company-information.service.gov.uk/company/00095489/filing-history
manchester_united,Manchester United,2014/15,2015-06-30,matchday_revenue_original,78686000.0,16,Matchday,Turnover note in the club-limited filing. Values disclosed in GBP thousands and converted to full GBP.,Manchester United Football Club Limited annual report and financial statements for the year ended 30 June 2015,https://find-and-update.company-information.service.gov.uk/company/00095489/filing-history
manchester_united,Manchester United,2014/15,2015-06-30,staff_costs_original,158289000.0,18,Staff costs,Staff-cost note in the scanned annual accounts. Values disclosed in GBP thousands and converted to full GBP.,Manchester United Football Club Limited annual report and financial statements for the year ended 30 June 2015,https://find-and-update.company-information.service.gov.uk/company/00095489/filing-history
manchester_united,Manchester United,2014/15,2015-06-30,player_amortisation_original,99534000.0,17,Amortisation of players' registrations,Operating-expenses note in the scanned annual accounts. Values disclosed in GBP thousands and converted to full GBP.,Manchester United Football Club Limited annual report and financial statements for the year ended 30 June 2015,https://find-and-update.company-information.service.gov.uk/company/00095489/filing-history
manchester_united,Manchester United,2014/15,2015-06-30,profit_on_player_sales_original,23649000.0,10,Profit on disposal of players' registrations,Profit and loss account in the scanned annual accounts. Values disclosed in GBP thousands and converted to full GBP.,Manchester United Football Club Limited annual report and financial statements for the year ended 30 June 2015,https://find-and-update.company-information.service.gov.uk/company/00095489/filing-history
manchester_united,Manchester United,2014/15,2015-06-30,profit_loss_before_tax_original,-81224000.0,10,Loss on ordinary activities before tax,Profit and loss account in the scanned annual accounts. Values disclosed in GBP thousands and converted to full GBP.,Manchester United Football Club Limited annual report and financial statements for the year ended 30 June 2015,https://find-and-update.company-information.service.gov.uk/company/00095489/filing-history
manchester_united,Manchester United,2014/15,2015-06-30,net_debt_original,336608000.0,25,Estimated net debt from fellow-subsidiary senior secured notes and secured term loan less cash at bank and in hand,"Calculated from the debt-of-fellow-subsidiary note showing GBP 265.7m senior secured notes and GBP 140.2m secured term loan, less GBP 69.292m cash at bank and in hand from the balance sheet.",Manchester United Football Club Limited annual report and financial statements for the year ended 30 June 2015,https://find-and-update.company-information.service.gov.uk/company/00095489/filing-history
manchester_united,Manchester United,2015/16,2016-06-30,total_revenue_original,230271000.0,19,Revenue,Scanned Manchester United Football Club Limited annual accounts revenue note. Values disclosed in GBP thousands and converted to full GBP.,Manchester United Football Club Limited annual report and financial statements for the year ended 30 June 2016,https://find-and-update.company-information.service.gov.uk/company/00095489/filing-history
manchester_united,Manchester United,2015/16,2016-06-30,commercial_revenue_original,4022000.0,19,Commercial,Revenue note in the club-limited filing. Values disclosed in GBP thousands and converted to full GBP.,Manchester United Football Club Limited annual report and financial statements for the year ended 30 June 2016,https://find-and-update.company-information.service.gov.uk/company/00095489/filing-history
manchester_united,Manchester United,2015/16,2016-06-30,broadcast_revenue_original,131395000.0,19,Broadcasting,Revenue note in the club-limited filing. Values disclosed in GBP thousands and converted to full GBP.,Manchester United Football Club Limited annual report and financial statements for the year ended 30 June 2016,https://find-and-update.company-information.service.gov.uk/company/00095489/filing-history
manchester_united,Manchester United,2015/16,2016-06-30,matchday_revenue_original,94854000.0,19,Matchday,Revenue note in the club-limited filing. Values disclosed in GBP thousands and converted to full GBP.,Manchester United Football Club Limited annual report and financial statements for the year ended 30 June 2016,https://find-and-update.company-information.service.gov.uk/company/00095489/filing-history
manchester_united,Manchester United,2015/16,2016-06-30,staff_costs_original,184946000.0,21,Employee benefit expense,Employees and directors note in the scanned annual accounts. Values disclosed in GBP thousands and converted to full GBP.,Manchester United Football Club Limited annual report and financial statements for the year ended 30 June 2016,https://find-and-update.company-information.service.gov.uk/company/00095489/filing-history
manchester_united,Manchester United,2015/16,2016-06-30,player_amortisation_original,87853000.0,20,Amortisation of intangible assets,Operating-expenses note in the scanned annual accounts. Values disclosed in GBP thousands and converted to full GBP.,Manchester United Football Club Limited annual report and financial statements for the year ended 30 June 2016,https://find-and-update.company-information.service.gov.uk/company/00095489/filing-history
manchester_united,Manchester United,2015/16,2016-06-30,profit_on_player_sales_original,-9786000.0,9,(Loss)/profit on disposal of intangible assets,Income statement in the scanned annual accounts. Values disclosed in GBP thousands and converted to full GBP.,Manchester United Football Club Limited annual report and financial statements for the year ended 30 June 2016,https://find-and-update.company-information.service.gov.uk/company/00095489/filing-history
manchester_united,Manchester United,2015/16,2016-06-30,profit_loss_before_tax_original,-111741000.0,9,Loss on ordinary activities before tax,Income statement in the scanned annual accounts. Values disclosed in GBP thousands and converted to full GBP.,Manchester United Football Club Limited annual report and financial statements for the year ended 30 June 2016,https://find-and-update.company-information.service.gov.uk/company/00095489/filing-history
manchester_united,Manchester United,2015/16,2016-06-30,net_debt_original,256539000.0,25,Estimated net debt from fellow-subsidiary senior secured notes and secured term loan less cash at bank and in hand,"Calculated from the debt-of-fellow-subsidiary note showing GBP 265.7m senior secured notes and GBP 140.2m secured term loan, less GBP 149.361m cash at bank and in hand from the balance sheet.",Manchester United Football Club Limited annual report and financial statements for the year ended 30 June 2016,https://find-and-update.company-information.service.gov.uk/company/00095489/filing-history
manchester_united,Manchester United,2021/22,2022-06-30,total_revenue_original,583201000.0,72,Revenue,"Selected statement of profit or loss data for the year ended 30 June 2022, disclosed in GBP thousands and converted to full GBP.",Manchester United plc 2022 Annual Report on Form 20-F,https://ir.manutd.com/financial-information/annual-reports/2022.aspx
manchester_united,Manchester United,2021/22,2022-06-30,commercial_revenue_original,257820000.0,72,Commercial revenue,"Selected statement of profit or loss data for the year ended 30 June 2022, disclosed in GBP thousands and converted to full GBP.",Manchester United plc 2022 Annual Report on Form 20-F,https://ir.manutd.com/financial-information/annual-reports/2022.aspx
manchester_united,Manchester United,2021/22,2022-06-30,broadcast_revenue_original,214847000.0,72,Broadcasting revenue,"Selected statement of profit or loss data for the year ended 30 June 2022, disclosed in GBP thousands and converted to full GBP.",Manchester United plc 2022 Annual Report on Form 20-F,https://ir.manutd.com/financial-information/annual-reports/2022.aspx
manchester_united,Manchester United,2021/22,2022-06-30,matchday_revenue_original,110534000.0,72,Matchday revenue,"Selected statement of profit or loss data for the year ended 30 June 2022, disclosed in GBP thousands and converted to full GBP.",Manchester United plc 2022 Annual Report on Form 20-F,https://ir.manutd.com/financial-information/annual-reports/2022.aspx
manchester_united,Manchester United,2021/22,2022-06-30,staff_costs_original,384141000.0,72,Employee benefit expenses,"Selected statement of profit or loss data for the year ended 30 June 2022, disclosed in GBP thousands and converted to full GBP.",Manchester United plc 2022 Annual Report on Form 20-F,https://ir.manutd.com/financial-information/annual-reports/2022.aspx
manchester_united,Manchester United,2021/22,2022-06-30,player_amortisation_original,151462000.0,72,Amortization,"Selected statement of profit or loss data for the year ended 30 June 2022, disclosed in GBP thousands and converted to full GBP.",Manchester United plc 2022 Annual Report on Form 20-F,https://ir.manutd.com/financial-information/annual-reports/2022.aspx
manchester_united,Manchester United,2021/22,2022-06-30,profit_on_player_sales_original,21935000.0,72,Profit on disposal of intangible assets,"Selected statement of profit or loss data for the year ended 30 June 2022, disclosed in GBP thousands and converted to full GBP.",Manchester United plc 2022 Annual Report on Form 20-F,https://ir.manutd.com/financial-information/annual-reports/2022.aspx
manchester_united,Manchester United,2021/22,2022-06-30,profit_loss_before_tax_original,-149623000.0,72,Loss before income tax,"Selected statement of profit or loss data for the year ended 30 June 2022, disclosed in GBP thousands and converted to full GBP.",Manchester United plc 2022 Annual Report on Form 20-F,https://ir.manutd.com/financial-information/annual-reports/2022.aspx
manchester_united,Manchester United,2021/22,2022-06-30,net_debt_original,514899000.0,161,Net debt at 30 June 2022,"Net debt reconciliation note, disclosed in GBP thousands and converted to full GBP.",Manchester United plc 2022 Annual Report on Form 20-F,https://ir.manutd.com/financial-information/annual-reports/2022.aspx
manchester_united,Manchester United,2022/23,2023-06-30,total_revenue_original,648401000.0,63,Revenue,"Selected audited consolidated statement of profit or loss data for the year ended 30 June 2023, disclosed in GBP thousands and converted to full GBP.",Manchester United plc 2023 Annual Report on Form 20-F,https://ir.manutd.com/financial-information/annual-reports/2023.aspx
manchester_united,Manchester United,2022/23,2023-06-30,commercial_revenue_original,302886000.0,63,Commercial revenue,"Selected audited consolidated statement of profit or loss data for the year ended 30 June 2023, disclosed in GBP thousands and converted to full GBP.",Manchester United plc 2023 Annual Report on Form 20-F,https://ir.manutd.com/financial-information/annual-reports/2023.aspx
manchester_united,Manchester United,2022/23,2023-06-30,broadcast_revenue_original,209095000.0,63,Broadcasting revenue,"Selected audited consolidated statement of profit or loss data for the year ended 30 June 2023, disclosed in GBP thousands and converted to full GBP.",Manchester United plc 2023 Annual Report on Form 20-F,https://ir.manutd.com/financial-information/annual-reports/2023.aspx
manchester_united,Manchester United,2022/23,2023-06-30,matchday_revenue_original,136420000.0,63,Matchday revenue,"Selected audited consolidated statement of profit or loss data for the year ended 30 June 2023, disclosed in GBP thousands and converted to full GBP.",Manchester United plc 2023 Annual Report on Form 20-F,https://ir.manutd.com/financial-information/annual-reports/2023.aspx
manchester_united,Manchester United,2022/23,2023-06-30,staff_costs_original,331374000.0,63,Employee benefit expenses,"Selected audited consolidated statement of profit or loss data for the year ended 30 June 2023, disclosed in GBP thousands and converted to full GBP.",Manchester United plc 2023 Annual Report on Form 20-F,https://ir.manutd.com/financial-information/annual-reports/2023.aspx
manchester_united,Manchester United,2022/23,2023-06-30,player_amortisation_original,172684000.0,63,Amortization,"Selected audited consolidated statement of profit or loss data for the year ended 30 June 2023, disclosed in GBP thousands and converted to full GBP.",Manchester United plc 2023 Annual Report on Form 20-F,https://ir.manutd.com/financial-information/annual-reports/2023.aspx
manchester_united,Manchester United,2022/23,2023-06-30,profit_on_player_sales_original,20424000.0,63,Profit on disposal of intangible assets,"Selected audited consolidated statement of profit or loss data for the year ended 30 June 2023, disclosed in GBP thousands and converted to full GBP.",Manchester United plc 2023 Annual Report on Form 20-F,https://ir.manutd.com/financial-information/annual-reports/2023.aspx
manchester_united,Manchester United,2022/23,2023-06-30,profit_loss_before_tax_original,-32574000.0,63,Loss before income tax,"Selected audited consolidated statement of profit or loss data for the year ended 30 June 2023, disclosed in GBP thousands and converted to full GBP.",Manchester United plc 2023 Annual Report on Form 20-F,https://ir.manutd.com/financial-information/annual-reports/2023.aspx
manchester_united,Manchester United,2022/23,2023-06-30,net_debt_original,537277000.0,148,Net debt at 30 June 2023,"Net debt reconciliation note, disclosed in GBP thousands and converted to full GBP.",Manchester United plc 2023 Annual Report on Form 20-F,https://ir.manutd.com/financial-information/annual-reports/2023.aspx
manchester_united,Manchester United,2023/24,2024-06-30,total_revenue_original,661755000.0,7,Revenue from contracts with customers,"Selected financial data table for the year ended 30 June 2024, disclosed in GBP thousands and converted to full GBP.",Manchester United plc 2024 Annual Report on Form 20-F,https://ir.manutd.com/financial-information/annual-reports/2024.aspx
manchester_united,Manchester United,2023/24,2024-06-30,commercial_revenue_original,302876000.0,7,Commercial revenue,"Selected financial data table for the year ended 30 June 2024, disclosed in GBP thousands and converted to full GBP.",Manchester United plc 2024 Annual Report on Form 20-F,https://ir.manutd.com/financial-information/annual-reports/2024.aspx
manchester_united,Manchester United,2023/24,2024-06-30,broadcast_revenue_original,221745000.0,7,Broadcasting revenue,"Selected financial data table for the year ended 30 June 2024, disclosed in GBP thousands and converted to full GBP.",Manchester United plc 2024 Annual Report on Form 20-F,https://ir.manutd.com/financial-information/annual-reports/2024.aspx
manchester_united,Manchester United,2023/24,2024-06-30,matchday_revenue_original,137134000.0,7,Matchday revenue,"Selected financial data table for the year ended 30 June 2024, disclosed in GBP thousands and converted to full GBP.",Manchester United plc 2024 Annual Report on Form 20-F,https://ir.manutd.com/financial-information/annual-reports/2024.aspx
manchester_united,Manchester United,2023/24,2024-06-30,staff_costs_original,364719000.0,7,Employee benefit expenses,"Selected financial data table for the year ended 30 June 2024, disclosed in GBP thousands and converted to full GBP.",Manchester United plc 2024 Annual Report on Form 20-F,https://ir.manutd.com/financial-information/annual-reports/2024.aspx
manchester_united,Manchester United,2023/24,2024-06-30,player_amortisation_original,190123000.0,7,Amortization,"Selected financial data table for the year ended 30 June 2024, disclosed in GBP thousands and converted to full GBP.",Manchester United plc 2024 Annual Report on Form 20-F,https://ir.manutd.com/financial-information/annual-reports/2024.aspx
manchester_united,Manchester United,2023/24,2024-06-30,profit_on_player_sales_original,37422000.0,7,Profit on disposal of intangible assets,"Selected financial data table for the year ended 30 June 2024, disclosed in GBP thousands and converted to full GBP.",Manchester United plc 2024 Annual Report on Form 20-F,https://ir.manutd.com/financial-information/annual-reports/2024.aspx
manchester_united,Manchester United,2023/24,2024-06-30,profit_loss_before_tax_original,-130724000.0,7,Loss before income tax,"Selected financial data table for the year ended 30 June 2024, disclosed in GBP thousands and converted to full GBP.",Manchester United plc 2024 Annual Report on Form 20-F,https://ir.manutd.com/financial-information/annual-reports/2024.aspx
manchester_united,Manchester United,2023/24,2024-06-30,net_debt_original,473072000.0,154,Net debt at 30 June 2024,"Net debt reconciliation note, disclosed in GBP thousands and converted to full GBP.",Manchester United plc 2024 Annual Report on Form 20-F,https://ir.manutd.com/financial-information/annual-reports/2024.aspx
manchester_united,Manchester United,2024/25,2025-06-30,total_revenue_original,666514000.0,53,Revenue,"Selected audited consolidated statement of profit or loss data for the year ended 30 June 2025, disclosed in GBP thousands and converted to full GBP.",Manchester United plc 2025 Annual Report on Form 20-F,https://ir.manutd.com/financial-information/annual-reports/2025.aspx
manchester_united,Manchester United,2024/25,2025-06-30,commercial_revenue_original,333274000.0,53,Commercial revenue,"Selected audited consolidated statement of profit or loss data for the year ended 30 June 2025, disclosed in GBP thousands and converted to full GBP.",Manchester United plc 2025 Annual Report on Form 20-F,https://ir.manutd.com/financial-information/annual-reports/2025.aspx
manchester_united,Manchester United,2024/25,2025-06-30,broadcast_revenue_original,172977000.0,53,Broadcasting revenue,"Selected audited consolidated statement of profit or loss data for the year ended 30 June 2025, disclosed in GBP thousands and converted to full GBP.",Manchester United plc 2025 Annual Report on Form 20-F,https://ir.manutd.com/financial-information/annual-reports/2025.aspx
manchester_united,Manchester United,2024/25,2025-06-30,matchday_revenue_original,160263000.0,53,Matchday revenue,"Selected audited consolidated statement of profit or loss data for the year ended 30 June 2025, disclosed in GBP thousands and converted to full GBP.",Manchester United plc 2025 Annual Report on Form 20-F,https://ir.manutd.com/financial-information/annual-reports/2025.aspx
manchester_united,Manchester United,2024/25,2025-06-30,staff_costs_original,313256000.0,53,Employee benefit expenses,"Selected audited consolidated statement of profit or loss data for the year ended 30 June 2025, disclosed in GBP thousands and converted to full GBP.",Manchester United plc 2025 Annual Report on Form 20-F,https://ir.manutd.com/financial-information/annual-reports/2025.aspx
manchester_united,Manchester United,2024/25,2025-06-30,player_amortisation_original,196373000.0,53,Amortization,"Selected audited consolidated statement of profit or loss data for the year ended 30 June 2025, disclosed in GBP thousands and converted to full GBP.",Manchester United plc 2025 Annual Report on Form 20-F,https://ir.manutd.com/financial-information/annual-reports/2025.aspx
manchester_united,Manchester United,2024/25,2025-06-30,profit_on_player_sales_original,48742000.0,53,Profit on disposal of intangible assets,"Selected audited consolidated statement of profit or loss data for the year ended 30 June 2025, disclosed in GBP thousands and converted to full GBP.",Manchester United plc 2025 Annual Report on Form 20-F,https://ir.manutd.com/financial-information/annual-reports/2025.aspx
manchester_united,Manchester United,2024/25,2025-06-30,profit_loss_before_tax_original,-39664000.0,53,Loss before income tax,"Selected audited consolidated statement of profit or loss data for the year ended 30 June 2025, disclosed in GBP thousands and converted to full GBP.",Manchester United plc 2025 Annual Report on Form 20-F,https://ir.manutd.com/financial-information/annual-reports/2025.aspx
manchester_united,Manchester United,2024/25,2025-06-30,net_debt_original,550869000.0,141,Net debt at 30 June 2025,"Net debt reconciliation note, disclosed in GBP thousands and converted to full GBP.",Manchester United plc 2025 Annual Report on Form 20-F,https://ir.manutd.com/financial-information/annual-reports/2025.aspx
tottenham_hotspur,Tottenham Hotspur,2011/12,2012-06-30,matchday_revenue_original,27659000.0,17,Gate receipts - Premier League plus Cup competitions - Gate receipts and domestic prize money,Tottenham revenue note. Values were disclosed in GBP thousands and converted to full GBP.,Group of companies' accounts made up to 30 June 2012,https://find-and-update.company-information.service.gov.uk/company/01706358/filing-history/MzA3NTgyOTE2NmFkaXF6a2N4/document?format=pdf&download=0
tottenham_hotspur,Tottenham Hotspur,2011/12,2012-06-30,broadcast_revenue_original,63561000.0,17,Media and broadcasting plus UEFA solidarity and prize money,Tottenham revenue note. UEFA solidarity and prize money has been grouped with broadcasting for comparability.,Group of companies' accounts made up to 30 June 2012,https://find-and-update.company-information.service.gov.uk/company/01706358/filing-history/MzA3NTgyOTE2NmFkaXF6a2N4/document?format=pdf&download=0
tottenham_hotspur,Tottenham Hotspur,2011/12,2012-06-30,commercial_revenue_original,52936000.0,17,"Sponsorship and corporate hospitality, Merchandising, and Other",Tottenham revenue note. Commercial category has been formed by combining the disclosed non-broadcasting commercial lines.,Group of companies' accounts made up to 30 June 2012,https://find-and-update.company-information.service.gov.uk/company/01706358/filing-history/MzA3NTgyOTE2NmFkaXF6a2N4/document?format=pdf&download=0
tottenham_hotspur,Tottenham Hotspur,2011/12,2012-06-30,staff_costs_original,90206000.0,19,Aggregate payroll costs,Staff numbers and costs note. Values were disclosed in GBP thousands and converted to full GBP.,Group of companies' accounts made up to 30 June 2012,https://find-and-update.company-information.service.gov.uk/company/01706358/filing-history/MzA3NTgyOTE2NmFkaXF6a2N4/document?format=pdf&download=0
tottenham_hotspur,Tottenham Hotspur,2011/12,2012-06-30,profit_on_player_sales_original,9200000.0,19,Profit on disposal of intangible fixed assets,This line is used as the closest disclosed proxy for profit on disposal of player registrations in the club's accounts.,Group of companies' accounts made up to 30 June 2012,https://find-and-update.company-information.service.gov.uk/company/01706358/filing-history/MzA3NTgyOTE2NmFkaXF6a2N4/document?format=pdf&download=0
tottenham_hotspur,Tottenham Hotspur,2011/12,2012-06-30,profit_loss_before_tax_original,-7304000.0,21,(Loss)/profit on ordinary activities before taxation,Tax note. Values were disclosed in GBP thousands and converted to full GBP.,Group of companies' accounts made up to 30 June 2012,https://find-and-update.company-information.service.gov.uk/company/01706358/filing-history/MzA3NTgyOTE2NmFkaXF6a2N4/document?format=pdf&download=0
tottenham_hotspur,Tottenham Hotspur,2011/12,2012-06-30,net_debt_original,70096000.0,33,Net debt,Net debt note. Values were disclosed in GBP thousands and converted to full GBP.,Group of companies' accounts made up to 30 June 2012,https://find-and-update.company-information.service.gov.uk/company/01706358/filing-history/MzA3NTgyOTE2NmFkaXF6a2N4/document?format=pdf&download=0
tottenham_hotspur,Tottenham Hotspur,2012/13,2013-06-30,matchday_revenue_original,33491000.0,16,Match receipts,Revenue note. Values were disclosed in GBP thousands and converted to full GBP.,Group of companies accounts made up to 30 June 2013,https://find-and-update.company-information.service.gov.uk/company/01706358/filing-history/MzA5Nzc5MjQzOGFkaXF6a2N4/document?format=pdf&download=0
tottenham_hotspur,Tottenham Hotspur,2012/13,2013-06-30,broadcast_revenue_original,57347000.0,16,TV and media,Revenue note. Values were disclosed in GBP thousands and converted to full GBP.,Group of companies accounts made up to 30 June 2013,https://find-and-update.company-information.service.gov.uk/company/01706358/filing-history/MzA5Nzc5MjQzOGFkaXF6a2N4/document?format=pdf&download=0
tottenham_hotspur,Tottenham Hotspur,2012/13,2013-06-30,commercial_revenue_original,56554000.0,16,Commercial,Revenue note. Values were disclosed in GBP thousands and converted to full GBP.,Group of companies accounts made up to 30 June 2013,https://find-and-update.company-information.service.gov.uk/company/01706358/filing-history/MzA5Nzc5MjQzOGFkaXF6a2N4/document?format=pdf&download=0
tottenham_hotspur,Tottenham Hotspur,2012/13,2013-06-30,staff_costs_original,96087000.0,18,Aggregate payroll costs,Staff numbers and costs note. Values were disclosed in GBP thousands and converted to full GBP.,Group of companies accounts made up to 30 June 2013,https://find-and-update.company-information.service.gov.uk/company/01706358/filing-history/MzA5Nzc5MjQzOGFkaXF6a2N4/document?format=pdf&download=0
tottenham_hotspur,Tottenham Hotspur,2012/13,2013-06-30,profit_on_player_sales_original,26343000.0,18,Profit on disposal of intangible fixed assets,Used as the closest disclosed proxy for profit on disposal of player registrations.,Group of companies accounts made up to 30 June 2013,https://find-and-update.company-information.service.gov.uk/company/01706358/filing-history/MzA5Nzc5MjQzOGFkaXF6a2N4/document?format=pdf&download=0
tottenham_hotspur,Tottenham Hotspur,2012/13,2013-06-30,profit_loss_before_tax_original,3682000.0,20,Profit on ordinary activities before taxation,Tax note. Values were disclosed in GBP thousands and converted to full GBP.,Group of companies accounts made up to 30 June 2013,https://find-and-update.company-information.service.gov.uk/company/01706358/filing-history/MzA5Nzc5MjQzOGFkaXF6a2N4/document?format=pdf&download=0
tottenham_hotspur,Tottenham Hotspur,2012/13,2013-06-30,net_debt_original,54799000.0,34,Net debt,Net debt note. Values were disclosed in GBP thousands and converted to full GBP.,Group of companies accounts made up to 30 June 2013,https://find-and-update.company-information.service.gov.uk/company/01706358/filing-history/MzA5Nzc5MjQzOGFkaXF6a2N4/document?format=pdf&download=0
tottenham_hotspur,Tottenham Hotspur,2013/14,2014-06-30,matchday_revenue_original,34801000.0,17,Match receipts,Revenue note. Values were disclosed in GBP thousands and converted to full GBP.,Group of companies accounts made up to 30 June 2014,https://find-and-update.company-information.service.gov.uk/company/01706358/filing-history/MzEyMTAxOTUyNmFkaXF6a2N4/document?format=pdf&download=0
tottenham_hotspur,Tottenham Hotspur,2013/14,2014-06-30,broadcast_revenue_original,89512000.0,17,TV and media,Revenue note. Values were disclosed in GBP thousands and converted to full GBP.,Group of companies accounts made up to 30 June 2014,https://find-and-update.company-information.service.gov.uk/company/01706358/filing-history/MzEyMTAxOTUyNmFkaXF6a2N4/document?format=pdf&download=0
tottenham_hotspur,Tottenham Hotspur,2013/14,2014-06-30,commercial_revenue_original,56228000.0,17,Commercial,Revenue note. Values were disclosed in GBP thousands and converted to full GBP.,Group of companies accounts made up to 30 June 2014,https://find-and-update.company-information.service.gov.uk/company/01706358/filing-history/MzEyMTAxOTUyNmFkaXF6a2N4/document?format=pdf&download=0
tottenham_hotspur,Tottenham Hotspur,2013/14,2014-06-30,staff_costs_original,100400000.0,19,Aggregate payroll costs,Staff numbers and costs note. Values were disclosed in GBP thousands and converted to full GBP.,Group of companies accounts made up to 30 June 2014,https://find-and-update.company-information.service.gov.uk/company/01706358/filing-history/MzEyMTAxOTUyNmFkaXF6a2N4/document?format=pdf&download=0
tottenham_hotspur,Tottenham Hotspur,2013/14,2014-06-30,profit_on_player_sales_original,103965000.0,19,Profit on disposal of intangible fixed assets,Used as the closest disclosed proxy for profit on disposal of player registrations.,Group of companies accounts made up to 30 June 2014,https://find-and-update.company-information.service.gov.uk/company/01706358/filing-history/MzEyMTAxOTUyNmFkaXF6a2N4/document?format=pdf&download=0
tottenham_hotspur,Tottenham Hotspur,2013/14,2014-06-30,profit_loss_before_tax_original,80030000.0,21,Profit on ordinary activities before taxation,Tax note. Values were disclosed in GBP thousands and converted to full GBP.,Group of companies accounts made up to 30 June 2014,https://find-and-update.company-information.service.gov.uk/company/01706358/filing-history/MzEyMTAxOTUyNmFkaXF6a2N4/document?format=pdf&download=0
tottenham_hotspur,Tottenham Hotspur,2013/14,2014-06-30,net_debt_original,-3158000.0,35,Net cash / (debt),Late-note financing table. Negative net debt indicates net cash.,Group of companies accounts made up to 30 June 2014,https://find-and-update.company-information.service.gov.uk/company/01706358/filing-history/MzEyMTAxOTUyNmFkaXF6a2N4/document?format=pdf&download=0
tottenham_hotspur,Tottenham Hotspur,2014/15,2015-06-30,matchday_revenue_original,41248000.0,17,Match receipts,Revenue note. Values were disclosed in GBP thousands and converted to full GBP.,Group of companies accounts made up to 30 June 2015,https://find-and-update.company-information.service.gov.uk/company/01706358/filing-history/MzE0NTY1NDc5MGFkaXF6a2N4/document?format=pdf&download=0
tottenham_hotspur,Tottenham Hotspur,2014/15,2015-06-30,broadcast_revenue_original,95261000.0,17,UEFA prize money plus TV and media,Revenue note with UEFA prize money grouped into broadcasting for comparability.,Group of companies accounts made up to 30 June 2015,https://find-and-update.company-information.service.gov.uk/company/01706358/filing-history/MzE0NTY1NDc5MGFkaXF6a2N4/document?format=pdf&download=0
tottenham_hotspur,Tottenham Hotspur,2014/15,2015-06-30,commercial_revenue_original,59868000.0,17,Commercial,Revenue note. Values were disclosed in GBP thousands and converted to full GBP.,Group of companies accounts made up to 30 June 2015,https://find-and-update.company-information.service.gov.uk/company/01706358/filing-history/MzE0NTY1NDc5MGFkaXF6a2N4/document?format=pdf&download=0
tottenham_hotspur,Tottenham Hotspur,2014/15,2015-06-30,staff_costs_original,100832000.0,19,Aggregate payroll costs,Staff numbers and costs note. Values were disclosed in GBP thousands and converted to full GBP.,Group of companies accounts made up to 30 June 2015,https://find-and-update.company-information.service.gov.uk/company/01706358/filing-history/MzE0NTY1NDc5MGFkaXF6a2N4/document?format=pdf&download=0
tottenham_hotspur,Tottenham Hotspur,2014/15,2015-06-30,profit_on_player_sales_original,21182000.0,19,Profit on disposal of intangible fixed assets,Used as the closest disclosed proxy for profit on disposal of player registrations.,Group of companies accounts made up to 30 June 2015,https://find-and-update.company-information.service.gov.uk/company/01706358/filing-history/MzE0NTY1NDc5MGFkaXF6a2N4/document?format=pdf&download=0
tottenham_hotspur,Tottenham Hotspur,2014/15,2015-06-30,profit_loss_before_tax_original,12053000.0,21,Profit on ordinary activities before taxation,Tax note. Values were disclosed in GBP thousands and converted to full GBP.,Group of companies accounts made up to 30 June 2015,https://find-and-update.company-information.service.gov.uk/company/01706358/filing-history/MzE0NTY1NDc5MGFkaXF6a2N4/document?format=pdf&download=0
tottenham_hotspur,Tottenham Hotspur,2014/15,2015-06-30,net_debt_original,20812000.0,34,Net (debt) / cash,Late-note financing table. Positive amount indicates net debt.,Group of companies accounts made up to 30 June 2015,https://find-and-update.company-information.service.gov.uk/company/01706358/filing-history/MzE0NTY1NDc5MGFkaXF6a2N4/document?format=pdf&download=0
tottenham_hotspur,Tottenham Hotspur,2015/16,2016-06-30,matchday_revenue_original,40782000.0,18,Match receipts,Revenue note. Values were disclosed in GBP thousands and converted to full GBP.,Group of companies accounts made up to 30 June 2016,https://find-and-update.company-information.service.gov.uk/company/01706358/filing-history/MzE3Mjk1Mjk2OWFkaXF6a2N4/document?format=pdf&download=0
tottenham_hotspur,Tottenham Hotspur,2015/16,2016-06-30,broadcast_revenue_original,110354000.0,18,UEFA prize money plus TV and media,Revenue note with UEFA prize money grouped into broadcasting for comparability.,Group of companies accounts made up to 30 June 2016,https://find-and-update.company-information.service.gov.uk/company/01706358/filing-history/MzE3Mjk1Mjk2OWFkaXF6a2N4/document?format=pdf&download=0
tottenham_hotspur,Tottenham Hotspur,2015/16,2016-06-30,commercial_revenue_original,58634000.0,18,Commercial,Revenue note. Values were disclosed in GBP thousands and converted to full GBP.,Group of companies accounts made up to 30 June 2016,https://find-and-update.company-information.service.gov.uk/company/01706358/filing-history/MzE3Mjk1Mjk2OWFkaXF6a2N4/document?format=pdf&download=0
tottenham_hotspur,Tottenham Hotspur,2015/16,2016-06-30,staff_costs_original,100042000.0,20,Aggregate payroll costs,Staff numbers and costs note. Values were disclosed in GBP thousands and converted to full GBP.,Group of companies accounts made up to 30 June 2016,https://find-and-update.company-information.service.gov.uk/company/01706358/filing-history/MzE3Mjk1Mjk2OWFkaXF6a2N4/document?format=pdf&download=0
tottenham_hotspur,Tottenham Hotspur,2015/16,2016-06-30,player_amortisation_original,31462000.0,19,Amortisation of intangible fixed assets,Profit from operations note. Values were disclosed in GBP thousands and converted to full GBP.,Group of companies accounts made up to 30 June 2016,https://find-and-update.company-information.service.gov.uk/company/01706358/filing-history/MzE3Mjk1Mjk2OWFkaXF6a2N4/document?format=pdf&download=0
tottenham_hotspur,Tottenham Hotspur,2015/16,2016-06-30,profit_on_player_sales_original,27109000.0,20,Profit on disposal of intangible fixed assets,Used as the closest disclosed proxy for profit on disposal of player registrations.,Group of companies accounts made up to 30 June 2016,https://find-and-update.company-information.service.gov.uk/company/01706358/filing-history/MzE3Mjk1Mjk2OWFkaXF6a2N4/document?format=pdf&download=0
tottenham_hotspur,Tottenham Hotspur,2015/16,2016-06-30,profit_loss_before_tax_original,38450000.0,21,Profit on ordinary activities before taxation,Tax note. Values were disclosed in GBP thousands and converted to full GBP.,Group of companies accounts made up to 30 June 2016,https://find-and-update.company-information.service.gov.uk/company/01706358/filing-history/MzE3Mjk1Mjk2OWFkaXF6a2N4/document?format=pdf&download=0
tottenham_hotspur,Tottenham Hotspur,2015/16,2016-06-30,net_debt_original,-47560000.0,35,Net cash / (debt),Late-note financing table. Negative net debt indicates net cash.,Group of companies accounts made up to 30 June 2016,https://find-and-update.company-information.service.gov.uk/company/01706358/filing-history/MzE3Mjk1Mjk2OWFkaXF6a2N4/document?format=pdf&download=0
tottenham_hotspur,Tottenham Hotspur,2016/17,2017-06-30,matchday_revenue_original,45336000.0,17,Match receipts,Revenue note. Values were disclosed in GBP thousands and converted to full GBP.,Group of companies accounts made up to 30 June 2017,https://find-and-update.company-information.service.gov.uk/company/01706358/filing-history/MzIwMTg0ODMyMmFkaXF6a2N4/document?format=pdf&download=0
tottenham_hotspur,Tottenham Hotspur,2016/17,2017-06-30,broadcast_revenue_original,188179000.0,17,UEFA prize money plus TV and media,Revenue note with UEFA prize money grouped into broadcasting for comparability.,Group of companies accounts made up to 30 June 2017,https://find-and-update.company-information.service.gov.uk/company/01706358/filing-history/MzIwMTg0ODMyMmFkaXF6a2N4/document?format=pdf&download=0
tottenham_hotspur,Tottenham Hotspur,2016/17,2017-06-30,commercial_revenue_original,72806000.0,17,Commercial,Revenue note. Values were disclosed in GBP thousands and converted to full GBP.,Group of companies accounts made up to 30 June 2017,https://find-and-update.company-information.service.gov.uk/company/01706358/filing-history/MzIwMTg0ODMyMmFkaXF6a2N4/document?format=pdf&download=0
tottenham_hotspur,Tottenham Hotspur,2016/17,2017-06-30,staff_costs_original,126915000.0,19,Aggregate payroll costs,Staff numbers and costs note. Values were disclosed in GBP thousands and converted to full GBP.,Group of companies accounts made up to 30 June 2017,https://find-and-update.company-information.service.gov.uk/company/01706358/filing-history/MzIwMTg0ODMyMmFkaXF6a2N4/document?format=pdf&download=0
tottenham_hotspur,Tottenham Hotspur,2016/17,2017-06-30,player_amortisation_original,42905000.0,13,Amortisation of intangible assets,Cash flow statement support. Values were disclosed in GBP thousands and converted to full GBP.,Group of companies accounts made up to 30 June 2017,https://find-and-update.company-information.service.gov.uk/company/01706358/filing-history/MzIwMTg0ODMyMmFkaXF6a2N4/document?format=pdf&download=0
tottenham_hotspur,Tottenham Hotspur,2016/17,2017-06-30,profit_on_player_sales_original,39964000.0,19,Profit on disposal of intangible fixed assets,Used as the closest disclosed proxy for profit on disposal of player registrations.,Group of companies accounts made up to 30 June 2017,https://find-and-update.company-information.service.gov.uk/company/01706358/filing-history/MzIwMTg0ODMyMmFkaXF6a2N4/document?format=pdf&download=0
tottenham_hotspur,Tottenham Hotspur,2016/17,2017-06-30,profit_loss_before_tax_original,57886000.0,21,Profit on ordinary activities before taxation,Tax note / five-year review support. Values were disclosed in GBP thousands and converted to full GBP.,Group of companies accounts made up to 30 June 2017,https://find-and-update.company-information.service.gov.uk/company/01706358/filing-history/MzIwMTg0ODMyMmFkaXF6a2N4/document?format=pdf&download=0
tottenham_hotspur,Tottenham Hotspur,2016/17,2017-06-30,net_debt_original,-14565000.0,34,Net cash,Late-note financing table. Negative net debt indicates net cash.,Group of companies accounts made up to 30 June 2017,https://find-and-update.company-information.service.gov.uk/company/01706358/filing-history/MzIwMTg0ODMyMmFkaXF6a2N4/document?format=pdf&download=0
tottenham_hotspur,Tottenham Hotspur,2017/18,2018-06-30,matchday_revenue_original,70951000.0,18,Match receipts,Direct revenue note current-year amount.,2017 18 group of companies accounts made up to 30 june 2018,https://find-and-update.company-information.service.gov.uk/company/01706358/filing-history/MzIzMTA1ODEzMmFkaXF6a2N4/document?format=pdf&download=0
tottenham_hotspur,Tottenham Hotspur,2017/18,2018-06-30,broadcast_revenue_original,200695000.0,18,UEFA prize money plus TV and media,Direct revenue note with UEFA prize money grouped into broadcasting.,2017 18 group of companies accounts made up to 30 june 2018,https://find-and-update.company-information.service.gov.uk/company/01706358/filing-history/MzIzMTA1ODEzMmFkaXF6a2N4/document?format=pdf&download=0
tottenham_hotspur,Tottenham Hotspur,2017/18,2018-06-30,commercial_revenue_original,109051000.0,18,Commercial,Direct revenue note current-year amount.,2017 18 group of companies accounts made up to 30 june 2018,https://find-and-update.company-information.service.gov.uk/company/01706358/filing-history/MzIzMTA1ODEzMmFkaXF6a2N4/document?format=pdf&download=0
tottenham_hotspur,Tottenham Hotspur,2017/18,2018-06-30,staff_costs_original,147606000.0,21,Aggregate payroll costs / Staff costs (see note 5),Staff note or operating-expenses note current-year amount.,2017 18 group of companies accounts made up to 30 june 2018,https://find-and-update.company-information.service.gov.uk/company/01706358/filing-history/MzIzMTA1ODEzMmFkaXF6a2N4/document?format=pdf&download=0
tottenham_hotspur,Tottenham Hotspur,2017/18,2018-06-30,profit_on_player_sales_original,73058000.0,10,Profit on disposal of intangible fixed assets,Consolidated income statement football-trading split.,2017 18 group of companies accounts made up to 30 june 2018,https://find-and-update.company-information.service.gov.uk/company/01706358/filing-history/MzIzMTA1ODEzMmFkaXF6a2N4/document?format=pdf&download=0
tottenham_hotspur,Tottenham Hotspur,2017/18,2018-06-30,profit_loss_before_tax_original,138909000.0,10,Profit or loss before taxation,Consolidated income statement current-year amount.,2017 18 group of companies accounts made up to 30 june 2018,https://find-and-update.company-information.service.gov.uk/company/01706358/filing-history/MzIzMTA1ODEzMmFkaXF6a2N4/document?format=pdf&download=0
tottenham_hotspur,Tottenham Hotspur,2017/18,2018-06-30,player_amortisation_original,,19,Amortisation of intangible fixed assets / football trading,Operating-expenses or operations note current-year amount.,2017 18 group of companies accounts made up to 30 june 2018,https://find-and-update.company-information.service.gov.uk/company/01706358/filing-history/MzIzMTA1ODEzMmFkaXF6a2N4/document?format=pdf&download=0
tottenham_hotspur,Tottenham Hotspur,2017/18,2018-06-30,net_debt_original,365700000.0,3,Net debt / net cash disclosure,Strategic report or net debt note current-year amount.,2017 18 group of companies accounts made up to 30 june 2018,https://find-and-update.company-information.service.gov.uk/company/01706358/filing-history/MzIzMTA1ODEzMmFkaXF6a2N4/document?format=pdf&download=0
tottenham_hotspur,Tottenham Hotspur,2018/19,2019-06-30,matchday_revenue_original,81675000.0,18,Match receipts,Direct revenue note current-year amount.,2018 19 group of companies accounts made up to 30 june 2019,https://find-and-update.company-information.service.gov.uk/company/01706358/filing-history/MzI2MDc0Mzc4NWFkaXF6a2N4/document?format=pdf&download=0
tottenham_hotspur,Tottenham Hotspur,2018/19,2019-06-30,broadcast_revenue_original,243861000.0,18,UEFA prize money plus TV and media,Direct revenue note with UEFA prize money grouped into broadcasting.,2018 19 group of companies accounts made up to 30 june 2019,https://find-and-update.company-information.service.gov.uk/company/01706358/filing-history/MzI2MDc0Mzc4NWFkaXF6a2N4/document?format=pdf&download=0
tottenham_hotspur,Tottenham Hotspur,2018/19,2019-06-30,commercial_revenue_original,135159000.0,18,Commercial,Direct revenue note current-year amount.,2018 19 group of companies accounts made up to 30 june 2019,https://find-and-update.company-information.service.gov.uk/company/01706358/filing-history/MzI2MDc0Mzc4NWFkaXF6a2N4/document?format=pdf&download=0
tottenham_hotspur,Tottenham Hotspur,2018/19,2019-06-30,staff_costs_original,178602000.0,20,Aggregate payroll costs / Staff costs (see note 5),Staff note or operating-expenses note current-year amount.,2018 19 group of companies accounts made up to 30 june 2019,https://find-and-update.company-information.service.gov.uk/company/01706358/filing-history/MzI2MDc0Mzc4NWFkaXF6a2N4/document?format=pdf&download=0
tottenham_hotspur,Tottenham Hotspur,2018/19,2019-06-30,profit_on_player_sales_original,10885000.0,10,Profit on disposal of intangible fixed assets,Consolidated income statement football-trading split.,2018 19 group of companies accounts made up to 30 june 2019,https://find-and-update.company-information.service.gov.uk/company/01706358/filing-history/MzI2MDc0Mzc4NWFkaXF6a2N4/document?format=pdf&download=0
tottenham_hotspur,Tottenham Hotspur,2018/19,2019-06-30,profit_loss_before_tax_original,87356000.0,10,Profit or loss before taxation,Consolidated income statement current-year amount.,2018 19 group of companies accounts made up to 30 june 2019,https://find-and-update.company-information.service.gov.uk/company/01706358/filing-history/MzI2MDc0Mzc4NWFkaXF6a2N4/document?format=pdf&download=0
tottenham_hotspur,Tottenham Hotspur,2018/19,2019-06-30,player_amortisation_original,47506000.0,19,Amortisation of intangible fixed assets / football trading,Operating-expenses or operations note current-year amount.,2018 19 group of companies accounts made up to 30 june 2019,https://find-and-update.company-information.service.gov.uk/company/01706358/filing-history/MzI2MDc0Mzc4NWFkaXF6a2N4/document?format=pdf&download=0
tottenham_hotspur,Tottenham Hotspur,2018/19,2019-06-30,net_debt_original,534300000.0,3,Net debt / net cash disclosure,Strategic report or net debt note current-year amount.,2018 19 group of companies accounts made up to 30 june 2019,https://find-and-update.company-information.service.gov.uk/company/01706358/filing-history/MzI2MDc0Mzc4NWFkaXF6a2N4/document?format=pdf&download=0
tottenham_hotspur,Tottenham Hotspur,2019/20,2020-06-30,matchday_revenue_original,94526000.0,19,Match receipts,Direct revenue note current-year amount.,2019 20 group of companies accounts made up to 30 june 2020,https://find-and-update.company-information.service.gov.uk/company/01706358/filing-history/MzI4NTE2NTkzNWFkaXF6a2N4/document?format=pdf&download=0
tottenham_hotspur,Tottenham Hotspur,2019/20,2020-06-30,broadcast_revenue_original,146359000.0,19,UEFA prize money plus TV and media,Direct revenue note with UEFA prize money grouped into broadcasting.,2019 20 group of companies accounts made up to 30 june 2020,https://find-and-update.company-information.service.gov.uk/company/01706358/filing-history/MzI4NTE2NTkzNWFkaXF6a2N4/document?format=pdf&download=0
tottenham_hotspur,Tottenham Hotspur,2019/20,2020-06-30,commercial_revenue_original,161501000.0,19,Commercial,Direct revenue note current-year amount.,2019 20 group of companies accounts made up to 30 june 2020,https://find-and-update.company-information.service.gov.uk/company/01706358/filing-history/MzI4NTE2NTkzNWFkaXF6a2N4/document?format=pdf&download=0
tottenham_hotspur,Tottenham Hotspur,2019/20,2020-06-30,staff_costs_original,181280000.0,21,Aggregate payroll costs / Staff costs (see note 5),Staff note or operating-expenses note current-year amount.,2019 20 group of companies accounts made up to 30 june 2020,https://find-and-update.company-information.service.gov.uk/company/01706358/filing-history/MzI4NTE2NTkzNWFkaXF6a2N4/document?format=pdf&download=0
tottenham_hotspur,Tottenham Hotspur,2019/20,2020-06-30,profit_on_player_sales_original,15397000.0,11,Profit on disposal of intangible fixed assets,Consolidated income statement football-trading split.,2019 20 group of companies accounts made up to 30 june 2020,https://find-and-update.company-information.service.gov.uk/company/01706358/filing-history/MzI4NTE2NTkzNWFkaXF6a2N4/document?format=pdf&download=0
tottenham_hotspur,Tottenham Hotspur,2019/20,2020-06-30,profit_loss_before_tax_original,-67724000.0,11,Profit or loss before taxation,Consolidated income statement current-year amount.,2019 20 group of companies accounts made up to 30 june 2020,https://find-and-update.company-information.service.gov.uk/company/01706358/filing-history/MzI4NTE2NTkzNWFkaXF6a2N4/document?format=pdf&download=0
tottenham_hotspur,Tottenham Hotspur,2019/20,2020-06-30,player_amortisation_original,75350000.0,24,Amortisation of intangible fixed assets / football trading,Operating-expenses or operations note current-year amount.,2019 20 group of companies accounts made up to 30 june 2020,https://find-and-update.company-information.service.gov.uk/company/01706358/filing-history/MzI4NTE2NTkzNWFkaXF6a2N4/document?format=pdf&download=0
tottenham_hotspur,Tottenham Hotspur,2019/20,2020-06-30,net_debt_original,604600000.0,3,Net debt / net cash disclosure,Strategic report or net debt note current-year amount.,2019 20 group of companies accounts made up to 30 june 2020,https://find-and-update.company-information.service.gov.uk/company/01706358/filing-history/MzI4NTE2NTkzNWFkaXF6a2N4/document?format=pdf&download=0
tottenham_hotspur,Tottenham Hotspur,2020/21,2021-06-30,matchday_revenue_original,1900000.0,23,Match receipts,Direct revenue note current-year amount.,2020 21 group of companies accounts made up to 30 june 2021,https://find-and-update.company-information.service.gov.uk/company/01706358/filing-history/MzMyMTM0NDgyNWFkaXF6a2N4/document?format=pdf&download=0
tottenham_hotspur,Tottenham Hotspur,2020/21,2021-06-30,broadcast_revenue_original,208057000.0,23,UEFA prize money plus TV and media,Direct revenue note with UEFA prize money grouped into broadcasting.,2020 21 group of companies accounts made up to 30 june 2021,https://find-and-update.company-information.service.gov.uk/company/01706358/filing-history/MzMyMTM0NDgyNWFkaXF6a2N4/document?format=pdf&download=0
tottenham_hotspur,Tottenham Hotspur,2020/21,2021-06-30,commercial_revenue_original,151915000.0,23,Commercial,Direct revenue note current-year amount.,2020 21 group of companies accounts made up to 30 june 2021,https://find-and-update.company-information.service.gov.uk/company/01706358/filing-history/MzMyMTM0NDgyNWFkaXF6a2N4/document?format=pdf&download=0
tottenham_hotspur,Tottenham Hotspur,2020/21,2021-06-30,staff_costs_original,204875000.0,25,Aggregate payroll costs / Staff costs (see note 5),Staff note or operating-expenses note current-year amount.,2020 21 group of companies accounts made up to 30 june 2021,https://find-and-update.company-information.service.gov.uk/company/01706358/filing-history/MzMyMTM0NDgyNWFkaXF6a2N4/document?format=pdf&download=0
tottenham_hotspur,Tottenham Hotspur,2020/21,2021-06-30,profit_on_player_sales_original,18939000.0,15,Profit on disposal of intangible fixed assets,Consolidated income statement football-trading split.,2020 21 group of companies accounts made up to 30 june 2021,https://find-and-update.company-information.service.gov.uk/company/01706358/filing-history/MzMyMTM0NDgyNWFkaXF6a2N4/document?format=pdf&download=0
tottenham_hotspur,Tottenham Hotspur,2020/21,2021-06-30,profit_loss_before_tax_original,-80189000.0,15,Profit or loss before taxation,Consolidated income statement current-year amount.,2020 21 group of companies accounts made up to 30 june 2021,https://find-and-update.company-information.service.gov.uk/company/01706358/filing-history/MzMyMTM0NDgyNWFkaXF6a2N4/document?format=pdf&download=0
tottenham_hotspur,Tottenham Hotspur,2020/21,2021-06-30,player_amortisation_original,73812000.0,24,Amortisation of intangible fixed assets / football trading,Operating-expenses or operations note current-year amount.,2020 21 group of companies accounts made up to 30 june 2021,https://find-and-update.company-information.service.gov.uk/company/01706358/filing-history/MzMyMTM0NDgyNWFkaXF6a2N4/document?format=pdf&download=0
tottenham_hotspur,Tottenham Hotspur,2020/21,2021-06-30,net_debt_original,706281000.0,41,Net debt / net cash disclosure,Strategic report or net debt note current-year amount.,2020 21 group of companies accounts made up to 30 june 2021,https://find-and-update.company-information.service.gov.uk/company/01706358/filing-history/MzMyMTM0NDgyNWFkaXF6a2N4/document?format=pdf&download=0
tottenham_hotspur,Tottenham Hotspur,2021/22,2022-06-30,matchday_revenue_original,106142000.0,23,Match receipts,Direct revenue note current-year amount.,2021 22 annual report 2022,https://resources.thfc.pulselive.com/thfc/document/2026/04/02/7347ba67-221e-4361-9c7d-df768809a901/AR-2022.pdf
tottenham_hotspur,Tottenham Hotspur,2021/22,2022-06-30,broadcast_revenue_original,154391000.0,23,UEFA prize money plus TV and media,Direct revenue note with UEFA prize money grouped into broadcasting.,2021 22 annual report 2022,https://resources.thfc.pulselive.com/thfc/document/2026/04/02/7347ba67-221e-4361-9c7d-df768809a901/AR-2022.pdf
tottenham_hotspur,Tottenham Hotspur,2021/22,2022-06-30,commercial_revenue_original,183495000.0,23,Commercial,Direct revenue note current-year amount.,2021 22 annual report 2022,https://resources.thfc.pulselive.com/thfc/document/2026/04/02/7347ba67-221e-4361-9c7d-df768809a901/AR-2022.pdf
tottenham_hotspur,Tottenham Hotspur,2021/22,2022-06-30,staff_costs_original,209180000.0,25,Aggregate payroll costs / Staff costs (see note 5),Staff note or operating-expenses note current-year amount.,2021 22 annual report 2022,https://resources.thfc.pulselive.com/thfc/document/2026/04/02/7347ba67-221e-4361-9c7d-df768809a901/AR-2022.pdf
tottenham_hotspur,Tottenham Hotspur,2021/22,2022-06-30,profit_on_player_sales_original,19150000.0,15,Profit on disposal of intangible fixed assets,Consolidated income statement football-trading split.,2021 22 annual report 2022,https://resources.thfc.pulselive.com/thfc/document/2026/04/02/7347ba67-221e-4361-9c7d-df768809a901/AR-2022.pdf
tottenham_hotspur,Tottenham Hotspur,2021/22,2022-06-30,profit_loss_before_tax_original,-61328000.0,15,Profit or loss before taxation,Consolidated income statement current-year amount.,2021 22 annual report 2022,https://resources.thfc.pulselive.com/thfc/document/2026/04/02/7347ba67-221e-4361-9c7d-df768809a901/AR-2022.pdf
tottenham_hotspur,Tottenham Hotspur,2021/22,2022-06-30,player_amortisation_original,79893000.0,24,Amortisation of intangible fixed assets / football trading,Operating-expenses or operations note current-year amount.,2021 22 annual report 2022,https://resources.thfc.pulselive.com/thfc/document/2026/04/02/7347ba67-221e-4361-9c7d-df768809a901/AR-2022.pdf
tottenham_hotspur,Tottenham Hotspur,2021/22,2022-06-30,net_debt_original,626100000.0,3,Net debt / net cash disclosure,Strategic report or net debt note current-year amount.,2021 22 annual report 2022,https://resources.thfc.pulselive.com/thfc/document/2026/04/02/7347ba67-221e-4361-9c7d-df768809a901/AR-2022.pdf
tottenham_hotspur,Tottenham Hotspur,2022/23,2023-06-30,matchday_revenue_original,117598000.0,29,Match receipts,Direct revenue note current-year amount.,2022 23 annual report 2023,https://resources.thfc.pulselive.com/thfc/document/2026/04/02/f87e2b63-8d10-4c8c-9d87-a0d00821dea3/AR-2023.pdf
tottenham_hotspur,Tottenham Hotspur,2022/23,2023-06-30,broadcast_revenue_original,204285000.0,29,UEFA prize money plus TV and media,Direct revenue note with UEFA prize money grouped into broadcasting.,2022 23 annual report 2023,https://resources.thfc.pulselive.com/thfc/document/2026/04/02/f87e2b63-8d10-4c8c-9d87-a0d00821dea3/AR-2023.pdf
tottenham_hotspur,Tottenham Hotspur,2022/23,2023-06-30,commercial_revenue_original,227750000.0,29,Commercial,Direct revenue note current-year amount.,2022 23 annual report 2023,https://resources.thfc.pulselive.com/thfc/document/2026/04/02/f87e2b63-8d10-4c8c-9d87-a0d00821dea3/AR-2023.pdf
tottenham_hotspur,Tottenham Hotspur,2022/23,2023-06-30,staff_costs_original,251121000.0,31,Aggregate payroll costs / Staff costs (see note 5),Staff note or operating-expenses note current-year amount.,2022 23 annual report 2023,https://resources.thfc.pulselive.com/thfc/document/2026/04/02/f87e2b63-8d10-4c8c-9d87-a0d00821dea3/AR-2023.pdf
tottenham_hotspur,Tottenham Hotspur,2022/23,2023-06-30,profit_on_player_sales_original,15510000.0,19,Profit on disposal of intangible fixed assets,Consolidated income statement football-trading split.,2022 23 annual report 2023,https://resources.thfc.pulselive.com/thfc/document/2026/04/02/f87e2b63-8d10-4c8c-9d87-a0d00821dea3/AR-2023.pdf
tottenham_hotspur,Tottenham Hotspur,2022/23,2023-06-30,profit_loss_before_tax_original,-94674000.0,19,Profit or loss before taxation,Consolidated income statement current-year amount.,2022 23 annual report 2023,https://resources.thfc.pulselive.com/thfc/document/2026/04/02/f87e2b63-8d10-4c8c-9d87-a0d00821dea3/AR-2023.pdf
tottenham_hotspur,Tottenham Hotspur,2022/23,2023-06-30,player_amortisation_original,109073000.0,30,Amortisation of intangible fixed assets / football trading,Operating-expenses or operations note current-year amount.,2022 23 annual report 2023,https://resources.thfc.pulselive.com/thfc/document/2026/04/02/f87e2b63-8d10-4c8c-9d87-a0d00821dea3/AR-2023.pdf
tottenham_hotspur,Tottenham Hotspur,2022/23,2023-06-30,net_debt_original,677400000.0,3,Net debt / net cash disclosure,Strategic report or net debt note current-year amount.,2022 23 annual report 2023,https://resources.thfc.pulselive.com/thfc/document/2026/04/02/f87e2b63-8d10-4c8c-9d87-a0d00821dea3/AR-2023.pdf
tottenham_hotspur,Tottenham Hotspur,2023/24,2024-06-30,matchday_revenue_original,105847000.0,30,Match receipts,Direct revenue note current-year amount.,2023 24 annual report 2024,https://resources.thfc.pulselive.com/thfc/document/2026/04/02/9a0ff60a-6e59-4bce-844b-6091a6273e9b/AR-2024.pdf
tottenham_hotspur,Tottenham Hotspur,2023/24,2024-06-30,broadcast_revenue_original,167172000.0,30,UEFA prize money plus TV and media,Direct revenue note with UEFA prize money grouped into broadcasting.,2023 24 annual report 2024,https://resources.thfc.pulselive.com/thfc/document/2026/04/02/9a0ff60a-6e59-4bce-844b-6091a6273e9b/AR-2024.pdf
tottenham_hotspur,Tottenham Hotspur,2023/24,2024-06-30,commercial_revenue_original,244744000.0,30,Commercial,Direct revenue note current-year amount.,2023 24 annual report 2024,https://resources.thfc.pulselive.com/thfc/document/2026/04/02/9a0ff60a-6e59-4bce-844b-6091a6273e9b/AR-2024.pdf
tottenham_hotspur,Tottenham Hotspur,2023/24,2024-06-30,staff_costs_original,221929000.0,32,Aggregate payroll costs / Staff costs (see note 5),Staff note or operating-expenses note current-year amount.,2023 24 annual report 2024,https://resources.thfc.pulselive.com/thfc/document/2026/04/02/9a0ff60a-6e59-4bce-844b-6091a6273e9b/AR-2024.pdf
tottenham_hotspur,Tottenham Hotspur,2023/24,2024-06-30,profit_on_player_sales_original,82305000.0,20,Profit on disposal of intangible fixed assets,Consolidated income statement football-trading split.,2023 24 annual report 2024,https://resources.thfc.pulselive.com/thfc/document/2026/04/02/9a0ff60a-6e59-4bce-844b-6091a6273e9b/AR-2024.pdf
tottenham_hotspur,Tottenham Hotspur,2023/24,2024-06-30,profit_loss_before_tax_original,-26030000.0,20,Profit or loss before taxation,Consolidated income statement current-year amount.,2023 24 annual report 2024,https://resources.thfc.pulselive.com/thfc/document/2026/04/02/9a0ff60a-6e59-4bce-844b-6091a6273e9b/AR-2024.pdf
tottenham_hotspur,Tottenham Hotspur,2023/24,2024-06-30,player_amortisation_original,136287000.0,34,Amortisation of intangible fixed assets / football trading,Operating-expenses or operations note current-year amount.,2023 24 annual report 2024,https://resources.thfc.pulselive.com/thfc/document/2026/04/02/9a0ff60a-6e59-4bce-844b-6091a6273e9b/AR-2024.pdf
tottenham_hotspur,Tottenham Hotspur,2023/24,2024-06-30,net_debt_original,772500000.0,3,Net debt / net cash disclosure,Strategic report or net debt note current-year amount.,2023 24 annual report 2024,https://resources.thfc.pulselive.com/thfc/document/2026/04/02/9a0ff60a-6e59-4bce-844b-6091a6273e9b/AR-2024.pdf
tottenham_hotspur,Tottenham Hotspur,2024/25,2025-06-30,matchday_revenue_original,126473000.0,33,Match receipts,Direct revenue note current-year amount.,2024 25 annual report 2025,https://resources.thfc.pulselive.com/thfc/document/2026/04/02/7909b5bc-9c0d-439a-bca9-c2f27b9c9f4d/AR-2025.pdf
tottenham_hotspur,Tottenham Hotspur,2024/25,2025-06-30,broadcast_revenue_original,161709000.0,33,UEFA prize money plus TV and media,Direct revenue note with UEFA prize money grouped into broadcasting.,2024 25 annual report 2025,https://resources.thfc.pulselive.com/thfc/document/2026/04/02/7909b5bc-9c0d-439a-bca9-c2f27b9c9f4d/AR-2025.pdf
tottenham_hotspur,Tottenham Hotspur,2024/25,2025-06-30,commercial_revenue_original,276699000.0,33,Commercial,Direct revenue note current-year amount.,2024 25 annual report 2025,https://resources.thfc.pulselive.com/thfc/document/2026/04/02/7909b5bc-9c0d-439a-bca9-c2f27b9c9f4d/AR-2025.pdf
tottenham_hotspur,Tottenham Hotspur,2024/25,2025-06-30,staff_costs_original,255811000.0,35,Aggregate payroll costs / Staff costs (see note 5),Staff note or operating-expenses note current-year amount.,2024 25 annual report 2025,https://resources.thfc.pulselive.com/thfc/document/2026/04/02/7909b5bc-9c0d-439a-bca9-c2f27b9c9f4d/AR-2025.pdf
tottenham_hotspur,Tottenham Hotspur,2024/25,2025-06-30,profit_on_player_sales_original,52565000.0,23,Profit on disposal of intangible fixed assets,Consolidated income statement football-trading split.,2024 25 annual report 2025,https://resources.thfc.pulselive.com/thfc/document/2026/04/02/7909b5bc-9c0d-439a-bca9-c2f27b9c9f4d/AR-2025.pdf
tottenham_hotspur,Tottenham Hotspur,2024/25,2025-06-30,profit_loss_before_tax_original,-120628000.0,23,Profit or loss before taxation,Consolidated income statement current-year amount.,2024 25 annual report 2025,https://resources.thfc.pulselive.com/thfc/document/2026/04/02/7909b5bc-9c0d-439a-bca9-c2f27b9c9f4d/AR-2025.pdf
tottenham_hotspur,Tottenham Hotspur,2024/25,2025-06-30,player_amortisation_original,141851000.0,34,Amortisation of intangible fixed assets / football trading,Operating-expenses or operations note current-year amount.,2024 25 annual report 2025,https://resources.thfc.pulselive.com/thfc/document/2026/04/02/7909b5bc-9c0d-439a-bca9-c2f27b9c9f4d/AR-2025.pdf
tottenham_hotspur,Tottenham Hotspur,2024/25,2025-06-30,net_debt_original,831200000.0,3,Net debt / net cash disclosure,Strategic report or net debt note current-year amount.,2024 25 annual report 2025,https://resources.thfc.pulselive.com/thfc/document/2026/04/02/7909b5bc-9c0d-439a-bca9-c2f27b9c9f4d/AR-2025.pdf
