league_key,league_name,club_id,club_name,season,season_start_year,season_end_year,gross_transfer_spend_eur,transfer_income_eur,net_transfer_spend_eur,incoming_transfer_count,outgoing_transfer_count,transfer_source_name,transfer_source_endpoint,transfer_collected_at_utc,transfer_confidence_level,transfer_notes,manager_count_in_season,manager_names,manager_ids,primary_manager_id,primary_manager_name,primary_manager_share_of_season,primary_manager_days_in_charge_in_season,primary_manager_spell_start_date,primary_manager_spell_end_date,primary_manager_matches,primary_manager_wins,primary_manager_draws,primary_manager_losses,primary_manager_ppg,manager_source_name,manager_source_endpoint,manager_collected_at_utc,manager_confidence_level,manager_notes,achievement_count_total,major_trophy_count,achievement_names,major_trophies,achievement_source_name,achievement_source_endpoint,achievement_collected_at_utc,achievement_confidence_level,achievement_notes,achievements_in_season,achievement_categories,major_trophies_in_season,league_position,points,wins,draws,losses,goals_for,goals_against,goal_difference,performance_source_name,performance_source_url,performance_date_accessed,performance_evidence,performance_confidence_level,performance_notes,financial_year_end,currency_original,units_original,total_revenue_original,matchday_revenue_original,broadcast_revenue_original,commercial_revenue_original,other_revenue_original,women_team_revenue_original,excluded_player_trading_revenue_original,official_staff_costs_original,net_debt_original,player_amortisation_original,profit_on_player_sales_original,profit_loss_before_tax_original,revenue_eur,matchday_revenue_eur,broadcast_revenue_eur,commercial_revenue_eur,other_revenue_eur,net_debt_eur,profit_loss_before_tax_eur,exchange_rate_used,exchange_rate_source,revenue_sum_check_original,revenue_sum_difference_original,finance_pages_used,finance_classification_notes,finance_women_team_treatment_notes,finance_non_football_revenue_notes,finance_confidence_level,finance_requires_manual_review,finance_source_document,finance_source_url,finance_notes,estimated_player_wages_eur,official_staff_costs_eur,raw_player_cost_eur,cost_per_point,wage_to_revenue_ratio,matchday_share,broadcast_share,commercial_share,has_performance_data,has_finance_data,has_achievement_data,has_manager_data
premier_league,Premier League,arsenal,Arsenal,2011/12,2011,2012,65480000.00000001,78290000.0,-12809999.999999993,33,26,transfermarkt_club_page,https://www.transfermarkt.com/arsenal/transfers/verein/11/saison_id/2011,2026-04-27T17:54:37.855045+00:00,high,,1.0,Arsène Wenger,"[""ars_ne_wenger_22-10-1949""]",ars_ne_wenger_22-10-1949,Arsène Wenger,1.0,366.0,1996-10-01,2018-06-30,1231.0,713.0,267.0,251.0,1.95,transfermarkt_manager_history_page,https://www.transfermarkt.com/arsenal/mitarbeiterhistorie/verein/11/personalie_id/1/plus/1,2026-04-27T18:42:52.621832+00:00,high,,1.0,0.0,Champions League Participant,,transfermarkt_achievements_page,https://www.transfermarkt.com/arsenal/erfolge/verein/11,2026-04-28T07:46:00.357727+00:00,high,,Champions League Participant (participant),uefa_champions_league,,3.0,70.0,21.0,7.0,10.0,74.0,49.0,25.0,premier_league_raw_table,https://en.wikipedia.org/wiki/2011%E2%80%9312_Premier_League,,Raw Premier League season table CSV,medium,League table data loaded from raw Premier League CSV files.,2012-05-31,GBP,full pounds (converted from GBP thousands disclosed in report),232428000.0,95212000.0,84701000.0,52515000.0,,,2901000.0,143448000.0,101016000.0,36802000.0,65456000.0,36588000.0,,,,,,,,,,232428000.0,0.0,"[30, 31]","Total revenue has been set to football operating revenue only and excludes disclosed player trading and property development turnover. Where Arsenal disclosed retail, retail and licensing, or licensing separately, those lines have been mapped into commercial revenue to align with the project taxonomy.",Women's team revenue is not separately disclosed in the relevant report note. The extracted football revenue figure should be treated as potentially including any inseparable women's activity.,Disclosed property development turnover is excluded from the football revenue total used here.,high,True,Group of companies' accounts made up to 31 May 2012,https://find-and-update.company-information.service.gov.uk/company/04250459/filing-history/MzA2NzUwNTA2M2FkaXF6a2N4/document?format=pdf&download=0,"Values in the annual report were disclosed in GBP thousands and have been converted here into full GBP amounts by multiplying by 1,000. Net debt has been computed from statement debt and cash disclosures because it was not presented as a single line item. Net debt computed from total debt less cash and short-term deposits from the downloaded annual report.",,,,,,,,,True,True,True,True
premier_league,Premier League,arsenal,Arsenal,2012/13,2012,2013,56000000.0,65849999.99999999,-9849999.999999993,16,18,transfermarkt_club_page,https://www.transfermarkt.com/arsenal/transfers/verein/11/saison_id/2012,2026-04-27T17:54:40.577146+00:00,high,,1.0,Arsène Wenger,"[""ars_ne_wenger_22-10-1949""]",ars_ne_wenger_22-10-1949,Arsène Wenger,1.0,365.0,1996-10-01,2018-06-30,1231.0,713.0,267.0,251.0,1.95,transfermarkt_manager_history_page,https://www.transfermarkt.com/arsenal/mitarbeiterhistorie/verein/11/personalie_id/1/plus/1,2026-04-27T18:42:52.621832+00:00,high,,1.0,0.0,Champions League Participant,,transfermarkt_achievements_page,https://www.transfermarkt.com/arsenal/erfolge/verein/11,2026-04-28T07:46:00.357727+00:00,high,,Champions League Participant (participant),uefa_champions_league,,4.0,73.0,21.0,10.0,7.0,72.0,37.0,35.0,premier_league_raw_table,https://en.wikipedia.org/wiki/2012%E2%80%9313_Premier_League,,Raw Premier League season table CSV,medium,League table data loaded from raw Premier League CSV files.,2013-05-31,GBP,full pounds (converted from GBP thousands disclosed in report),241227000.0,92780000.0,86025000.0,62422000.0,,,1598000.0,154490000.0,121264000.0,41349000.0,46986000.0,6654000.0,,,,,,,,,,241227000.0,0.0,"[30, 31]","Total revenue has been set to football operating revenue only and excludes disclosed player trading and property development turnover. Where Arsenal disclosed retail, retail and licensing, or licensing separately, those lines have been mapped into commercial revenue to align with the project taxonomy.",Women's team revenue is not separately disclosed in the relevant report note. The extracted football revenue figure should be treated as potentially including any inseparable women's activity.,Disclosed property development turnover is excluded from the football revenue total used here.,high,True,Group of companies' accounts made up to 31 May 2013,https://find-and-update.company-information.service.gov.uk/company/04250459/filing-history/MzA4ODY5MjM1MGFkaXF6a2N4/document?format=pdf&download=0,"Values in the annual report were disclosed in GBP thousands and have been converted here into full GBP amounts by multiplying by 1,000. Missing fields in raw extraction: net_debt_eur, profit_loss_before_tax_eur. Net debt computed from creditors due after more than one year and cash/short-term deposits from the downloaded annual report.",,,,,,,,,True,True,True,True
premier_league,Premier League,arsenal,Arsenal,2013/14,2013,2014,49250000.0,12150000.0,37100000.0,21,22,transfermarkt_club_page,https://www.transfermarkt.com/arsenal/transfers/verein/11/saison_id/2013,2026-04-27T17:54:42.470925+00:00,high,,1.0,Arsène Wenger,"[""ars_ne_wenger_22-10-1949""]",ars_ne_wenger_22-10-1949,Arsène Wenger,1.0,365.0,1996-10-01,2018-06-30,1231.0,713.0,267.0,251.0,1.95,transfermarkt_manager_history_page,https://www.transfermarkt.com/arsenal/mitarbeiterhistorie/verein/11/personalie_id/1/plus/1,2026-04-27T18:42:52.621832+00:00,high,,2.0,1.0,Champions League Participant | FA Cup Winner,FA Cup Winner,transfermarkt_achievements_page,https://www.transfermarkt.com/arsenal/erfolge/verein/11,2026-04-28T07:46:00.357727+00:00,high,,Champions League Participant (participant) | FA Cup Winner (winner),uefa_champions_league | fa_cup,FA Cup Winner (winner),4.0,79.0,24.0,7.0,7.0,68.0,41.0,27.0,premier_league_raw_table,https://en.wikipedia.org/wiki/2013%E2%80%9314_Premier_League,,Raw Premier League season table CSV,medium,League table data loaded from raw Premier League CSV files.,2014-05-31,GBP,full pounds (converted from GBP thousands disclosed in report),298145000.0,100229000.0,120762000.0,77154000.0,,,513000.0,166403000.0,32577000.0,40072000.0,6912000.0,20593000.0,,,,,,,,,,298145000.0,0.0,"[29, 30, 31]","Total revenue has been set to football operating revenue only and excludes disclosed player trading and property development turnover. Where Arsenal disclosed retail, retail and licensing, or licensing separately, those lines have been mapped into commercial revenue to align with the project taxonomy.",Women's team revenue is not separately disclosed in the relevant report note. The extracted football revenue figure should be treated as potentially including any inseparable women's activity.,Disclosed property development turnover is excluded from the football revenue total used here.,high,True,Group of companies' accounts made up to 31 May 2014,https://find-and-update.company-information.service.gov.uk/company/04250459/filing-history/MzExMDUwMTE2MGFkaXF6a2N4/document?format=pdf&download=0,"Values in the annual report were disclosed in GBP thousands and have been converted here into full GBP amounts by multiplying by 1,000. Missing fields in raw extraction: net_debt_eur, profit_loss_before_tax_eur. Net debt taken from the analysis of changes in net debt note. Profit before tax verified from the tax note and standard-rate reconciliation.",,,,,,,,,True,True,True,True
premier_league,Premier League,arsenal,Arsenal,2014/15,2014,2015,118980000.0,27800000.0,91180000.0,18,22,transfermarkt_club_page,https://www.transfermarkt.com/arsenal/transfers/verein/11/saison_id/2014,2026-04-27T17:54:44.821724+00:00,high,,1.0,Arsène Wenger,"[""ars_ne_wenger_22-10-1949""]",ars_ne_wenger_22-10-1949,Arsène Wenger,1.0,365.0,1996-10-01,2018-06-30,1231.0,713.0,267.0,251.0,1.95,transfermarkt_manager_history_page,https://www.transfermarkt.com/arsenal/mitarbeiterhistorie/verein/11/personalie_id/1/plus/1,2026-04-27T18:42:52.621832+00:00,high,,3.0,2.0,Champions League Participant | English Supercup Winner | FA Cup Winner,English Supercup Winner | FA Cup Winner,transfermarkt_achievements_page,https://www.transfermarkt.com/arsenal/erfolge/verein/11,2026-04-28T07:46:00.357727+00:00,high,,Champions League Participant (participant) | English Supercup Winner (winner) | FA Cup Winner (winner),uefa_champions_league | super_cup | fa_cup,English Supercup Winner (winner) | FA Cup Winner (winner),3.0,75.0,22.0,9.0,7.0,71.0,36.0,35.0,premier_league_raw_table,https://en.wikipedia.org/wiki/2014%E2%80%9315_Premier_League,,Raw Premier League season table CSV,medium,League table data loaded from raw Premier League CSV files.,2015-05-31,GBP,full pounds (converted from GBP thousands disclosed in report),328532000.0,100401000.0,124844000.0,103287000.0,,,805000.0,192213000.0,5681000.0,54430000.0,28944000.0,24714000.0,,,,,,,,,,328532000.0,0.0,"[31, 32]","Total revenue has been set to football operating revenue only and excludes disclosed player trading and property development turnover. Where Arsenal disclosed retail, retail and licensing, or licensing separately, those lines have been mapped into commercial revenue to align with the project taxonomy.",Women's team revenue is not separately disclosed in the relevant report note. The extracted football revenue figure should be treated as potentially including any inseparable women's activity.,Disclosed property development turnover is excluded from the football revenue total used here.,high,True,Group of companies' accounts made up to 31 May 2015,https://find-and-update.company-information.service.gov.uk/company/04250459/filing-history/MzEzNTE5MDEzMWFkaXF6a2N4/document?format=pdf&download=0,"Values in the annual report were disclosed in GBP thousands and have been converted here into full GBP amounts by multiplying by 1,000. Missing fields in raw extraction: net_debt_eur, profit_loss_before_tax_eur. Net debt taken from the analysis of changes in net debt note. Profit before tax verified from the tax note and standard-rate reconciliation.",,,,,,,,,True,True,True,True
premier_league,Premier League,arsenal,Arsenal,2015/16,2015,2016,26500000.0,2500000.0,24000000.0,15,12,transfermarkt_club_page,https://www.transfermarkt.com/arsenal/transfers/verein/11/saison_id/2015,2026-04-27T17:54:46.871751+00:00,high,,1.0,Arsène Wenger,"[""ars_ne_wenger_22-10-1949""]",ars_ne_wenger_22-10-1949,Arsène Wenger,1.0,366.0,1996-10-01,2018-06-30,1231.0,713.0,267.0,251.0,1.95,transfermarkt_manager_history_page,https://www.transfermarkt.com/arsenal/mitarbeiterhistorie/verein/11/personalie_id/1/plus/1,2026-04-27T18:42:52.621832+00:00,high,,2.0,1.0,Champions League Participant | English Supercup Winner,English Supercup Winner,transfermarkt_achievements_page,https://www.transfermarkt.com/arsenal/erfolge/verein/11,2026-04-28T07:46:00.357727+00:00,high,,Champions League Participant (participant) | English Supercup Winner (winner),uefa_champions_league | super_cup,English Supercup Winner (winner),2.0,71.0,20.0,11.0,7.0,65.0,36.0,29.0,premier_league_raw_table,https://en.wikipedia.org/wiki/2015%E2%80%9316_Premier_League,,Raw Premier League season table CSV,medium,League table data loaded from raw Premier League CSV files.,2016-05-31,GBP,full pounds (converted from GBP thousands disclosed in report),347393000.0,99907000.0,140579000.0,106907000.0,,,3230000.0,195387000.0,6142000.0,59257000.0,2047000.0,18192000.0,,,,,,,,,,347393000.0,0.0,"[33, 35, 39]","Total revenue has been set to football operating revenue only and excludes disclosed player trading and property development turnover. Where Arsenal disclosed retail, retail and licensing, or licensing separately, those lines have been mapped into commercial revenue to align with the project taxonomy.",Women's team revenue is not separately disclosed in the relevant report note. The extracted football revenue figure should be treated as potentially including any inseparable women's activity.,Disclosed property development turnover is excluded from the football revenue total used here.,high,True,Group of companies' accounts made up to 31 May 2016,https://find-and-update.company-information.service.gov.uk/company/04250459/filing-history/MzE2Njc3MDIwNGFkaXF6a2N4/document?format=pdf&download=0,"Values in the annual report were disclosed in GBP thousands and have been converted here into full GBP amounts by multiplying by 1,000. Missing fields in raw extraction: net_debt_eur, profit_loss_before_tax_eur. Net debt taken from the analysis of changes in net debt note. Profit before tax verified from the tax note and standard-rate reconciliation.",,,,,,,,,True,True,True,True
premier_league,Premier League,arsenal,Arsenal,2016/17,2016,2017,113000000.0,10350000.0,102650000.0,11,12,transfermarkt_club_page,https://www.transfermarkt.com/arsenal/transfers/verein/11/saison_id/2016,2026-04-27T17:54:48.812899+00:00,high,,1.0,Arsène Wenger,"[""ars_ne_wenger_22-10-1949""]",ars_ne_wenger_22-10-1949,Arsène Wenger,1.0,365.0,1996-10-01,2018-06-30,1231.0,713.0,267.0,251.0,1.95,transfermarkt_manager_history_page,https://www.transfermarkt.com/arsenal/mitarbeiterhistorie/verein/11/personalie_id/1/plus/1,2026-04-27T18:42:52.621832+00:00,high,,2.0,1.0,Champions League Participant | FA Cup Winner,FA Cup Winner,transfermarkt_achievements_page,https://www.transfermarkt.com/arsenal/erfolge/verein/11,2026-04-28T07:46:00.357727+00:00,high,,Champions League Participant (participant) | FA Cup Winner (winner),uefa_champions_league | fa_cup,FA Cup Winner (winner),5.0,75.0,23.0,6.0,9.0,77.0,44.0,33.0,premier_league_raw_table,https://en.wikipedia.org/wiki/2016%E2%80%9317_Premier_League,,Raw Premier League season table CSV,medium,League table data loaded from raw Premier League CSV files.,2017-05-31,GBP,full pounds (converted from GBP thousands disclosed in report),415867000.0,99996000.0,198637000.0,117234000.0,,,6932000.0,199395000.0,47352000.0,77126000.0,6760000.0,44607000.0,,,,,,,,,,415867000.0,0.0,"[37, 38, 39]","Total revenue has been set to football operating revenue only and excludes disclosed player trading and property development turnover. Where Arsenal disclosed retail, retail and licensing, or licensing separately, those lines have been mapped into commercial revenue to align with the project taxonomy.",Women's team revenue is not separately disclosed in the relevant report note. The extracted football revenue figure should be treated as potentially including any inseparable women's activity.,Disclosed property development turnover is excluded from the football revenue total used here.,high,True,Group of companies' accounts made up to 31 May 2017,https://find-and-update.company-information.service.gov.uk/company/04250459/filing-history/MzE5MTg1NjI2OWFkaXF6a2N4/document?format=pdf&download=0,"Values in the annual report were disclosed in GBP thousands and have been converted here into full GBP amounts by multiplying by 1,000. Missing fields in raw extraction: net_debt_eur, profit_loss_before_tax_eur. Net debt taken from the analysis of changes in net debt note. Profit before tax taken from the segmental analysis / group disclosure.",,,,,,,,,True,True,True,True
premier_league,Premier League,arsenal,Arsenal,2017/18,2017,2018,152850000.0,162400000.0,-9550000.0,10,16,transfermarkt_club_page,https://www.transfermarkt.com/arsenal/transfers/verein/11/saison_id/2017,2026-04-27T17:54:50.652681+00:00,high,,1.0,Arsène Wenger,"[""ars_ne_wenger_22-10-1949""]",ars_ne_wenger_22-10-1949,Arsène Wenger,1.0,365.0,1996-10-01,2018-06-30,1231.0,713.0,267.0,251.0,1.95,transfermarkt_manager_history_page,https://www.transfermarkt.com/arsenal/mitarbeiterhistorie/verein/11/personalie_id/1/plus/1,2026-04-27T18:42:52.621832+00:00,high,,3.0,1.0,English League Cup runner-up | English Supercup Winner | Europa League Participant,English Supercup Winner,transfermarkt_achievements_page,https://www.transfermarkt.com/arsenal/erfolge/verein/11,2026-04-28T07:46:00.357727+00:00,high,,English League Cup runner-up | English Supercup Winner (winner) | Europa League Participant (participant),league_cup | super_cup | uefa_europa_league,English Supercup Winner (winner),6.0,63.0,19.0,6.0,13.0,74.0,51.0,23.0,premier_league_raw_table,https://en.wikipedia.org/wiki/2017%E2%80%9318_Premier_League,,Raw Premier League season table CSV,medium,League table data loaded from raw Premier League CSV files.,2018-05-31,GBP,full pounds (converted from GBP thousands disclosed in report),385920000.0,98905000.0,180097000.0,106918000.0,,,2311000.0,240060000.0,0.0,85812000.0,120047000.0,2018000.0,,,,,,,,,,385920000.0,0.0,"[21, 23, 26]",Total revenue has been set to football operating revenue only and excludes disclosed player trading and property development turnover.,Women's team revenue is not separately disclosed in the relevant report note. The extracted football revenue figure should be treated as potentially including any inseparable women's activity.,Disclosed property development turnover is excluded from the football revenue total used here.,high,True,Group of companies' accounts made up to 31 May 2018,https://find-and-update.company-information.service.gov.uk/company/04250459/filing-history/MzIyNTM1MjYxN2FkaXF6a2N4/document?format=pdf&download=0,"Values in the annual report were disclosed in GBP thousands and have been converted here into full GBP amounts by multiplying by 1,000. Missing fields in raw extraction: net_debt_eur, profit_loss_before_tax_eur.",,,,,,,,,True,True,True,True
premier_league,Premier League,arsenal,Arsenal,2018/19,2018,2019,80150000.0,9100000.0,71050000.0,17,12,transfermarkt_club_page,https://www.transfermarkt.com/arsenal/transfers/verein/11/saison_id/2018,2026-04-27T17:54:52.892721+00:00,high,,1.0,Unai Emery,"[""unai_emery_03-11-1971""]",unai_emery_03-11-1971,Unai Emery,1.0,365.0,2018-07-01,2019-11-29,78.0,43.0,15.0,20.0,1.85,transfermarkt_manager_history_page,https://www.transfermarkt.com/arsenal/mitarbeiterhistorie/verein/11/personalie_id/1/plus/1,2026-04-27T18:42:52.621832+00:00,high,,2.0,0.0,Europa League Participant | Europa League runner-up,,transfermarkt_achievements_page,https://www.transfermarkt.com/arsenal/erfolge/verein/11,2026-04-28T07:46:00.357727+00:00,high,,Europa League Participant (participant) | Europa League runner-up,uefa_europa_league,,5.0,70.0,21.0,7.0,10.0,73.0,51.0,22.0,premier_league_raw_table,https://en.wikipedia.org/wiki/2018%E2%80%9319_Premier_League,,Raw Premier League season table CSV,medium,League table data loaded from raw Premier League CSV files.,2019-05-31,GBP,full pounds (converted from GBP thousands disclosed in report),390148000.0,96244000.0,183025000.0,110879000.0,,,4582000.0,234922000.0,21715000.0,89678000.0,12243000.0,-32215000.0,,,,,,,,,,390148000.0,0.0,"[21, 23, 26]",Total revenue has been set to football operating revenue only and excludes disclosed player trading and property development turnover.,Women's team revenue is not separately disclosed in the relevant report note. The extracted football revenue figure should be treated as potentially including any inseparable women's activity.,Disclosed property development turnover is excluded from the football revenue total used here.,high,True,Group of companies' accounts made up to 31 May 2019,https://find-and-update.company-information.service.gov.uk/company/04250459/filing-history/MzI1ODcyNTM1MWFkaXF6a2N4/document?format=pdf&download=0,"Values in the annual report were disclosed in GBP thousands and have been converted here into full GBP amounts by multiplying by 1,000. Missing fields in raw extraction: net_debt_original, profit_loss_before_tax_original, net_debt_eur, profit_loss_before_tax_eur. Net debt computed as total debt less cash and short-term deposits from the downloaded annual report. Profit before tax verified from the tax note.",,,,,,,,,True,True,True,True
premier_league,Premier League,arsenal,Arsenal,2019/20,2019,2020,160800000.0,53650000.0,107150000.0,16,19,transfermarkt_club_page,https://www.transfermarkt.com/arsenal/transfers/verein/11/saison_id/2019,2026-04-27T17:54:54.686962+00:00,high,,2.0,Unai Emery | Mikel Arteta,"[""unai_emery_03-11-1971"", ""mikel_arteta_26-03-1982""]",mikel_arteta_26-03-1982,Mikel Arteta,0.5245901639344263,192.0,2019-12-22,,345.0,212.0,59.0,74.0,2.01,transfermarkt_manager_history_page,https://www.transfermarkt.com/arsenal/mitarbeiterhistorie/verein/11/personalie_id/1/plus/1,2026-04-27T18:42:52.621832+00:00,high,Manager spell appears ongoing on the collection date. Ongoing manager spell; overlap calculated through the collection date or season end.,2.0,1.0,Europa League Participant | FA Cup Winner,FA Cup Winner,transfermarkt_achievements_page,https://www.transfermarkt.com/arsenal/erfolge/verein/11,2026-04-28T07:46:00.357727+00:00,high,,Europa League Participant (participant) | FA Cup Winner (winner),uefa_europa_league | fa_cup,FA Cup Winner (winner),8.0,56.0,14.0,14.0,10.0,56.0,48.0,8.0,premier_league_raw_table,https://en.wikipedia.org/wiki/2019%E2%80%9320_Premier_League,,Raw Premier League season table CSV,medium,League table data loaded from raw Premier League CSV files.,2020-05-31,GBP,full pounds (converted from GBP thousands disclosed in report),339968000.0,78743000.0,118948000.0,142277000.0,,,3485000.0,234478000.0,-94109000.0,109114000.0,60050000.0,-54022000.0,,,,,,,,,,339968000.0,0.0,"[25, 26, 27]",Total revenue has been set to football operating revenue only and excludes disclosed player trading and property development turnover.,Women's team revenue is not separately disclosed in the relevant report note. The extracted football revenue figure should be treated as potentially including any inseparable women's activity.,Disclosed property development turnover is excluded from the football revenue total used here.,high,True,Group of companies' accounts made up to 31 May 2020,https://find-and-update.company-information.service.gov.uk/company/04250459/filing-history/MzI5NDA2NjY3MWFkaXF6a2N4/document?format=pdf&download=0,"Values in the annual report were disclosed in GBP thousands and have been converted here into full GBP amounts by multiplying by 1,000. Missing fields in raw extraction: net_debt_original, profit_loss_before_tax_original, net_debt_eur, profit_loss_before_tax_eur. Net debt computed as total debt less cash and short-term deposits from the downloaded annual report. Profit before tax verified from the tax note.",,,,,,,,,True,True,True,True
premier_league,Premier League,arsenal,Arsenal,2020/21,2020,2021,86000000.0,19150000.0,66850000.0,16,16,transfermarkt_club_page,https://www.transfermarkt.com/arsenal/transfers/verein/11/saison_id/2020,2026-04-27T17:39:42.896737+00:00,high,,1.0,Mikel Arteta,"[""mikel_arteta_26-03-1982""]",mikel_arteta_26-03-1982,Mikel Arteta,1.0,365.0,2019-12-22,,345.0,212.0,59.0,74.0,2.01,transfermarkt_manager_history_page,https://www.transfermarkt.com/arsenal/mitarbeiterhistorie/verein/11/personalie_id/1/plus/1,2026-04-27T18:42:52.621832+00:00,high,Manager spell appears ongoing on the collection date. Ongoing manager spell; overlap calculated through the collection date or season end.,2.0,1.0,English Supercup Winner | Europa League Participant,English Supercup Winner,transfermarkt_achievements_page,https://www.transfermarkt.com/arsenal/erfolge/verein/11,2026-04-28T07:46:00.357727+00:00,high,,English Supercup Winner (winner) | Europa League Participant (participant),super_cup | uefa_europa_league,English Supercup Winner (winner),8.0,61.0,18.0,7.0,13.0,55.0,39.0,16.0,premier_league_raw_table,https://en.wikipedia.org/wiki/2020%E2%80%9321_Premier_League,,Raw Premier League season table CSV,medium,League table data loaded from raw Premier League CSV files.,2021-05-31,GBP,full pounds (converted from GBP thousands disclosed in report),324519000.0,3763000.0,184376000.0,136380000.0,,,3067000.0,244438000.0,-2466000.0,117413000.0,11770000.0,-127204000.0,,,,,,,,,,324519000.0,0.0,"[26, 27, 30]",Total revenue has been set to football operating revenue only and excludes disclosed player trading and property development turnover.,Women's team revenue is not separately disclosed in the relevant report note. The extracted football revenue figure should be treated as potentially including any inseparable women's activity.,Disclosed property development turnover is excluded from the football revenue total used here.,high,True,Group of companies' accounts made up to 31 May 2021,https://find-and-update.company-information.service.gov.uk/company/04250459/filing-history/MzMzMjQ0NzAzOGFkaXF6a2N4/document?format=pdf&download=0,"Values in the annual report were disclosed in GBP thousands and have been converted here into full GBP amounts by multiplying by 1,000. Missing fields in raw extraction: net_debt_original, profit_loss_before_tax_original, net_debt_eur, profit_loss_before_tax_eur. Net debt computed as total debt less cash and short-term deposits from the downloaded annual report. Profit before tax verified from the tax note.",,,,,,,,,True,True,True,True
premier_league,Premier League,arsenal,Arsenal,2021/22,2021,2022,167400000.0,31400000.0,136000000.0,13,20,transfermarkt_club_page,https://www.transfermarkt.com/arsenal/transfers/verein/11/saison_id/2021,2026-04-27T17:43:02.678532+00:00,high,,1.0,Mikel Arteta,"[""mikel_arteta_26-03-1982""]",mikel_arteta_26-03-1982,Mikel Arteta,1.0,365.0,2019-12-22,,345.0,212.0,59.0,74.0,2.01,transfermarkt_manager_history_page,https://www.transfermarkt.com/arsenal/mitarbeiterhistorie/verein/11/personalie_id/1/plus/1,2026-04-27T18:42:52.621832+00:00,high,Manager spell appears ongoing on the collection date. Ongoing manager spell; overlap calculated through the collection date or season end.,,,,,,,,,,,,,5.0,69.0,22.0,3.0,13.0,61.0,48.0,13.0,premier_league_raw_table,https://en.wikipedia.org/wiki/2021%E2%80%9322_Premier_League,,Raw Premier League season table CSV,medium,League table data loaded from raw Premier League CSV files.,2022-05-31,GBP,full pounds (converted from GBP thousands disclosed in report),324519000.0,3763000.0,184376000.0,136380000.0,,,3067000.0,244438000.0,-13188000.0,117413000.0,11770000.0,-45481000.0,,,,,,,,,,324519000.0,0.0,"[22, 26, 27]",Total revenue has been set to football operating revenue only and excludes disclosed player trading and property development turnover.,Women's team revenue is not separately disclosed in the relevant report note. The extracted football revenue figure should be treated as potentially including any inseparable women's activity.,Disclosed property development turnover is excluded from the football revenue total used here.,high,True,Group of companies' accounts made up to 31 May 2022,https://find-and-update.company-information.service.gov.uk/company/04250459/filing-history/MzM2OTcwMjYwNWFkaXF6a2N4/document?download=0&format=pdf,"Values in the annual report were disclosed in GBP thousands and have been converted here into full GBP amounts by multiplying by 1,000. Missing fields in raw extraction: net_debt_original, profit_loss_before_tax_original, net_debt_eur, profit_loss_before_tax_eur. Net debt computed as total debt less cash and short-term deposits from the downloaded annual report. Profit before tax verified from the tax note.",,,,,,,,,True,True,False,True
premier_league,Premier League,arsenal,Arsenal,2022/23,2022,2023,186400000.0,23800000.0,162600000.0,25,18,transfermarkt_club_page,https://www.transfermarkt.com/arsenal/transfers/verein/11/saison_id/2022,2026-04-27T17:54:59.604480+00:00,high,,1.0,Mikel Arteta,"[""mikel_arteta_26-03-1982""]",mikel_arteta_26-03-1982,Mikel Arteta,1.0,365.0,2019-12-22,,345.0,212.0,59.0,74.0,2.01,transfermarkt_manager_history_page,https://www.transfermarkt.com/arsenal/mitarbeiterhistorie/verein/11/personalie_id/1/plus/1,2026-04-27T18:42:52.621832+00:00,high,Manager spell appears ongoing on the collection date. Ongoing manager spell; overlap calculated through the collection date or season end.,1.0,0.0,Europa League Participant,,transfermarkt_achievements_page,https://www.transfermarkt.com/arsenal/erfolge/verein/11,2026-04-28T07:46:00.357727+00:00,high,,Europa League Participant (participant),uefa_europa_league,,2.0,84.0,26.0,6.0,6.0,88.0,43.0,45.0,premier_league_raw_table,https://en.wikipedia.org/wiki/2022%E2%80%9323_Premier_League,,Raw Premier League season table CSV,medium,League table data loaded from raw Premier League CSV files.,2023-05-31,GBP,full pounds (converted from GBP thousands disclosed in report),463100000.0,102604000.0,191194000.0,169302000.0,,,1457000.0,234766000.0,-25531000.0,139060000.0,10732000.0,-52124000.0,,,,,,,,,,463100000.0,0.0,"[22, 26, 27]",Total revenue has been set to football operating revenue only and excludes disclosed player trading and property development turnover.,Women's team revenue is not separately disclosed in the relevant report note. The extracted football revenue figure should be treated as potentially including any inseparable women's activity.,Disclosed property development turnover is excluded from the football revenue total used here.,high,True,Group of companies' accounts made up to 31 May 2023,https://find-and-update.company-information.service.gov.uk/company/04250459/filing-history/MzQxMjE5NjQ0MGFkaXF6a2N4/document?download=0&format=pdf,"Values in the annual report were disclosed in GBP thousands and have been converted here into full GBP amounts by multiplying by 1,000. Missing fields in raw extraction: net_debt_original, profit_loss_before_tax_original, net_debt_eur, profit_loss_before_tax_eur. Net debt computed as total debt less cash and short-term deposits from the downloaded annual report. Profit before tax verified from the tax note.",,,,,,,,,True,True,True,True
premier_league,Premier League,arsenal,Arsenal,2023/24,2023,2024,235100000.0,69200000.0,165900000.0,15,16,transfermarkt_club_page,https://www.transfermarkt.com/arsenal/transfers/verein/11/saison_id/2023,2026-04-27T17:55:01.811174+00:00,high,,1.0,Mikel Arteta,"[""mikel_arteta_26-03-1982""]",mikel_arteta_26-03-1982,Mikel Arteta,1.0,366.0,2019-12-22,,345.0,212.0,59.0,74.0,2.01,transfermarkt_manager_history_page,https://www.transfermarkt.com/arsenal/mitarbeiterhistorie/verein/11/personalie_id/1/plus/1,2026-04-27T18:42:52.621832+00:00,high,Manager spell appears ongoing on the collection date. Ongoing manager spell; overlap calculated through the collection date or season end.,2.0,1.0,Champions League Participant | English Supercup Winner,English Supercup Winner,transfermarkt_achievements_page,https://www.transfermarkt.com/arsenal/erfolge/verein/11,2026-04-28T07:46:00.357727+00:00,high,,Champions League Participant (participant) | English Supercup Winner (winner),uefa_champions_league | super_cup,English Supercup Winner (winner),2.0,89.0,28.0,5.0,5.0,91.0,29.0,62.0,premier_league_raw_table,https://en.wikipedia.org/wiki/2023%E2%80%9324_Premier_League,,Raw Premier League season table CSV,medium,League table data loaded from raw Premier League CSV files.,2024-05-31,GBP,full pounds (converted from GBP thousands disclosed in report),611972000.0,131652000.0,262052000.0,218268000.0,,,1374000.0,327822000.0,-49097000.0,171099000.0,51073000.0,-17687000.0,,,,,,,,,,611972000.0,0.0,"[26, 30, 31, 32]",Total revenue has been set to football operating revenue only and excludes disclosed player trading and property development turnover.,"Women's UEFA competition income of GBP 200,000 was separately disclosed within broadcasting revenue and has been excluded from the extracted men's/club football revenue figure. Any other inseparable women's activity remains embedded if not separately disclosed.",Disclosed property development turnover is excluded from the football revenue total used here.,high,True,Group of companies' accounts made up to 31 May 2024,https://find-and-update.company-information.service.gov.uk/company/04250459/filing-history/MzQ1NTk1NjAxMGFkaXF6a2N4/document?download=0&format=pdf,"Values in the annual report were disclosed in GBP thousands and have been converted here into full GBP amounts by multiplying by 1,000. Broadcasting and total revenue were adjusted to exclude separately disclosed women's UEFA revenue. Missing fields in raw extraction: net_debt_original, profit_loss_before_tax_original, net_debt_eur, profit_loss_before_tax_eur. Net debt computed as total debt less cash from the downloaded annual report. Profit before tax verified from the tax note.",,,,,,,,,True,True,True,True
premier_league,Premier League,arsenal,Arsenal,2024/25,2024,2025,107600000.0,83790000.0,23810000.0,10,13,transfermarkt_club_page,https://www.transfermarkt.com/arsenal/transfers/verein/11/saison_id/2024,2026-04-27T17:55:03.764476+00:00,high,,1.0,Mikel Arteta,"[""mikel_arteta_26-03-1982""]",mikel_arteta_26-03-1982,Mikel Arteta,1.0,365.0,2019-12-22,,345.0,212.0,59.0,74.0,2.01,transfermarkt_manager_history_page,https://www.transfermarkt.com/arsenal/mitarbeiterhistorie/verein/11/personalie_id/1/plus/1,2026-04-27T18:42:52.621832+00:00,high,Manager spell appears ongoing on the collection date. Ongoing manager spell; overlap calculated through the collection date or season end.,1.0,0.0,Champions League Participant,,transfermarkt_achievements_page,https://www.transfermarkt.com/arsenal/erfolge/verein/11,2026-04-28T07:46:00.357727+00:00,high,,Champions League Participant (participant),uefa_champions_league,,2.0,74.0,20.0,14.0,4.0,69.0,34.0,35.0,premier_league_raw_table,https://en.wikipedia.org/wiki/2024%E2%80%9325_Premier_League,,Raw Premier League season table CSV,medium,League table data loaded from raw Premier League CSV files.,2025-05-31,GBP,full pounds (converted from GBP thousands disclosed in report),688431000.0,153854000.0,271384000.0,263193000.0,,,454000.0,346804000.0,-37776000.0,175547000.0,,-1348000.0,,,,,,,,,,688431000.0,0.0,"[31, 32, 33, 34]",Total revenue has been set to football operating revenue only and excludes disclosed player trading and property development turnover.,"Women's UEFA competition income of GBP 1,400,000 was separately disclosed within broadcasting revenue and has been excluded from the extracted men's/club football revenue figure. Any other inseparable women's activity remains embedded if not separately disclosed.",Disclosed property development turnover is excluded from the football revenue total used here.,medium,True,Group of companies' accounts made up to 31 May 2025,https://find-and-update.company-information.service.gov.uk/company/04250459/filing-history/MzUwNzE0ODU1NmFkaXF6a2N4/document?download=0&format=pdf,"Values in the annual report were disclosed in GBP thousands and have been converted here into full GBP amounts by multiplying by 1,000. Broadcasting and total revenue were adjusted to exclude separately disclosed women's UEFA revenue. Missing fields in raw extraction: net_debt_original, profit_loss_before_tax_original, net_debt_eur, profit_loss_before_tax_eur. Net debt computed as total debt less cash from the downloaded annual report. Profit before tax verified from the tax note.",,,,,,,,,True,True,True,True
premier_league,Premier League,arsenal,Arsenal,2025/26,2025,2026,294600000.0,13880000.0,280720000.0,17,16,transfermarkt_club_page,https://www.transfermarkt.com/arsenal/transfers/verein/11/saison_id/2025,2026-04-27T17:55:05.606859+00:00,high,,1.0,Mikel Arteta,"[""mikel_arteta_26-03-1982""]",mikel_arteta_26-03-1982,Mikel Arteta,0.8246575342465754,301.0,2019-12-22,,345.0,212.0,59.0,74.0,2.01,transfermarkt_manager_history_page,https://www.transfermarkt.com/arsenal/mitarbeiterhistorie/verein/11/personalie_id/1/plus/1,2026-04-27T18:42:52.621832+00:00,high,Manager spell appears ongoing on the collection date. Ongoing manager spell; overlap calculated through the collection date or season end.,,,,,,,,,,,,,,,,,,,,,,,,,,,,,,,,,,,,,,,,,,,,,,,,,,,,,,,,,,,,,,,,,,,,,,False,False,False,True
premier_league,Premier League,chelsea,Chelsea,2011/12,2011,2012,96450000.0,31560000.0,64890000.0,22,22,transfermarkt_club_page,https://www.transfermarkt.com/chelsea/transfers/verein/631/saison_id/2011,2026-04-27T18:18:06.936070+00:00,high,,1.0,André Villas-Boas,"[""andr_villas_boas_17-10-1977""]",andr_villas_boas_17-10-1977,André Villas-Boas,0.6775956284153005,248.0,2011-07-01,2012-03-04,40.0,20.0,10.0,10.0,1.75,transfermarkt_manager_history_page,https://www.transfermarkt.com/chelsea/mitarbeiterhistorie/verein/631/personalie_id/1/plus/1,2026-04-27T18:42:58.504177+00:00,high,,3.0,2.0,Champions League Participant | FA Cup Winner | UEFA Champions League winner,FA Cup Winner | UEFA Champions League winner,transfermarkt_achievements_page,https://www.transfermarkt.com/chelsea/erfolge/verein/631,2026-04-28T07:46:07.184658+00:00,high,,Champions League Participant (participant) | FA Cup Winner (winner) | UEFA Champions League winner (winner),uefa_champions_league | fa_cup,FA Cup Winner (winner) | UEFA Champions League winner (winner),6.0,64.0,18.0,10.0,10.0,65.0,46.0,19.0,premier_league_raw_table,https://en.wikipedia.org/wiki/2011%E2%80%9312_Premier_League,,Raw Premier League season table CSV,medium,League table data loaded from raw Premier League CSV files.,2012-06-30,GBP,full pounds (converted from GBP thousands disclosed in report),255738000.0,77742000.0,112815000.0,66977000.0,,,28794000.0,171036000.0,18146000.0,49506000.0,28794000.0,1378000.0,,,,,,,,,,257534000.0,1796000.0,"[15, 16]","Chelsea discloses matchday, broadcasting, and commercial revenue directly in the financial statements from the seasons extracted here. Total revenue has been set to football operating turnover only and excludes player trading.",Women's team revenue is not separately disclosed in the relevant Chelsea financial statement notes used here. The extracted revenue figures should therefore be treated as potentially including inseparable women's activity.,"Chelsea's disclosed commercial category may include hotel, stadium, retail, or other non-matchday commercial operations where the group classifies them within ordinary football-related activities.",medium,True,Group of companies' accounts made up to 30 June 2012,https://find-and-update.company-information.service.gov.uk/company/02536231/filing-history/MzA3MDcyNjIxOGFkaXF6a2N4/document?format=pdf&download=0,"Values in the annual report were disclosed in GBP thousands and have been converted here into full GBP amounts by multiplying by 1,000. Broadcasting, matchday, and commercial are disclosed before deducting Chelsea Digital Media joint-venture turnover of GBP 1,796,000, so the category sum exceeds reported group turnover. Net debt taken from the analysis of net debt note in the downloaded annual report.",,,,,,,,,True,True,True,True
premier_league,Premier League,chelsea,Chelsea,2012/13,2012,2013,109700000.0,25450000.0,84250000.0,29,28,transfermarkt_club_page,https://www.transfermarkt.com/chelsea/transfers/verein/631/saison_id/2012,2026-04-27T18:18:09.270635+00:00,high,,2.0,Roberto Di Matteo | Rafael Benítez,"[""roberto_di_matteo_29-05-1970"", ""rafael_ben_tez_16-04-1960""]",rafael_ben_tez_16-04-1960,Rafael Benítez,0.6054794520547945,221.0,2012-11-22,2013-06-30,48.0,28.0,10.0,10.0,1.96,transfermarkt_manager_history_page,https://www.transfermarkt.com/chelsea/mitarbeiterhistorie/verein/631/personalie_id/1/plus/1,2026-04-27T18:42:58.504177+00:00,high,,6.0,1.0,Champions League Participant | Europa League Participant | Europa League Winner | FIFA Club World Cup Participant | FIFA Club World Cup runner-up | UEFA Super Cup runner-up,Europa League Winner,transfermarkt_achievements_page,https://www.transfermarkt.com/chelsea/erfolge/verein/631,2026-04-28T07:46:07.184658+00:00,high,,Champions League Participant (participant) | Europa League Participant (participant) | Europa League Winner (winner) | FIFA Club World Cup Participant (participant) | FIFA Club World Cup runner-up | UEFA Super Cup runner-up,uefa_champions_league | uefa_europa_league | club_world_cup | other,Europa League Winner (winner),3.0,75.0,22.0,9.0,7.0,75.0,39.0,36.0,premier_league_raw_table,https://en.wikipedia.org/wiki/2012%E2%80%9313_Premier_League,,Raw Premier League season table CSV,medium,League table data loaded from raw Premier League CSV files.,2013-06-30,GBP,full pounds (converted from GBP thousands disclosed in report),255772000.0,70693000.0,105435000.0,79644000.0,,,14452000.0,176568000.0,28113000.0,58758000.0,14452000.0,-50712000.0,,,,,,,,,,255772000.0,0.0,"[15, 16]","Chelsea discloses matchday, broadcasting, and commercial revenue directly in the financial statements from the seasons extracted here. Total revenue has been set to football operating turnover only and excludes player trading.",Women's team revenue is not separately disclosed in the relevant Chelsea financial statement notes used here. The extracted revenue figures should therefore be treated as potentially including inseparable women's activity.,"Chelsea's disclosed commercial category may include hotel, stadium, retail, or other non-matchday commercial operations where the group classifies them within ordinary football-related activities.",high,True,Group of companies' accounts made up to 30 June 2013,https://find-and-update.company-information.service.gov.uk/company/02536231/filing-history/MzA5MjAwODY1MmFkaXF6a2N4/document?format=pdf&download=0,"Values in the annual report were disclosed in GBP thousands and have been converted here into full GBP amounts by multiplying by 1,000. Missing fields in raw extraction: net_debt_eur, profit_loss_before_tax_eur. Net debt taken from the analysis of net debt note. Profit before tax taken from the taxation note.",,,,,,,,,True,True,True,True
premier_league,Premier League,chelsea,Chelsea,2013/14,2013,2014,130350000.0,77930000.0,52420000.0,38,36,transfermarkt_club_page,https://www.transfermarkt.com/chelsea/transfers/verein/631/saison_id/2013,2026-04-27T18:18:11.833484+00:00,high,,1.0,José Mourinho,"[""jos_mourinho_26-01-1963""]",jos_mourinho_26-01-1963,José Mourinho,1.0,365.0,2013-07-01,2015-12-17,136.0,80.0,27.0,29.0,1.96,transfermarkt_manager_history_page,https://www.transfermarkt.com/chelsea/mitarbeiterhistorie/verein/631/personalie_id/1/plus/1,2026-04-27T18:42:58.504177+00:00,high,,2.0,0.0,Champions League Participant | UEFA Super Cup runner-up,,transfermarkt_achievements_page,https://www.transfermarkt.com/chelsea/erfolge/verein/631,2026-04-28T07:46:07.184658+00:00,high,,Champions League Participant (participant) | UEFA Super Cup runner-up,uefa_champions_league | other,,3.0,82.0,25.0,7.0,6.0,71.0,27.0,44.0,premier_league_raw_table,https://en.wikipedia.org/wiki/2013%E2%80%9314_Premier_League,,Raw Premier League season table CSV,medium,League table data loaded from raw Premier League CSV files.,2014-06-30,GBP,full pounds (converted from GBP thousands disclosed in report),319843000.0,71019000.0,139858000.0,108966000.0,,,65072000.0,190581000.0,25004000.0,72360000.0,65072000.0,19068000.0,,,,,,,,,,319843000.0,0.0,"[15, 16]","Chelsea discloses matchday, broadcasting, and commercial revenue directly in the financial statements from the seasons extracted here. Total revenue has been set to football operating turnover only and excludes player trading.",Women's team revenue is not separately disclosed in the relevant Chelsea financial statement notes used here. The extracted revenue figures should therefore be treated as potentially including inseparable women's activity.,"Chelsea's disclosed commercial category may include hotel, stadium, retail, or other non-matchday commercial operations where the group classifies them within ordinary football-related activities.",high,True,Group of companies' accounts made up to 30 June 2014,https://find-and-update.company-information.service.gov.uk/company/02536231/filing-history/MzExNDY3NzI3MmFkaXF6a2N4/document?format=pdf&download=0,"Values in the annual report were disclosed in GBP thousands and have been converted here into full GBP amounts by multiplying by 1,000. Missing fields in raw extraction: net_debt_eur, profit_loss_before_tax_eur. Net debt taken from the analysis of net debt note. Profit before tax taken from the taxation note.",,,,,,,,,True,True,True,True
premier_league,Premier League,chelsea,Chelsea,2014/15,2014,2015,137700000.0,142810000.0,-5110000.0,42,48,transfermarkt_club_page,https://www.transfermarkt.com/chelsea/transfers/verein/631/saison_id/2014,2026-04-27T18:18:13.859558+00:00,high,,1.0,José Mourinho,"[""jos_mourinho_26-01-1963""]",jos_mourinho_26-01-1963,José Mourinho,1.0,365.0,2013-07-01,2015-12-17,136.0,80.0,27.0,29.0,1.96,transfermarkt_manager_history_page,https://www.transfermarkt.com/chelsea/mitarbeiterhistorie/verein/631/personalie_id/1/plus/1,2026-04-27T18:42:58.504177+00:00,high,,3.0,2.0,Champions League Participant | English Champion | English League Cup winner,English Champion | English League Cup winner,transfermarkt_achievements_page,https://www.transfermarkt.com/chelsea/erfolge/verein/631,2026-04-28T07:46:07.184658+00:00,high,,Champions League Participant (participant) | English Champion (winner) | English League Cup winner (winner),uefa_champions_league | league_title | league_cup,English Champion (winner) | English League Cup winner (winner),1.0,87.0,26.0,9.0,3.0,73.0,32.0,41.0,premier_league_raw_table,https://en.wikipedia.org/wiki/2014%E2%80%9315_Premier_League,,Raw Premier League season table CSV,medium,League table data loaded from raw Premier League CSV files.,2015-06-30,GBP,full pounds (converted from GBP thousands disclosed in report),314287000.0,70778000.0,135565000.0,107944000.0,,,42027000.0,215647000.0,5330000.0,70186000.0,42027000.0,-22656000.0,,,,,,,,,,314287000.0,0.0,"[16, 17]","Chelsea discloses matchday, broadcasting, and commercial revenue directly in the financial statements from the seasons extracted here. Total revenue has been set to football operating turnover only and excludes player trading.",Women's team revenue is not separately disclosed in the relevant Chelsea financial statement notes used here. The extracted revenue figures should therefore be treated as potentially including inseparable women's activity.,"Chelsea's disclosed commercial category may include hotel, stadium, retail, or other non-matchday commercial operations where the group classifies them within ordinary football-related activities.",high,True,Group of companies' accounts made up to 30 June 2015,https://find-and-update.company-information.service.gov.uk/company/02536231/filing-history/MzEzODU4Mjg2MWFkaXF6a2N4/document?format=pdf&download=0,"Values in the annual report were disclosed in GBP thousands and have been converted here into full GBP amounts by multiplying by 1,000. Missing fields in raw extraction: net_debt_eur, profit_loss_before_tax_eur. Net debt taken from the analysis of net debt note. Profit before tax taken from the taxation note.",,,,,,,,,True,True,True,True
premier_league,Premier League,chelsea,Chelsea,2015/16,2015,2016,96500000.0,87490000.0,9010000.0,39,37,transfermarkt_club_page,https://www.transfermarkt.com/chelsea/transfers/verein/631/saison_id/2015,2026-04-27T18:18:17.447827+00:00,high,,1.0,José Mourinho,"[""jos_mourinho_26-01-1963""]",jos_mourinho_26-01-1963,José Mourinho,0.4644808743169399,170.0,2013-07-01,2015-12-17,136.0,80.0,27.0,29.0,1.96,transfermarkt_manager_history_page,https://www.transfermarkt.com/chelsea/mitarbeiterhistorie/verein/631/personalie_id/1/plus/1,2026-04-27T18:42:58.504177+00:00,high,,1.0,0.0,Champions League Participant,,transfermarkt_achievements_page,https://www.transfermarkt.com/chelsea/erfolge/verein/631,2026-04-28T07:46:07.184658+00:00,high,,Champions League Participant (participant),uefa_champions_league,,10.0,50.0,12.0,14.0,12.0,59.0,53.0,6.0,premier_league_raw_table,https://en.wikipedia.org/wiki/2015%E2%80%9316_Premier_League,,Raw Premier League season table CSV,medium,League table data loaded from raw Premier League CSV files.,2016-06-30,GBP,full pounds (converted from GBP thousands disclosed in report),329122000.0,69675000.0,142933000.0,116514000.0,,,49000000.0,222406000.0,-27127000.0,71909000.0,49000000.0,-69789000.0,,,,,,,,,,329122000.0,0.0,"[23, 24, 25]","Chelsea discloses matchday, broadcasting, and commercial revenue directly in the financial statements from the seasons extracted here. Total revenue has been set to football operating turnover only and excludes player trading.",Women's team revenue is not separately disclosed in the relevant Chelsea financial statement notes used here. The extracted revenue figures should therefore be treated as potentially including inseparable women's activity.,"Chelsea's disclosed commercial category may include hotel, stadium, retail, or other non-matchday commercial operations where the group classifies them within ordinary football-related activities.",high,True,Group of companies' accounts made up to 30 June 2016,https://find-and-update.company-information.service.gov.uk/company/02536231/filing-history/MzE2NjMwNjg5MWFkaXF6a2N4/document?format=pdf&download=0,"Values in the annual report were disclosed in GBP thousands and have been converted here into full GBP amounts by multiplying by 1,000. Missing fields in raw extraction: net_debt_original, profit_loss_before_tax_original, net_debt_eur, profit_loss_before_tax_eur. Net debt inferred as net cash because the balance sheet shows cash at bank and in hand but no separately disclosed year-end borrowings. Profit before tax taken from the group profit and loss account.",,,,,,,,,True,True,True,True
premier_league,Premier League,chelsea,Chelsea,2016/17,2016,2017,132800000.0,108900000.0,23900000.000000015,27,30,transfermarkt_club_page,https://www.transfermarkt.com/chelsea/transfers/verein/631/saison_id/2016,2026-04-27T18:18:19.528918+00:00,high,,1.0,Antonio Conte,"[""antonio_conte_31-07-1969""]",antonio_conte_31-07-1969,Antonio Conte,1.0,365.0,2016-07-01,2018-07-13,106.0,70.0,15.0,21.0,2.12,transfermarkt_manager_history_page,https://www.transfermarkt.com/chelsea/mitarbeiterhistorie/verein/631/personalie_id/1/plus/1,2026-04-27T18:42:58.504177+00:00,high,,1.0,1.0,English Champion,English Champion,transfermarkt_achievements_page,https://www.transfermarkt.com/chelsea/erfolge/verein/631,2026-04-28T07:46:07.184658+00:00,high,,English Champion (winner),league_title,English Champion (winner),1.0,93.0,30.0,3.0,5.0,85.0,33.0,52.0,premier_league_raw_table,https://en.wikipedia.org/wiki/2016%E2%80%9317_Premier_League,,Raw Premier League season table CSV,medium,League table data loaded from raw Premier League CSV files.,2017-06-30,GBP,full pounds (converted from GBP thousands disclosed in report),361308000.0,65519000.0,162446000.0,133343000.0,,,69226000.0,219659000.0,-32986000.0,89642000.0,69226000.0,15646000.0,,,,,,,,,,361308000.0,0.0,"[22, 23, 24]","Chelsea discloses matchday, broadcasting, and commercial revenue directly in the financial statements from the seasons extracted here. Total revenue has been set to football operating turnover only and excludes player trading.",Women's team revenue is not separately disclosed in the relevant Chelsea financial statement notes used here. The extracted revenue figures should therefore be treated as potentially including inseparable women's activity.,"Chelsea's disclosed commercial category may include hotel, stadium, retail, or other non-matchday commercial operations where the group classifies them within ordinary football-related activities.",high,True,Group of companies' accounts made up to 30 June 2017,https://find-and-update.company-information.service.gov.uk/company/02536231/filing-history/MzE5NDY3NTc5NGFkaXF6a2N4/document?format=pdf&download=0,"Values in the annual report were disclosed in GBP thousands and have been converted here into full GBP amounts by multiplying by 1,000. Missing fields in raw extraction: net_debt_original, profit_loss_before_tax_original, net_debt_eur, profit_loss_before_tax_eur. Net debt inferred as net cash because the balance sheet shows cash at bank and in hand but no separately disclosed year-end borrowings. Profit before tax taken from the group profit and loss account.",,,,,,,,,True,True,True,True
premier_league,Premier League,chelsea,Chelsea,2017/18,2017,2018,260500000.0,194600000.0,65900000.0,40,31,transfermarkt_club_page,https://www.transfermarkt.com/chelsea/transfers/verein/631/saison_id/2017,2026-04-27T18:18:22.073027+00:00,high,,1.0,Antonio Conte,"[""antonio_conte_31-07-1969""]",antonio_conte_31-07-1969,Antonio Conte,1.0,365.0,2016-07-01,2018-07-13,106.0,70.0,15.0,21.0,2.12,transfermarkt_manager_history_page,https://www.transfermarkt.com/chelsea/mitarbeiterhistorie/verein/631/personalie_id/1/plus/1,2026-04-27T18:42:58.504177+00:00,high,,2.0,1.0,Champions League Participant | FA Cup Winner,FA Cup Winner,transfermarkt_achievements_page,https://www.transfermarkt.com/chelsea/erfolge/verein/631,2026-04-28T07:46:07.184658+00:00,high,,Champions League Participant (participant) | FA Cup Winner (winner),uefa_champions_league | fa_cup,FA Cup Winner (winner),5.0,70.0,21.0,7.0,10.0,62.0,38.0,24.0,premier_league_raw_table,https://en.wikipedia.org/wiki/2017%E2%80%9318_Premier_League,,Raw Premier League season table CSV,medium,League table data loaded from raw Premier League CSV files.,2018-06-30,GBP,full pounds (converted from GBP thousands disclosed in report),443449000.0,73938000.0,204141000.0,165370000.0,,,112995000.0,244084000.0,-31679000.0,125554000.0,112995000.0,67461000.0,,,,,,,,,,443449000.0,0.0,"[22, 23, 24]","Chelsea discloses matchday, broadcasting, and commercial revenue directly in the financial statements from the seasons extracted here. Total revenue has been set to football operating turnover only and excludes player trading.",Women's team revenue is not separately disclosed in the relevant Chelsea financial statement notes used here. The extracted revenue figures should therefore be treated as potentially including inseparable women's activity.,"Chelsea's disclosed commercial category may include hotel, stadium, retail, or other non-matchday commercial operations where the group classifies them within ordinary football-related activities.",high,True,Group of companies' accounts made up to 30 June 2018,https://find-and-update.company-information.service.gov.uk/company/02536231/filing-history/MzIyMzk3MDA5OGFkaXF6a2N4/document?format=pdf&download=0,"Values in the annual report were disclosed in GBP thousands and have been converted here into full GBP amounts by multiplying by 1,000. Missing fields in raw extraction: net_debt_original, profit_loss_before_tax_original, net_debt_eur, profit_loss_before_tax_eur. Net debt inferred as net cash because the balance sheet shows cash at bank and in hand but no separately disclosed year-end borrowings. Profit before tax taken from the group profit and loss account.",,,,,,,,,True,True,True,True
premier_league,Premier League,chelsea,Chelsea,2018/19,2018,2019,208800000.0,83250000.0,125550000.0,30,31,transfermarkt_club_page,https://www.transfermarkt.com/chelsea/transfers/verein/631/saison_id/2018,2026-04-27T18:18:25.379400+00:00,high,,2.0,Antonio Conte | Maurizio Sarri,"[""antonio_conte_31-07-1969"", ""maurizio_sarri_10-01-1959""]",maurizio_sarri_10-01-1959,Maurizio Sarri,0.9643835616438357,352.0,2018-07-14,2019-06-30,63.0,40.0,11.0,12.0,2.08,transfermarkt_manager_history_page,https://www.transfermarkt.com/chelsea/mitarbeiterhistorie/verein/631/personalie_id/1/plus/1,2026-04-27T18:42:58.504177+00:00,high,,2.0,1.0,Europa League Participant | Europa League Winner,Europa League Winner,transfermarkt_achievements_page,https://www.transfermarkt.com/chelsea/erfolge/verein/631,2026-04-28T07:46:07.184658+00:00,high,,Europa League Participant (participant) | Europa League Winner (winner),uefa_europa_league,Europa League Winner (winner),3.0,72.0,21.0,9.0,8.0,63.0,39.0,24.0,premier_league_raw_table,https://en.wikipedia.org/wiki/2018%E2%80%9319_Premier_League,,Raw Premier League season table CSV,medium,League table data loaded from raw Premier League CSV files.,2019-06-30,GBP,full pounds (converted from GBP thousands disclosed in report),446741000.0,66623000.0,200188000.0,179930000.0,,,60459000.0,285550000.0,-36580000.0,170010000.0,60459000.0,-101786000.0,,,,,,,,,,446741000.0,0.0,"[22, 23, 24]","Chelsea discloses matchday, broadcasting, and commercial revenue directly in the financial statements from the seasons extracted here. Total revenue has been set to football operating turnover only and excludes player trading.",Women's team revenue is not separately disclosed in the relevant Chelsea financial statement notes used here. The extracted revenue figures should therefore be treated as potentially including inseparable women's activity.,"Chelsea's disclosed commercial category may include hotel, stadium, retail, or other non-matchday commercial operations where the group classifies them within ordinary football-related activities.",high,True,Group of companies' accounts made up to 30 June 2019,https://find-and-update.company-information.service.gov.uk/company/02536231/filing-history/MzI1MzY5NTU2NWFkaXF6a2N4/document?format=pdf&download=0,"Values in the annual report were disclosed in GBP thousands and have been converted here into full GBP amounts by multiplying by 1,000. Missing fields in raw extraction: net_debt_original, profit_loss_before_tax_original, net_debt_eur, profit_loss_before_tax_eur. Net debt inferred as net cash because the balance sheet shows cash at bank and in hand but no separately disclosed year-end borrowings. Profit before tax taken from the group profit and loss account.",,,,,,,,,True,True,True,True
premier_league,Premier League,chelsea,Chelsea,2019/20,2019,2020,45000000.0,165070000.0,-120070000.0,22,29,transfermarkt_club_page,https://www.transfermarkt.com/chelsea/transfers/verein/631/saison_id/2019,2026-04-27T18:18:28.184493+00:00,high,Displayed departures sum (165070000) differs from parsed departures fee sum (165066000).,1.0,Frank Lampard,"[""frank_lampard_20-06-1978""]",frank_lampard_20-06-1978,Frank Lampard,0.9918032786885246,363.0,2019-07-04,2021-01-25,84.0,44.0,15.0,25.0,1.75,transfermarkt_manager_history_page,https://www.transfermarkt.com/chelsea/mitarbeiterhistorie/verein/631/personalie_id/1/plus/1,2026-04-27T18:42:58.504177+00:00,high,,2.0,0.0,Champions League Participant | UEFA Super Cup runner-up,,transfermarkt_achievements_page,https://www.transfermarkt.com/chelsea/erfolge/verein/631,2026-04-28T07:46:07.184658+00:00,high,,Champions League Participant (participant) | UEFA Super Cup runner-up,uefa_champions_league | other,,4.0,66.0,20.0,6.0,12.0,69.0,54.0,15.0,premier_league_raw_table,https://en.wikipedia.org/wiki/2019%E2%80%9320_Premier_League,,Raw Premier League season table CSV,medium,League table data loaded from raw Premier League CSV files.,2020-06-30,GBP,full pounds (converted from GBP thousands disclosed in report),407402000.0,54469000.0,182546000.0,170387000.0,,,142645000.0,283480000.0,-17077000.0,129141000.0,142645000.0,35652000.0,,,,,,,,,,407402000.0,0.0,"[25, 26, 27]","Chelsea discloses matchday, broadcasting, and commercial revenue directly in the financial statements from the seasons extracted here. Total revenue has been set to football operating turnover only and excludes player trading.",Women's team revenue is not separately disclosed in the relevant Chelsea financial statement notes used here. The extracted revenue figures should therefore be treated as potentially including inseparable women's activity.,"Chelsea's disclosed commercial category may include hotel, stadium, retail, or other non-matchday commercial operations where the group classifies them within ordinary football-related activities.",high,True,Group of companies' accounts made up to 30 June 2020,https://find-and-update.company-information.service.gov.uk/company/02536231/filing-history/MzI5MTA2NDMxM2FkaXF6a2N4/document?format=pdf&download=0,"Values in the annual report were disclosed in GBP thousands and have been converted here into full GBP amounts by multiplying by 1,000. Missing fields in raw extraction: net_debt_original, profit_loss_before_tax_original, net_debt_eur, profit_loss_before_tax_eur. Net debt inferred as net cash because the balance sheet shows cash at bank and in hand but no separately disclosed year-end borrowings. Profit before tax taken from the group profit and loss account.",,,,,,,,,True,True,True,True
premier_league,Premier League,chelsea,Chelsea,2020/21,2020,2021,267200000.0,57150000.0,210050000.0,31,26,transfermarkt_club_page,https://www.transfermarkt.com/chelsea/transfers/verein/631/saison_id/2020,2026-04-27T18:18:30.409780+00:00,high,,2.0,Frank Lampard | Thomas Tuchel,"[""frank_lampard_20-06-1978"", ""thomas_tuchel_29-08-1973""]",frank_lampard_20-06-1978,Frank Lampard,0.5726027397260274,209.0,2019-07-04,2021-01-25,84.0,44.0,15.0,25.0,1.75,transfermarkt_manager_history_page,https://www.transfermarkt.com/chelsea/mitarbeiterhistorie/verein/631/personalie_id/1/plus/1,2026-04-27T18:42:58.504177+00:00,high,,3.0,1.0,Champions League Participant | FA Cup Runner up | UEFA Champions League winner,UEFA Champions League winner,transfermarkt_achievements_page,https://www.transfermarkt.com/chelsea/erfolge/verein/631,2026-04-28T07:46:07.184658+00:00,high,,Champions League Participant (participant) | FA Cup Runner up (runner_up) | UEFA Champions League winner (winner),uefa_champions_league | fa_cup,UEFA Champions League winner (winner),4.0,67.0,19.0,10.0,9.0,58.0,36.0,22.0,premier_league_raw_table,https://en.wikipedia.org/wiki/2020%E2%80%9321_Premier_League,,Raw Premier League season table CSV,medium,League table data loaded from raw Premier League CSV files.,2021-06-30,GBP,full pounds (converted from GBP thousands disclosed in report),434863000.0,7654000.0,273606000.0,153603000.0,,,27940000.0,332905000.0,-17077000.0,163864000.0,27940000.0,35652000.0,,,,,,,,,,434863000.0,0.0,"[28, 29, 30]","Chelsea discloses matchday, broadcasting, and commercial revenue directly in the financial statements from the seasons extracted here. Total revenue has been set to football operating turnover only and excludes player trading.",Women's team revenue is not separately disclosed in the relevant Chelsea financial statement notes used here. The extracted revenue figures should therefore be treated as potentially including inseparable women's activity.,"Chelsea's disclosed commercial category may include hotel, stadium, retail, or other non-matchday commercial operations where the group classifies them within ordinary football-related activities.",high,True,Group of companies' accounts made up to 30 June 2021,https://find-and-update.company-information.service.gov.uk/company/02536231/filing-history/MzMyNDMxMTA2NmFkaXF6a2N4/document?format=pdf&download=0,"Values in the annual report were disclosed in GBP thousands and have been converted here into full GBP amounts by multiplying by 1,000. Missing fields in raw extraction: net_debt_original, profit_loss_before_tax_original, net_debt_eur, profit_loss_before_tax_eur. Net debt inferred as net cash because the balance sheet shows cash at bank and in hand but no separately disclosed year-end borrowings. Profit before tax taken from the group profit and loss account.",,,,,,,,,True,True,True,True
premier_league,Premier League,chelsea,Chelsea,2021/22,2021,2022,118000000.0,157590000.0,-39590000.0,21,23,transfermarkt_club_page,https://www.transfermarkt.com/chelsea/transfers/verein/631/saison_id/2021,2026-04-27T18:18:32.847451+00:00,high,,1.0,Thomas Tuchel,"[""thomas_tuchel_29-08-1973""]",thomas_tuchel_29-08-1973,Thomas Tuchel,1.0,365.0,2021-01-26,2022-09-07,100.0,63.0,19.0,18.0,2.08,transfermarkt_manager_history_page,https://www.transfermarkt.com/chelsea/mitarbeiterhistorie/verein/631/personalie_id/1/plus/1,2026-04-27T18:42:58.504177+00:00,high,,3.0,1.0,Champions League Participant | FIFA Club World Cup Participant | UEFA Supercup Winner,UEFA Supercup Winner,transfermarkt_achievements_page,https://www.transfermarkt.com/chelsea/erfolge/verein/631,2026-04-28T07:46:07.184658+00:00,high,,Champions League Participant (participant) | FIFA Club World Cup Participant (participant) | UEFA Supercup Winner (winner),uefa_champions_league | club_world_cup | super_cup,UEFA Supercup Winner (winner),3.0,74.0,21.0,11.0,6.0,76.0,33.0,43.0,premier_league_raw_table,https://en.wikipedia.org/wiki/2021%E2%80%9322_Premier_League,,Raw Premier League season table CSV,medium,League table data loaded from raw Premier League CSV files.,2022-06-30,GBP,full pounds (converted from GBP thousands disclosed in report),481278000.0,69163000.0,235016000.0,177099000.0,,,123213000.0,340249000.0,-16366000.0,162457000.0,123213000.0,-155939000.0,,,,,,,,,,481278000.0,0.0,"[29, 30, 31]","Chelsea discloses matchday, broadcasting, and commercial revenue directly in the financial statements from the seasons extracted here. Total revenue has been set to football operating turnover only and excludes player trading.",Women's team revenue is not separately disclosed in the relevant Chelsea financial statement notes used here. The extracted revenue figures should therefore be treated as potentially including inseparable women's activity.,"Chelsea's disclosed commercial category may include hotel, stadium, retail, or other non-matchday commercial operations where the group classifies them within ordinary football-related activities.",high,True,Group of companies' accounts made up to 30 June 2022,https://find-and-update.company-information.service.gov.uk/company/02536231/filing-history/MzM3NDg3MzQ5MGFkaXF6a2N4/document?download=0&format=pdf,"Values in the annual report were disclosed in GBP thousands and have been converted here into full GBP amounts by multiplying by 1,000. Missing fields in raw extraction: net_debt_original, profit_loss_before_tax_original, net_debt_eur, profit_loss_before_tax_eur. Net debt inferred as net cash because the balance sheet shows cash at bank and in hand but no separately disclosed year-end borrowings. Profit before tax taken from the group profit and loss account.",,,,,,,,,True,True,True,True
premier_league,Premier League,chelsea,Chelsea,2022/23,2022,2023,630250000.0,67860000.0,562390000.0,28,25,transfermarkt_club_page,https://www.transfermarkt.com/chelsea/transfers/verein/631/saison_id/2022,2026-04-27T18:18:35.550510+00:00,high,,2.0,Thomas Tuchel | Graham Potter,"[""thomas_tuchel_29-08-1973"", ""graham_potter_20-05-1975""]",graham_potter_20-05-1975,Graham Potter,0.5671232876712329,207.0,2022-09-08,2023-04-02,31.0,12.0,8.0,11.0,1.42,transfermarkt_manager_history_page,https://www.transfermarkt.com/chelsea/mitarbeiterhistorie/verein/631/personalie_id/1/plus/1,2026-04-27T18:42:58.504177+00:00,high,,2.0,1.0,Champions League Participant | FIFA Club World Cup winner,FIFA Club World Cup winner,transfermarkt_achievements_page,https://www.transfermarkt.com/chelsea/erfolge/verein/631,2026-04-28T07:46:07.184658+00:00,medium,Assigned season derived from achievement season label '2022' using method 'calendar_year_mapped_to_start_year_season'.,Champions League Participant (participant) | FIFA Club World Cup winner (winner),uefa_champions_league | club_world_cup,FIFA Club World Cup winner (winner),12.0,44.0,11.0,11.0,16.0,38.0,47.0,-9.0,premier_league_raw_table,https://en.wikipedia.org/wiki/2022%E2%80%9323_Premier_League,,Raw Premier League season table CSV,medium,League table data loaded from raw Premier League CSV files.,2023-06-30,GBP,full pounds (converted from GBP thousands disclosed in report),512467000.0,76481000.0,225902000.0,210084000.0,,,62861000.0,403962000.0,-54184000.0,205000000.0,62861000.0,-121355000.0,,,,,,,,,,512467000.0,0.0,"[33, 34, 35]","Chelsea discloses matchday, broadcasting, and commercial revenue directly in the financial statements from the seasons extracted here. Total revenue has been set to football operating turnover only and excludes player trading.",Women's team revenue is not separately disclosed in the relevant Chelsea financial statement notes used here. The extracted revenue figures should therefore be treated as potentially including inseparable women's activity.,"Chelsea's disclosed commercial category may include hotel, stadium, retail, or other non-matchday commercial operations where the group classifies them within ordinary football-related activities.",high,True,Group of companies' accounts made up to 30 June 2023,https://find-and-update.company-information.service.gov.uk/company/02536231/filing-history/MzQxNzE0MTU2NWFkaXF6a2N4/document?download=0&format=pdf,"Values in the annual report were disclosed in GBP thousands and have been converted here into full GBP amounts by multiplying by 1,000. Missing fields in raw extraction: net_debt_original, profit_loss_before_tax_original, net_debt_eur, profit_loss_before_tax_eur. Net debt inferred as net cash because the balance sheet shows cash at bank and in hand but no separately disclosed year-end borrowings. Profit before tax taken from the group profit and loss account.",,,,,,,,,True,True,True,True
premier_league,Premier League,chelsea,Chelsea,2023/24,2023,2024,448100000.0,282200000.0,165900000.0,29,32,transfermarkt_club_page,https://www.transfermarkt.com/chelsea/transfers/verein/631/saison_id/2023,2026-04-27T18:18:37.541482+00:00,high,,1.0,Mauricio Pochettino,"[""mauricio_pochettino_02-03-1972""]",mauricio_pochettino_02-03-1972,Mauricio Pochettino,1.0,366.0,2023-07-01,2024-06-30,51.0,27.0,10.0,14.0,1.78,transfermarkt_manager_history_page,https://www.transfermarkt.com/chelsea/mitarbeiterhistorie/verein/631/personalie_id/1/plus/1,2026-04-27T18:42:58.504177+00:00,high,,,,,,,,,,,,,,6.0,63.0,18.0,9.0,11.0,77.0,63.0,14.0,premier_league_raw_table,https://en.wikipedia.org/wiki/2023%E2%80%9324_Premier_League,,Raw Premier League season table CSV,medium,League table data loaded from raw Premier League CSV files.,2024-06-30,GBP,full pounds (converted from GBP thousands disclosed in report),468486000.0,80120000.0,163101000.0,225265000.0,,,152463000.0,338021000.0,-87889000.0,191826000.0,152463000.0,-90100000.0,,,,,,,,,,468486000.0,0.0,"[33, 34, 35]","Chelsea discloses matchday, broadcasting, and commercial revenue directly in the financial statements from the seasons extracted here. Total revenue has been set to football operating turnover only and excludes player trading.",Women's team revenue is not separately disclosed in the relevant Chelsea financial statement notes used here. The extracted revenue figures should therefore be treated as potentially including inseparable women's activity.,"Chelsea's disclosed commercial category may include hotel, stadium, retail, or other non-matchday commercial operations where the group classifies them within ordinary football-related activities.",high,True,Group of companies' accounts made up to 30 June 2024,https://find-and-update.company-information.service.gov.uk/company/02536231/filing-history/MzQ2MTE3NTE4OWFkaXF6a2N4/document?download=0&format=pdf,"Values in the annual report were disclosed in GBP thousands and have been converted here into full GBP amounts by multiplying by 1,000. Missing fields in raw extraction: net_debt_original, profit_loss_before_tax_original, net_debt_eur, profit_loss_before_tax_eur. Net debt inferred as net cash because the balance sheet shows cash at bank and in hand but no separately disclosed year-end borrowings. Profit before tax taken from the group profit and loss account.",,,,,,,,,True,True,False,True
premier_league,Premier League,chelsea,Chelsea,2024/25,2024,2025,281900000.0,237100000.0,44800000.0,32,31,transfermarkt_club_page,https://www.transfermarkt.com/chelsea/transfers/verein/631/saison_id/2024,2026-04-27T18:18:39.646933+00:00,high,,1.0,Enzo Maresca,"[""enzo_maresca_10-02-1980""]",enzo_maresca_10-02-1980,Enzo Maresca,1.0,365.0,2024-07-01,2026-01-01,92.0,55.0,16.0,21.0,1.97,transfermarkt_manager_history_page,https://www.transfermarkt.com/chelsea/mitarbeiterhistorie/verein/631/personalie_id/1/plus/1,2026-04-27T18:42:58.504177+00:00,high,,3.0,1.0,Conference League participant | Conference League winner | FIFA Club World Cup Participant,Conference League winner,transfermarkt_achievements_page,https://www.transfermarkt.com/chelsea/erfolge/verein/631,2026-04-28T07:46:07.184658+00:00,high,,Conference League participant (participant) | Conference League winner (winner) | FIFA Club World Cup Participant (participant),uefa_conference_league | club_world_cup,Conference League winner (winner),4.0,69.0,20.0,9.0,9.0,64.0,43.0,21.0,premier_league_raw_table,https://en.wikipedia.org/wiki/2024%E2%80%9325_Premier_League,,Raw Premier League season table CSV,medium,League table data loaded from raw Premier League CSV files.,2025-06-30,GBP,full pounds (converted from GBP thousands disclosed in report),490857000.0,86762000.0,203230000.0,200865000.0,,,57906000.0,359265000.0,-49009000.0,213893000.0,57906000.0,-262444000.0,,,,,,,,,,490857000.0,0.0,"[29, 30, 31]","Chelsea discloses matchday, broadcasting, and commercial revenue directly in the financial statements from the seasons extracted here. Total revenue has been set to football operating turnover only and excludes player trading.",Women's team revenue is not separately disclosed in the relevant Chelsea financial statement notes used here. The extracted revenue figures should therefore be treated as potentially including inseparable women's activity.,"Chelsea's disclosed commercial category may include hotel, stadium, retail, or other non-matchday commercial operations where the group classifies them within ordinary football-related activities.",high,True,Group of companies' accounts made up to 30 June 2025,https://find-and-update.company-information.service.gov.uk/company/02536231/filing-history/MzUxNDEyMjMwN2FkaXF6a2N4/document?download=0&format=pdf,"Values in the annual report were disclosed in GBP thousands and have been converted here into full GBP amounts by multiplying by 1,000. Missing fields in raw extraction: net_debt_original, profit_loss_before_tax_original, net_debt_eur, profit_loss_before_tax_eur. Net debt inferred as net cash because the balance sheet shows cash at bank and in hand but no separately disclosed year-end borrowings. Profit before tax taken from the group profit and loss account.",,,,,,,,,True,True,True,True
premier_league,Premier League,chelsea,Chelsea,2025/26,2025,2026,339150000.0,334250000.0,4900000.0,31,31,transfermarkt_club_page,https://www.transfermarkt.com/chelsea/transfers/verein/631/saison_id/2025,2026-04-27T18:18:42.250550+00:00,high,,2.0,Enzo Maresca | Liam Rosenior,"[""enzo_maresca_10-02-1980"", ""liam_rosenior_09-07-1984""]",enzo_maresca_10-02-1980,Enzo Maresca,0.5068493150684932,185.0,2024-07-01,2026-01-01,92.0,55.0,16.0,21.0,1.97,transfermarkt_manager_history_page,https://www.transfermarkt.com/chelsea/mitarbeiterhistorie/verein/631/personalie_id/1/plus/1,2026-04-27T18:42:58.504177+00:00,high,,1.0,1.0,FIFA Club World Cup winner,FIFA Club World Cup winner,transfermarkt_achievements_page,https://www.transfermarkt.com/chelsea/erfolge/verein/631,2026-04-28T07:46:07.184658+00:00,medium,Assigned season derived from achievement season label '2025' using method 'calendar_year_mapped_to_start_year_season'.,FIFA Club World Cup winner (winner),club_world_cup,FIFA Club World Cup winner (winner),,,,,,,,,,,,,,,,,,,,,,,,,,,,,,,,,,,,,,,,,,,,,,,,,,,,,,,,,,False,False,True,True
premier_league,Premier League,liverpool,Liverpool,2011/12,2011,2012,69330000.0,22000000.0,47330000.0,21,18,transfermarkt_club_page,https://www.transfermarkt.com/liverpool/transfers/verein/31/saison_id/2011,2026-04-27T18:19:30.994490+00:00,high,Displayed arrivals sum (69330000) differs from parsed arrivals fee sum (69325000).,1.0,Kenny Dalglish,"[""kenny_dalglish_04-03-1951""]",kenny_dalglish_04-03-1951,Kenny Dalglish,0.8770491803278688,321.0,2011-01-08,2012-05-16,74.0,36.0,16.0,22.0,1.68,transfermarkt_manager_history_page,https://www.transfermarkt.com/liverpool/mitarbeiterhistorie/verein/31/personalie_id/1/plus/1,2026-04-27T18:43:00.386012+00:00,high,,1.0,1.0,English League Cup winner,English League Cup winner,transfermarkt_achievements_page,https://www.transfermarkt.com/liverpool/erfolge/verein/31,2026-04-28T07:46:09.255073+00:00,high,,English League Cup winner (winner),league_cup,English League Cup winner (winner),8.0,52.0,14.0,10.0,14.0,47.0,40.0,7.0,premier_league_raw_table,https://en.wikipedia.org/wiki/2011%E2%80%9312_Premier_League,,Raw Premier League season table CSV,medium,League table data loaded from raw Premier League CSV files.,2012-05-31,GBP,full pounds (converted from GBP thousands disclosed in report),168998000.0,42327000.0,62774000.0,63897000.0,,,,109231000.0,87170000.0,33759000.0,,-40522000.0,,,,,,,,,,168998000.0,0.0,"[17, 18, 21, 30]","Liverpool discloses matchday, media, and commercial turnover directly in the annual accounts for the shortened 10 month reporting period ended 31 May 2012. No player trading figure was used in football revenue.",Women's team revenue is not separately disclosed in the report.,No separate non-football commercial adjustment was identified in the extracted note.,high,True,Full accounts made up to 31 May 2012,https://find-and-update.company-information.service.gov.uk/company/00035668/filing-history/MzA3MzkyNTQ5NmFkaXF6a2N4/document?format=pdf&download=0,"Values in the annual report were disclosed in GBP thousands and have been converted here into full GBP amounts by multiplying by 1,000. This season covers a 10 month reporting period after Liverpool changed its financial year end.",,,,,,,,,True,True,True,True
premier_league,Premier League,liverpool,Liverpool,2012/13,2012,2013,70600000.0,10450000.0,60150000.0,19,18,transfermarkt_club_page,https://www.transfermarkt.com/liverpool/transfers/verein/31/saison_id/2012,2026-04-27T18:19:33.637615+00:00,high,,1.0,Brendan Rodgers,"[""brendan_rodgers_26-01-1973""]",brendan_rodgers_26-01-1973,Brendan Rodgers,1.0,365.0,2012-07-01,2015-10-04,166.0,85.0,39.0,42.0,1.77,transfermarkt_manager_history_page,https://www.transfermarkt.com/liverpool/mitarbeiterhistorie/verein/31/personalie_id/1/plus/1,2026-04-27T18:43:00.386012+00:00,high,,1.0,0.0,Europa League Participant,,transfermarkt_achievements_page,https://www.transfermarkt.com/liverpool/erfolge/verein/31,2026-04-28T07:46:09.255073+00:00,high,,Europa League Participant (participant),uefa_europa_league,,7.0,61.0,16.0,13.0,9.0,71.0,43.0,28.0,premier_league_raw_table,https://en.wikipedia.org/wiki/2012%E2%80%9313_Premier_League,,Raw Premier League season table CSV,medium,League table data loaded from raw Premier League CSV files.,,,,,,,,,,,,,,,,,,,,,,,,,,,,,,,,,,,,,,,,,,,,True,False,True,True
premier_league,Premier League,liverpool,Liverpool,2013/14,2013,2014,58100000.0,32500000.0,25600000.0,18,23,transfermarkt_club_page,https://www.transfermarkt.com/liverpool/transfers/verein/31/saison_id/2013,2026-04-27T18:19:35.688334+00:00,high,,1.0,Brendan Rodgers,"[""brendan_rodgers_26-01-1973""]",brendan_rodgers_26-01-1973,Brendan Rodgers,1.0,365.0,2012-07-01,2015-10-04,166.0,85.0,39.0,42.0,1.77,transfermarkt_manager_history_page,https://www.transfermarkt.com/liverpool/mitarbeiterhistorie/verein/31/personalie_id/1/plus/1,2026-04-27T18:43:00.386012+00:00,high,,,,,,,,,,,,,,2.0,84.0,26.0,6.0,6.0,101.0,50.0,51.0,premier_league_raw_table,https://en.wikipedia.org/wiki/2013%E2%80%9314_Premier_League,,Raw Premier League season table CSV,medium,League table data loaded from raw Premier League CSV files.,,,,,,,,,,,,,,,,,,,,,,,,,,,,,,,,,,,,,,,,,,,,True,False,False,True
premier_league,Premier League,liverpool,Liverpool,2014/15,2014,2015,151430000.0,99270000.0,52160000.0,25,21,transfermarkt_club_page,https://www.transfermarkt.com/liverpool/transfers/verein/31/saison_id/2014,2026-04-27T18:19:37.650062+00:00,high,,1.0,Brendan Rodgers,"[""brendan_rodgers_26-01-1973""]",brendan_rodgers_26-01-1973,Brendan Rodgers,1.0,365.0,2012-07-01,2015-10-04,166.0,85.0,39.0,42.0,1.77,transfermarkt_manager_history_page,https://www.transfermarkt.com/liverpool/mitarbeiterhistorie/verein/31/personalie_id/1/plus/1,2026-04-27T18:43:00.386012+00:00,high,,2.0,0.0,Champions League Participant | Europa League Participant,,transfermarkt_achievements_page,https://www.transfermarkt.com/liverpool/erfolge/verein/31,2026-04-28T07:46:09.255073+00:00,high,,Champions League Participant (participant) | Europa League Participant (participant),uefa_champions_league | uefa_europa_league,,6.0,62.0,18.0,8.0,12.0,52.0,48.0,4.0,premier_league_raw_table,https://en.wikipedia.org/wiki/2014%E2%80%9315_Premier_League,,Raw Premier League season table CSV,medium,League table data loaded from raw Premier League CSV files.,,,,,,,,,,,,,,,,,,,,,,,,,,,,,,,,,,,,,,,,,,,,True,False,True,True
premier_league,Premier League,liverpool,Liverpool,2015/16,2015,2016,126500000.0,90550000.0,35950000.0,24,24,transfermarkt_club_page,https://www.transfermarkt.com/liverpool/transfers/verein/31/saison_id/2015,2026-04-27T18:19:39.692000+00:00,high,,2.0,Brendan Rodgers | Jürgen Klopp,"[""brendan_rodgers_26-01-1973"", ""j_rgen_klopp_16-06-1967""]",j_rgen_klopp_16-06-1967,Jürgen Klopp,0.7295081967213115,267.0,2015-10-08,2024-06-30,489.0,304.0,100.0,85.0,2.07,transfermarkt_manager_history_page,https://www.transfermarkt.com/liverpool/mitarbeiterhistorie/verein/31/personalie_id/1/plus/1,2026-04-27T18:43:00.386012+00:00,high,,3.0,0.0,English League Cup runner-up | Europa League Participant | Europa League runner-up,,transfermarkt_achievements_page,https://www.transfermarkt.com/liverpool/erfolge/verein/31,2026-04-28T07:46:09.255073+00:00,high,,English League Cup runner-up | Europa League Participant (participant) | Europa League runner-up,league_cup | uefa_europa_league,,8.0,60.0,16.0,12.0,10.0,63.0,50.0,13.0,premier_league_raw_table,https://en.wikipedia.org/wiki/2015%E2%80%9316_Premier_League,,Raw Premier League season table CSV,medium,League table data loaded from raw Premier League CSV files.,,,,,,,,,,,,,,,,,,,,,,,,,,,,,,,,,,,,,,,,,,,,True,False,True,True
premier_league,Premier League,liverpool,Liverpool,2016/17,2016,2017,79900000.0,88980000.0,-9080000.0,21,19,transfermarkt_club_page,https://www.transfermarkt.com/liverpool/transfers/verein/31/saison_id/2016,2026-04-27T18:19:41.743919+00:00,high,,1.0,Jürgen Klopp,"[""j_rgen_klopp_16-06-1967""]",j_rgen_klopp_16-06-1967,Jürgen Klopp,1.0,365.0,2015-10-08,2024-06-30,489.0,304.0,100.0,85.0,2.07,transfermarkt_manager_history_page,https://www.transfermarkt.com/liverpool/mitarbeiterhistorie/verein/31/personalie_id/1/plus/1,2026-04-27T18:43:00.386012+00:00,high,,,,,,,,,,,,,,4.0,76.0,22.0,10.0,6.0,78.0,42.0,36.0,premier_league_raw_table,https://en.wikipedia.org/wiki/2016%E2%80%9317_Premier_League,,Raw Premier League season table CSV,medium,League table data loaded from raw Premier League CSV files.,,,,,,,,,,,,,,,,,,,,,,,,,,,,,,,,,,,,,,,,,,,,True,False,False,True
premier_league,Premier League,liverpool,Liverpool,2017/18,2017,2018,173650000.0,184500000.0,-10850000.0,13,15,transfermarkt_club_page,https://www.transfermarkt.com/liverpool/transfers/verein/31/saison_id/2017,2026-04-27T18:19:44.195208+00:00,high,,1.0,Jürgen Klopp,"[""j_rgen_klopp_16-06-1967""]",j_rgen_klopp_16-06-1967,Jürgen Klopp,1.0,365.0,2015-10-08,2024-06-30,489.0,304.0,100.0,85.0,2.07,transfermarkt_manager_history_page,https://www.transfermarkt.com/liverpool/mitarbeiterhistorie/verein/31/personalie_id/1/plus/1,2026-04-27T18:43:00.386012+00:00,high,,2.0,1.0,Champions League Participant | Champions League runner-up,Champions League runner-up,transfermarkt_achievements_page,https://www.transfermarkt.com/liverpool/erfolge/verein/31,2026-04-28T07:46:09.255073+00:00,high,,Champions League Participant (participant) | Champions League runner-up (winner),uefa_champions_league,Champions League runner-up (winner),4.0,75.0,21.0,12.0,5.0,84.0,38.0,46.0,premier_league_raw_table,https://en.wikipedia.org/wiki/2017%E2%80%9318_Premier_League,,Raw Premier League season table CSV,medium,League table data loaded from raw Premier League CSV files.,,,,,,,,,,,,,,,,,,,,,,,,,,,,,,,,,,,,,,,,,,,,True,False,True,True
premier_league,Premier League,liverpool,Liverpool,2018/19,2018,2019,192200000.0,41320000.0,150880000.0,18,21,transfermarkt_club_page,https://www.transfermarkt.com/liverpool/transfers/verein/31/saison_id/2018,2026-04-27T18:19:46.559756+00:00,high,,1.0,Jürgen Klopp,"[""j_rgen_klopp_16-06-1967""]",j_rgen_klopp_16-06-1967,Jürgen Klopp,1.0,365.0,2015-10-08,2024-06-30,489.0,304.0,100.0,85.0,2.07,transfermarkt_manager_history_page,https://www.transfermarkt.com/liverpool/mitarbeiterhistorie/verein/31/personalie_id/1/plus/1,2026-04-27T18:43:00.386012+00:00,high,,2.0,1.0,Champions League Participant | UEFA Champions League winner,UEFA Champions League winner,transfermarkt_achievements_page,https://www.transfermarkt.com/liverpool/erfolge/verein/31,2026-04-28T07:46:09.255073+00:00,high,,Champions League Participant (participant) | UEFA Champions League winner (winner),uefa_champions_league,UEFA Champions League winner (winner),2.0,97.0,30.0,7.0,1.0,89.0,22.0,67.0,premier_league_raw_table,https://en.wikipedia.org/wiki/2018%E2%80%9319_Premier_League,,Raw Premier League season table CSV,medium,League table data loaded from raw Premier League CSV files.,,,,,,,,,,,,,,,,,,,,,,,,,,,,,,,,,,,,,,,,,,,,True,False,True,True
premier_league,Premier League,liverpool,Liverpool,2019/20,2019,2020,10400000.0,48000000.0,-37600000.0,15,16,transfermarkt_club_page,https://www.transfermarkt.com/liverpool/transfers/verein/31/saison_id/2019,2026-04-27T18:19:48.607520+00:00,high,,1.0,Jürgen Klopp,"[""j_rgen_klopp_16-06-1967""]",j_rgen_klopp_16-06-1967,Jürgen Klopp,1.0,366.0,2015-10-08,2024-06-30,489.0,304.0,100.0,85.0,2.07,transfermarkt_manager_history_page,https://www.transfermarkt.com/liverpool/mitarbeiterhistorie/verein/31/personalie_id/1/plus/1,2026-04-27T18:43:00.386012+00:00,high,,4.0,2.0,Champions League Participant | English Champion | FIFA Club World Cup Participant | UEFA Supercup Winner,English Champion | UEFA Supercup Winner,transfermarkt_achievements_page,https://www.transfermarkt.com/liverpool/erfolge/verein/31,2026-04-28T07:46:09.255073+00:00,high,,Champions League Participant (participant) | English Champion (winner) | FIFA Club World Cup Participant (participant) | UEFA Supercup Winner (winner),uefa_champions_league | league_title | club_world_cup | super_cup,English Champion (winner) | UEFA Supercup Winner (winner),1.0,99.0,32.0,3.0,3.0,85.0,33.0,52.0,premier_league_raw_table,https://en.wikipedia.org/wiki/2019%E2%80%9320_Premier_League,,Raw Premier League season table CSV,medium,League table data loaded from raw Premier League CSV files.,,,,,,,,,,,,,,,,,,,,,,,,,,,,,,,,,,,,,,,,,,,,True,False,True,True
premier_league,Premier League,liverpool,Liverpool,2020/21,2020,2021,84800000.0,17200000.0,67600000.0,17,13,transfermarkt_club_page,https://www.transfermarkt.com/liverpool/transfers/verein/31/saison_id/2020,2026-04-27T18:19:50.521475+00:00,high,,1.0,Jürgen Klopp,"[""j_rgen_klopp_16-06-1967""]",j_rgen_klopp_16-06-1967,Jürgen Klopp,1.0,365.0,2015-10-08,2024-06-30,489.0,304.0,100.0,85.0,2.07,transfermarkt_manager_history_page,https://www.transfermarkt.com/liverpool/mitarbeiterhistorie/verein/31/personalie_id/1/plus/1,2026-04-27T18:43:00.386012+00:00,high,,2.0,1.0,Champions League Participant | FIFA Club World Cup winner,FIFA Club World Cup winner,transfermarkt_achievements_page,https://www.transfermarkt.com/liverpool/erfolge/verein/31,2026-04-28T07:46:09.255073+00:00,medium,Assigned season derived from achievement season label '2020' using method 'calendar_year_mapped_to_start_year_season'.,Champions League Participant (participant) | FIFA Club World Cup winner (winner),uefa_champions_league | club_world_cup,FIFA Club World Cup winner (winner),3.0,69.0,20.0,9.0,9.0,68.0,42.0,26.0,premier_league_raw_table,https://en.wikipedia.org/wiki/2020%E2%80%9321_Premier_League,,Raw Premier League season table CSV,medium,League table data loaded from raw Premier League CSV files.,,,,,,,,,,,,,,,,,,,,,,,,,,,,,,,,,,,,,,,,,,,,True,False,True,True
premier_league,Premier League,liverpool,Liverpool,2021/22,2021,2022,89000000.0,31650000.0,57350000.0,14,12,transfermarkt_club_page,https://www.transfermarkt.com/liverpool/transfers/verein/31/saison_id/2021,2026-04-27T18:19:52.501882+00:00,high,,1.0,Jürgen Klopp,"[""j_rgen_klopp_16-06-1967""]",j_rgen_klopp_16-06-1967,Jürgen Klopp,1.0,365.0,2015-10-08,2024-06-30,489.0,304.0,100.0,85.0,2.07,transfermarkt_manager_history_page,https://www.transfermarkt.com/liverpool/mitarbeiterhistorie/verein/31/personalie_id/1/plus/1,2026-04-27T18:43:00.386012+00:00,high,,4.0,3.0,Champions League Participant | Champions League runner-up | English League Cup winner | FA Cup Winner,Champions League runner-up | English League Cup winner | FA Cup Winner,transfermarkt_achievements_page,https://www.transfermarkt.com/liverpool/erfolge/verein/31,2026-04-28T07:46:09.255073+00:00,high,,Champions League Participant (participant) | Champions League runner-up (winner) | English League Cup winner (winner) | FA Cup Winner (winner),uefa_champions_league | league_cup | fa_cup,Champions League runner-up (winner) | English League Cup winner (winner) | FA Cup Winner (winner),2.0,92.0,28.0,8.0,2.0,94.0,26.0,68.0,premier_league_raw_table,https://en.wikipedia.org/wiki/2021%E2%80%9322_Premier_League,,Raw Premier League season table CSV,medium,League table data loaded from raw Premier League CSV files.,,,,,,,,,,,,,,,,,,,,,,,,,,,,,,,,,,,,,,,,,,,,True,False,True,True
premier_league,Premier League,liverpool,Liverpool,2022/23,2022,2023,140900000.0,80100000.0,60800000.0,10,13,transfermarkt_club_page,https://www.transfermarkt.com/liverpool/transfers/verein/31/saison_id/2022,2026-04-27T18:19:54.441641+00:00,high,,1.0,Jürgen Klopp,"[""j_rgen_klopp_16-06-1967""]",j_rgen_klopp_16-06-1967,Jürgen Klopp,1.0,365.0,2015-10-08,2024-06-30,489.0,304.0,100.0,85.0,2.07,transfermarkt_manager_history_page,https://www.transfermarkt.com/liverpool/mitarbeiterhistorie/verein/31/personalie_id/1/plus/1,2026-04-27T18:43:00.386012+00:00,high,,2.0,1.0,Champions League Participant | English Supercup Winner,English Supercup Winner,transfermarkt_achievements_page,https://www.transfermarkt.com/liverpool/erfolge/verein/31,2026-04-28T07:46:09.255073+00:00,high,,Champions League Participant (participant) | English Supercup Winner (winner),uefa_champions_league | super_cup,English Supercup Winner (winner),5.0,67.0,19.0,10.0,9.0,75.0,47.0,28.0,premier_league_raw_table,https://en.wikipedia.org/wiki/2022%E2%80%9323_Premier_League,,Raw Premier League season table CSV,medium,League table data loaded from raw Premier League CSV files.,,,,,,,,,,,,,,,,,,,,,,,,,,,,,,,,,,,,,,,,,,,,True,False,True,True
premier_league,Premier League,liverpool,Liverpool,2023/24,2023,2024,172000000.0,60700000.0,111300000.0,12,16,transfermarkt_club_page,https://www.transfermarkt.com/liverpool/transfers/verein/31/saison_id/2023,2026-04-27T18:19:56.390620+00:00,high,,1.0,Jürgen Klopp,"[""j_rgen_klopp_16-06-1967""]",j_rgen_klopp_16-06-1967,Jürgen Klopp,1.0,366.0,2015-10-08,2024-06-30,489.0,304.0,100.0,85.0,2.07,transfermarkt_manager_history_page,https://www.transfermarkt.com/liverpool/mitarbeiterhistorie/verein/31/personalie_id/1/plus/1,2026-04-27T18:43:00.386012+00:00,high,,2.0,1.0,English League Cup winner | Europa League Participant,English League Cup winner,transfermarkt_achievements_page,https://www.transfermarkt.com/liverpool/erfolge/verein/31,2026-04-28T07:46:09.255073+00:00,high,,English League Cup winner (winner) | Europa League Participant (participant),league_cup | uefa_europa_league,English League Cup winner (winner),3.0,82.0,24.0,10.0,4.0,86.0,41.0,45.0,premier_league_raw_table,https://en.wikipedia.org/wiki/2023%E2%80%9324_Premier_League,,Raw Premier League season table CSV,medium,League table data loaded from raw Premier League CSV files.,,,,,,,,,,,,,,,,,,,,,,,,,,,,,,,,,,,,,,,,,,,,True,False,True,True
premier_league,Premier League,liverpool,Liverpool,2024/25,2024,2025,42000000.0,47000000.0,-5000000.0,11,13,transfermarkt_club_page,https://www.transfermarkt.com/liverpool/transfers/verein/31/saison_id/2024,2026-04-27T18:19:58.427820+00:00,high,,1.0,Arne Slot,"[""arne_slot_17-09-1978""]",arne_slot_17-09-1978,Arne Slot,1.0,365.0,2024-07-01,,109.0,66.0,16.0,27.0,1.96,transfermarkt_manager_history_page,https://www.transfermarkt.com/liverpool/mitarbeiterhistorie/verein/31/personalie_id/1/plus/1,2026-04-27T18:43:00.386012+00:00,high,Manager spell appears ongoing on the collection date. Ongoing manager spell; overlap calculated through the collection date or season end.,2.0,1.0,Champions League Participant | English Champion,English Champion,transfermarkt_achievements_page,https://www.transfermarkt.com/liverpool/erfolge/verein/31,2026-04-28T07:46:09.255073+00:00,high,,Champions League Participant (participant) | English Champion (winner),uefa_champions_league | league_title,English Champion (winner),1.0,84.0,25.0,9.0,4.0,86.0,41.0,45.0,premier_league_raw_table,https://en.wikipedia.org/wiki/2024%E2%80%9325_Premier_League,,Raw Premier League season table CSV,medium,League table data loaded from raw Premier League CSV files.,,,,,,,,,,,,,,,,,,,,,,,,,,,,,,,,,,,,,,,,,,,,True,False,True,True
premier_league,Premier League,liverpool,Liverpool,2025/26,2025,2026,481350000.0,219500000.0,261850000.0,16,12,transfermarkt_club_page,https://www.transfermarkt.com/liverpool/transfers/verein/31/saison_id/2025,2026-04-27T18:20:01.685210+00:00,high,,1.0,Arne Slot,"[""arne_slot_17-09-1978""]",arne_slot_17-09-1978,Arne Slot,0.8246575342465754,301.0,2024-07-01,,109.0,66.0,16.0,27.0,1.96,transfermarkt_manager_history_page,https://www.transfermarkt.com/liverpool/mitarbeiterhistorie/verein/31/personalie_id/1/plus/1,2026-04-27T18:43:00.386012+00:00,high,Manager spell appears ongoing on the collection date. Ongoing manager spell; overlap calculated through the collection date or season end.,,,,,,,,,,,,,,,,,,,,,,,,,,,,,,,,,,,,,,,,,,,,,,,,,,,,,,,,,,,,,,,,,,,,,,False,False,False,True
premier_league,Premier League,manchester_city,Manchester City,2011/12,2011,2012,91050000.0,31200000.0,59850000.0,29,35,transfermarkt_club_page,https://www.transfermarkt.com/manchester-city/transfers/verein/281/saison_id/2011,2026-04-27T18:15:19.584734+00:00,high,,1.0,Roberto Mancini,"[""roberto_mancini_27-11-1964""]",roberto_mancini_27-11-1964,Roberto Mancini,1.0,366.0,2009-12-19,2013-06-30,191.0,113.0,38.0,40.0,1.97,transfermarkt_manager_history_page,https://www.transfermarkt.com/manchester-city/mitarbeiterhistorie/verein/281/personalie_id/1/plus/1,2026-04-27T18:42:54.735190+00:00,high,,3.0,1.0,Champions League Participant | English Champion | Europa League Participant,English Champion,transfermarkt_achievements_page,https://www.transfermarkt.com/manchester-city/erfolge/verein/281,2026-04-28T07:46:02.709517+00:00,high,,Champions League Participant (participant) | English Champion (winner) | Europa League Participant (participant),uefa_champions_league | league_title | uefa_europa_league,English Champion (winner),1.0,89.0,28.0,5.0,5.0,93.0,29.0,64.0,premier_league_raw_table,https://en.wikipedia.org/wiki/2011%E2%80%9312_Premier_League,,Raw Premier League season table CSV,medium,League table data loaded from raw Premier League CSV files.,2012-05-31,GBP,full pounds (converted from GBP thousands disclosed in report),231140000.0,21871000.0,88153000.0,121116000.0,,,,201789000.0,26078000.0,83031000.0,,-95296000.0,,,,,,,,,,231140000.0,0.0,"[12, 15, 16, 17, 21]","Manchester City discloses gate receipts, television income, and other commercial activities directly in the annual accounts. Broadcasting has been formed by combining the UEFA and all other television lines.",Women's team revenue is not separately disclosed in the report.,"Other commercial activities may include hospitality, catering, conference, and event income within the club's commercial operations.",high,True,Full accounts made up to 31 May 2012,https://find-and-update.company-information.service.gov.uk/company/00040946/filing-history/MzA3MzkyODE1NmFkaXF6a2N4/document?format=pdf&download=0,"Values in the annual report were disclosed in GBP thousands and have been converted here into full GBP amounts by multiplying by 1,000. Net debt has been computed from statement borrowings and cash because the report did not present a single net debt line.",,,,,,,,,True,True,True,True
premier_league,Premier League,manchester_city,Manchester City,2012/13,2012,2013,61950000.0,44300000.0,17650000.0,24,26,transfermarkt_club_page,https://www.transfermarkt.com/manchester-city/transfers/verein/281/saison_id/2012,2026-04-27T18:15:24.042768+00:00,high,,1.0,Roberto Mancini,"[""roberto_mancini_27-11-1964""]",roberto_mancini_27-11-1964,Roberto Mancini,1.0,365.0,2009-12-19,2013-06-30,191.0,113.0,38.0,40.0,1.97,transfermarkt_manager_history_page,https://www.transfermarkt.com/manchester-city/mitarbeiterhistorie/verein/281/personalie_id/1/plus/1,2026-04-27T18:42:54.735190+00:00,high,,3.0,1.0,Champions League Participant | English Supercup Winner | FA Cup Runner up,English Supercup Winner,transfermarkt_achievements_page,https://www.transfermarkt.com/manchester-city/erfolge/verein/281,2026-04-28T07:46:02.709517+00:00,high,,Champions League Participant (participant) | English Supercup Winner (winner) | FA Cup Runner up (runner_up),uefa_champions_league | super_cup | fa_cup,English Supercup Winner (winner),2.0,78.0,23.0,9.0,6.0,66.0,34.0,32.0,premier_league_raw_table,https://en.wikipedia.org/wiki/2012%E2%80%9313_Premier_League,,Raw Premier League season table CSV,medium,League table data loaded from raw Premier League CSV files.,,,,,,,,,,,,,,,,,,,,,,,,,,,,,,,,,,,,,,,,,,,,True,False,True,True
premier_league,Premier League,manchester_city,Manchester City,2013/14,2013,2014,115500000.0,11300000.0,104200000.0,16,18,transfermarkt_club_page,https://www.transfermarkt.com/manchester-city/transfers/verein/281/saison_id/2013,2026-04-27T18:15:27.064397+00:00,high,,1.0,Manuel Pellegrini,"[""manuel_pellegrini_16-09-1953""]",manuel_pellegrini_16-09-1953,Manuel Pellegrini,1.0,365.0,2013-07-01,2016-06-30,166.0,101.0,27.0,38.0,1.99,transfermarkt_manager_history_page,https://www.transfermarkt.com/manchester-city/mitarbeiterhistorie/verein/281/personalie_id/1/plus/1,2026-04-27T18:42:54.735190+00:00,high,,3.0,2.0,Champions League Participant | English Champion | English League Cup winner,English Champion | English League Cup winner,transfermarkt_achievements_page,https://www.transfermarkt.com/manchester-city/erfolge/verein/281,2026-04-28T07:46:02.709517+00:00,high,,Champions League Participant (participant) | English Champion (winner) | English League Cup winner (winner),uefa_champions_league | league_title | league_cup,English Champion (winner) | English League Cup winner (winner),1.0,86.0,27.0,5.0,6.0,102.0,37.0,65.0,premier_league_raw_table,https://en.wikipedia.org/wiki/2013%E2%80%9314_Premier_League,,Raw Premier League season table CSV,medium,League table data loaded from raw Premier League CSV files.,,,,,,,,,,,,,,,,,,,,,,,,,,,,,,,,,,,,,,,,,,,,True,False,True,True
premier_league,Premier League,manchester_city,Manchester City,2014/15,2014,2015,102800000.0,30300000.0,72500000.0,14,16,transfermarkt_club_page,https://www.transfermarkt.com/manchester-city/transfers/verein/281/saison_id/2014,2026-04-27T18:15:28.957411+00:00,high,,1.0,Manuel Pellegrini,"[""manuel_pellegrini_16-09-1953""]",manuel_pellegrini_16-09-1953,Manuel Pellegrini,1.0,365.0,2013-07-01,2016-06-30,166.0,101.0,27.0,38.0,1.99,transfermarkt_manager_history_page,https://www.transfermarkt.com/manchester-city/mitarbeiterhistorie/verein/281/personalie_id/1/plus/1,2026-04-27T18:42:54.735190+00:00,high,,1.0,0.0,Champions League Participant,,transfermarkt_achievements_page,https://www.transfermarkt.com/manchester-city/erfolge/verein/281,2026-04-28T07:46:02.709517+00:00,high,,Champions League Participant (participant),uefa_champions_league,,2.0,79.0,24.0,7.0,7.0,83.0,38.0,45.0,premier_league_raw_table,https://en.wikipedia.org/wiki/2014%E2%80%9315_Premier_League,,Raw Premier League season table CSV,medium,League table data loaded from raw Premier League CSV files.,,,,,,,,,,,,,,,,,,,,,,,,,,,,,,,,,,,,,,,,,,,,True,False,True,True
premier_league,Premier League,manchester_city,Manchester City,2015/16,2015,2016,208470000.0,67440000.0,141030000.0,22,25,transfermarkt_club_page,https://www.transfermarkt.com/manchester-city/transfers/verein/281/saison_id/2015,2026-04-27T18:15:31.774906+00:00,high,Displayed departures sum (67440000) differs from parsed departures fee sum (67436000).,1.0,Manuel Pellegrini,"[""manuel_pellegrini_16-09-1953""]",manuel_pellegrini_16-09-1953,Manuel Pellegrini,1.0,366.0,2013-07-01,2016-06-30,166.0,101.0,27.0,38.0,1.99,transfermarkt_manager_history_page,https://www.transfermarkt.com/manchester-city/mitarbeiterhistorie/verein/281/personalie_id/1/plus/1,2026-04-27T18:42:54.735190+00:00,high,,2.0,1.0,Champions League Participant | English League Cup winner,English League Cup winner,transfermarkt_achievements_page,https://www.transfermarkt.com/manchester-city/erfolge/verein/281,2026-04-28T07:46:02.709517+00:00,high,,Champions League Participant (participant) | English League Cup winner (winner),uefa_champions_league | league_cup,English League Cup winner (winner),4.0,66.0,19.0,9.0,10.0,71.0,41.0,30.0,premier_league_raw_table,https://en.wikipedia.org/wiki/2015%E2%80%9316_Premier_League,,Raw Premier League season table CSV,medium,League table data loaded from raw Premier League CSV files.,,,,,,,,,,,,,,,,,,,,,,,,,,,,,,,,,,,,,,,,,,,,True,False,True,True
premier_league,Premier League,manchester_city,Manchester City,2016/17,2016,2017,216250000.0,35350000.0,180900000.0,31,25,transfermarkt_club_page,https://www.transfermarkt.com/manchester-city/transfers/verein/281/saison_id/2016,2026-04-27T18:15:35.358523+00:00,high,,1.0,Pep Guardiola,"[""pep_guardiola_18-01-1971""]",pep_guardiola_18-01-1971,Pep Guardiola,1.0,365.0,2016-07-01,,587.0,420.0,75.0,92.0,2.27,transfermarkt_manager_history_page,https://www.transfermarkt.com/manchester-city/mitarbeiterhistorie/verein/281/personalie_id/1/plus/1,2026-04-27T18:42:54.735190+00:00,high,Manager spell appears ongoing on the collection date. Ongoing manager spell; overlap calculated through the collection date or season end.,1.0,0.0,Champions League Participant,,transfermarkt_achievements_page,https://www.transfermarkt.com/manchester-city/erfolge/verein/281,2026-04-28T07:46:02.709517+00:00,high,,Champions League Participant (participant),uefa_champions_league,,3.0,78.0,23.0,9.0,6.0,80.0,39.0,41.0,premier_league_raw_table,https://en.wikipedia.org/wiki/2016%E2%80%9317_Premier_League,,Raw Premier League season table CSV,medium,League table data loaded from raw Premier League CSV files.,,,,,,,,,,,,,,,,,,,,,,,,,,,,,,,,,,,,,,,,,,,,True,False,True,True
premier_league,Premier League,manchester_city,Manchester City,2017/18,2017,2018,317500000.0,91350000.0,226150000.0,31,32,transfermarkt_club_page,https://www.transfermarkt.com/manchester-city/transfers/verein/281/saison_id/2017,2026-04-27T18:15:37.402257+00:00,high,,1.0,Pep Guardiola,"[""pep_guardiola_18-01-1971""]",pep_guardiola_18-01-1971,Pep Guardiola,1.0,365.0,2016-07-01,,587.0,420.0,75.0,92.0,2.27,transfermarkt_manager_history_page,https://www.transfermarkt.com/manchester-city/mitarbeiterhistorie/verein/281/personalie_id/1/plus/1,2026-04-27T18:42:54.735190+00:00,high,Manager spell appears ongoing on the collection date. Ongoing manager spell; overlap calculated through the collection date or season end.,3.0,2.0,Champions League Participant | English Champion | English League Cup winner,English Champion | English League Cup winner,transfermarkt_achievements_page,https://www.transfermarkt.com/manchester-city/erfolge/verein/281,2026-04-28T07:46:02.709517+00:00,high,,Champions League Participant (participant) | English Champion (winner) | English League Cup winner (winner),uefa_champions_league | league_title | league_cup,English Champion (winner) | English League Cup winner (winner),1.0,100.0,32.0,4.0,2.0,106.0,27.0,79.0,premier_league_raw_table,https://en.wikipedia.org/wiki/2017%E2%80%9318_Premier_League,,Raw Premier League season table CSV,medium,League table data loaded from raw Premier League CSV files.,,,,,,,,,,,,,,,,,,,,,,,,,,,,,,,,,,,,,,,,,,,,True,False,True,True
premier_league,Premier League,manchester_city,Manchester City,2018/19,2018,2019,78590000.0,57600000.0,20990000.0,19,22,transfermarkt_club_page,https://www.transfermarkt.com/manchester-city/transfers/verein/281/saison_id/2018,2026-04-27T18:15:39.557402+00:00,high,,1.0,Pep Guardiola,"[""pep_guardiola_18-01-1971""]",pep_guardiola_18-01-1971,Pep Guardiola,1.0,365.0,2016-07-01,,587.0,420.0,75.0,92.0,2.27,transfermarkt_manager_history_page,https://www.transfermarkt.com/manchester-city/mitarbeiterhistorie/verein/281/personalie_id/1/plus/1,2026-04-27T18:42:54.735190+00:00,high,Manager spell appears ongoing on the collection date. Ongoing manager spell; overlap calculated through the collection date or season end.,5.0,4.0,Champions League Participant | English Champion | English League Cup winner | English Supercup Winner | FA Cup Winner,English Champion | English League Cup winner | English Supercup Winner | FA Cup Winner,transfermarkt_achievements_page,https://www.transfermarkt.com/manchester-city/erfolge/verein/281,2026-04-28T07:46:02.709517+00:00,high,,Champions League Participant (participant) | English Champion (winner) | English League Cup winner (winner) | English Supercup Winner (winner) | FA Cup Winner (winner),uefa_champions_league | league_title | league_cup | super_cup | fa_cup,English Champion (winner) | English League Cup winner (winner) | English Supercup Winner (winner) | FA Cup Winner (winner),1.0,98.0,32.0,2.0,4.0,95.0,23.0,72.0,premier_league_raw_table,https://en.wikipedia.org/wiki/2018%E2%80%9319_Premier_League,,Raw Premier League season table CSV,medium,League table data loaded from raw Premier League CSV files.,,,,,,,,,,,,,,,,,,,,,,,,,,,,,,,,,,,,,,,,,,,,True,False,True,True
premier_league,Premier League,manchester_city,Manchester City,2019/20,2019,2020,169820000.0,71000000.0,98820000.0,25,26,transfermarkt_club_page,https://www.transfermarkt.com/manchester-city/transfers/verein/281/saison_id/2019,2026-04-27T18:15:41.562015+00:00,high,,1.0,Pep Guardiola,"[""pep_guardiola_18-01-1971""]",pep_guardiola_18-01-1971,Pep Guardiola,1.0,366.0,2016-07-01,,587.0,420.0,75.0,92.0,2.27,transfermarkt_manager_history_page,https://www.transfermarkt.com/manchester-city/mitarbeiterhistorie/verein/281/personalie_id/1/plus/1,2026-04-27T18:42:54.735190+00:00,high,Manager spell appears ongoing on the collection date. Ongoing manager spell; overlap calculated through the collection date or season end.,3.0,2.0,Champions League Participant | English League Cup winner | English Supercup Winner,English League Cup winner | English Supercup Winner,transfermarkt_achievements_page,https://www.transfermarkt.com/manchester-city/erfolge/verein/281,2026-04-28T07:46:02.709517+00:00,high,,Champions League Participant (participant) | English League Cup winner (winner) | English Supercup Winner (winner),uefa_champions_league | league_cup | super_cup,English League Cup winner (winner) | English Supercup Winner (winner),2.0,81.0,26.0,3.0,9.0,102.0,35.0,67.0,premier_league_raw_table,https://en.wikipedia.org/wiki/2019%E2%80%9320_Premier_League,,Raw Premier League season table CSV,medium,League table data loaded from raw Premier League CSV files.,,,,,,,,,,,,,,,,,,,,,,,,,,,,,,,,,,,,,,,,,,,,True,False,True,True
premier_league,Premier League,manchester_city,Manchester City,2020/21,2020,2021,173400000.0,64000000.0,109400000.0,27,27,transfermarkt_club_page,https://www.transfermarkt.com/manchester-city/transfers/verein/281/saison_id/2020,2026-04-27T18:15:43.857384+00:00,high,,1.0,Pep Guardiola,"[""pep_guardiola_18-01-1971""]",pep_guardiola_18-01-1971,Pep Guardiola,1.0,365.0,2016-07-01,,587.0,420.0,75.0,92.0,2.27,transfermarkt_manager_history_page,https://www.transfermarkt.com/manchester-city/mitarbeiterhistorie/verein/281/personalie_id/1/plus/1,2026-04-27T18:42:54.735190+00:00,high,Manager spell appears ongoing on the collection date. Ongoing manager spell; overlap calculated through the collection date or season end.,4.0,3.0,Champions League Participant | Champions League runner-up | English Champion | English League Cup winner,Champions League runner-up | English Champion | English League Cup winner,transfermarkt_achievements_page,https://www.transfermarkt.com/manchester-city/erfolge/verein/281,2026-04-28T07:46:02.709517+00:00,high,,Champions League Participant (participant) | Champions League runner-up (winner) | English Champion (winner) | English League Cup winner (winner),uefa_champions_league | league_title | league_cup,Champions League runner-up (winner) | English Champion (winner) | English League Cup winner (winner),1.0,86.0,27.0,5.0,6.0,83.0,32.0,51.0,premier_league_raw_table,https://en.wikipedia.org/wiki/2020%E2%80%9321_Premier_League,,Raw Premier League season table CSV,medium,League table data loaded from raw Premier League CSV files.,,,,,,,,,,,,,,,,,,,,,,,,,,,,,,,,,,,,,,,,,,,,True,False,True,True
premier_league,Premier League,manchester_city,Manchester City,2021/22,2021,2022,138900000.0,93800000.0,45100000.0,22,24,transfermarkt_club_page,https://www.transfermarkt.com/manchester-city/transfers/verein/281/saison_id/2021,2026-04-27T18:15:45.906664+00:00,high,,1.0,Pep Guardiola,"[""pep_guardiola_18-01-1971""]",pep_guardiola_18-01-1971,Pep Guardiola,1.0,365.0,2016-07-01,,587.0,420.0,75.0,92.0,2.27,transfermarkt_manager_history_page,https://www.transfermarkt.com/manchester-city/mitarbeiterhistorie/verein/281/personalie_id/1/plus/1,2026-04-27T18:42:54.735190+00:00,high,Manager spell appears ongoing on the collection date. Ongoing manager spell; overlap calculated through the collection date or season end.,2.0,1.0,Champions League Participant | English Champion,English Champion,transfermarkt_achievements_page,https://www.transfermarkt.com/manchester-city/erfolge/verein/281,2026-04-28T07:46:02.709517+00:00,high,,Champions League Participant (participant) | English Champion (winner),uefa_champions_league | league_title,English Champion (winner),1.0,93.0,29.0,6.0,3.0,99.0,26.0,73.0,premier_league_raw_table,https://en.wikipedia.org/wiki/2021%E2%80%9322_Premier_League,,Raw Premier League season table CSV,medium,League table data loaded from raw Premier League CSV files.,,,,,,,,,,,,,,,,,,,,,,,,,,,,,,,,,,,,,,,,,,,,True,False,True,True
premier_league,Premier League,manchester_city,Manchester City,2022/23,2022,2023,155000000.0,162170000.0,-7170000.0,29,24,transfermarkt_club_page,https://www.transfermarkt.com/manchester-city/transfers/verein/281/saison_id/2022,2026-04-27T18:15:47.522796+00:00,high,,1.0,Pep Guardiola,"[""pep_guardiola_18-01-1971""]",pep_guardiola_18-01-1971,Pep Guardiola,1.0,365.0,2016-07-01,,587.0,420.0,75.0,92.0,2.27,transfermarkt_manager_history_page,https://www.transfermarkt.com/manchester-city/mitarbeiterhistorie/verein/281/personalie_id/1/plus/1,2026-04-27T18:42:54.735190+00:00,high,Manager spell appears ongoing on the collection date. Ongoing manager spell; overlap calculated through the collection date or season end.,4.0,3.0,Champions League Participant | English Champion | FA Cup Winner | UEFA Champions League winner,English Champion | FA Cup Winner | UEFA Champions League winner,transfermarkt_achievements_page,https://www.transfermarkt.com/manchester-city/erfolge/verein/281,2026-04-28T07:46:02.709517+00:00,high,,Champions League Participant (participant) | English Champion (winner) | FA Cup Winner (winner) | UEFA Champions League winner (winner),uefa_champions_league | league_title | fa_cup,English Champion (winner) | FA Cup Winner (winner) | UEFA Champions League winner (winner),1.0,89.0,28.0,5.0,5.0,94.0,33.0,61.0,premier_league_raw_table,https://en.wikipedia.org/wiki/2022%E2%80%9323_Premier_League,,Raw Premier League season table CSV,medium,League table data loaded from raw Premier League CSV files.,,,,,,,,,,,,,,,,,,,,,,,,,,,,,,,,,,,,,,,,,,,,True,False,True,True
premier_league,Premier League,manchester_city,Manchester City,2023/24,2023,2024,259600000.00000003,138800000.0,120800000.00000004,19,21,transfermarkt_club_page,https://www.transfermarkt.com/manchester-city/transfers/verein/281/saison_id/2023,2026-04-27T18:15:49.589337+00:00,high,,1.0,Pep Guardiola,"[""pep_guardiola_18-01-1971""]",pep_guardiola_18-01-1971,Pep Guardiola,1.0,366.0,2016-07-01,,587.0,420.0,75.0,92.0,2.27,transfermarkt_manager_history_page,https://www.transfermarkt.com/manchester-city/mitarbeiterhistorie/verein/281/personalie_id/1/plus/1,2026-04-27T18:42:54.735190+00:00,high,Manager spell appears ongoing on the collection date. Ongoing manager spell; overlap calculated through the collection date or season end.,5.0,2.0,Champions League Participant | English Champion | FA Cup Runner up | FIFA Club World Cup Participant | UEFA Supercup Winner,English Champion | UEFA Supercup Winner,transfermarkt_achievements_page,https://www.transfermarkt.com/manchester-city/erfolge/verein/281,2026-04-28T07:46:02.709517+00:00,high,,Champions League Participant (participant) | English Champion (winner) | FA Cup Runner up (runner_up) | FIFA Club World Cup Participant (participant) | UEFA Supercup Winner (winner),uefa_champions_league | league_title | fa_cup | club_world_cup | super_cup,English Champion (winner) | UEFA Supercup Winner (winner),1.0,91.0,28.0,7.0,3.0,96.0,34.0,62.0,premier_league_raw_table,https://en.wikipedia.org/wiki/2023%E2%80%9324_Premier_League,,Raw Premier League season table CSV,medium,League table data loaded from raw Premier League CSV files.,,,,,,,,,,,,,,,,,,,,,,,,,,,,,,,,,,,,,,,,,,,,True,False,True,True
premier_league,Premier League,manchester_city,Manchester City,2024/25,2024,2025,243000000.0,141700000.0,101300000.0,15,13,transfermarkt_club_page,https://www.transfermarkt.com/manchester-city/transfers/verein/281/saison_id/2024,2026-04-27T18:15:51.494627+00:00,high,,1.0,Pep Guardiola,"[""pep_guardiola_18-01-1971""]",pep_guardiola_18-01-1971,Pep Guardiola,1.0,365.0,2016-07-01,,587.0,420.0,75.0,92.0,2.27,transfermarkt_manager_history_page,https://www.transfermarkt.com/manchester-city/mitarbeiterhistorie/verein/281/personalie_id/1/plus/1,2026-04-27T18:42:54.735190+00:00,high,Manager spell appears ongoing on the collection date. Ongoing manager spell; overlap calculated through the collection date or season end.,4.0,2.0,Champions League Participant | English Supercup Winner | FIFA Club World Cup Participant | FIFA Club World Cup winner,English Supercup Winner | FIFA Club World Cup winner,transfermarkt_achievements_page,https://www.transfermarkt.com/manchester-city/erfolge/verein/281,2026-04-28T07:46:02.709517+00:00,medium,Assigned season derived from achievement season label '2024' using method 'calendar_year_mapped_to_start_year_season'.,Champions League Participant (participant) | English Supercup Winner (winner) | FIFA Club World Cup Participant (participant) | FIFA Club World Cup winner (winner),uefa_champions_league | super_cup | club_world_cup,English Supercup Winner (winner) | FIFA Club World Cup winner (winner),3.0,71.0,21.0,8.0,9.0,72.0,44.0,28.0,premier_league_raw_table,https://en.wikipedia.org/wiki/2024%E2%80%9325_Premier_League,,Raw Premier League season table CSV,medium,League table data loaded from raw Premier League CSV files.,,,,,,,,,,,,,,,,,,,,,,,,,,,,,,,,,,,,,,,,,,,,True,False,True,True
premier_league,Premier League,manchester_city,Manchester City,2025/26,2025,2026,301800000.0,102280000.0,199520000.0,21,20,transfermarkt_club_page,https://www.transfermarkt.com/manchester-city/transfers/verein/281/saison_id/2025,2026-04-27T18:15:56.761956+00:00,high,,1.0,Pep Guardiola,"[""pep_guardiola_18-01-1971""]",pep_guardiola_18-01-1971,Pep Guardiola,0.8246575342465754,301.0,2016-07-01,,587.0,420.0,75.0,92.0,2.27,transfermarkt_manager_history_page,https://www.transfermarkt.com/manchester-city/mitarbeiterhistorie/verein/281/personalie_id/1/plus/1,2026-04-27T18:42:54.735190+00:00,high,Manager spell appears ongoing on the collection date. Ongoing manager spell; overlap calculated through the collection date or season end.,1.0,1.0,English League Cup winner,English League Cup winner,transfermarkt_achievements_page,https://www.transfermarkt.com/manchester-city/erfolge/verein/281,2026-04-28T07:46:02.709517+00:00,high,,English League Cup winner (winner),league_cup,English League Cup winner (winner),,,,,,,,,,,,,,,,,,,,,,,,,,,,,,,,,,,,,,,,,,,,,,,,,,,,,,,,,,False,False,True,True
premier_league,Premier League,manchester_united,Manchester United,2011/12,2011,2012,62300000.0,12900000.0,49400000.0,15,18,transfermarkt_club_page,https://www.transfermarkt.com/manchester-united/transfers/verein/985/saison_id/2011,2026-04-27T18:16:47.042068+00:00,high,Displayed departures sum (12900000) differs from parsed departures fee sum (12895000).,1.0,Alex Ferguson,"[""alex_ferguson_31-12-1941""]",alex_ferguson_31-12-1941,Alex Ferguson,1.0,366.0,1986-11-06,2013-06-30,1499.0,902.0,326.0,271.0,2.02,transfermarkt_manager_history_page,https://www.transfermarkt.com/manchester-united/mitarbeiterhistorie/verein/985/personalie_id/1/plus/1,2026-04-27T18:42:56.688983+00:00,high,,3.0,1.0,Champions League Participant | English Supercup Winner | Europa League Participant,English Supercup Winner,transfermarkt_achievements_page,https://www.transfermarkt.com/manchester-united/erfolge/verein/985,2026-04-28T07:46:04.827964+00:00,high,,Champions League Participant (participant) | English Supercup Winner (winner) | Europa League Participant (participant),uefa_champions_league | super_cup | uefa_europa_league,English Supercup Winner (winner),2.0,89.0,28.0,5.0,5.0,89.0,33.0,56.0,premier_league_raw_table,https://en.wikipedia.org/wiki/2011%E2%80%9312_Premier_League,,Raw Premier League season table CSV,medium,League table data loaded from raw Premier League CSV files.,2012-06-30,GBP,full pounds (converted from GBP millions and thousands disclosed in report),320300000.0,98700000.0,104000000.0,117600000.0,,,,161700000.0,366272000.0,38300000.0,9691000.0,-4664000.0,,,,,,,,,,320300000.0,0.0,"[70, 67, 156, 157]","For comparability, Manchester United's 2011/12 figures were taken from the official Manchester United plc annual report on Form 20-F rather than the narrower club-limited Companies House filing. The plc report provides the consolidated Commercial, Broadcasting, Matchday, employee benefit, and net debt disclosures that align with the project methodology.",Women's team revenue is not separately disclosed in the source used here.,"Commercial revenue in the plc report includes sponsorship, retail, merchandising, apparel and product licensing, and new media/mobile activities within the club's commercial segment.",high,True,Manchester United plc 2012 Annual Report on Form 20-F,https://ir.manutd.com/~/media/Files/M/Manutd-IR/Annual%20Reports/manchester-united-plc-20f-20131024.pdf,Values in the annual report were disclosed in GBP millions or GBP thousands and have been converted here into full GBP amounts. This source was chosen because it provides the comparable consolidated sector revenue and debt view required for the project.,,,,,,,,,True,True,True,True
premier_league,Premier League,manchester_united,Manchester United,2012/13,2012,2013,76450000.0,9650000.0,66800000.0,18,15,transfermarkt_club_page,https://www.transfermarkt.com/manchester-united/transfers/verein/985/saison_id/2012,2026-04-27T18:16:49.377637+00:00,high,,1.0,Alex Ferguson,"[""alex_ferguson_31-12-1941""]",alex_ferguson_31-12-1941,Alex Ferguson,1.0,365.0,1986-11-06,2013-06-30,1499.0,902.0,326.0,271.0,2.02,transfermarkt_manager_history_page,https://www.transfermarkt.com/manchester-united/mitarbeiterhistorie/verein/985/personalie_id/1/plus/1,2026-04-27T18:42:56.688983+00:00,high,,2.0,1.0,Champions League Participant | English Champion,English Champion,transfermarkt_achievements_page,https://www.transfermarkt.com/manchester-united/erfolge/verein/985,2026-04-28T07:46:04.827964+00:00,high,,Champions League Participant (participant) | English Champion (winner),uefa_champions_league | league_title,English Champion (winner),1.0,89.0,28.0,5.0,5.0,86.0,43.0,43.0,premier_league_raw_table,https://en.wikipedia.org/wiki/2012%E2%80%9313_Premier_League,,Raw Premier League season table CSV,medium,League table data loaded from raw Premier League CSV files.,,,,,,,,,,,,,,,,,,,,,,,,,,,,,,,,,,,,,,,,,,,,True,False,True,True
premier_league,Premier League,manchester_united,Manchester United,2013/14,2013,2014,77130000.0,1800000.0,75330000.0,18,20,transfermarkt_club_page,https://www.transfermarkt.com/manchester-united/transfers/verein/985/saison_id/2013,2026-04-27T18:16:51.263689+00:00,high,,1.0,David Moyes,"[""david_moyes_25-04-1963""]",david_moyes_25-04-1963,David Moyes,0.810958904109589,296.0,2013-07-01,2014-04-22,51.0,26.0,10.0,15.0,1.73,transfermarkt_manager_history_page,https://www.transfermarkt.com/manchester-united/mitarbeiterhistorie/verein/985/personalie_id/1/plus/1,2026-04-27T18:42:56.688983+00:00,high,,2.0,1.0,Champions League Participant | English Supercup Winner,English Supercup Winner,transfermarkt_achievements_page,https://www.transfermarkt.com/manchester-united/erfolge/verein/985,2026-04-28T07:46:04.827964+00:00,high,,Champions League Participant (participant) | English Supercup Winner (winner),uefa_champions_league | super_cup,English Supercup Winner (winner),7.0,64.0,19.0,7.0,12.0,64.0,43.0,21.0,premier_league_raw_table,https://en.wikipedia.org/wiki/2013%E2%80%9314_Premier_League,,Raw Premier League season table CSV,medium,League table data loaded from raw Premier League CSV files.,,,,,,,,,,,,,,,,,,,,,,,,,,,,,,,,,,,,,,,,,,,,True,False,True,True
premier_league,Premier League,manchester_united,Manchester United,2014/15,2014,2015,195350000.0,46700000.0,148650000.0,25,26,transfermarkt_club_page,https://www.transfermarkt.com/manchester-united/transfers/verein/985/saison_id/2014,2026-04-27T18:16:53.253470+00:00,high,,1.0,Louis van Gaal,"[""louis_van_gaal_08-08-1951""]",louis_van_gaal_08-08-1951,Louis van Gaal,0.9643835616438357,352.0,2014-07-14,2016-05-23,103.0,54.0,24.0,25.0,1.81,transfermarkt_manager_history_page,https://www.transfermarkt.com/manchester-united/mitarbeiterhistorie/verein/985/personalie_id/1/plus/1,2026-04-27T18:42:56.688983+00:00,high,,,,,,,,,,,,,,4.0,70.0,20.0,10.0,8.0,62.0,37.0,25.0,premier_league_raw_table,https://en.wikipedia.org/wiki/2014%E2%80%9315_Premier_League,,Raw Premier League season table CSV,medium,League table data loaded from raw Premier League CSV files.,,,,,,,,,,,,,,,,,,,,,,,,,,,,,,,,,,,,,,,,,,,,True,False,False,True
premier_league,Premier League,manchester_united,Manchester United,2015/16,2015,2016,156000000.0,100670000.0,55330000.0,21,20,transfermarkt_club_page,https://www.transfermarkt.com/manchester-united/transfers/verein/985/saison_id/2015,2026-04-27T18:16:55.442568+00:00,high,,1.0,Louis van Gaal,"[""louis_van_gaal_08-08-1951""]",louis_van_gaal_08-08-1951,Louis van Gaal,0.8961748633879781,328.0,2014-07-14,2016-05-23,103.0,54.0,24.0,25.0,1.81,transfermarkt_manager_history_page,https://www.transfermarkt.com/manchester-united/mitarbeiterhistorie/verein/985/personalie_id/1/plus/1,2026-04-27T18:42:56.688983+00:00,high,,3.0,1.0,Champions League Participant | Europa League Participant | FA Cup Winner,FA Cup Winner,transfermarkt_achievements_page,https://www.transfermarkt.com/manchester-united/erfolge/verein/985,2026-04-28T07:46:04.827964+00:00,high,,Champions League Participant (participant) | Europa League Participant (participant) | FA Cup Winner (winner),uefa_champions_league | uefa_europa_league | fa_cup,FA Cup Winner (winner),5.0,66.0,19.0,9.0,10.0,49.0,35.0,14.0,premier_league_raw_table,https://en.wikipedia.org/wiki/2015%E2%80%9316_Premier_League,,Raw Premier League season table CSV,medium,League table data loaded from raw Premier League CSV files.,,,,,,,,,,,,,,,,,,,,,,,,,,,,,,,,,,,,,,,,,,,,True,False,True,True
premier_league,Premier League,manchester_united,Manchester United,2016/17,2016,2017,185000000.0,47250000.0,137750000.0,8,13,transfermarkt_club_page,https://www.transfermarkt.com/manchester-united/transfers/verein/985/saison_id/2016,2026-04-27T18:16:58.747723+00:00,high,,1.0,José Mourinho,"[""jos_mourinho_26-01-1963""]",jos_mourinho_26-01-1963,José Mourinho,1.0,365.0,2016-07-01,2018-12-18,144.0,84.0,31.0,29.0,1.97,transfermarkt_manager_history_page,https://www.transfermarkt.com/manchester-united/mitarbeiterhistorie/verein/985/personalie_id/1/plus/1,2026-04-27T18:42:56.688983+00:00,high,,4.0,3.0,English League Cup winner | English Supercup Winner | Europa League Participant | Europa League Winner,English League Cup winner | English Supercup Winner | Europa League Winner,transfermarkt_achievements_page,https://www.transfermarkt.com/manchester-united/erfolge/verein/985,2026-04-28T07:46:04.827964+00:00,high,,English League Cup winner (winner) | English Supercup Winner (winner) | Europa League Participant (participant) | Europa League Winner (winner),league_cup | super_cup | uefa_europa_league,English League Cup winner (winner) | English Supercup Winner (winner) | Europa League Winner (winner),6.0,69.0,18.0,15.0,5.0,54.0,29.0,25.0,premier_league_raw_table,https://en.wikipedia.org/wiki/2016%E2%80%9317_Premier_League,,Raw Premier League season table CSV,medium,League table data loaded from raw Premier League CSV files.,,,,,,,,,,,,,,,,,,,,,,,,,,,,,,,,,,,,,,,,,,,,True,False,True,True
premier_league,Premier League,manchester_united,Manchester United,2017/18,2017,2018,198400000.0,45500000.0,152900000.0,12,10,transfermarkt_club_page,https://www.transfermarkt.com/manchester-united/transfers/verein/985/saison_id/2017,2026-04-27T18:17:01.611922+00:00,high,,1.0,José Mourinho,"[""jos_mourinho_26-01-1963""]",jos_mourinho_26-01-1963,José Mourinho,1.0,365.0,2016-07-01,2018-12-18,144.0,84.0,31.0,29.0,1.97,transfermarkt_manager_history_page,https://www.transfermarkt.com/manchester-united/mitarbeiterhistorie/verein/985/personalie_id/1/plus/1,2026-04-27T18:42:56.688983+00:00,high,,3.0,0.0,Champions League Participant | FA Cup Runner up | UEFA Super Cup runner-up,,transfermarkt_achievements_page,https://www.transfermarkt.com/manchester-united/erfolge/verein/985,2026-04-28T07:46:04.827964+00:00,high,,Champions League Participant (participant) | FA Cup Runner up (runner_up) | UEFA Super Cup runner-up,uefa_champions_league | fa_cup | other,,2.0,81.0,25.0,6.0,7.0,68.0,28.0,40.0,premier_league_raw_table,https://en.wikipedia.org/wiki/2017%E2%80%9318_Premier_League,,Raw Premier League season table CSV,medium,League table data loaded from raw Premier League CSV files.,,,,,,,,,,,,,,,,,,,,,,,,,,,,,,,,,,,,,,,,,,,,True,False,True,True
premier_league,Premier League,manchester_united,Manchester United,2018/19,2018,2019,82700000.0,30550000.0,52150000.0,10,10,transfermarkt_club_page,https://www.transfermarkt.com/manchester-united/transfers/verein/985/saison_id/2018,2026-04-27T18:17:03.588990+00:00,high,,2.0,José Mourinho | Ole Gunnar Solskjaer,"[""jos_mourinho_26-01-1963"", ""ole_gunnar_solskjaer_26-02-1973""]",jos_mourinho_26-01-1963,José Mourinho,0.4684931506849315,171.0,2016-07-01,2018-12-18,144.0,84.0,31.0,29.0,1.97,transfermarkt_manager_history_page,https://www.transfermarkt.com/manchester-united/mitarbeiterhistorie/verein/985/personalie_id/1/plus/1,2026-04-27T18:42:56.688983+00:00,high,,1.0,0.0,Champions League Participant,,transfermarkt_achievements_page,https://www.transfermarkt.com/manchester-united/erfolge/verein/985,2026-04-28T07:46:04.827964+00:00,high,,Champions League Participant (participant),uefa_champions_league,,6.0,66.0,19.0,9.0,10.0,65.0,54.0,11.0,premier_league_raw_table,https://en.wikipedia.org/wiki/2018%E2%80%9319_Premier_League,,Raw Premier League season table CSV,medium,League table data loaded from raw Premier League CSV files.,,,,,,,,,,,,,,,,,,,,,,,,,,,,,,,,,,,,,,,,,,,,True,False,True,True
premier_league,Premier League,manchester_united,Manchester United,2019/20,2019,2020,236800000.0,81180000.0,155620000.0,13,12,transfermarkt_club_page,https://www.transfermarkt.com/manchester-united/transfers/verein/985/saison_id/2019,2026-04-27T18:17:05.360376+00:00,high,,1.0,Ole Gunnar Solskjaer,"[""ole_gunnar_solskjaer_26-02-1973""]",ole_gunnar_solskjaer_26-02-1973,Ole Gunnar Solskjaer,1.0,366.0,2019-03-28,2021-11-21,149.0,78.0,33.0,38.0,1.79,transfermarkt_manager_history_page,https://www.transfermarkt.com/manchester-united/mitarbeiterhistorie/verein/985/personalie_id/1/plus/1,2026-04-27T18:42:56.688983+00:00,high,,1.0,0.0,Europa League Participant,,transfermarkt_achievements_page,https://www.transfermarkt.com/manchester-united/erfolge/verein/985,2026-04-28T07:46:04.827964+00:00,high,,Europa League Participant (participant),uefa_europa_league,,3.0,66.0,18.0,12.0,8.0,66.0,36.0,30.0,premier_league_raw_table,https://en.wikipedia.org/wiki/2019%E2%80%9320_Premier_League,,Raw Premier League season table CSV,medium,League table data loaded from raw Premier League CSV files.,,,,,,,,,,,,,,,,,,,,,,,,,,,,,,,,,,,,,,,,,,,,True,False,True,True
premier_league,Premier League,manchester_united,Manchester United,2020/21,2020,2021,89950000.0,19500000.0,70450000.0,17,17,transfermarkt_club_page,https://www.transfermarkt.com/manchester-united/transfers/verein/985/saison_id/2020,2026-04-27T18:17:07.235529+00:00,high,,1.0,Ole Gunnar Solskjaer,"[""ole_gunnar_solskjaer_26-02-1973""]",ole_gunnar_solskjaer_26-02-1973,Ole Gunnar Solskjaer,1.0,365.0,2019-03-28,2021-11-21,149.0,78.0,33.0,38.0,1.79,transfermarkt_manager_history_page,https://www.transfermarkt.com/manchester-united/mitarbeiterhistorie/verein/985/personalie_id/1/plus/1,2026-04-27T18:42:56.688983+00:00,high,,3.0,0.0,Champions League Participant | Europa League Participant | Europa League runner-up,,transfermarkt_achievements_page,https://www.transfermarkt.com/manchester-united/erfolge/verein/985,2026-04-28T07:46:04.827964+00:00,high,,Champions League Participant (participant) | Europa League Participant (participant) | Europa League runner-up,uefa_champions_league | uefa_europa_league,,2.0,74.0,21.0,11.0,6.0,73.0,44.0,29.0,premier_league_raw_table,https://en.wikipedia.org/wiki/2020%E2%80%9321_Premier_League,,Raw Premier League season table CSV,medium,League table data loaded from raw Premier League CSV files.,,,,,,,,,,,,,,,,,,,,,,,,,,,,,,,,,,,,,,,,,,,,True,False,True,True
premier_league,Premier League,manchester_united,Manchester United,2021/22,2021,2022,142000000.0,31100000.0,110900000.0,16,14,transfermarkt_club_page,https://www.transfermarkt.com/manchester-united/transfers/verein/985/saison_id/2021,2026-04-27T18:17:09.112535+00:00,high,,1.0,Ole Gunnar Solskjaer,"[""ole_gunnar_solskjaer_26-02-1973""]",ole_gunnar_solskjaer_26-02-1973,Ole Gunnar Solskjaer,0.3945205479452054,144.0,2019-03-28,2021-11-21,149.0,78.0,33.0,38.0,1.79,transfermarkt_manager_history_page,https://www.transfermarkt.com/manchester-united/mitarbeiterhistorie/verein/985/personalie_id/1/plus/1,2026-04-27T18:42:56.688983+00:00,high,,1.0,0.0,Champions League Participant,,transfermarkt_achievements_page,https://www.transfermarkt.com/manchester-united/erfolge/verein/985,2026-04-28T07:46:04.827964+00:00,high,,Champions League Participant (participant),uefa_champions_league,,6.0,58.0,16.0,10.0,12.0,57.0,57.0,0.0,premier_league_raw_table,https://en.wikipedia.org/wiki/2021%E2%80%9322_Premier_League,,Raw Premier League season table CSV,medium,League table data loaded from raw Premier League CSV files.,,,,,,,,,,,,,,,,,,,,,,,,,,,,,,,,,,,,,,,,,,,,True,False,True,True
premier_league,Premier League,manchester_united,Manchester United,2022/23,2022,2023,243150000.0,23650000.0,219500000.0,24,19,transfermarkt_club_page,https://www.transfermarkt.com/manchester-united/transfers/verein/985/saison_id/2022,2026-04-27T18:17:11.250175+00:00,high,,1.0,Erik ten Hag,"[""erik_ten_hag_02-02-1970""]",erik_ten_hag_02-02-1970,Erik ten Hag,1.0,365.0,2022-07-01,2024-10-28,128.0,72.0,20.0,36.0,1.84,transfermarkt_manager_history_page,https://www.transfermarkt.com/manchester-united/mitarbeiterhistorie/verein/985/personalie_id/1/plus/1,2026-04-27T18:42:56.688983+00:00,high,,3.0,1.0,English League Cup winner | Europa League Participant | FA Cup Runner up,English League Cup winner,transfermarkt_achievements_page,https://www.transfermarkt.com/manchester-united/erfolge/verein/985,2026-04-28T07:46:04.827964+00:00,high,,English League Cup winner (winner) | Europa League Participant (participant) | FA Cup Runner up (runner_up),league_cup | uefa_europa_league | fa_cup,English League Cup winner (winner),3.0,75.0,23.0,6.0,9.0,58.0,43.0,15.0,premier_league_raw_table,https://en.wikipedia.org/wiki/2022%E2%80%9323_Premier_League,,Raw Premier League season table CSV,medium,League table data loaded from raw Premier League CSV files.,2023-06-30,GBP,full pounds (converted from GBP thousands disclosed in report),648401000.0,136420000.0,209095000.0,302886000.0,,,,331374000.0,537277000.0,172684000.0,20424000.0,-32574000.0,,,,,,,,,,648401000.0,0.0,"[63, 148]",Manchester United plc annual report on Form 20-F provides a comparable consolidated revenue split and financing disclosures aligned to the project methodology.,Women's team revenue is not separately disclosed in the source used here.,"Commercial revenue in the plc report includes sponsorship, retail, merchandising, product licensing and related commercial activities.",high,True,Manchester United plc 2023 Annual Report on Form 20-F,https://ir.manutd.com/financial-information/annual-reports/2023.aspx,Values disclosed in GBP thousands have been converted to full GBP amounts.,,,,,,,,,True,True,True,True
premier_league,Premier League,manchester_united,Manchester United,2023/24,2023,2024,212700000.0,63770000.0,148930000.0,14,23,transfermarkt_club_page,https://www.transfermarkt.com/manchester-united/transfers/verein/985/saison_id/2023,2026-04-27T18:17:13.343980+00:00,high,,1.0,Erik ten Hag,"[""erik_ten_hag_02-02-1970""]",erik_ten_hag_02-02-1970,Erik ten Hag,1.0,366.0,2022-07-01,2024-10-28,128.0,72.0,20.0,36.0,1.84,transfermarkt_manager_history_page,https://www.transfermarkt.com/manchester-united/mitarbeiterhistorie/verein/985/personalie_id/1/plus/1,2026-04-27T18:42:56.688983+00:00,high,,2.0,1.0,Champions League Participant | FA Cup Winner,FA Cup Winner,transfermarkt_achievements_page,https://www.transfermarkt.com/manchester-united/erfolge/verein/985,2026-04-28T07:46:04.827964+00:00,high,,Champions League Participant (participant) | FA Cup Winner (winner),uefa_champions_league | fa_cup,FA Cup Winner (winner),8.0,60.0,18.0,6.0,14.0,57.0,58.0,-1.0,premier_league_raw_table,https://en.wikipedia.org/wiki/2023%E2%80%9324_Premier_League,,Raw Premier League season table CSV,medium,League table data loaded from raw Premier League CSV files.,2024-06-30,GBP,full pounds (converted from GBP thousands disclosed in report),661755000.0,137134000.0,221745000.0,302876000.0,,,,364719000.0,473072000.0,190123000.0,37422000.0,-130724000.0,,,,,,,,,,661755000.0,0.0,"[7, 154]",Manchester United plc annual report on Form 20-F provides a comparable consolidated revenue split and financing disclosures aligned to the project methodology.,Women's team revenue is not separately disclosed in the source used here.,"Commercial revenue in the plc report includes sponsorship, retail, merchandising, product licensing and related commercial activities.",high,True,Manchester United plc 2024 Annual Report on Form 20-F,https://ir.manutd.com/financial-information/annual-reports/2024.aspx,Values disclosed in GBP thousands have been converted to full GBP amounts.,,,,,,,,,True,True,True,True
premier_league,Premier League,manchester_united,Manchester United,2024/25,2024,2025,246300000.0,117200000.0,129100000.0,15,17,transfermarkt_club_page,https://www.transfermarkt.com/manchester-united/transfers/verein/985/saison_id/2024,2026-04-27T18:17:15.172655+00:00,high,,2.0,Erik ten Hag | Rúben Amorim,"[""erik_ten_hag_02-02-1970"", ""r_ben_amorim_27-01-1985""]",r_ben_amorim_27-01-1985,Rúben Amorim,0.6356164383561644,232.0,2024-11-11,2026-01-05,63.0,25.0,15.0,23.0,1.43,transfermarkt_manager_history_page,https://www.transfermarkt.com/manchester-united/mitarbeiterhistorie/verein/985/personalie_id/1/plus/1,2026-04-27T18:42:56.688983+00:00,high,,2.0,0.0,Europa League Participant | Europa League runner-up,,transfermarkt_achievements_page,https://www.transfermarkt.com/manchester-united/erfolge/verein/985,2026-04-28T07:46:04.827964+00:00,high,,Europa League Participant (participant) | Europa League runner-up,uefa_europa_league,,15.0,42.0,11.0,9.0,18.0,44.0,54.0,-10.0,premier_league_raw_table,https://en.wikipedia.org/wiki/2024%E2%80%9325_Premier_League,,Raw Premier League season table CSV,medium,League table data loaded from raw Premier League CSV files.,2025-06-30,GBP,full pounds (converted from GBP thousands disclosed in report),666514000.0,160263000.0,172977000.0,333274000.0,,,,313256000.0,550869000.0,196373000.0,48742000.0,-39664000.0,,,,,,,,,,666514000.0,0.0,"[53, 141]",Manchester United plc annual report on Form 20-F provides a comparable consolidated revenue split and financing disclosures aligned to the project methodology.,Women's team revenue is not separately disclosed in the source used here.,"Commercial revenue in the plc report includes sponsorship, retail, merchandising, product licensing and related commercial activities.",high,True,Manchester United plc 2025 Annual Report on Form 20-F,https://ir.manutd.com/financial-information/annual-reports/2025.aspx,Values disclosed in GBP thousands have been converted to full GBP amounts.,,,,,,,,,True,True,True,True
premier_league,Premier League,manchester_united,Manchester United,2025/26,2025,2026,246700000.0,74200000.0,172500000.0,14,15,transfermarkt_club_page,https://www.transfermarkt.com/manchester-united/transfers/verein/985/saison_id/2025,2026-04-27T18:17:16.958540+00:00,high,,2.0,Rúben Amorim | Michael Carrick,"[""r_ben_amorim_27-01-1985"", ""michael_carrick_28-07-1981""]",r_ben_amorim_27-01-1985,Rúben Amorim,0.5178082191780822,189.0,2024-11-11,2026-01-05,63.0,25.0,15.0,23.0,1.43,transfermarkt_manager_history_page,https://www.transfermarkt.com/manchester-united/mitarbeiterhistorie/verein/985/personalie_id/1/plus/1,2026-04-27T18:42:56.688983+00:00,high,,,,,,,,,,,,,,,,,,,,,,,,,,,,,,,,,,,,,,,,,,,,,,,,,,,,,,,,,,,,,,,,,,,,,,,False,False,False,True
premier_league,Premier League,tottenham_hotspur,Tottenham Hotspur,2011/12,2011,2012,9000000.0,43250000.0,-34250000.0,36,35,transfermarkt_club_page,https://www.transfermarkt.com/tottenham-hotspur/transfers/verein/148/saison_id/2011,2026-04-27T18:20:51.598348+00:00,high,,1.0,Harry Redknapp,"[""harry_redknapp_02-03-1947""]",harry_redknapp_02-03-1947,Harry Redknapp,0.9562841530054644,350.0,2008-10-26,2012-06-14,198.0,98.0,48.0,52.0,1.73,transfermarkt_manager_history_page,https://www.transfermarkt.com/tottenham-hotspur/mitarbeiterhistorie/verein/148/personalie_id/1/plus/1,2026-04-27T18:43:02.173820+00:00,high,,1.0,0.0,Europa League Participant,,transfermarkt_achievements_page,https://www.transfermarkt.com/tottenham-hotspur/erfolge/verein/148,2026-04-28T07:46:11.825063+00:00,high,,Europa League Participant (participant),uefa_europa_league,,4.0,69.0,20.0,9.0,9.0,66.0,41.0,25.0,premier_league_raw_table,https://en.wikipedia.org/wiki/2011%E2%80%9312_Premier_League,,Raw Premier League season table CSV,medium,League table data loaded from raw Premier League CSV files.,2012-06-30,GBP,full pounds (converted from GBP thousands disclosed in report),144156000.0,27659000.0,63561000.0,52936000.0,,,,90206000.0,70096000.0,,9200000.0,-7304000.0,,,,,,,,,,144156000.0,0.0,"[17, 19, 21, 33]","Tottenham's revenue note mixes gate receipts with domestic prize money and separates UEFA solidarity and prize money from media and broadcasting. For comparability, UEFA solidarity and prize money has been grouped with broadcasting, while the domestic cup gate receipts and prize money line has been kept within the matchday-style bucket and should be treated as a medium-confidence mapping.",Women's team revenue is not separately disclosed in the report.,The 'Other' revenue line is included within commercial revenue because the club does not separately disclose a clearer commercial subcategory breakdown for that amount.,medium,True,Group of companies' accounts made up to 30 June 2012,https://find-and-update.company-information.service.gov.uk/company/01706358/filing-history/MzA3NTgyOTE2NmFkaXF6a2N4/document?format=pdf&download=0,"Values in the annual report were disclosed in GBP thousands and have been converted here into full GBP amounts by multiplying by 1,000. Revenue category mapping requires some reclassification because Tottenham's note does not align perfectly with the standard matchday/broadcast/commercial split.",,,,,,,,,True,True,True,True
premier_league,Premier League,tottenham_hotspur,Tottenham Hotspur,2012/13,2012,2013,73250000.0,72780000.0,470000.0,29,34,transfermarkt_club_page,https://www.transfermarkt.com/tottenham-hotspur/transfers/verein/148/saison_id/2012,2026-04-27T18:20:54.018875+00:00,high,,1.0,André Villas-Boas,"[""andr_villas_boas_17-10-1977""]",andr_villas_boas_17-10-1977,André Villas-Boas,0.9945205479452056,363.0,2012-07-03,2013-12-16,80.0,45.0,18.0,17.0,1.91,transfermarkt_manager_history_page,https://www.transfermarkt.com/tottenham-hotspur/mitarbeiterhistorie/verein/148/personalie_id/1/plus/1,2026-04-27T18:43:02.173820+00:00,high,,1.0,0.0,Europa League Participant,,transfermarkt_achievements_page,https://www.transfermarkt.com/tottenham-hotspur/erfolge/verein/148,2026-04-28T07:46:11.825063+00:00,high,,Europa League Participant (participant),uefa_europa_league,,5.0,72.0,21.0,9.0,8.0,66.0,46.0,20.0,premier_league_raw_table,https://en.wikipedia.org/wiki/2012%E2%80%9313_Premier_League,,Raw Premier League season table CSV,medium,League table data loaded from raw Premier League CSV files.,,,,,,,,,,,,,,,,,,,,,,,,,,,,,,,,,,,,,,,,,,,,True,False,True,True
premier_league,Premier League,tottenham_hotspur,Tottenham Hotspur,2013/14,2013,2014,122550000.0,136560000.0,-14010000.0,30,28,transfermarkt_club_page,https://www.transfermarkt.com/tottenham-hotspur/transfers/verein/148/saison_id/2013,2026-04-27T18:20:56.019798+00:00,high,Displayed departures sum (136560000) differs from parsed departures fee sum (136555000).,2.0,André Villas-Boas | Tim Sherwood,"[""andr_villas_boas_17-10-1977"", ""tim_sherwood_06-02-1969""]",andr_villas_boas_17-10-1977,André Villas-Boas,0.4630136986301369,169.0,2012-07-03,2013-12-16,80.0,45.0,18.0,17.0,1.91,transfermarkt_manager_history_page,https://www.transfermarkt.com/tottenham-hotspur/mitarbeiterhistorie/verein/148/personalie_id/1/plus/1,2026-04-27T18:43:02.173820+00:00,high,,1.0,0.0,Europa League Participant,,transfermarkt_achievements_page,https://www.transfermarkt.com/tottenham-hotspur/erfolge/verein/148,2026-04-28T07:46:11.825063+00:00,high,,Europa League Participant (participant),uefa_europa_league,,6.0,69.0,21.0,6.0,11.0,55.0,51.0,4.0,premier_league_raw_table,https://en.wikipedia.org/wiki/2013%E2%80%9314_Premier_League,,Raw Premier League season table CSV,medium,League table data loaded from raw Premier League CSV files.,,,,,,,,,,,,,,,,,,,,,,,,,,,,,,,,,,,,,,,,,,,,True,False,True,True
premier_league,Premier League,tottenham_hotspur,Tottenham Hotspur,2014/15,2014,2015,48480000.0,44150000.0,4330000.0,20,24,transfermarkt_club_page,https://www.transfermarkt.com/tottenham-hotspur/transfers/verein/148/saison_id/2014,2026-04-27T18:20:58.331968+00:00,high,,1.0,Mauricio Pochettino,"[""mauricio_pochettino_02-03-1972""]",mauricio_pochettino_02-03-1972,Mauricio Pochettino,1.0,365.0,2014-07-01,2019-11-19,293.0,160.0,60.0,73.0,1.84,transfermarkt_manager_history_page,https://www.transfermarkt.com/tottenham-hotspur/mitarbeiterhistorie/verein/148/personalie_id/1/plus/1,2026-04-27T18:43:02.173820+00:00,high,,2.0,0.0,English League Cup runner-up | Europa League Participant,,transfermarkt_achievements_page,https://www.transfermarkt.com/tottenham-hotspur/erfolge/verein/148,2026-04-28T07:46:11.825063+00:00,high,,English League Cup runner-up | Europa League Participant (participant),league_cup | uefa_europa_league,,5.0,64.0,19.0,7.0,12.0,58.0,53.0,5.0,premier_league_raw_table,https://en.wikipedia.org/wiki/2014%E2%80%9315_Premier_League,,Raw Premier League season table CSV,medium,League table data loaded from raw Premier League CSV files.,,,,,,,,,,,,,,,,,,,,,,,,,,,,,,,,,,,,,,,,,,,,True,False,True,True
premier_league,Premier League,tottenham_hotspur,Tottenham Hotspur,2015/16,2015,2016,71000000.0,87250000.0,-16250000.0,11,21,transfermarkt_club_page,https://www.transfermarkt.com/tottenham-hotspur/transfers/verein/148/saison_id/2015,2026-04-27T18:21:01.727570+00:00,high,,1.0,Mauricio Pochettino,"[""mauricio_pochettino_02-03-1972""]",mauricio_pochettino_02-03-1972,Mauricio Pochettino,1.0,366.0,2014-07-01,2019-11-19,293.0,160.0,60.0,73.0,1.84,transfermarkt_manager_history_page,https://www.transfermarkt.com/tottenham-hotspur/mitarbeiterhistorie/verein/148/personalie_id/1/plus/1,2026-04-27T18:43:02.173820+00:00,high,,1.0,0.0,Europa League Participant,,transfermarkt_achievements_page,https://www.transfermarkt.com/tottenham-hotspur/erfolge/verein/148,2026-04-28T07:46:11.825063+00:00,high,,Europa League Participant (participant),uefa_europa_league,,3.0,70.0,19.0,13.0,6.0,69.0,35.0,34.0,premier_league_raw_table,https://en.wikipedia.org/wiki/2015%E2%80%9316_Premier_League,,Raw Premier League season table CSV,medium,League table data loaded from raw Premier League CSV files.,,,,,,,,,,,,,,,,,,,,,,,,,,,,,,,,,,,,,,,,,,,,True,False,True,True
premier_league,Premier League,tottenham_hotspur,Tottenham Hotspur,2016/17,2016,2017,83500000.0,52300000.0,31200000.0,8,8,transfermarkt_club_page,https://www.transfermarkt.com/tottenham-hotspur/transfers/verein/148/saison_id/2016,2026-04-27T18:21:04.383490+00:00,high,,1.0,Mauricio Pochettino,"[""mauricio_pochettino_02-03-1972""]",mauricio_pochettino_02-03-1972,Mauricio Pochettino,1.0,365.0,2014-07-01,2019-11-19,293.0,160.0,60.0,73.0,1.84,transfermarkt_manager_history_page,https://www.transfermarkt.com/tottenham-hotspur/mitarbeiterhistorie/verein/148/personalie_id/1/plus/1,2026-04-27T18:43:02.173820+00:00,high,,2.0,0.0,Champions League Participant | Europa League Participant,,transfermarkt_achievements_page,https://www.transfermarkt.com/tottenham-hotspur/erfolge/verein/148,2026-04-28T07:46:11.825063+00:00,high,,Champions League Participant (participant) | Europa League Participant (participant),uefa_champions_league | uefa_europa_league,,2.0,86.0,26.0,8.0,4.0,86.0,26.0,60.0,premier_league_raw_table,https://en.wikipedia.org/wiki/2016%E2%80%9317_Premier_League,,Raw Premier League season table CSV,medium,League table data loaded from raw Premier League CSV files.,,,,,,,,,,,,,,,,,,,,,,,,,,,,,,,,,,,,,,,,,,,,True,False,True,True
premier_league,Premier League,tottenham_hotspur,Tottenham Hotspur,2017/18,2017,2018,121000000.0,103800000.0,17200000.0,15,12,transfermarkt_club_page,https://www.transfermarkt.com/tottenham-hotspur/transfers/verein/148/saison_id/2017,2026-04-27T18:21:06.200578+00:00,high,,1.0,Mauricio Pochettino,"[""mauricio_pochettino_02-03-1972""]",mauricio_pochettino_02-03-1972,Mauricio Pochettino,1.0,365.0,2014-07-01,2019-11-19,293.0,160.0,60.0,73.0,1.84,transfermarkt_manager_history_page,https://www.transfermarkt.com/tottenham-hotspur/mitarbeiterhistorie/verein/148/personalie_id/1/plus/1,2026-04-27T18:43:02.173820+00:00,high,,1.0,0.0,Champions League Participant,,transfermarkt_achievements_page,https://www.transfermarkt.com/tottenham-hotspur/erfolge/verein/148,2026-04-28T07:46:11.825063+00:00,high,,Champions League Participant (participant),uefa_champions_league,,3.0,77.0,23.0,8.0,7.0,74.0,36.0,38.0,premier_league_raw_table,https://en.wikipedia.org/wiki/2017%E2%80%9318_Premier_League,,Raw Premier League season table CSV,medium,League table data loaded from raw Premier League CSV files.,,,,,,,,,,,,,,,,,,,,,,,,,,,,,,,,,,,,,,,,,,,,True,False,True,True
premier_league,Premier League,tottenham_hotspur,Tottenham Hotspur,2018/19,2018,2019,0.0,5350000.0,-5350000.0,4,4,transfermarkt_club_page,https://www.transfermarkt.com/tottenham-hotspur/transfers/verein/148/saison_id/2018,2026-04-27T18:21:08.574441+00:00,high,,1.0,Mauricio Pochettino,"[""mauricio_pochettino_02-03-1972""]",mauricio_pochettino_02-03-1972,Mauricio Pochettino,1.0,365.0,2014-07-01,2019-11-19,293.0,160.0,60.0,73.0,1.84,transfermarkt_manager_history_page,https://www.transfermarkt.com/tottenham-hotspur/mitarbeiterhistorie/verein/148/personalie_id/1/plus/1,2026-04-27T18:43:02.173820+00:00,high,,2.0,1.0,Champions League Participant | Champions League runner-up,Champions League runner-up,transfermarkt_achievements_page,https://www.transfermarkt.com/tottenham-hotspur/erfolge/verein/148,2026-04-28T07:46:11.825063+00:00,high,,Champions League Participant (participant) | Champions League runner-up (winner),uefa_champions_league,Champions League runner-up (winner),4.0,71.0,23.0,2.0,13.0,67.0,39.0,28.0,premier_league_raw_table,https://en.wikipedia.org/wiki/2018%E2%80%9319_Premier_League,,Raw Premier League season table CSV,medium,League table data loaded from raw Premier League CSV files.,,,,,,,,,,,,,,,,,,,,,,,,,,,,,,,,,,,,,,,,,,,,True,False,True,True
premier_league,Premier League,tottenham_hotspur,Tottenham Hotspur,2019/20,2019,2020,150500000.0,64500000.0,86000000.0,12,14,transfermarkt_club_page,https://www.transfermarkt.com/tottenham-hotspur/transfers/verein/148/saison_id/2019,2026-04-27T18:21:10.555085+00:00,high,,2.0,Mauricio Pochettino | José Mourinho,"[""mauricio_pochettino_02-03-1972"", ""jos_mourinho_26-01-1963""]",jos_mourinho_26-01-1963,José Mourinho,0.6120218579234973,224.0,2019-11-20,2021-04-19,86.0,45.0,17.0,24.0,1.77,transfermarkt_manager_history_page,https://www.transfermarkt.com/tottenham-hotspur/mitarbeiterhistorie/verein/148/personalie_id/1/plus/1,2026-04-27T18:43:02.173820+00:00,high,,1.0,0.0,Champions League Participant,,transfermarkt_achievements_page,https://www.transfermarkt.com/tottenham-hotspur/erfolge/verein/148,2026-04-28T07:46:11.825063+00:00,high,,Champions League Participant (participant),uefa_champions_league,,6.0,59.0,16.0,11.0,11.0,61.0,47.0,14.0,premier_league_raw_table,https://en.wikipedia.org/wiki/2019%E2%80%9320_Premier_League,,Raw Premier League season table CSV,medium,League table data loaded from raw Premier League CSV files.,,,,,,,,,,,,,,,,,,,,,,,,,,,,,,,,,,,,,,,,,,,,True,False,True,True
premier_league,Premier League,tottenham_hotspur,Tottenham Hotspur,2020/21,2020,2021,110500000.0,13300000.0,97200000.0,15,11,transfermarkt_club_page,https://www.transfermarkt.com/tottenham-hotspur/transfers/verein/148/saison_id/2020,2026-04-27T18:21:13.122536+00:00,high,,1.0,José Mourinho,"[""jos_mourinho_26-01-1963""]",jos_mourinho_26-01-1963,José Mourinho,0.8027397260273973,293.0,2019-11-20,2021-04-19,86.0,45.0,17.0,24.0,1.77,transfermarkt_manager_history_page,https://www.transfermarkt.com/tottenham-hotspur/mitarbeiterhistorie/verein/148/personalie_id/1/plus/1,2026-04-27T18:43:02.173820+00:00,high,,1.0,0.0,Europa League Participant,,transfermarkt_achievements_page,https://www.transfermarkt.com/tottenham-hotspur/erfolge/verein/148,2026-04-28T07:46:11.825063+00:00,high,,Europa League Participant (participant),uefa_europa_league,,7.0,62.0,18.0,8.0,12.0,68.0,45.0,23.0,premier_league_raw_table,https://en.wikipedia.org/wiki/2020%E2%80%9321_Premier_League,,Raw Premier League season table CSV,medium,League table data loaded from raw Premier League CSV files.,,,,,,,,,,,,,,,,,,,,,,,,,,,,,,,,,,,,,,,,,,,,True,False,True,True
premier_league,Premier League,tottenham_hotspur,Tottenham Hotspur,2021/22,2021,2022,95900000.0,34620000.0,61280000.0,14,19,transfermarkt_club_page,https://www.transfermarkt.com/tottenham-hotspur/transfers/verein/148/saison_id/2021,2026-04-27T18:21:15.136398+00:00,high,,2.0,Nuno Espírito Santo | Antonio Conte,"[""nuno_esp_rito_santo_25-01-1974"", ""antonio_conte_31-07-1969""]",antonio_conte_31-07-1969,Antonio Conte,0.6602739726027397,241.0,2021-11-02,2023-03-26,76.0,41.0,12.0,23.0,1.78,transfermarkt_manager_history_page,https://www.transfermarkt.com/tottenham-hotspur/mitarbeiterhistorie/verein/148/personalie_id/1/plus/1,2026-04-27T18:43:02.173820+00:00,high,,1.0,0.0,Conference League participant,,transfermarkt_achievements_page,https://www.transfermarkt.com/tottenham-hotspur/erfolge/verein/148,2026-04-28T07:46:11.825063+00:00,high,,Conference League participant (participant),uefa_conference_league,,4.0,71.0,22.0,5.0,11.0,69.0,40.0,29.0,premier_league_raw_table,https://en.wikipedia.org/wiki/2021%E2%80%9322_Premier_League,,Raw Premier League season table CSV,medium,League table data loaded from raw Premier League CSV files.,,,,,,,,,,,,,,,,,,,,,,,,,,,,,,,,,,,,,,,,,,,,True,False,True,True
premier_league,Premier League,tottenham_hotspur,Tottenham Hotspur,2022/23,2022,2023,181700000.0,38750000.0,142950000.0,15,14,transfermarkt_club_page,https://www.transfermarkt.com/tottenham-hotspur/transfers/verein/148/saison_id/2022,2026-04-27T18:21:17.279250+00:00,high,,1.0,Antonio Conte,"[""antonio_conte_31-07-1969""]",antonio_conte_31-07-1969,Antonio Conte,0.736986301369863,269.0,2021-11-02,2023-03-26,76.0,41.0,12.0,23.0,1.78,transfermarkt_manager_history_page,https://www.transfermarkt.com/tottenham-hotspur/mitarbeiterhistorie/verein/148/personalie_id/1/plus/1,2026-04-27T18:43:02.173820+00:00,high,,1.0,0.0,Champions League Participant,,transfermarkt_achievements_page,https://www.transfermarkt.com/tottenham-hotspur/erfolge/verein/148,2026-04-28T07:46:11.825063+00:00,high,,Champions League Participant (participant),uefa_champions_league,,8.0,60.0,18.0,6.0,14.0,70.0,63.0,7.0,premier_league_raw_table,https://en.wikipedia.org/wiki/2022%E2%80%9323_Premier_League,,Raw Premier League season table CSV,medium,League table data loaded from raw Premier League CSV files.,,,,,,,,,,,,,,,,,,,,,,,,,,,,,,,,,,,,,,,,,,,,True,False,True,True
premier_league,Premier League,tottenham_hotspur,Tottenham Hotspur,2023/24,2023,2024,275100000.0,120700000.0,154400000.0,27,22,transfermarkt_club_page,https://www.transfermarkt.com/tottenham-hotspur/transfers/verein/148/saison_id/2023,2026-04-27T18:21:19.848799+00:00,high,,1.0,Ange Postecoglou,"[""ange_postecoglou_27-08-1965""]",ange_postecoglou_27-08-1965,Ange Postecoglou,1.0,366.0,2023-07-01,2025-06-06,101.0,47.0,14.0,40.0,1.53,transfermarkt_manager_history_page,https://www.transfermarkt.com/tottenham-hotspur/mitarbeiterhistorie/verein/148/personalie_id/1/plus/1,2026-04-27T18:43:02.173820+00:00,high,,,,,,,,,,,,,,5.0,66.0,20.0,6.0,12.0,74.0,61.0,13.0,premier_league_raw_table,https://en.wikipedia.org/wiki/2023%E2%80%9324_Premier_League,,Raw Premier League season table CSV,medium,League table data loaded from raw Premier League CSV files.,,,,,,,,,,,,,,,,,,,,,,,,,,,,,,,,,,,,,,,,,,,,True,False,False,True
premier_league,Premier League,tottenham_hotspur,Tottenham Hotspur,2024/25,2024,2025,185350000.0,56300000.0,129050000.0,17,17,transfermarkt_club_page,https://www.transfermarkt.com/tottenham-hotspur/transfers/verein/148/saison_id/2024,2026-04-27T18:21:22.005080+00:00,high,,1.0,Ange Postecoglou,"[""ange_postecoglou_27-08-1965""]",ange_postecoglou_27-08-1965,Ange Postecoglou,0.9342465753424658,341.0,2023-07-01,2025-06-06,101.0,47.0,14.0,40.0,1.53,transfermarkt_manager_history_page,https://www.transfermarkt.com/tottenham-hotspur/mitarbeiterhistorie/verein/148/personalie_id/1/plus/1,2026-04-27T18:43:02.173820+00:00,high,,2.0,1.0,Europa League Participant | Europa League Winner,Europa League Winner,transfermarkt_achievements_page,https://www.transfermarkt.com/tottenham-hotspur/erfolge/verein/148,2026-04-28T07:46:11.825063+00:00,high,,Europa League Participant (participant) | Europa League Winner (winner),uefa_europa_league,Europa League Winner (winner),17.0,38.0,11.0,5.0,22.0,64.0,65.0,-1.0,premier_league_raw_table,https://en.wikipedia.org/wiki/2024%E2%80%9325_Premier_League,,Raw Premier League season table CSV,medium,League table data loaded from raw Premier League CSV files.,,,,,,,,,,,,,,,,,,,,,,,,,,,,,,,,,,,,,,,,,,,,True,False,True,True
premier_league,Premier League,tottenham_hotspur,Tottenham Hotspur,2025/26,2025,2026,265600000.00000003,82700000.0,182900000.00000003,20,20,transfermarkt_club_page,https://www.transfermarkt.com/tottenham-hotspur/transfers/verein/148/saison_id/2025,2026-04-27T18:21:24.079089+00:00,high,,3.0,Thomas Frank | Igor Tudor | Roberto De Zerbi,"[""thomas_frank_09-10-1973"", ""igor_tudor_16-04-1978"", ""roberto_de_zerbi_06-06-1979""]",thomas_frank_09-10-1973,Thomas Frank,0.6191780821917808,226.0,2025-07-01,2026-02-11,38.0,13.0,10.0,15.0,1.29,transfermarkt_manager_history_page,https://www.transfermarkt.com/tottenham-hotspur/mitarbeiterhistorie/verein/148/personalie_id/1/plus/1,2026-04-27T18:43:02.173820+00:00,high,Manager spell appears ongoing on the collection date. Ongoing manager spell; overlap calculated through the collection date or season end.,1.0,0.0,UEFA Super Cup runner-up,,transfermarkt_achievements_page,https://www.transfermarkt.com/tottenham-hotspur/erfolge/verein/148,2026-04-28T07:46:11.825063+00:00,high,,UEFA Super Cup runner-up,other,,,,,,,,,,,,,,,,,,,,,,,,,,,,,,,,,,,,,,,,,,,,,,,,,,,,,,,,,,,False,False,True,True
