league_key,league_name,club_id,club_name,role_key,role_name,season,season_start_year,season_end_year,transfermarkt_manager_id,manager_id,manager_name,manager_date_of_birth,nationalities,spell_start_date,spell_end_date,time_in_post_text,time_in_post_days,matches,wins,draws,losses,ppg,overlap_start_date,overlap_end_date,days_in_charge_in_season,days_in_season,share_of_season,source_name,source_endpoint,collected_at_utc,confidence_level,notes,league_name_transfer,club_name_transfer,gross_transfer_spend_eur,transfer_income_eur,net_transfer_spend_eur,incoming_transfer_count,outgoing_transfer_count,allocated_gross_transfer_spend_eur,allocated_transfer_income_eur,allocated_net_transfer_spend_eur,allocation_method,allocation_notes
premier_league,Premier League,arsenal,Arsenal,manager,Manager,1990/91,1990,1991,2636,george_graham_30-11-1944,George Graham,30/11/1944,Scotland,1986-05-14,1995-02-21,08 years 09 months 07 days,3206,460.0,226,131,103,1.76,1990-07-01,1991-06-30,365,365,1.0,transfermarkt_manager_history_page,https://www.transfermarkt.com/arsenal/mitarbeiterhistorie/verein/11/personalie_id/1/plus/1,2026-04-27T18:42:52.621832+00:00,high,,Premier League,Arsenal,5100000.0,3950000.0,1150000.0,16,13,5100000.0,3950000.0,1150000.0,season_day_overlap_prorated,Transfer totals are season-level club totals prorated by the share of season days the manager was in charge. This is useful for rough attribution but does not isolate actual transfer-window decision ownership.
premier_league,Premier League,arsenal,Arsenal,manager,Manager,1991/92,1991,1992,2636,george_graham_30-11-1944,George Graham,30/11/1944,Scotland,1986-05-14,1995-02-21,08 years 09 months 07 days,3206,460.0,226,131,103,1.76,1991-07-01,1992-06-30,366,366,1.0,transfermarkt_manager_history_page,https://www.transfermarkt.com/arsenal/mitarbeiterhistorie/verein/11/personalie_id/1/plus/1,2026-04-27T18:42:52.621832+00:00,high,,Premier League,Arsenal,5330000.0,1800000.0,3530000.0,15,14,5330000.0,1800000.0,3530000.0,season_day_overlap_prorated,Transfer totals are season-level club totals prorated by the share of season days the manager was in charge. This is useful for rough attribution but does not isolate actual transfer-window decision ownership.
premier_league,Premier League,arsenal,Arsenal,manager,Manager,1992/93,1992,1993,2636,george_graham_30-11-1944,George Graham,30/11/1944,Scotland,1986-05-14,1995-02-21,08 years 09 months 07 days,3206,460.0,226,131,103,1.76,1992-07-01,1993-06-30,365,365,1.0,transfermarkt_manager_history_page,https://www.transfermarkt.com/arsenal/mitarbeiterhistorie/verein/11/personalie_id/1/plus/1,2026-04-27T18:42:52.621832+00:00,high,,Premier League,Arsenal,4600000.0,3850000.0,750000.0,5,4,4600000.0,3850000.0,750000.0,season_day_overlap_prorated,Transfer totals are season-level club totals prorated by the share of season days the manager was in charge. This is useful for rough attribution but does not isolate actual transfer-window decision ownership.
premier_league,Premier League,arsenal,Arsenal,manager,Manager,1993/94,1993,1994,2636,george_graham_30-11-1944,George Graham,30/11/1944,Scotland,1986-05-14,1995-02-21,08 years 09 months 07 days,3206,460.0,226,131,103,1.76,1993-07-01,1994-06-30,365,365,1.0,transfermarkt_manager_history_page,https://www.transfermarkt.com/arsenal/mitarbeiterhistorie/verein/11/personalie_id/1/plus/1,2026-04-27T18:42:52.621832+00:00,high,,Premier League,Arsenal,1280000.0,2350000.0,-1070000.0,11,14,1280000.0,2350000.0,-1070000.0,season_day_overlap_prorated,Transfer totals are season-level club totals prorated by the share of season days the manager was in charge. This is useful for rough attribution but does not isolate actual transfer-window decision ownership.
premier_league,Premier League,arsenal,Arsenal,manager,Manager,1994/95,1994,1995,2636,george_graham_30-11-1944,George Graham,30/11/1944,Scotland,1986-05-14,1995-02-21,08 years 09 months 07 days,3206,460.0,226,131,103,1.76,1994-07-01,1995-02-21,236,365,0.6465753424657534,transfermarkt_manager_history_page,https://www.transfermarkt.com/arsenal/mitarbeiterhistorie/verein/11/personalie_id/1/plus/1,2026-04-27T18:42:52.621832+00:00,high,,Premier League,Arsenal,11270000.0,750000.0,10520000.0,13,8,7286904.109589041,484931.5068493151,6801972.602739726,season_day_overlap_prorated,Transfer totals are season-level club totals prorated by the share of season days the manager was in charge. This is useful for rough attribution but does not isolate actual transfer-window decision ownership.
premier_league,Premier League,arsenal,Arsenal,manager,Manager,1995/96,1995,1996,2635,bruce_rioch_06-09-1947,Bruce Rioch,06/09/1947,Scotland | England,1995-07-01,1996-06-30,11 months 30 days,366,47.0,22,15,10,1.72,1995-07-01,1996-06-30,366,366,1.0,transfermarkt_manager_history_page,https://www.transfermarkt.com/arsenal/mitarbeiterhistorie/verein/11/personalie_id/1/plus/1,2026-04-27T18:42:52.621832+00:00,high,,Premier League,Arsenal,18750000.0,6400000.0,12350000.0,10,10,18750000.0,6400000.0,12350000.0,season_day_overlap_prorated,Transfer totals are season-level club totals prorated by the share of season days the manager was in charge. This is useful for rough attribution but does not isolate actual transfer-window decision ownership.
premier_league,Premier League,arsenal,Arsenal,manager,Manager,1996/97,1996,1997,280,ars_ne_wenger_22-10-1949,Arsène Wenger,22/10/1949,France,1996-10-01,2018-06-30,21 years 08 months 30 days,7943,1231.0,713,267,251,1.95,1996-10-01,1997-06-30,273,365,0.7479452054794521,transfermarkt_manager_history_page,https://www.transfermarkt.com/arsenal/mitarbeiterhistorie/verein/11/personalie_id/1/plus/1,2026-04-27T18:42:52.621832+00:00,high,,Premier League,Arsenal,6110000.0,7780000.0,-1670000.0,11,17,4569945.205479452,5819013.698630137,-1249068.493150685,season_day_overlap_prorated,Transfer totals are season-level club totals prorated by the share of season days the manager was in charge. This is useful for rough attribution but does not isolate actual transfer-window decision ownership.
premier_league,Premier League,arsenal,Arsenal,manager,Manager,1997/98,1997,1998,280,ars_ne_wenger_22-10-1949,Arsène Wenger,22/10/1949,France,1996-10-01,2018-06-30,21 years 08 months 30 days,7943,1231.0,713,267,251,1.95,1997-07-01,1998-06-30,365,365,1.0,transfermarkt_manager_history_page,https://www.transfermarkt.com/arsenal/mitarbeiterhistorie/verein/11/personalie_id/1/plus/1,2026-04-27T18:42:52.621832+00:00,high,,Premier League,Arsenal,21670000.0,8830000.0,12840000.0,20,16,21670000.0,8830000.0,12840000.0,season_day_overlap_prorated,Transfer totals are season-level club totals prorated by the share of season days the manager was in charge. This is useful for rough attribution but does not isolate actual transfer-window decision ownership.
premier_league,Premier League,arsenal,Arsenal,manager,Manager,1998/99,1998,1999,280,ars_ne_wenger_22-10-1949,Arsène Wenger,22/10/1949,France,1996-10-01,2018-06-30,21 years 08 months 30 days,7943,1231.0,713,267,251,1.95,1998-07-01,1999-06-30,365,365,1.0,transfermarkt_manager_history_page,https://www.transfermarkt.com/arsenal/mitarbeiterhistorie/verein/11/personalie_id/1/plus/1,2026-04-27T18:42:52.621832+00:00,high,,Premier League,Arsenal,15950000.0,6250000.0,9700000.0,13,13,15950000.0,6250000.0,9700000.0,season_day_overlap_prorated,Transfer totals are season-level club totals prorated by the share of season days the manager was in charge. This is useful for rough attribution but does not isolate actual transfer-window decision ownership.
premier_league,Premier League,arsenal,Arsenal,manager,Manager,1999/00,1999,2000,280,ars_ne_wenger_22-10-1949,Arsène Wenger,22/10/1949,France,1996-10-01,2018-06-30,21 years 08 months 30 days,7943,1231.0,713,267,251,1.95,1999-07-01,2000-06-30,366,366,1.0,transfermarkt_manager_history_page,https://www.transfermarkt.com/arsenal/mitarbeiterhistorie/verein/11/personalie_id/1/plus/1,2026-04-27T18:42:52.621832+00:00,high,,Premier League,Arsenal,25400000.0,42500000.0,-17100000.0,17,20,25400000.0,42500000.0,-17100000.0,season_day_overlap_prorated,Transfer totals are season-level club totals prorated by the share of season days the manager was in charge. This is useful for rough attribution but does not isolate actual transfer-window decision ownership.
premier_league,Premier League,arsenal,Arsenal,manager,Manager,2000/01,2000,2001,280,ars_ne_wenger_22-10-1949,Arsène Wenger,22/10/1949,France,1996-10-01,2018-06-30,21 years 08 months 30 days,7943,1231.0,713,267,251,1.95,2000-07-01,2001-06-30,365,365,1.0,transfermarkt_manager_history_page,https://www.transfermarkt.com/arsenal/mitarbeiterhistorie/verein/11/personalie_id/1/plus/1,2026-04-27T18:42:52.621832+00:00,high,,Premier League,Arsenal,56300000.0,46030000.0,10270000.0,23,19,56300000.0,46030000.0,10270000.0,season_day_overlap_prorated,Transfer totals are season-level club totals prorated by the share of season days the manager was in charge. This is useful for rough attribution but does not isolate actual transfer-window decision ownership.
premier_league,Premier League,arsenal,Arsenal,manager,Manager,2001/02,2001,2002,280,ars_ne_wenger_22-10-1949,Arsène Wenger,22/10/1949,France,1996-10-01,2018-06-30,21 years 08 months 30 days,7943,1231.0,713,267,251,1.95,2001-07-01,2002-06-30,365,365,1.0,transfermarkt_manager_history_page,https://www.transfermarkt.com/arsenal/mitarbeiterhistorie/verein/11/personalie_id/1/plus/1,2026-04-27T18:42:52.621832+00:00,high,,Premier League,Arsenal,32689999.999999996,12000000.0,20689999.999999996,21,15,32689999.999999996,12000000.0,20689999.999999996,season_day_overlap_prorated,Transfer totals are season-level club totals prorated by the share of season days the manager was in charge. This is useful for rough attribution but does not isolate actual transfer-window decision ownership.
premier_league,Premier League,arsenal,Arsenal,manager,Manager,2002/03,2002,2003,280,ars_ne_wenger_22-10-1949,Arsène Wenger,22/10/1949,France,1996-10-01,2018-06-30,21 years 08 months 30 days,7943,1231.0,713,267,251,1.95,2002-07-01,2003-06-30,365,365,1.0,transfermarkt_manager_history_page,https://www.transfermarkt.com/arsenal/mitarbeiterhistorie/verein/11/personalie_id/1/plus/1,2026-04-27T18:42:52.621832+00:00,high,,Premier League,Arsenal,12830000.0,8430000.0,4400000.0,13,18,12830000.0,8430000.0,4400000.0,season_day_overlap_prorated,Transfer totals are season-level club totals prorated by the share of season days the manager was in charge. This is useful for rough attribution but does not isolate actual transfer-window decision ownership.
premier_league,Premier League,arsenal,Arsenal,manager,Manager,2003/04,2003,2004,280,ars_ne_wenger_22-10-1949,Arsène Wenger,22/10/1949,France,1996-10-01,2018-06-30,21 years 08 months 30 days,7943,1231.0,713,267,251,1.95,2003-07-01,2004-06-30,366,366,1.0,transfermarkt_manager_history_page,https://www.transfermarkt.com/arsenal/mitarbeiterhistorie/verein/11/personalie_id/1/plus/1,2026-04-27T18:42:52.621832+00:00,high,,Premier League,Arsenal,27420000.0,1050000.0,26370000.0,20,22,27420000.0,1050000.0,26370000.0,season_day_overlap_prorated,Transfer totals are season-level club totals prorated by the share of season days the manager was in charge. This is useful for rough attribution but does not isolate actual transfer-window decision ownership.
premier_league,Premier League,arsenal,Arsenal,manager,Manager,2004/05,2004,2005,280,ars_ne_wenger_22-10-1949,Arsène Wenger,22/10/1949,France,1996-10-01,2018-06-30,21 years 08 months 30 days,7943,1231.0,713,267,251,1.95,2004-07-01,2005-06-30,365,365,1.0,transfermarkt_manager_history_page,https://www.transfermarkt.com/arsenal/mitarbeiterhistorie/verein/11/personalie_id/1/plus/1,2026-04-27T18:42:52.621832+00:00,high,,Premier League,Arsenal,12480000.0,3900000.0,8580000.0,21,19,12480000.0,3900000.0,8580000.0,season_day_overlap_prorated,Transfer totals are season-level club totals prorated by the share of season days the manager was in charge. This is useful for rough attribution but does not isolate actual transfer-window decision ownership.
premier_league,Premier League,arsenal,Arsenal,manager,Manager,2005/06,2005,2006,280,ars_ne_wenger_22-10-1949,Arsène Wenger,22/10/1949,France,1996-10-01,2018-06-30,21 years 08 months 30 days,7943,1231.0,713,267,251,1.95,2005-07-01,2006-06-30,365,365,1.0,transfermarkt_manager_history_page,https://www.transfermarkt.com/arsenal/mitarbeiterhistorie/verein/11/personalie_id/1/plus/1,2026-04-27T18:42:52.621832+00:00,high,,Premier League,Arsenal,46000000.0,25000000.0,21000000.0,16,19,46000000.0,25000000.0,21000000.0,season_day_overlap_prorated,Transfer totals are season-level club totals prorated by the share of season days the manager was in charge. This is useful for rough attribution but does not isolate actual transfer-window decision ownership.
premier_league,Premier League,arsenal,Arsenal,manager,Manager,2006/07,2006,2007,280,ars_ne_wenger_22-10-1949,Arsène Wenger,22/10/1949,France,1996-10-01,2018-06-30,21 years 08 months 30 days,7943,1231.0,713,267,251,1.95,2006-07-01,2007-06-30,365,365,1.0,transfermarkt_manager_history_page,https://www.transfermarkt.com/arsenal/mitarbeiterhistorie/verein/11/personalie_id/1/plus/1,2026-04-27T18:42:52.621832+00:00,high,,Premier League,Arsenal,15000000.0,12630000.0,2370000.0,14,16,15000000.0,12630000.0,2370000.0,season_day_overlap_prorated,Transfer totals are season-level club totals prorated by the share of season days the manager was in charge. This is useful for rough attribution but does not isolate actual transfer-window decision ownership.
premier_league,Premier League,arsenal,Arsenal,manager,Manager,2007/08,2007,2008,280,ars_ne_wenger_22-10-1949,Arsène Wenger,22/10/1949,France,1996-10-01,2018-06-30,21 years 08 months 30 days,7943,1231.0,713,267,251,1.95,2007-07-01,2008-06-30,366,366,1.0,transfermarkt_manager_history_page,https://www.transfermarkt.com/arsenal/mitarbeiterhistorie/verein/11/personalie_id/1/plus/1,2026-04-27T18:42:52.621832+00:00,high,,Premier League,Arsenal,30950000.0,56730000.0,-25780000.0,17,18,30950000.0,56730000.0,-25780000.0,season_day_overlap_prorated,Transfer totals are season-level club totals prorated by the share of season days the manager was in charge. This is useful for rough attribution but does not isolate actual transfer-window decision ownership.
premier_league,Premier League,arsenal,Arsenal,manager,Manager,2008/09,2008,2009,280,ars_ne_wenger_22-10-1949,Arsène Wenger,22/10/1949,France,1996-10-01,2018-06-30,21 years 08 months 30 days,7943,1231.0,713,267,251,1.95,2008-07-01,2009-06-30,365,365,1.0,transfermarkt_manager_history_page,https://www.transfermarkt.com/arsenal/mitarbeiterhistorie/verein/11/personalie_id/1/plus/1,2026-04-27T18:42:52.621832+00:00,high,,Premier League,Arsenal,40150000.0,25800000.0,14350000.0,15,11,40150000.0,25800000.0,14350000.0,season_day_overlap_prorated,Transfer totals are season-level club totals prorated by the share of season days the manager was in charge. This is useful for rough attribution but does not isolate actual transfer-window decision ownership.
premier_league,Premier League,arsenal,Arsenal,manager,Manager,2009/10,2009,2010,280,ars_ne_wenger_22-10-1949,Arsène Wenger,22/10/1949,France,1996-10-01,2018-06-30,21 years 08 months 30 days,7943,1231.0,713,267,251,1.95,2009-07-01,2010-06-30,365,365,1.0,transfermarkt_manager_history_page,https://www.transfermarkt.com/arsenal/mitarbeiterhistorie/verein/11/personalie_id/1/plus/1,2026-04-27T18:42:52.621832+00:00,high,,Premier League,Arsenal,12000000.0,47700000.0,-35700000.0,13,13,12000000.0,47700000.0,-35700000.0,season_day_overlap_prorated,Transfer totals are season-level club totals prorated by the share of season days the manager was in charge. This is useful for rough attribution but does not isolate actual transfer-window decision ownership.
premier_league,Premier League,arsenal,Arsenal,manager,Manager,2010/11,2010,2011,280,ars_ne_wenger_22-10-1949,Arsène Wenger,22/10/1949,France,1996-10-01,2018-06-30,21 years 08 months 30 days,7943,1231.0,713,267,251,1.95,2010-07-01,2011-06-30,365,365,1.0,transfermarkt_manager_history_page,https://www.transfermarkt.com/arsenal/mitarbeiterhistorie/verein/11/personalie_id/1/plus/1,2026-04-27T18:42:52.621832+00:00,high,,Premier League,Arsenal,23000000.0,8100000.0,14900000.0,18,22,23000000.0,8100000.0,14900000.0,season_day_overlap_prorated,Transfer totals are season-level club totals prorated by the share of season days the manager was in charge. This is useful for rough attribution but does not isolate actual transfer-window decision ownership.
premier_league,Premier League,arsenal,Arsenal,manager,Manager,2011/12,2011,2012,280,ars_ne_wenger_22-10-1949,Arsène Wenger,22/10/1949,France,1996-10-01,2018-06-30,21 years 08 months 30 days,7943,1231.0,713,267,251,1.95,2011-07-01,2012-06-30,366,366,1.0,transfermarkt_manager_history_page,https://www.transfermarkt.com/arsenal/mitarbeiterhistorie/verein/11/personalie_id/1/plus/1,2026-04-27T18:42:52.621832+00:00,high,,Premier League,Arsenal,65480000.00000001,78290000.0,-12809999.999999993,33,26,65480000.00000001,78290000.0,-12809999.999999993,season_day_overlap_prorated,Transfer totals are season-level club totals prorated by the share of season days the manager was in charge. This is useful for rough attribution but does not isolate actual transfer-window decision ownership.
premier_league,Premier League,arsenal,Arsenal,manager,Manager,2012/13,2012,2013,280,ars_ne_wenger_22-10-1949,Arsène Wenger,22/10/1949,France,1996-10-01,2018-06-30,21 years 08 months 30 days,7943,1231.0,713,267,251,1.95,2012-07-01,2013-06-30,365,365,1.0,transfermarkt_manager_history_page,https://www.transfermarkt.com/arsenal/mitarbeiterhistorie/verein/11/personalie_id/1/plus/1,2026-04-27T18:42:52.621832+00:00,high,,Premier League,Arsenal,56000000.0,65849999.99999999,-9849999.999999993,16,18,56000000.0,65849999.99999999,-9849999.999999993,season_day_overlap_prorated,Transfer totals are season-level club totals prorated by the share of season days the manager was in charge. This is useful for rough attribution but does not isolate actual transfer-window decision ownership.
premier_league,Premier League,arsenal,Arsenal,manager,Manager,2013/14,2013,2014,280,ars_ne_wenger_22-10-1949,Arsène Wenger,22/10/1949,France,1996-10-01,2018-06-30,21 years 08 months 30 days,7943,1231.0,713,267,251,1.95,2013-07-01,2014-06-30,365,365,1.0,transfermarkt_manager_history_page,https://www.transfermarkt.com/arsenal/mitarbeiterhistorie/verein/11/personalie_id/1/plus/1,2026-04-27T18:42:52.621832+00:00,high,,Premier League,Arsenal,49250000.0,12150000.0,37100000.0,21,22,49250000.0,12150000.0,37100000.0,season_day_overlap_prorated,Transfer totals are season-level club totals prorated by the share of season days the manager was in charge. This is useful for rough attribution but does not isolate actual transfer-window decision ownership.
premier_league,Premier League,arsenal,Arsenal,manager,Manager,2014/15,2014,2015,280,ars_ne_wenger_22-10-1949,Arsène Wenger,22/10/1949,France,1996-10-01,2018-06-30,21 years 08 months 30 days,7943,1231.0,713,267,251,1.95,2014-07-01,2015-06-30,365,365,1.0,transfermarkt_manager_history_page,https://www.transfermarkt.com/arsenal/mitarbeiterhistorie/verein/11/personalie_id/1/plus/1,2026-04-27T18:42:52.621832+00:00,high,,Premier League,Arsenal,118980000.0,27800000.0,91180000.0,18,22,118980000.0,27800000.0,91180000.0,season_day_overlap_prorated,Transfer totals are season-level club totals prorated by the share of season days the manager was in charge. This is useful for rough attribution but does not isolate actual transfer-window decision ownership.
premier_league,Premier League,arsenal,Arsenal,manager,Manager,2015/16,2015,2016,280,ars_ne_wenger_22-10-1949,Arsène Wenger,22/10/1949,France,1996-10-01,2018-06-30,21 years 08 months 30 days,7943,1231.0,713,267,251,1.95,2015-07-01,2016-06-30,366,366,1.0,transfermarkt_manager_history_page,https://www.transfermarkt.com/arsenal/mitarbeiterhistorie/verein/11/personalie_id/1/plus/1,2026-04-27T18:42:52.621832+00:00,high,,Premier League,Arsenal,26500000.0,2500000.0,24000000.0,15,12,26500000.0,2500000.0,24000000.0,season_day_overlap_prorated,Transfer totals are season-level club totals prorated by the share of season days the manager was in charge. This is useful for rough attribution but does not isolate actual transfer-window decision ownership.
premier_league,Premier League,arsenal,Arsenal,manager,Manager,2016/17,2016,2017,280,ars_ne_wenger_22-10-1949,Arsène Wenger,22/10/1949,France,1996-10-01,2018-06-30,21 years 08 months 30 days,7943,1231.0,713,267,251,1.95,2016-07-01,2017-06-30,365,365,1.0,transfermarkt_manager_history_page,https://www.transfermarkt.com/arsenal/mitarbeiterhistorie/verein/11/personalie_id/1/plus/1,2026-04-27T18:42:52.621832+00:00,high,,Premier League,Arsenal,113000000.0,10350000.0,102650000.0,11,12,113000000.0,10350000.0,102650000.0,season_day_overlap_prorated,Transfer totals are season-level club totals prorated by the share of season days the manager was in charge. This is useful for rough attribution but does not isolate actual transfer-window decision ownership.
premier_league,Premier League,arsenal,Arsenal,manager,Manager,2017/18,2017,2018,280,ars_ne_wenger_22-10-1949,Arsène Wenger,22/10/1949,France,1996-10-01,2018-06-30,21 years 08 months 30 days,7943,1231.0,713,267,251,1.95,2017-07-01,2018-06-30,365,365,1.0,transfermarkt_manager_history_page,https://www.transfermarkt.com/arsenal/mitarbeiterhistorie/verein/11/personalie_id/1/plus/1,2026-04-27T18:42:52.621832+00:00,high,,Premier League,Arsenal,152850000.0,162400000.0,-9550000.0,10,16,152850000.0,162400000.0,-9550000.0,season_day_overlap_prorated,Transfer totals are season-level club totals prorated by the share of season days the manager was in charge. This is useful for rough attribution but does not isolate actual transfer-window decision ownership.
premier_league,Premier League,arsenal,Arsenal,manager,Manager,2018/19,2018,2019,5075,unai_emery_03-11-1971,Unai Emery,03/11/1971,Spain,2018-07-01,2019-11-29,01 year 04 months 29 days,517,78.0,43,15,20,1.85,2018-07-01,2019-06-30,365,365,1.0,transfermarkt_manager_history_page,https://www.transfermarkt.com/arsenal/mitarbeiterhistorie/verein/11/personalie_id/1/plus/1,2026-04-27T18:42:52.621832+00:00,high,,Premier League,Arsenal,80150000.0,9100000.0,71050000.0,17,12,80150000.0,9100000.0,71050000.0,season_day_overlap_prorated,Transfer totals are season-level club totals prorated by the share of season days the manager was in charge. This is useful for rough attribution but does not isolate actual transfer-window decision ownership.
premier_league,Premier League,arsenal,Arsenal,manager,Manager,2019/20,2019,2020,5075,unai_emery_03-11-1971,Unai Emery,03/11/1971,Spain,2018-07-01,2019-11-29,01 year 04 months 29 days,517,78.0,43,15,20,1.85,2019-07-01,2019-11-29,152,366,0.4153005464480874,transfermarkt_manager_history_page,https://www.transfermarkt.com/arsenal/mitarbeiterhistorie/verein/11/personalie_id/1/plus/1,2026-04-27T18:42:52.621832+00:00,high,,Premier League,Arsenal,160800000.0,53650000.0,107150000.0,16,19,66780327.86885245,22280874.31693989,44499453.55191256,season_day_overlap_prorated,Transfer totals are season-level club totals prorated by the share of season days the manager was in charge. This is useful for rough attribution but does not isolate actual transfer-window decision ownership.
premier_league,Premier League,arsenal,Arsenal,manager,Manager,2019/20,2019,2020,47620,mikel_arteta_26-03-1982,Mikel Arteta,26/03/1982,Spain,2019-12-22,,06 years 04 months 05 days,2319,345.0,212,59,74,2.01,2019-12-22,2020-06-30,192,366,0.5245901639344263,transfermarkt_manager_history_page,https://www.transfermarkt.com/arsenal/mitarbeiterhistorie/verein/11/personalie_id/1/plus/1,2026-04-27T18:42:52.621832+00:00,high,Manager spell appears ongoing on the collection date. Ongoing manager spell; overlap calculated through the collection date or season end.,Premier League,Arsenal,160800000.0,53650000.0,107150000.0,16,19,84354098.36065574,28144262.29508197,56209836.065573774,season_day_overlap_prorated,Transfer totals are season-level club totals prorated by the share of season days the manager was in charge. This is useful for rough attribution but does not isolate actual transfer-window decision ownership.
premier_league,Premier League,arsenal,Arsenal,manager,Manager,2020/21,2020,2021,47620,mikel_arteta_26-03-1982,Mikel Arteta,26/03/1982,Spain,2019-12-22,,06 years 04 months 05 days,2319,345.0,212,59,74,2.01,2020-07-01,2021-06-30,365,365,1.0,transfermarkt_manager_history_page,https://www.transfermarkt.com/arsenal/mitarbeiterhistorie/verein/11/personalie_id/1/plus/1,2026-04-27T18:42:52.621832+00:00,high,Manager spell appears ongoing on the collection date. Ongoing manager spell; overlap calculated through the collection date or season end.,Premier League,Arsenal,86000000.0,19150000.0,66850000.0,16,16,86000000.0,19150000.0,66850000.0,season_day_overlap_prorated,Transfer totals are season-level club totals prorated by the share of season days the manager was in charge. This is useful for rough attribution but does not isolate actual transfer-window decision ownership.
premier_league,Premier League,arsenal,Arsenal,manager,Manager,2021/22,2021,2022,47620,mikel_arteta_26-03-1982,Mikel Arteta,26/03/1982,Spain,2019-12-22,,06 years 04 months 05 days,2319,345.0,212,59,74,2.01,2021-07-01,2022-06-30,365,365,1.0,transfermarkt_manager_history_page,https://www.transfermarkt.com/arsenal/mitarbeiterhistorie/verein/11/personalie_id/1/plus/1,2026-04-27T18:42:52.621832+00:00,high,Manager spell appears ongoing on the collection date. Ongoing manager spell; overlap calculated through the collection date or season end.,Premier League,Arsenal,167400000.0,31400000.0,136000000.0,13,20,167400000.0,31400000.0,136000000.0,season_day_overlap_prorated,Transfer totals are season-level club totals prorated by the share of season days the manager was in charge. This is useful for rough attribution but does not isolate actual transfer-window decision ownership.
premier_league,Premier League,arsenal,Arsenal,manager,Manager,2022/23,2022,2023,47620,mikel_arteta_26-03-1982,Mikel Arteta,26/03/1982,Spain,2019-12-22,,06 years 04 months 05 days,2319,345.0,212,59,74,2.01,2022-07-01,2023-06-30,365,365,1.0,transfermarkt_manager_history_page,https://www.transfermarkt.com/arsenal/mitarbeiterhistorie/verein/11/personalie_id/1/plus/1,2026-04-27T18:42:52.621832+00:00,high,Manager spell appears ongoing on the collection date. Ongoing manager spell; overlap calculated through the collection date or season end.,Premier League,Arsenal,186400000.0,23800000.0,162600000.0,25,18,186400000.0,23800000.0,162600000.0,season_day_overlap_prorated,Transfer totals are season-level club totals prorated by the share of season days the manager was in charge. This is useful for rough attribution but does not isolate actual transfer-window decision ownership.
premier_league,Premier League,arsenal,Arsenal,manager,Manager,2023/24,2023,2024,47620,mikel_arteta_26-03-1982,Mikel Arteta,26/03/1982,Spain,2019-12-22,,06 years 04 months 05 days,2319,345.0,212,59,74,2.01,2023-07-01,2024-06-30,366,366,1.0,transfermarkt_manager_history_page,https://www.transfermarkt.com/arsenal/mitarbeiterhistorie/verein/11/personalie_id/1/plus/1,2026-04-27T18:42:52.621832+00:00,high,Manager spell appears ongoing on the collection date. Ongoing manager spell; overlap calculated through the collection date or season end.,Premier League,Arsenal,235100000.0,69200000.0,165900000.0,15,16,235100000.0,69200000.0,165900000.0,season_day_overlap_prorated,Transfer totals are season-level club totals prorated by the share of season days the manager was in charge. This is useful for rough attribution but does not isolate actual transfer-window decision ownership.
premier_league,Premier League,arsenal,Arsenal,manager,Manager,2024/25,2024,2025,47620,mikel_arteta_26-03-1982,Mikel Arteta,26/03/1982,Spain,2019-12-22,,06 years 04 months 05 days,2319,345.0,212,59,74,2.01,2024-07-01,2025-06-30,365,365,1.0,transfermarkt_manager_history_page,https://www.transfermarkt.com/arsenal/mitarbeiterhistorie/verein/11/personalie_id/1/plus/1,2026-04-27T18:42:52.621832+00:00,high,Manager spell appears ongoing on the collection date. Ongoing manager spell; overlap calculated through the collection date or season end.,Premier League,Arsenal,107600000.0,83790000.0,23810000.0,10,13,107600000.0,83790000.0,23810000.0,season_day_overlap_prorated,Transfer totals are season-level club totals prorated by the share of season days the manager was in charge. This is useful for rough attribution but does not isolate actual transfer-window decision ownership.
premier_league,Premier League,arsenal,Arsenal,manager,Manager,2025/26,2025,2026,47620,mikel_arteta_26-03-1982,Mikel Arteta,26/03/1982,Spain,2019-12-22,,06 years 04 months 05 days,2319,345.0,212,59,74,2.01,2025-07-01,2026-04-27,301,365,0.8246575342465754,transfermarkt_manager_history_page,https://www.transfermarkt.com/arsenal/mitarbeiterhistorie/verein/11/personalie_id/1/plus/1,2026-04-27T18:42:52.621832+00:00,high,Manager spell appears ongoing on the collection date. Ongoing manager spell; overlap calculated through the collection date or season end.,Premier League,Arsenal,294600000.0,13880000.0,280720000.0,17,16,242944109.5890411,11446246.575342467,231497863.01369864,season_day_overlap_prorated,Transfer totals are season-level club totals prorated by the share of season days the manager was in charge. This is useful for rough attribution but does not isolate actual transfer-window decision ownership.
premier_league,Premier League,chelsea,Chelsea,manager,Manager,1990/91,1990,1991,23631,bobby_campbell_23-04-1937,Bobby Campbell,23/04/1937,England,1988-03-06,1991-05-12,03 years 02 months 06 days,1163,150.0,65,46,39,1.61,1990-07-01,1991-05-12,316,365,0.8657534246575342,transfermarkt_manager_history_page,https://www.transfermarkt.com/chelsea/mitarbeiterhistorie/verein/631/personalie_id/1/plus/1,2026-04-27T18:42:58.504177+00:00,high,,Premier League,Chelsea,4320000.0,510000.0,3810000.0,7,6,3740054.794520548,441534.2465753425,3298520.5479452056,season_day_overlap_prorated,Transfer totals are season-level club totals prorated by the share of season days the manager was in charge. This is useful for rough attribution but does not isolate actual transfer-window decision ownership.
premier_league,Premier League,chelsea,Chelsea,manager,Manager,1991/92,1991,1992,3694,ian_porterfield_11-02-1946,Ian Porterfield,11/02/1946,Scotland,1991-07-01,1993-02-15,01 year 07 months 15 days,596,85.0,29,27,29,1.34,1991-07-01,1992-06-30,366,366,1.0,transfermarkt_manager_history_page,https://www.transfermarkt.com/chelsea/mitarbeiterhistorie/verein/631/personalie_id/1/plus/1,2026-04-27T18:42:58.504177+00:00,high,,Premier League,Chelsea,4240000.0,5240000.0,-1000000.0,13,15,4240000.0,5240000.0,-1000000.0,season_day_overlap_prorated,Transfer totals are season-level club totals prorated by the share of season days the manager was in charge. This is useful for rough attribution but does not isolate actual transfer-window decision ownership.
premier_league,Premier League,chelsea,Chelsea,manager,Manager,1992/93,1992,1993,3694,ian_porterfield_11-02-1946,Ian Porterfield,11/02/1946,Scotland,1991-07-01,1993-02-15,01 year 07 months 15 days,596,85.0,29,27,29,1.34,1992-07-01,1993-02-15,230,365,0.6301369863013698,transfermarkt_manager_history_page,https://www.transfermarkt.com/chelsea/mitarbeiterhistorie/verein/631/personalie_id/1/plus/1,2026-04-27T18:42:58.504177+00:00,high,,Premier League,Chelsea,3020000.0,5790000.0,-2770000.0,20,15,1903013.698630137,3648493.1506849313,-1745479.4520547944,season_day_overlap_prorated,Transfer totals are season-level club totals prorated by the share of season days the manager was in charge. This is useful for rough attribution but does not isolate actual transfer-window decision ownership.
premier_league,Premier League,chelsea,Chelsea,manager,Manager,1992/93,1992,1993,6119,david_webb_09-04-1946,David Webb,09/04/1946,England,1993-02-16,1993-06-30,04 months 14 days,135,13.0,5,4,4,1.46,1993-02-16,1993-06-30,135,365,0.3698630136986301,transfermarkt_manager_history_page,https://www.transfermarkt.com/chelsea/mitarbeiterhistorie/verein/631/personalie_id/1/plus/1,2026-04-27T18:42:58.504177+00:00,high,,Premier League,Chelsea,3020000.0,5790000.0,-2770000.0,20,15,1116986.3013698629,2141506.849315068,-1024520.5479452055,season_day_overlap_prorated,Transfer totals are season-level club totals prorated by the share of season days the manager was in charge. This is useful for rough attribution but does not isolate actual transfer-window decision ownership.
premier_league,Premier League,chelsea,Chelsea,manager,Manager,1993/94,1993,1994,459,glenn_hoddle_27-10-1957,Glenn Hoddle,27/10/1957,England,1993-07-01,1996-06-30,02 years 11 months 30 days,1096,157.0,54,52,51,1.36,1993-07-01,1994-06-30,365,365,1.0,transfermarkt_manager_history_page,https://www.transfermarkt.com/chelsea/mitarbeiterhistorie/verein/631/personalie_id/1/plus/1,2026-04-27T18:42:58.504177+00:00,high,,Premier League,Chelsea,4230000.0,5690000.0,-1460000.0,11,12,4230000.0,5690000.0,-1460000.0,season_day_overlap_prorated,Transfer totals are season-level club totals prorated by the share of season days the manager was in charge. This is useful for rough attribution but does not isolate actual transfer-window decision ownership.
premier_league,Premier League,chelsea,Chelsea,manager,Manager,1994/95,1994,1995,459,glenn_hoddle_27-10-1957,Glenn Hoddle,27/10/1957,England,1993-07-01,1996-06-30,02 years 11 months 30 days,1096,157.0,54,52,51,1.36,1994-07-01,1995-06-30,365,365,1.0,transfermarkt_manager_history_page,https://www.transfermarkt.com/chelsea/mitarbeiterhistorie/verein/631/personalie_id/1/plus/1,2026-04-27T18:42:58.504177+00:00,high,,Premier League,Chelsea,6550000.0,1750000.0,4800000.0,12,11,6550000.0,1750000.0,4800000.0,season_day_overlap_prorated,Transfer totals are season-level club totals prorated by the share of season days the manager was in charge. This is useful for rough attribution but does not isolate actual transfer-window decision ownership.
premier_league,Premier League,chelsea,Chelsea,manager,Manager,1995/96,1995,1996,459,glenn_hoddle_27-10-1957,Glenn Hoddle,27/10/1957,England,1993-07-01,1996-06-30,02 years 11 months 30 days,1096,157.0,54,52,51,1.36,1995-07-01,1996-06-30,366,366,1.0,transfermarkt_manager_history_page,https://www.transfermarkt.com/chelsea/mitarbeiterhistorie/verein/631/personalie_id/1/plus/1,2026-04-27T18:42:58.504177+00:00,high,,Premier League,Chelsea,6500000.0,2990000.0,3510000.0,16,13,6500000.0,2990000.0,3510000.0,season_day_overlap_prorated,Transfer totals are season-level club totals prorated by the share of season days the manager was in charge. This is useful for rough attribution but does not isolate actual transfer-window decision ownership.
premier_league,Premier League,chelsea,Chelsea,manager,Manager,1997/98,1997,1998,2640,gianluca_vialli_09-07-1964,Gianluca Vialli,09/07/1964,Italy,1998-02-13,2000-09-12,02 years 06 months 30 days,943,135.0,72,38,25,1.88,1998-02-13,1998-06-30,138,365,0.3780821917808219,transfermarkt_manager_history_page,https://www.transfermarkt.com/chelsea/mitarbeiterhistorie/verein/631/personalie_id/1/plus/1,2026-04-27T18:42:58.504177+00:00,high,,Premier League,Chelsea,9650000.0,350000.0,9300000.0,12,11,3648493.1506849313,132328.76712328766,3516164.383561644,season_day_overlap_prorated,Transfer totals are season-level club totals prorated by the share of season days the manager was in charge. This is useful for rough attribution but does not isolate actual transfer-window decision ownership.
premier_league,Premier League,chelsea,Chelsea,manager,Manager,1998/99,1998,1999,2640,gianluca_vialli_09-07-1964,Gianluca Vialli,09/07/1964,Italy,1998-02-13,2000-09-12,02 years 06 months 30 days,943,135.0,72,38,25,1.88,1998-07-01,1999-06-30,365,365,1.0,transfermarkt_manager_history_page,https://www.transfermarkt.com/chelsea/mitarbeiterhistorie/verein/631/personalie_id/1/plus/1,2026-04-27T18:42:58.504177+00:00,high,,Premier League,Chelsea,19300000.0,8050000.000000001,11250000.0,15,15,19300000.0,8050000.000000001,11250000.0,season_day_overlap_prorated,Transfer totals are season-level club totals prorated by the share of season days the manager was in charge. This is useful for rough attribution but does not isolate actual transfer-window decision ownership.
premier_league,Premier League,chelsea,Chelsea,manager,Manager,1999/00,1999,2000,2640,gianluca_vialli_09-07-1964,Gianluca Vialli,09/07/1964,Italy,1998-02-13,2000-09-12,02 years 06 months 30 days,943,135.0,72,38,25,1.88,1999-07-01,2000-06-30,366,366,1.0,transfermarkt_manager_history_page,https://www.transfermarkt.com/chelsea/mitarbeiterhistorie/verein/631/personalie_id/1/plus/1,2026-04-27T18:42:58.504177+00:00,high,,Premier League,Chelsea,26360000.0,7730000.0,18630000.0,21,18,26360000.0,7730000.0,18630000.0,season_day_overlap_prorated,Transfer totals are season-level club totals prorated by the share of season days the manager was in charge. This is useful for rough attribution but does not isolate actual transfer-window decision ownership.
premier_league,Premier League,chelsea,Chelsea,manager,Manager,2000/01,2000,2001,2640,gianluca_vialli_09-07-1964,Gianluca Vialli,09/07/1964,Italy,1998-02-13,2000-09-12,02 years 06 months 30 days,943,135.0,72,38,25,1.88,2000-07-01,2000-09-12,74,365,0.2027397260273972,transfermarkt_manager_history_page,https://www.transfermarkt.com/chelsea/mitarbeiterhistorie/verein/631/personalie_id/1/plus/1,2026-04-27T18:42:58.504177+00:00,high,,Premier League,Chelsea,52390000.0,37870000.0,14520000.0,24,21,10621534.246575339,7677753.424657532,2943780.821917807,season_day_overlap_prorated,Transfer totals are season-level club totals prorated by the share of season days the manager was in charge. This is useful for rough attribution but does not isolate actual transfer-window decision ownership.
premier_league,Premier League,chelsea,Chelsea,manager,Manager,2000/01,2000,2001,456,claudio_ranieri_20-10-1951,Claudio Ranieri,20/10/1951,Italy,2000-09-18,2004-06-30,03 years 09 months 12 days,1382,199.0,107,46,46,1.84,2000-09-18,2001-06-30,286,365,0.7835616438356164,transfermarkt_manager_history_page,https://www.transfermarkt.com/chelsea/mitarbeiterhistorie/verein/631/personalie_id/1/plus/1,2026-04-27T18:42:58.504177+00:00,high,,Premier League,Chelsea,52390000.0,37870000.0,14520000.0,24,21,41050794.52054795,29673479.452054795,11377315.06849315,season_day_overlap_prorated,Transfer totals are season-level club totals prorated by the share of season days the manager was in charge. This is useful for rough attribution but does not isolate actual transfer-window decision ownership.
premier_league,Premier League,chelsea,Chelsea,manager,Manager,2001/02,2001,2002,456,claudio_ranieri_20-10-1951,Claudio Ranieri,20/10/1951,Italy,2000-09-18,2004-06-30,03 years 09 months 12 days,1382,199.0,107,46,46,1.84,2001-07-01,2002-06-30,365,365,1.0,transfermarkt_manager_history_page,https://www.transfermarkt.com/chelsea/mitarbeiterhistorie/verein/631/personalie_id/1/plus/1,2026-04-27T18:42:58.504177+00:00,high,,Premier League,Chelsea,49700000.0,14320000.0,35380000.0,11,15,49700000.0,14320000.0,35380000.0,season_day_overlap_prorated,Transfer totals are season-level club totals prorated by the share of season days the manager was in charge. This is useful for rough attribution but does not isolate actual transfer-window decision ownership.
premier_league,Premier League,chelsea,Chelsea,manager,Manager,2002/03,2002,2003,456,claudio_ranieri_20-10-1951,Claudio Ranieri,20/10/1951,Italy,2000-09-18,2004-06-30,03 years 09 months 12 days,1382,199.0,107,46,46,1.84,2002-07-01,2003-06-30,365,365,1.0,transfermarkt_manager_history_page,https://www.transfermarkt.com/chelsea/mitarbeiterhistorie/verein/631/personalie_id/1/plus/1,2026-04-27T18:42:58.504177+00:00,high,,Premier League,Chelsea,0.0,2100000.0,-2100000.0,12,10,0.0,2100000.0,-2100000.0,season_day_overlap_prorated,Transfer totals are season-level club totals prorated by the share of season days the manager was in charge. This is useful for rough attribution but does not isolate actual transfer-window decision ownership.
premier_league,Premier League,chelsea,Chelsea,manager,Manager,2003/04,2003,2004,456,claudio_ranieri_20-10-1951,Claudio Ranieri,20/10/1951,Italy,2000-09-18,2004-06-30,03 years 09 months 12 days,1382,199.0,107,46,46,1.84,2003-07-01,2004-06-30,366,366,1.0,transfermarkt_manager_history_page,https://www.transfermarkt.com/chelsea/mitarbeiterhistorie/verein/631/personalie_id/1/plus/1,2026-04-27T18:42:58.504177+00:00,high,,Premier League,Chelsea,173700000.0,1530000.0,172170000.0,22,23,173700000.0,1530000.0,172170000.0,season_day_overlap_prorated,Transfer totals are season-level club totals prorated by the share of season days the manager was in charge. This is useful for rough attribution but does not isolate actual transfer-window decision ownership.
premier_league,Premier League,chelsea,Chelsea,manager,Manager,2004/05,2004,2005,781,jos_mourinho_26-01-1963,José Mourinho,26/01/1963,Portugal,2004-07-01,2007-09-20,03 years 02 months 20 days,1177,185.0,124,38,23,2.22,2004-07-01,2005-06-30,365,365,1.0,transfermarkt_manager_history_page,https://www.transfermarkt.com/chelsea/mitarbeiterhistorie/verein/631/personalie_id/1/plus/1,2026-04-27T18:42:58.504177+00:00,high,,Premier League,Chelsea,162400000.0,3300000.0,159100000.0,21,25,162400000.0,3300000.0,159100000.0,season_day_overlap_prorated,Transfer totals are season-level club totals prorated by the share of season days the manager was in charge. This is useful for rough attribution but does not isolate actual transfer-window decision ownership.
premier_league,Premier League,chelsea,Chelsea,manager,Manager,2005/06,2005,2006,781,jos_mourinho_26-01-1963,José Mourinho,26/01/1963,Portugal,2004-07-01,2007-09-20,03 years 02 months 20 days,1177,185.0,124,38,23,2.22,2005-07-01,2006-06-30,365,365,1.0,transfermarkt_manager_history_page,https://www.transfermarkt.com/chelsea/mitarbeiterhistorie/verein/631/personalie_id/1/plus/1,2026-04-27T18:42:58.504177+00:00,high,,Premier League,Chelsea,91500000.0,34600000.0,56900000.0,15,18,91500000.0,34600000.0,56900000.0,season_day_overlap_prorated,Transfer totals are season-level club totals prorated by the share of season days the manager was in charge. This is useful for rough attribution but does not isolate actual transfer-window decision ownership.
premier_league,Premier League,chelsea,Chelsea,manager,Manager,2006/07,2006,2007,781,jos_mourinho_26-01-1963,José Mourinho,26/01/1963,Portugal,2004-07-01,2007-09-20,03 years 02 months 20 days,1177,185.0,124,38,23,2.22,2006-07-01,2007-06-30,365,365,1.0,transfermarkt_manager_history_page,https://www.transfermarkt.com/chelsea/mitarbeiterhistorie/verein/631/personalie_id/1/plus/1,2026-04-27T18:42:58.504177+00:00,high,,Premier League,Chelsea,88980000.0,52600000.0,36380000.0,18,17,88980000.0,52600000.0,36380000.0,season_day_overlap_prorated,Transfer totals are season-level club totals prorated by the share of season days the manager was in charge. This is useful for rough attribution but does not isolate actual transfer-window decision ownership.
premier_league,Premier League,chelsea,Chelsea,manager,Manager,2007/08,2007,2008,781,jos_mourinho_26-01-1963,José Mourinho,26/01/1963,Portugal,2004-07-01,2007-09-20,03 years 02 months 20 days,1177,185.0,124,38,23,2.22,2007-07-01,2007-09-20,82,366,0.2240437158469945,transfermarkt_manager_history_page,https://www.transfermarkt.com/chelsea/mitarbeiterhistorie/verein/631/personalie_id/1/plus/1,2026-04-27T18:42:58.504177+00:00,high,,Premier League,Chelsea,59000000.0,43650000.0,15350000.0,20,16,13218579.234972676,9779508.19672131,3439071.0382513655,season_day_overlap_prorated,Transfer totals are season-level club totals prorated by the share of season days the manager was in charge. This is useful for rough attribution but does not isolate actual transfer-window decision ownership.
premier_league,Premier League,chelsea,Chelsea,manager,Manager,2007/08,2007,2008,5232,avram_grant_06-02-1955,Avram Grant,06/02/1955,Israel | Poland,2007-09-20,2008-05-24,08 months 04 days,248,54.0,36,12,6,2.22,2007-09-20,2008-05-24,248,366,0.6775956284153005,transfermarkt_manager_history_page,https://www.transfermarkt.com/chelsea/mitarbeiterhistorie/verein/631/personalie_id/1/plus/1,2026-04-27T18:42:58.504177+00:00,high,,Premier League,Chelsea,59000000.0,43650000.0,15350000.0,20,16,39978142.07650273,29577049.180327866,10401092.896174863,season_day_overlap_prorated,Transfer totals are season-level club totals prorated by the share of season days the manager was in charge. This is useful for rough attribution but does not isolate actual transfer-window decision ownership.
premier_league,Premier League,chelsea,Chelsea,manager,Manager,2008/09,2008,2009,1068,luiz_felipe_scolari_09-11-1948,Luiz Felipe Scolari,09/11/1948,Brazil | Italy,2008-07-01,2009-02-09,07 months 09 days,224,36.0,20,10,6,1.94,2008-07-01,2009-02-09,224,365,0.6136986301369863,transfermarkt_manager_history_page,https://www.transfermarkt.com/chelsea/mitarbeiterhistorie/verein/631/personalie_id/1/plus/1,2026-04-27T18:42:58.504177+00:00,high,,Premier League,Chelsea,30500000.0,44550000.0,-14050000.0,16,17,18717808.219178084,27340273.97260274,-8622465.753424658,season_day_overlap_prorated,Transfer totals are season-level club totals prorated by the share of season days the manager was in charge. This is useful for rough attribution but does not isolate actual transfer-window decision ownership.
premier_league,Premier League,chelsea,Chelsea,manager,Manager,2008/09,2008,2009,506,guus_hiddink_08-11-1946,Guus Hiddink,08/11/1946,Netherlands,2009-02-11,2009-06-30,04 months 19 days,140,22.0,16,5,1,2.41,2009-02-11,2009-06-30,140,365,0.3835616438356164,transfermarkt_manager_history_page,https://www.transfermarkt.com/chelsea/mitarbeiterhistorie/verein/631/personalie_id/1/plus/1,2026-04-27T18:42:58.504177+00:00,high,,Premier League,Chelsea,30500000.0,44550000.0,-14050000.0,16,17,11698630.1369863,17087671.23287671,-5389041.09589041,season_day_overlap_prorated,Transfer totals are season-level club totals prorated by the share of season days the manager was in charge. This is useful for rough attribution but does not isolate actual transfer-window decision ownership.
premier_league,Premier League,chelsea,Chelsea,manager,Manager,2009/10,2009,2010,523,carlo_ancelotti_10-06-1959,Carlo Ancelotti,10/06/1959,Italy,2009-07-01,2011-06-30,01 year 11 months 30 days,730,109.0,68,17,24,2.03,2009-07-01,2010-06-30,365,365,1.0,transfermarkt_manager_history_page,https://www.transfermarkt.com/chelsea/mitarbeiterhistorie/verein/631/personalie_id/1/plus/1,2026-04-27T18:42:58.504177+00:00,high,,Premier League,Chelsea,30000000.0,3800000.0,26200000.0,15,12,30000000.0,3800000.0,26200000.0,season_day_overlap_prorated,Transfer totals are season-level club totals prorated by the share of season days the manager was in charge. This is useful for rough attribution but does not isolate actual transfer-window decision ownership.
premier_league,Premier League,chelsea,Chelsea,manager,Manager,2010/11,2010,2011,523,carlo_ancelotti_10-06-1959,Carlo Ancelotti,10/06/1959,Italy,2009-07-01,2011-06-30,01 year 11 months 30 days,730,109.0,68,17,24,2.03,2010-07-01,2011-06-30,365,365,1.0,transfermarkt_manager_history_page,https://www.transfermarkt.com/chelsea/mitarbeiterhistorie/verein/631/personalie_id/1/plus/1,2026-04-27T18:42:58.504177+00:00,high,,Premier League,Chelsea,121500000.0,16500000.0,105000000.0,19,21,121500000.0,16500000.0,105000000.0,season_day_overlap_prorated,Transfer totals are season-level club totals prorated by the share of season days the manager was in charge. This is useful for rough attribution but does not isolate actual transfer-window decision ownership.
premier_league,Premier League,chelsea,Chelsea,manager,Manager,2011/12,2011,2012,1696,andr_villas_boas_17-10-1977,André Villas-Boas,17/10/1977,Portugal,2011-07-01,2012-03-04,08 months 02 days,248,40.0,20,10,10,1.75,2011-07-01,2012-03-04,248,366,0.6775956284153005,transfermarkt_manager_history_page,https://www.transfermarkt.com/chelsea/mitarbeiterhistorie/verein/631/personalie_id/1/plus/1,2026-04-27T18:42:58.504177+00:00,high,,Premier League,Chelsea,96450000.0,31560000.0,64890000.0,22,22,65354098.36065573,21384918.032786883,43969180.32786885,season_day_overlap_prorated,Transfer totals are season-level club totals prorated by the share of season days the manager was in charge. This is useful for rough attribution but does not isolate actual transfer-window decision ownership.
premier_league,Premier League,chelsea,Chelsea,manager,Manager,2012/13,2012,2013,6783,roberto_di_matteo_29-05-1970,Roberto Di Matteo,29/05/1970,Italy | Switzerland,2012-07-01,2012-11-21,04 months 21 days,144,21.0,11,4,6,1.76,2012-07-01,2012-11-21,144,365,0.3945205479452054,transfermarkt_manager_history_page,https://www.transfermarkt.com/chelsea/mitarbeiterhistorie/verein/631/personalie_id/1/plus/1,2026-04-27T18:42:58.504177+00:00,high,,Premier League,Chelsea,109700000.0,25450000.0,84250000.0,29,28,43278904.10958903,10040547.945205478,33238356.164383557,season_day_overlap_prorated,Transfer totals are season-level club totals prorated by the share of season days the manager was in charge. This is useful for rough attribution but does not isolate actual transfer-window decision ownership.
premier_league,Premier League,chelsea,Chelsea,manager,Manager,2012/13,2012,2013,1522,rafael_ben_tez_16-04-1960,Rafael Benítez,16/04/1960,Spain,2012-11-22,2013-06-30,07 months 08 days,221,48.0,28,10,10,1.96,2012-11-22,2013-06-30,221,365,0.6054794520547945,transfermarkt_manager_history_page,https://www.transfermarkt.com/chelsea/mitarbeiterhistorie/verein/631/personalie_id/1/plus/1,2026-04-27T18:42:58.504177+00:00,high,,Premier League,Chelsea,109700000.0,25450000.0,84250000.0,29,28,66421095.89041095,15409452.05479452,51011643.83561643,season_day_overlap_prorated,Transfer totals are season-level club totals prorated by the share of season days the manager was in charge. This is useful for rough attribution but does not isolate actual transfer-window decision ownership.
premier_league,Premier League,chelsea,Chelsea,manager,Manager,2013/14,2013,2014,781,jos_mourinho_26-01-1963,José Mourinho,26/01/1963,Portugal,2013-07-01,2015-12-17,02 years 05 months 16 days,900,136.0,80,27,29,1.96,2013-07-01,2014-06-30,365,365,1.0,transfermarkt_manager_history_page,https://www.transfermarkt.com/chelsea/mitarbeiterhistorie/verein/631/personalie_id/1/plus/1,2026-04-27T18:42:58.504177+00:00,high,,Premier League,Chelsea,130350000.0,77930000.0,52420000.0,38,36,130350000.0,77930000.0,52420000.0,season_day_overlap_prorated,Transfer totals are season-level club totals prorated by the share of season days the manager was in charge. This is useful for rough attribution but does not isolate actual transfer-window decision ownership.
premier_league,Premier League,chelsea,Chelsea,manager,Manager,2014/15,2014,2015,781,jos_mourinho_26-01-1963,José Mourinho,26/01/1963,Portugal,2013-07-01,2015-12-17,02 years 05 months 16 days,900,136.0,80,27,29,1.96,2014-07-01,2015-06-30,365,365,1.0,transfermarkt_manager_history_page,https://www.transfermarkt.com/chelsea/mitarbeiterhistorie/verein/631/personalie_id/1/plus/1,2026-04-27T18:42:58.504177+00:00,high,,Premier League,Chelsea,137700000.0,142810000.0,-5110000.0,42,48,137700000.0,142810000.0,-5110000.0,season_day_overlap_prorated,Transfer totals are season-level club totals prorated by the share of season days the manager was in charge. This is useful for rough attribution but does not isolate actual transfer-window decision ownership.
premier_league,Premier League,chelsea,Chelsea,manager,Manager,2015/16,2015,2016,781,jos_mourinho_26-01-1963,José Mourinho,26/01/1963,Portugal,2013-07-01,2015-12-17,02 years 05 months 16 days,900,136.0,80,27,29,1.96,2015-07-01,2015-12-17,170,366,0.4644808743169399,transfermarkt_manager_history_page,https://www.transfermarkt.com/chelsea/mitarbeiterhistorie/verein/631/personalie_id/1/plus/1,2026-04-27T18:42:58.504177+00:00,high,,Premier League,Chelsea,96500000.0,87490000.0,9010000.0,39,37,44822404.3715847,40637431.693989076,4184972.6775956284,season_day_overlap_prorated,Transfer totals are season-level club totals prorated by the share of season days the manager was in charge. This is useful for rough attribution but does not isolate actual transfer-window decision ownership.
premier_league,Premier League,chelsea,Chelsea,manager,Manager,2016/17,2016,2017,3517,antonio_conte_31-07-1969,Antonio Conte,31/07/1969,Italy,2016-07-01,2018-07-13,02 years 12 days,743,106.0,70,15,21,2.12,2016-07-01,2017-06-30,365,365,1.0,transfermarkt_manager_history_page,https://www.transfermarkt.com/chelsea/mitarbeiterhistorie/verein/631/personalie_id/1/plus/1,2026-04-27T18:42:58.504177+00:00,high,,Premier League,Chelsea,132800000.0,108900000.0,23900000.000000015,27,30,132800000.0,108900000.0,23900000.000000015,season_day_overlap_prorated,Transfer totals are season-level club totals prorated by the share of season days the manager was in charge. This is useful for rough attribution but does not isolate actual transfer-window decision ownership.
premier_league,Premier League,chelsea,Chelsea,manager,Manager,2017/18,2017,2018,3517,antonio_conte_31-07-1969,Antonio Conte,31/07/1969,Italy,2016-07-01,2018-07-13,02 years 12 days,743,106.0,70,15,21,2.12,2017-07-01,2018-06-30,365,365,1.0,transfermarkt_manager_history_page,https://www.transfermarkt.com/chelsea/mitarbeiterhistorie/verein/631/personalie_id/1/plus/1,2026-04-27T18:42:58.504177+00:00,high,,Premier League,Chelsea,260500000.0,194600000.0,65900000.0,40,31,260500000.0,194600000.0,65900000.0,season_day_overlap_prorated,Transfer totals are season-level club totals prorated by the share of season days the manager was in charge. This is useful for rough attribution but does not isolate actual transfer-window decision ownership.
premier_league,Premier League,chelsea,Chelsea,manager,Manager,2018/19,2018,2019,3517,antonio_conte_31-07-1969,Antonio Conte,31/07/1969,Italy,2016-07-01,2018-07-13,02 years 12 days,743,106.0,70,15,21,2.12,2018-07-01,2018-07-13,13,365,0.0356164383561643,transfermarkt_manager_history_page,https://www.transfermarkt.com/chelsea/mitarbeiterhistorie/verein/631/personalie_id/1/plus/1,2026-04-27T18:42:58.504177+00:00,high,,Premier League,Chelsea,208800000.0,83250000.0,125550000.0,30,31,7436712.328767106,2965068.493150678,4471643.8356164275,season_day_overlap_prorated,Transfer totals are season-level club totals prorated by the share of season days the manager was in charge. This is useful for rough attribution but does not isolate actual transfer-window decision ownership.
premier_league,Premier League,chelsea,Chelsea,manager,Manager,2018/19,2018,2019,10073,maurizio_sarri_10-01-1959,Maurizio Sarri,10/01/1959,Italy,2018-07-14,2019-06-30,11 months 16 days,352,63.0,40,11,12,2.08,2018-07-14,2019-06-30,352,365,0.9643835616438357,transfermarkt_manager_history_page,https://www.transfermarkt.com/chelsea/mitarbeiterhistorie/verein/631/personalie_id/1/plus/1,2026-04-27T18:42:58.504177+00:00,high,,Premier League,Chelsea,208800000.0,83250000.0,125550000.0,30,31,201363287.67123288,80284931.50684932,121078356.16438356,season_day_overlap_prorated,Transfer totals are season-level club totals prorated by the share of season days the manager was in charge. This is useful for rough attribution but does not isolate actual transfer-window decision ownership.
premier_league,Premier League,chelsea,Chelsea,manager,Manager,2019/20,2019,2020,60805,frank_lampard_20-06-1978,Frank Lampard,20/06/1978,England,2019-07-04,2021-01-25,01 year 06 months 21 days,572,84.0,44,15,25,1.75,2019-07-04,2020-06-30,363,366,0.9918032786885246,transfermarkt_manager_history_page,https://www.transfermarkt.com/chelsea/mitarbeiterhistorie/verein/631/personalie_id/1/plus/1,2026-04-27T18:42:58.504177+00:00,high,,Premier League,Chelsea,45000000.0,165070000.0,-120070000.0,22,29,44631147.54098361,163716967.21311474,-119085819.67213115,season_day_overlap_prorated,Transfer totals are season-level club totals prorated by the share of season days the manager was in charge. This is useful for rough attribution but does not isolate actual transfer-window decision ownership.
premier_league,Premier League,chelsea,Chelsea,manager,Manager,2020/21,2020,2021,60805,frank_lampard_20-06-1978,Frank Lampard,20/06/1978,England,2019-07-04,2021-01-25,01 year 06 months 21 days,572,84.0,44,15,25,1.75,2020-07-01,2021-01-25,209,365,0.5726027397260274,transfermarkt_manager_history_page,https://www.transfermarkt.com/chelsea/mitarbeiterhistorie/verein/631/personalie_id/1/plus/1,2026-04-27T18:42:58.504177+00:00,high,,Premier League,Chelsea,267200000.0,57150000.0,210050000.0,31,26,152999452.05479452,32724246.575342465,120275205.47945204,season_day_overlap_prorated,Transfer totals are season-level club totals prorated by the share of season days the manager was in charge. This is useful for rough attribution but does not isolate actual transfer-window decision ownership.
premier_league,Premier League,chelsea,Chelsea,manager,Manager,2020/21,2020,2021,7471,thomas_tuchel_29-08-1973,Thomas Tuchel,29/08/1973,Germany,2021-01-26,2022-09-07,01 year 07 months 12 days,590,100.0,63,19,18,2.08,2021-01-26,2021-06-30,156,365,0.4273972602739726,transfermarkt_manager_history_page,https://www.transfermarkt.com/chelsea/mitarbeiterhistorie/verein/631/personalie_id/1/plus/1,2026-04-27T18:42:58.504177+00:00,high,,Premier League,Chelsea,267200000.0,57150000.0,210050000.0,31,26,114200547.94520548,24425753.424657535,89774794.52054796,season_day_overlap_prorated,Transfer totals are season-level club totals prorated by the share of season days the manager was in charge. This is useful for rough attribution but does not isolate actual transfer-window decision ownership.
premier_league,Premier League,chelsea,Chelsea,manager,Manager,2021/22,2021,2022,7471,thomas_tuchel_29-08-1973,Thomas Tuchel,29/08/1973,Germany,2021-01-26,2022-09-07,01 year 07 months 12 days,590,100.0,63,19,18,2.08,2021-07-01,2022-06-30,365,365,1.0,transfermarkt_manager_history_page,https://www.transfermarkt.com/chelsea/mitarbeiterhistorie/verein/631/personalie_id/1/plus/1,2026-04-27T18:42:58.504177+00:00,high,,Premier League,Chelsea,118000000.0,157590000.0,-39590000.0,21,23,118000000.0,157590000.0,-39590000.0,season_day_overlap_prorated,Transfer totals are season-level club totals prorated by the share of season days the manager was in charge. This is useful for rough attribution but does not isolate actual transfer-window decision ownership.
premier_league,Premier League,chelsea,Chelsea,manager,Manager,2022/23,2022,2023,7471,thomas_tuchel_29-08-1973,Thomas Tuchel,29/08/1973,Germany,2021-01-26,2022-09-07,01 year 07 months 12 days,590,100.0,63,19,18,2.08,2022-07-01,2022-09-07,69,365,0.1890410958904109,transfermarkt_manager_history_page,https://www.transfermarkt.com/chelsea/mitarbeiterhistorie/verein/631/personalie_id/1/plus/1,2026-04-27T18:42:58.504177+00:00,high,,Premier League,Chelsea,630250000.0,67860000.0,562390000.0,28,25,119143150.68493147,12828328.767123284,106314821.91780819,season_day_overlap_prorated,Transfer totals are season-level club totals prorated by the share of season days the manager was in charge. This is useful for rough attribution but does not isolate actual transfer-window decision ownership.
premier_league,Premier League,chelsea,Chelsea,manager,Manager,2022/23,2022,2023,23954,graham_potter_20-05-1975,Graham Potter,20/05/1975,England,2022-09-08,2023-04-02,06 months 25 days,207,31.0,12,8,11,1.42,2022-09-08,2023-04-02,207,365,0.5671232876712329,transfermarkt_manager_history_page,https://www.transfermarkt.com/chelsea/mitarbeiterhistorie/verein/631/personalie_id/1/plus/1,2026-04-27T18:42:58.504177+00:00,high,,Premier League,Chelsea,630250000.0,67860000.0,562390000.0,28,25,357429452.05479455,38484986.30136986,318944465.75342464,season_day_overlap_prorated,Transfer totals are season-level club totals prorated by the share of season days the manager was in charge. This is useful for rough attribution but does not isolate actual transfer-window decision ownership.
premier_league,Premier League,chelsea,Chelsea,manager,Manager,2023/24,2023,2024,9044,mauricio_pochettino_02-03-1972,Mauricio Pochettino,02/03/1972,Argentina | Spain,2023-07-01,2024-06-30,11 months 30 days,366,51.0,27,10,14,1.78,2023-07-01,2024-06-30,366,366,1.0,transfermarkt_manager_history_page,https://www.transfermarkt.com/chelsea/mitarbeiterhistorie/verein/631/personalie_id/1/plus/1,2026-04-27T18:42:58.504177+00:00,high,,Premier League,Chelsea,448100000.0,282200000.0,165900000.0,29,32,448100000.0,282200000.0,165900000.0,season_day_overlap_prorated,Transfer totals are season-level club totals prorated by the share of season days the manager was in charge. This is useful for rough attribution but does not isolate actual transfer-window decision ownership.
premier_league,Premier League,chelsea,Chelsea,manager,Manager,2024/25,2024,2025,53749,enzo_maresca_10-02-1980,Enzo Maresca,10/02/1980,Italy,2024-07-01,2026-01-01,01 year 06 months 01 day,550,92.0,55,16,21,1.97,2024-07-01,2025-06-30,365,365,1.0,transfermarkt_manager_history_page,https://www.transfermarkt.com/chelsea/mitarbeiterhistorie/verein/631/personalie_id/1/plus/1,2026-04-27T18:42:58.504177+00:00,high,,Premier League,Chelsea,281900000.0,237100000.0,44800000.0,32,31,281900000.0,237100000.0,44800000.0,season_day_overlap_prorated,Transfer totals are season-level club totals prorated by the share of season days the manager was in charge. This is useful for rough attribution but does not isolate actual transfer-window decision ownership.
premier_league,Premier League,chelsea,Chelsea,manager,Manager,2025/26,2025,2026,53749,enzo_maresca_10-02-1980,Enzo Maresca,10/02/1980,Italy,2024-07-01,2026-01-01,01 year 06 months 01 day,550,92.0,55,16,21,1.97,2025-07-01,2026-01-01,185,365,0.5068493150684932,transfermarkt_manager_history_page,https://www.transfermarkt.com/chelsea/mitarbeiterhistorie/verein/631/personalie_id/1/plus/1,2026-04-27T18:42:58.504177+00:00,high,,Premier League,Chelsea,339150000.0,334250000.0,4900000.0,31,31,171897945.20547947,169414383.56164384,2483561.6438356168,season_day_overlap_prorated,Transfer totals are season-level club totals prorated by the share of season days the manager was in charge. This is useful for rough attribution but does not isolate actual transfer-window decision ownership.
premier_league,Premier League,chelsea,Chelsea,manager,Manager,2025/26,2025,2026,62134,liam_rosenior_09-07-1984,Liam Rosenior,09/07/1984,England | Sierra Leone,2026-01-08,2026-04-22,03 months 14 days,105,23.0,11,2,10,1.52,2026-01-08,2026-04-22,105,365,0.2876712328767123,transfermarkt_manager_history_page,https://www.transfermarkt.com/chelsea/mitarbeiterhistorie/verein/631/personalie_id/1/plus/1,2026-04-27T18:42:58.504177+00:00,high,,Premier League,Chelsea,339150000.0,334250000.0,4900000.0,31,31,97563698.63013698,96154109.58904108,1409589.0410958903,season_day_overlap_prorated,Transfer totals are season-level club totals prorated by the share of season days the manager was in charge. This is useful for rough attribution but does not isolate actual transfer-window decision ownership.
premier_league,Premier League,liverpool,Liverpool,manager,Manager,1990/91,1990,1991,449,graeme_souness_06-05-1953,Graeme Souness,06/05/1953,Scotland,1991-04-16,1994-01-28,02 years 09 months 12 days,1019,156.0,65,45,46,1.54,1991-04-16,1991-06-30,76,365,0.2082191780821917,transfermarkt_manager_history_page,https://www.transfermarkt.com/liverpool/mitarbeiterhistorie/verein/31/personalie_id/1/plus/1,2026-04-27T18:43:00.386012+00:00,high,,Premier League,Liverpool,4139999.999999999,320000.0,3819999.999999999,13,10,862027.3972602735,66630.13698630134,795397.2602739721,season_day_overlap_prorated,Transfer totals are season-level club totals prorated by the share of season days the manager was in charge. This is useful for rough attribution but does not isolate actual transfer-window decision ownership.
premier_league,Premier League,liverpool,Liverpool,manager,Manager,1991/92,1991,1992,449,graeme_souness_06-05-1953,Graeme Souness,06/05/1953,Scotland,1991-04-16,1994-01-28,02 years 09 months 12 days,1019,156.0,65,45,46,1.54,1991-07-01,1992-06-30,366,366,1.0,transfermarkt_manager_history_page,https://www.transfermarkt.com/liverpool/mitarbeiterhistorie/verein/31/personalie_id/1/plus/1,2026-04-27T18:43:00.386012+00:00,high,,Premier League,Liverpool,10500000.0,7920000.0,2580000.0,10,9,10500000.0,7920000.0,2580000.0,season_day_overlap_prorated,Transfer totals are season-level club totals prorated by the share of season days the manager was in charge. This is useful for rough attribution but does not isolate actual transfer-window decision ownership.
premier_league,Premier League,liverpool,Liverpool,manager,Manager,1992/93,1992,1993,449,graeme_souness_06-05-1953,Graeme Souness,06/05/1953,Scotland,1991-04-16,1994-01-28,02 years 09 months 12 days,1019,156.0,65,45,46,1.54,1992-07-01,1993-06-30,365,365,1.0,transfermarkt_manager_history_page,https://www.transfermarkt.com/liverpool/mitarbeiterhistorie/verein/31/personalie_id/1/plus/1,2026-04-27T18:43:00.386012+00:00,high,,Premier League,Liverpool,4150000.000000001,5200000.0,-1049999.9999999995,6,7,4150000.000000001,5200000.0,-1049999.9999999995,season_day_overlap_prorated,Transfer totals are season-level club totals prorated by the share of season days the manager was in charge. This is useful for rough attribution but does not isolate actual transfer-window decision ownership.
premier_league,Premier League,liverpool,Liverpool,manager,Manager,1993/94,1993,1994,449,graeme_souness_06-05-1953,Graeme Souness,06/05/1953,Scotland,1991-04-16,1994-01-28,02 years 09 months 12 days,1019,156.0,65,45,46,1.54,1993-07-01,1994-01-28,212,365,0.5808219178082191,transfermarkt_manager_history_page,https://www.transfermarkt.com/liverpool/mitarbeiterhistorie/verein/31/personalie_id/1/plus/1,2026-04-27T18:43:00.386012+00:00,high,,Premier League,Liverpool,8000000.0,928000.0,7072000.0,10,12,4646575.342465753,539002.7397260274,4107572.6027397257,season_day_overlap_prorated,Transfer totals are season-level club totals prorated by the share of season days the manager was in charge. This is useful for rough attribution but does not isolate actual transfer-window decision ownership.
premier_league,Premier League,liverpool,Liverpool,manager,Manager,1993/94,1993,1994,17624,roy_evans_04-10-1948,Roy Evans,04/10/1948,England,1994-01-28,1998-11-11,04 years 09 months 14 days,1749,243.0,124,62,57,1.79,1994-01-28,1994-06-30,154,365,0.421917808219178,transfermarkt_manager_history_page,https://www.transfermarkt.com/liverpool/mitarbeiterhistorie/verein/31/personalie_id/1/plus/1,2026-04-27T18:43:00.386012+00:00,high,,Premier League,Liverpool,8000000.0,928000.0,7072000.0,10,12,3375342.465753424,391539.7260273972,2983802.739726027,season_day_overlap_prorated,Transfer totals are season-level club totals prorated by the share of season days the manager was in charge. This is useful for rough attribution but does not isolate actual transfer-window decision ownership.
premier_league,Premier League,liverpool,Liverpool,manager,Manager,1994/95,1994,1995,17624,roy_evans_04-10-1948,Roy Evans,04/10/1948,England,1994-01-28,1998-11-11,04 years 09 months 14 days,1749,243.0,124,62,57,1.79,1994-07-01,1995-06-30,365,365,1.0,transfermarkt_manager_history_page,https://www.transfermarkt.com/liverpool/mitarbeiterhistorie/verein/31/personalie_id/1/plus/1,2026-04-27T18:43:00.386012+00:00,high,,Premier League,Liverpool,12060000.0,3750000.0,8310000.0,12,14,12060000.0,3750000.0,8310000.0,season_day_overlap_prorated,Transfer totals are season-level club totals prorated by the share of season days the manager was in charge. This is useful for rough attribution but does not isolate actual transfer-window decision ownership.
premier_league,Premier League,liverpool,Liverpool,manager,Manager,1995/96,1995,1996,17624,roy_evans_04-10-1948,Roy Evans,04/10/1948,England,1994-01-28,1998-11-11,04 years 09 months 14 days,1749,243.0,124,62,57,1.79,1995-07-01,1996-06-30,366,366,1.0,transfermarkt_manager_history_page,https://www.transfermarkt.com/liverpool/mitarbeiterhistorie/verein/31/personalie_id/1/plus/1,2026-04-27T18:43:00.386012+00:00,high,,Premier League,Liverpool,19250000.0,1700000.0,17550000.0,10,9,19250000.0,1700000.0,17550000.0,season_day_overlap_prorated,Transfer totals are season-level club totals prorated by the share of season days the manager was in charge. This is useful for rough attribution but does not isolate actual transfer-window decision ownership.
premier_league,Premier League,liverpool,Liverpool,manager,Manager,1996/97,1996,1997,17624,roy_evans_04-10-1948,Roy Evans,04/10/1948,England,1994-01-28,1998-11-11,04 years 09 months 14 days,1749,243.0,124,62,57,1.79,1996-07-01,1997-06-30,365,365,1.0,transfermarkt_manager_history_page,https://www.transfermarkt.com/liverpool/mitarbeiterhistorie/verein/31/personalie_id/1/plus/1,2026-04-27T18:43:00.386012+00:00,high,,Premier League,Liverpool,8750000.0,3000000.0,5750000.0,9,8,8750000.0,3000000.0,5750000.0,season_day_overlap_prorated,Transfer totals are season-level club totals prorated by the share of season days the manager was in charge. This is useful for rough attribution but does not isolate actual transfer-window decision ownership.
premier_league,Premier League,liverpool,Liverpool,manager,Manager,1997/98,1997,1998,17624,roy_evans_04-10-1948,Roy Evans,04/10/1948,England,1994-01-28,1998-11-11,04 years 09 months 14 days,1749,243.0,124,62,57,1.79,1997-07-01,1998-06-30,365,365,1.0,transfermarkt_manager_history_page,https://www.transfermarkt.com/liverpool/mitarbeiterhistorie/verein/31/personalie_id/1/plus/1,2026-04-27T18:43:00.386012+00:00,high,,Premier League,Liverpool,16050000.0,13020000.0,3030000.0,12,11,16050000.0,13020000.0,3030000.0,season_day_overlap_prorated,Transfer totals are season-level club totals prorated by the share of season days the manager was in charge. This is useful for rough attribution but does not isolate actual transfer-window decision ownership.
premier_league,Premier League,liverpool,Liverpool,manager,Manager,1998/99,1998,1999,17624,roy_evans_04-10-1948,Roy Evans,04/10/1948,England,1994-01-28,1998-11-11,04 years 09 months 14 days,1749,243.0,124,62,57,1.79,1998-07-01,1998-11-11,134,365,0.3671232876712328,transfermarkt_manager_history_page,https://www.transfermarkt.com/liverpool/mitarbeiterhistorie/verein/31/personalie_id/1/plus/1,2026-04-27T18:43:00.386012+00:00,high,,Premier League,Liverpool,10740000.0,9430000.0,1310000.0,11,10,3942904.1095890403,3461972.6027397253,480931.50684931496,season_day_overlap_prorated,Transfer totals are season-level club totals prorated by the share of season days the manager was in charge. This is useful for rough attribution but does not isolate actual transfer-window decision ownership.
premier_league,Premier League,liverpool,Liverpool,manager,Manager,1998/99,1998,1999,460,g_rard_houllier_03-09-1947,Gérard Houllier,03/09/1947,France,1998-11-12,2004-06-30,05 years 07 months 18 days,2058,307.0,160,73,74,1.8,1998-11-12,1999-06-30,231,365,0.6328767123287671,transfermarkt_manager_history_page,https://www.transfermarkt.com/liverpool/mitarbeiterhistorie/verein/31/personalie_id/1/plus/1,2026-04-27T18:43:00.386012+00:00,high,,Premier League,Liverpool,10740000.0,9430000.0,1310000.0,11,10,6797095.890410959,5968027.397260274,829068.4931506849,season_day_overlap_prorated,Transfer totals are season-level club totals prorated by the share of season days the manager was in charge. This is useful for rough attribution but does not isolate actual transfer-window decision ownership.
premier_league,Premier League,liverpool,Liverpool,manager,Manager,1999/00,1999,2000,460,g_rard_houllier_03-09-1947,Gérard Houllier,03/09/1947,France,1998-11-12,2004-06-30,05 years 07 months 18 days,2058,307.0,160,73,74,1.8,1999-07-01,2000-06-30,366,366,1.0,transfermarkt_manager_history_page,https://www.transfermarkt.com/liverpool/mitarbeiterhistorie/verein/31/personalie_id/1/plus/1,2026-04-27T18:43:00.386012+00:00,high,,Premier League,Liverpool,54500000.0,9180000.0,45320000.0,17,17,54500000.0,9180000.0,45320000.0,season_day_overlap_prorated,Transfer totals are season-level club totals prorated by the share of season days the manager was in charge. This is useful for rough attribution but does not isolate actual transfer-window decision ownership.
premier_league,Premier League,liverpool,Liverpool,manager,Manager,2000/01,2000,2001,460,g_rard_houllier_03-09-1947,Gérard Houllier,03/09/1947,France,1998-11-12,2004-06-30,05 years 07 months 18 days,2058,307.0,160,73,74,1.8,2000-07-01,2001-06-30,365,365,1.0,transfermarkt_manager_history_page,https://www.transfermarkt.com/liverpool/mitarbeiterhistorie/verein/31/personalie_id/1/plus/1,2026-04-27T18:43:00.386012+00:00,high,,Premier League,Liverpool,34000000.0,19610000.0,14390000.0,19,17,34000000.0,19610000.0,14390000.0,season_day_overlap_prorated,Transfer totals are season-level club totals prorated by the share of season days the manager was in charge. This is useful for rough attribution but does not isolate actual transfer-window decision ownership.
premier_league,Premier League,liverpool,Liverpool,manager,Manager,2001/02,2001,2002,460,g_rard_houllier_03-09-1947,Gérard Houllier,03/09/1947,France,1998-11-12,2004-06-30,05 years 07 months 18 days,2058,307.0,160,73,74,1.8,2001-07-01,2002-06-30,365,365,1.0,transfermarkt_manager_history_page,https://www.transfermarkt.com/liverpool/mitarbeiterhistorie/verein/31/personalie_id/1/plus/1,2026-04-27T18:43:00.386012+00:00,high,,Premier League,Liverpool,31560000.0,28650000.0,2910000.0,10,11,31560000.0,28650000.0,2910000.0,season_day_overlap_prorated,Transfer totals are season-level club totals prorated by the share of season days the manager was in charge. This is useful for rough attribution but does not isolate actual transfer-window decision ownership.
premier_league,Premier League,liverpool,Liverpool,manager,Manager,2002/03,2002,2003,460,g_rard_houllier_03-09-1947,Gérard Houllier,03/09/1947,France,1998-11-12,2004-06-30,05 years 07 months 18 days,2058,307.0,160,73,74,1.8,2002-07-01,2003-06-30,365,365,1.0,transfermarkt_manager_history_page,https://www.transfermarkt.com/liverpool/mitarbeiterhistorie/verein/31/personalie_id/1/plus/1,2026-04-27T18:43:00.386012+00:00,high,,Premier League,Liverpool,31900000.0,11800000.0,20100000.0,18,16,31900000.0,11800000.0,20100000.0,season_day_overlap_prorated,Transfer totals are season-level club totals prorated by the share of season days the manager was in charge. This is useful for rough attribution but does not isolate actual transfer-window decision ownership.
premier_league,Premier League,liverpool,Liverpool,manager,Manager,2003/04,2003,2004,460,g_rard_houllier_03-09-1947,Gérard Houllier,03/09/1947,France,1998-11-12,2004-06-30,05 years 07 months 18 days,2058,307.0,160,73,74,1.8,2003-07-01,2004-06-30,366,366,1.0,transfermarkt_manager_history_page,https://www.transfermarkt.com/liverpool/mitarbeiterhistorie/verein/31/personalie_id/1/plus/1,2026-04-27T18:43:00.386012+00:00,high,,Premier League,Liverpool,15250000.0,0.0,15250000.0,19,13,15250000.0,0.0,15250000.0,season_day_overlap_prorated,Transfer totals are season-level club totals prorated by the share of season days the manager was in charge. This is useful for rough attribution but does not isolate actual transfer-window decision ownership.
premier_league,Premier League,liverpool,Liverpool,manager,Manager,2004/05,2004,2005,1522,rafael_ben_tez_16-04-1960,Rafael Benítez,16/04/1960,Spain,2004-07-01,2010-06-30,05 years 11 months 30 days,2191,350.0,197,74,79,1.9,2004-07-01,2005-06-30,365,365,1.0,transfermarkt_manager_history_page,https://www.transfermarkt.com/liverpool/mitarbeiterhistorie/verein/31/personalie_id/1/plus/1,2026-04-27T18:43:00.386012+00:00,high,,Premier League,Liverpool,58400000.0,24570000.0,33830000.0,22,22,58400000.0,24570000.0,33830000.0,season_day_overlap_prorated,Transfer totals are season-level club totals prorated by the share of season days the manager was in charge. This is useful for rough attribution but does not isolate actual transfer-window decision ownership.
premier_league,Premier League,liverpool,Liverpool,manager,Manager,2005/06,2005,2006,1522,rafael_ben_tez_16-04-1960,Rafael Benítez,16/04/1960,Spain,2004-07-01,2010-06-30,05 years 11 months 30 days,2191,350.0,197,74,79,1.9,2005-07-01,2006-06-30,365,365,1.0,transfermarkt_manager_history_page,https://www.transfermarkt.com/liverpool/mitarbeiterhistorie/verein/31/personalie_id/1/plus/1,2026-04-27T18:43:00.386012+00:00,high,,Premier League,Liverpool,44060000.0,19040000.0,25020000.0,25,26,44060000.0,19040000.0,25020000.0,season_day_overlap_prorated,Transfer totals are season-level club totals prorated by the share of season days the manager was in charge. This is useful for rough attribution but does not isolate actual transfer-window decision ownership.
premier_league,Premier League,liverpool,Liverpool,manager,Manager,2006/07,2006,2007,1522,rafael_ben_tez_16-04-1960,Rafael Benítez,16/04/1960,Spain,2004-07-01,2010-06-30,05 years 11 months 30 days,2191,350.0,197,74,79,1.9,2006-07-01,2007-06-30,365,365,1.0,transfermarkt_manager_history_page,https://www.transfermarkt.com/liverpool/mitarbeiterhistorie/verein/31/personalie_id/1/plus/1,2026-04-27T18:43:00.386012+00:00,high,,Premier League,Liverpool,46000000.0,24730000.0,21270000.0,26,27,46000000.0,24730000.0,21270000.0,season_day_overlap_prorated,Transfer totals are season-level club totals prorated by the share of season days the manager was in charge. This is useful for rough attribution but does not isolate actual transfer-window decision ownership.
premier_league,Premier League,liverpool,Liverpool,manager,Manager,2007/08,2007,2008,1522,rafael_ben_tez_16-04-1960,Rafael Benítez,16/04/1960,Spain,2004-07-01,2010-06-30,05 years 11 months 30 days,2191,350.0,197,74,79,1.9,2007-07-01,2008-06-30,366,366,1.0,transfermarkt_manager_history_page,https://www.transfermarkt.com/liverpool/mitarbeiterhistorie/verein/31/personalie_id/1/plus/1,2026-04-27T18:43:00.386012+00:00,high,,Premier League,Liverpool,90700000.0,46750000.0,43950000.0,24,24,90700000.0,46750000.0,43950000.0,season_day_overlap_prorated,Transfer totals are season-level club totals prorated by the share of season days the manager was in charge. This is useful for rough attribution but does not isolate actual transfer-window decision ownership.
premier_league,Premier League,liverpool,Liverpool,manager,Manager,2008/09,2008,2009,1522,rafael_ben_tez_16-04-1960,Rafael Benítez,16/04/1960,Spain,2004-07-01,2010-06-30,05 years 11 months 30 days,2191,350.0,197,74,79,1.9,2008-07-01,2009-06-30,365,365,1.0,transfermarkt_manager_history_page,https://www.transfermarkt.com/liverpool/mitarbeiterhistorie/verein/31/personalie_id/1/plus/1,2026-04-27T18:43:00.386012+00:00,high,,Premier League,Liverpool,73450000.0,46450000.0,27000000.0,27,27,73450000.0,46450000.0,27000000.0,season_day_overlap_prorated,Transfer totals are season-level club totals prorated by the share of season days the manager was in charge. This is useful for rough attribution but does not isolate actual transfer-window decision ownership.
premier_league,Premier League,liverpool,Liverpool,manager,Manager,2009/10,2009,2010,1522,rafael_ben_tez_16-04-1960,Rafael Benítez,16/04/1960,Spain,2004-07-01,2010-06-30,05 years 11 months 30 days,2191,350.0,197,74,79,1.9,2009-07-01,2010-06-30,365,365,1.0,transfermarkt_manager_history_page,https://www.transfermarkt.com/liverpool/mitarbeiterhistorie/verein/31/personalie_id/1/plus/1,2026-04-27T18:43:00.386012+00:00,high,,Premier League,Liverpool,43500000.0,48550000.0,-5050000.0,21,25,43500000.0,48550000.0,-5050000.0,season_day_overlap_prorated,Transfer totals are season-level club totals prorated by the share of season days the manager was in charge. This is useful for rough attribution but does not isolate actual transfer-window decision ownership.
premier_league,Premier League,liverpool,Liverpool,manager,Manager,2010/11,2010,2011,1775,roy_hodgson_09-08-1947,Roy Hodgson,09/08/1947,England,2010-07-01,2011-01-07,06 months 07 days,191,31.0,13,8,10,1.52,2010-07-01,2011-01-07,191,365,0.5232876712328767,transfermarkt_manager_history_page,https://www.transfermarkt.com/liverpool/mitarbeiterhistorie/verein/31/personalie_id/1/plus/1,2026-04-27T18:43:00.386012+00:00,high,,Premier League,Liverpool,97730000.0,103000000.0,-5270000.0,21,24,51140904.10958904,53898630.1369863,-2757726.02739726,season_day_overlap_prorated,Transfer totals are season-level club totals prorated by the share of season days the manager was in charge. This is useful for rough attribution but does not isolate actual transfer-window decision ownership.
premier_league,Premier League,liverpool,Liverpool,manager,Manager,2010/11,2010,2011,12320,kenny_dalglish_04-03-1951,Kenny Dalglish,04/03/1951,Scotland,2011-01-08,2012-05-16,01 year 04 months 08 days,495,74.0,36,16,22,1.68,2011-01-08,2011-06-30,174,365,0.4767123287671233,transfermarkt_manager_history_page,https://www.transfermarkt.com/liverpool/mitarbeiterhistorie/verein/31/personalie_id/1/plus/1,2026-04-27T18:43:00.386012+00:00,high,,Premier League,Liverpool,97730000.0,103000000.0,-5270000.0,21,24,46589095.89041096,49101369.8630137,-2512273.9726027395,season_day_overlap_prorated,Transfer totals are season-level club totals prorated by the share of season days the manager was in charge. This is useful for rough attribution but does not isolate actual transfer-window decision ownership.
premier_league,Premier League,liverpool,Liverpool,manager,Manager,2011/12,2011,2012,12320,kenny_dalglish_04-03-1951,Kenny Dalglish,04/03/1951,Scotland,2011-01-08,2012-05-16,01 year 04 months 08 days,495,74.0,36,16,22,1.68,2011-07-01,2012-05-16,321,366,0.8770491803278688,transfermarkt_manager_history_page,https://www.transfermarkt.com/liverpool/mitarbeiterhistorie/verein/31/personalie_id/1/plus/1,2026-04-27T18:43:00.386012+00:00,high,,Premier League,Liverpool,69330000.0,22000000.0,47330000.0,21,18,60805819.67213114,19295081.967213113,41510737.704918034,season_day_overlap_prorated,Transfer totals are season-level club totals prorated by the share of season days the manager was in charge. This is useful for rough attribution but does not isolate actual transfer-window decision ownership.
premier_league,Premier League,liverpool,Liverpool,manager,Manager,2012/13,2012,2013,1366,brendan_rodgers_26-01-1973,Brendan Rodgers,26/01/1973,Northern Ireland,2012-07-01,2015-10-04,03 years 03 months 03 days,1191,166.0,85,39,42,1.77,2012-07-01,2013-06-30,365,365,1.0,transfermarkt_manager_history_page,https://www.transfermarkt.com/liverpool/mitarbeiterhistorie/verein/31/personalie_id/1/plus/1,2026-04-27T18:43:00.386012+00:00,high,,Premier League,Liverpool,70600000.0,10450000.0,60150000.0,19,18,70600000.0,10450000.0,60150000.0,season_day_overlap_prorated,Transfer totals are season-level club totals prorated by the share of season days the manager was in charge. This is useful for rough attribution but does not isolate actual transfer-window decision ownership.
premier_league,Premier League,liverpool,Liverpool,manager,Manager,2013/14,2013,2014,1366,brendan_rodgers_26-01-1973,Brendan Rodgers,26/01/1973,Northern Ireland,2012-07-01,2015-10-04,03 years 03 months 03 days,1191,166.0,85,39,42,1.77,2013-07-01,2014-06-30,365,365,1.0,transfermarkt_manager_history_page,https://www.transfermarkt.com/liverpool/mitarbeiterhistorie/verein/31/personalie_id/1/plus/1,2026-04-27T18:43:00.386012+00:00,high,,Premier League,Liverpool,58100000.0,32500000.0,25600000.0,18,23,58100000.0,32500000.0,25600000.0,season_day_overlap_prorated,Transfer totals are season-level club totals prorated by the share of season days the manager was in charge. This is useful for rough attribution but does not isolate actual transfer-window decision ownership.
premier_league,Premier League,liverpool,Liverpool,manager,Manager,2014/15,2014,2015,1366,brendan_rodgers_26-01-1973,Brendan Rodgers,26/01/1973,Northern Ireland,2012-07-01,2015-10-04,03 years 03 months 03 days,1191,166.0,85,39,42,1.77,2014-07-01,2015-06-30,365,365,1.0,transfermarkt_manager_history_page,https://www.transfermarkt.com/liverpool/mitarbeiterhistorie/verein/31/personalie_id/1/plus/1,2026-04-27T18:43:00.386012+00:00,high,,Premier League,Liverpool,151430000.0,99270000.0,52160000.0,25,21,151430000.0,99270000.0,52160000.0,season_day_overlap_prorated,Transfer totals are season-level club totals prorated by the share of season days the manager was in charge. This is useful for rough attribution but does not isolate actual transfer-window decision ownership.
premier_league,Premier League,liverpool,Liverpool,manager,Manager,2015/16,2015,2016,1366,brendan_rodgers_26-01-1973,Brendan Rodgers,26/01/1973,Northern Ireland,2012-07-01,2015-10-04,03 years 03 months 03 days,1191,166.0,85,39,42,1.77,2015-07-01,2015-10-04,96,366,0.2622950819672131,transfermarkt_manager_history_page,https://www.transfermarkt.com/liverpool/mitarbeiterhistorie/verein/31/personalie_id/1/plus/1,2026-04-27T18:43:00.386012+00:00,high,,Premier League,Liverpool,126500000.0,90550000.0,35950000.0,24,24,33180327.868852455,23750819.672131144,9429508.19672131,season_day_overlap_prorated,Transfer totals are season-level club totals prorated by the share of season days the manager was in charge. This is useful for rough attribution but does not isolate actual transfer-window decision ownership.
premier_league,Premier League,liverpool,Liverpool,manager,Manager,2015/16,2015,2016,118,j_rgen_klopp_16-06-1967,Jürgen Klopp,16/06/1967,Germany,2015-10-08,2024-06-30,08 years 08 months 22 days,3189,489.0,304,100,85,2.07,2015-10-08,2016-06-30,267,366,0.7295081967213115,transfermarkt_manager_history_page,https://www.transfermarkt.com/liverpool/mitarbeiterhistorie/verein/31/personalie_id/1/plus/1,2026-04-27T18:43:00.386012+00:00,high,,Premier League,Liverpool,126500000.0,90550000.0,35950000.0,24,24,92282786.8852459,66056967.21311475,26225819.672131147,season_day_overlap_prorated,Transfer totals are season-level club totals prorated by the share of season days the manager was in charge. This is useful for rough attribution but does not isolate actual transfer-window decision ownership.
premier_league,Premier League,liverpool,Liverpool,manager,Manager,2016/17,2016,2017,118,j_rgen_klopp_16-06-1967,Jürgen Klopp,16/06/1967,Germany,2015-10-08,2024-06-30,08 years 08 months 22 days,3189,489.0,304,100,85,2.07,2016-07-01,2017-06-30,365,365,1.0,transfermarkt_manager_history_page,https://www.transfermarkt.com/liverpool/mitarbeiterhistorie/verein/31/personalie_id/1/plus/1,2026-04-27T18:43:00.386012+00:00,high,,Premier League,Liverpool,79900000.0,88980000.0,-9080000.0,21,19,79900000.0,88980000.0,-9080000.0,season_day_overlap_prorated,Transfer totals are season-level club totals prorated by the share of season days the manager was in charge. This is useful for rough attribution but does not isolate actual transfer-window decision ownership.
premier_league,Premier League,liverpool,Liverpool,manager,Manager,2017/18,2017,2018,118,j_rgen_klopp_16-06-1967,Jürgen Klopp,16/06/1967,Germany,2015-10-08,2024-06-30,08 years 08 months 22 days,3189,489.0,304,100,85,2.07,2017-07-01,2018-06-30,365,365,1.0,transfermarkt_manager_history_page,https://www.transfermarkt.com/liverpool/mitarbeiterhistorie/verein/31/personalie_id/1/plus/1,2026-04-27T18:43:00.386012+00:00,high,,Premier League,Liverpool,173650000.0,184500000.0,-10850000.0,13,15,173650000.0,184500000.0,-10850000.0,season_day_overlap_prorated,Transfer totals are season-level club totals prorated by the share of season days the manager was in charge. This is useful for rough attribution but does not isolate actual transfer-window decision ownership.
premier_league,Premier League,liverpool,Liverpool,manager,Manager,2018/19,2018,2019,118,j_rgen_klopp_16-06-1967,Jürgen Klopp,16/06/1967,Germany,2015-10-08,2024-06-30,08 years 08 months 22 days,3189,489.0,304,100,85,2.07,2018-07-01,2019-06-30,365,365,1.0,transfermarkt_manager_history_page,https://www.transfermarkt.com/liverpool/mitarbeiterhistorie/verein/31/personalie_id/1/plus/1,2026-04-27T18:43:00.386012+00:00,high,,Premier League,Liverpool,192200000.0,41320000.0,150880000.0,18,21,192200000.0,41320000.0,150880000.0,season_day_overlap_prorated,Transfer totals are season-level club totals prorated by the share of season days the manager was in charge. This is useful for rough attribution but does not isolate actual transfer-window decision ownership.
premier_league,Premier League,liverpool,Liverpool,manager,Manager,2019/20,2019,2020,118,j_rgen_klopp_16-06-1967,Jürgen Klopp,16/06/1967,Germany,2015-10-08,2024-06-30,08 years 08 months 22 days,3189,489.0,304,100,85,2.07,2019-07-01,2020-06-30,366,366,1.0,transfermarkt_manager_history_page,https://www.transfermarkt.com/liverpool/mitarbeiterhistorie/verein/31/personalie_id/1/plus/1,2026-04-27T18:43:00.386012+00:00,high,,Premier League,Liverpool,10400000.0,48000000.0,-37600000.0,15,16,10400000.0,48000000.0,-37600000.0,season_day_overlap_prorated,Transfer totals are season-level club totals prorated by the share of season days the manager was in charge. This is useful for rough attribution but does not isolate actual transfer-window decision ownership.
premier_league,Premier League,liverpool,Liverpool,manager,Manager,2020/21,2020,2021,118,j_rgen_klopp_16-06-1967,Jürgen Klopp,16/06/1967,Germany,2015-10-08,2024-06-30,08 years 08 months 22 days,3189,489.0,304,100,85,2.07,2020-07-01,2021-06-30,365,365,1.0,transfermarkt_manager_history_page,https://www.transfermarkt.com/liverpool/mitarbeiterhistorie/verein/31/personalie_id/1/plus/1,2026-04-27T18:43:00.386012+00:00,high,,Premier League,Liverpool,84800000.0,17200000.0,67600000.0,17,13,84800000.0,17200000.0,67600000.0,season_day_overlap_prorated,Transfer totals are season-level club totals prorated by the share of season days the manager was in charge. This is useful for rough attribution but does not isolate actual transfer-window decision ownership.
premier_league,Premier League,liverpool,Liverpool,manager,Manager,2021/22,2021,2022,118,j_rgen_klopp_16-06-1967,Jürgen Klopp,16/06/1967,Germany,2015-10-08,2024-06-30,08 years 08 months 22 days,3189,489.0,304,100,85,2.07,2021-07-01,2022-06-30,365,365,1.0,transfermarkt_manager_history_page,https://www.transfermarkt.com/liverpool/mitarbeiterhistorie/verein/31/personalie_id/1/plus/1,2026-04-27T18:43:00.386012+00:00,high,,Premier League,Liverpool,89000000.0,31650000.0,57350000.0,14,12,89000000.0,31650000.0,57350000.0,season_day_overlap_prorated,Transfer totals are season-level club totals prorated by the share of season days the manager was in charge. This is useful for rough attribution but does not isolate actual transfer-window decision ownership.
premier_league,Premier League,liverpool,Liverpool,manager,Manager,2022/23,2022,2023,118,j_rgen_klopp_16-06-1967,Jürgen Klopp,16/06/1967,Germany,2015-10-08,2024-06-30,08 years 08 months 22 days,3189,489.0,304,100,85,2.07,2022-07-01,2023-06-30,365,365,1.0,transfermarkt_manager_history_page,https://www.transfermarkt.com/liverpool/mitarbeiterhistorie/verein/31/personalie_id/1/plus/1,2026-04-27T18:43:00.386012+00:00,high,,Premier League,Liverpool,140900000.0,80100000.0,60800000.0,10,13,140900000.0,80100000.0,60800000.0,season_day_overlap_prorated,Transfer totals are season-level club totals prorated by the share of season days the manager was in charge. This is useful for rough attribution but does not isolate actual transfer-window decision ownership.
premier_league,Premier League,liverpool,Liverpool,manager,Manager,2023/24,2023,2024,118,j_rgen_klopp_16-06-1967,Jürgen Klopp,16/06/1967,Germany,2015-10-08,2024-06-30,08 years 08 months 22 days,3189,489.0,304,100,85,2.07,2023-07-01,2024-06-30,366,366,1.0,transfermarkt_manager_history_page,https://www.transfermarkt.com/liverpool/mitarbeiterhistorie/verein/31/personalie_id/1/plus/1,2026-04-27T18:43:00.386012+00:00,high,,Premier League,Liverpool,172000000.0,60700000.0,111300000.0,12,16,172000000.0,60700000.0,111300000.0,season_day_overlap_prorated,Transfer totals are season-level club totals prorated by the share of season days the manager was in charge. This is useful for rough attribution but does not isolate actual transfer-window decision ownership.
premier_league,Premier League,liverpool,Liverpool,manager,Manager,2024/25,2024,2025,34822,arne_slot_17-09-1978,Arne Slot,17/09/1978,Netherlands,2024-07-01,,01 year 09 months 27 days,666,109.0,66,16,27,1.96,2024-07-01,2025-06-30,365,365,1.0,transfermarkt_manager_history_page,https://www.transfermarkt.com/liverpool/mitarbeiterhistorie/verein/31/personalie_id/1/plus/1,2026-04-27T18:43:00.386012+00:00,high,Manager spell appears ongoing on the collection date. Ongoing manager spell; overlap calculated through the collection date or season end.,Premier League,Liverpool,42000000.0,47000000.0,-5000000.0,11,13,42000000.0,47000000.0,-5000000.0,season_day_overlap_prorated,Transfer totals are season-level club totals prorated by the share of season days the manager was in charge. This is useful for rough attribution but does not isolate actual transfer-window decision ownership.
premier_league,Premier League,liverpool,Liverpool,manager,Manager,2025/26,2025,2026,34822,arne_slot_17-09-1978,Arne Slot,17/09/1978,Netherlands,2024-07-01,,01 year 09 months 27 days,666,109.0,66,16,27,1.96,2025-07-01,2026-04-27,301,365,0.8246575342465754,transfermarkt_manager_history_page,https://www.transfermarkt.com/liverpool/mitarbeiterhistorie/verein/31/personalie_id/1/plus/1,2026-04-27T18:43:00.386012+00:00,high,Manager spell appears ongoing on the collection date. Ongoing manager spell; overlap calculated through the collection date or season end.,Premier League,Liverpool,481350000.0,219500000.0,261850000.0,16,12,396948904.10958904,181012328.7671233,215936575.34246576,season_day_overlap_prorated,Transfer totals are season-level club totals prorated by the share of season days the manager was in charge. This is useful for rough attribution but does not isolate actual transfer-window decision ownership.
premier_league,Premier League,manchester_city,Manchester City,manager,Manager,1990/91,1990,1991,6117,howard_kendall_22-05-1946,Howard Kendall,22/05/1946,England,1989-12-06,1990-11-05,10 months 30 days,335,39.0,13,18,8,1.46,1990-07-01,1990-11-05,128,365,0.3506849315068493,transfermarkt_manager_history_page,https://www.transfermarkt.com/manchester-city/mitarbeiterhistorie/verein/281/personalie_id/1/plus/1,2026-04-27T18:42:54.735190+00:00,high,,Premier League,Manchester City,2050000.0,1330000.0,719999.9999999998,14,11,718904.1095890411,466410.9589041096,252493.15068493143,season_day_overlap_prorated,Transfer totals are season-level club totals prorated by the share of season days the manager was in charge. This is useful for rough attribution but does not isolate actual transfer-window decision ownership.
premier_league,Premier League,manchester_city,Manchester City,manager,Manager,1990/91,1990,1991,454,peter_reid_20-06-1956,Peter Reid,20/06/1956,England,1990-11-15,1993-08-26,02 years 09 months 11 days,1016,131.0,57,31,43,1.54,1990-11-15,1991-06-30,228,365,0.6246575342465753,transfermarkt_manager_history_page,https://www.transfermarkt.com/manchester-city/mitarbeiterhistorie/verein/281/personalie_id/1/plus/1,2026-04-27T18:42:54.735190+00:00,high,,Premier League,Manchester City,2050000.0,1330000.0,719999.9999999998,14,11,1280547.9452054794,830794.5205479452,449753.4246575341,season_day_overlap_prorated,Transfer totals are season-level club totals prorated by the share of season days the manager was in charge. This is useful for rough attribution but does not isolate actual transfer-window decision ownership.
premier_league,Premier League,manchester_city,Manchester City,manager,Manager,1991/92,1991,1992,454,peter_reid_20-06-1956,Peter Reid,20/06/1956,England,1990-11-15,1993-08-26,02 years 09 months 11 days,1016,131.0,57,31,43,1.54,1991-07-01,1992-06-30,366,366,1.0,transfermarkt_manager_history_page,https://www.transfermarkt.com/manchester-city/mitarbeiterhistorie/verein/281/personalie_id/1/plus/1,2026-04-27T18:42:54.735190+00:00,high,,Premier League,Manchester City,2350000.0,1860000.0,490000.0,9,12,2350000.0,1860000.0,490000.0,season_day_overlap_prorated,Transfer totals are season-level club totals prorated by the share of season days the manager was in charge. This is useful for rough attribution but does not isolate actual transfer-window decision ownership.
premier_league,Premier League,manchester_city,Manchester City,manager,Manager,1992/93,1992,1993,454,peter_reid_20-06-1956,Peter Reid,20/06/1956,England,1990-11-15,1993-08-26,02 years 09 months 11 days,1016,131.0,57,31,43,1.54,1992-07-01,1993-06-30,365,365,1.0,transfermarkt_manager_history_page,https://www.transfermarkt.com/manchester-city/mitarbeiterhistorie/verein/281/personalie_id/1/plus/1,2026-04-27T18:42:54.735190+00:00,high,,Premier League,Manchester City,0.0,1850000.0,-1850000.0,12,10,0.0,1850000.0,-1850000.0,season_day_overlap_prorated,Transfer totals are season-level club totals prorated by the share of season days the manager was in charge. This is useful for rough attribution but does not isolate actual transfer-window decision ownership.
premier_league,Premier League,manchester_city,Manchester City,manager,Manager,1993/94,1993,1994,454,peter_reid_20-06-1956,Peter Reid,20/06/1956,England,1990-11-15,1993-08-26,02 years 09 months 11 days,1016,131.0,57,31,43,1.54,1993-07-01,1993-08-26,57,365,0.1561643835616438,transfermarkt_manager_history_page,https://www.transfermarkt.com/manchester-city/mitarbeiterhistorie/verein/281/personalie_id/1/plus/1,2026-04-27T18:42:54.735190+00:00,high,,Premier League,Manchester City,9890000.0,3680000.0,6210000.0,15,9,1544465.7534246573,574684.9315068492,969780.821917808,season_day_overlap_prorated,Transfer totals are season-level club totals prorated by the share of season days the manager was in charge. This is useful for rough attribution but does not isolate actual transfer-window decision ownership.
premier_league,Premier League,manchester_city,Manchester City,manager,Manager,1993/94,1993,1994,3129,brian_horton_04-02-1949,Brian Horton,04/02/1949,England,1993-08-28,1995-05-16,01 year 08 months 18 days,627,96.0,29,33,34,1.25,1993-08-28,1994-06-30,307,365,0.8410958904109589,transfermarkt_manager_history_page,https://www.transfermarkt.com/manchester-city/mitarbeiterhistorie/verein/281/personalie_id/1/plus/1,2026-04-27T18:42:54.735190+00:00,high,,Premier League,Manchester City,9890000.0,3680000.0,6210000.0,15,9,8318438.356164384,3095232.8767123288,5223205.479452055,season_day_overlap_prorated,Transfer totals are season-level club totals prorated by the share of season days the manager was in charge. This is useful for rough attribution but does not isolate actual transfer-window decision ownership.
premier_league,Premier League,manchester_city,Manchester City,manager,Manager,1994/95,1994,1995,3129,brian_horton_04-02-1949,Brian Horton,04/02/1949,England,1993-08-28,1995-05-16,01 year 08 months 18 days,627,96.0,29,33,34,1.25,1994-07-01,1995-05-16,320,365,0.8767123287671232,transfermarkt_manager_history_page,https://www.transfermarkt.com/manchester-city/mitarbeiterhistorie/verein/281/personalie_id/1/plus/1,2026-04-27T18:42:54.735190+00:00,high,,Premier League,Manchester City,2540000.0,3280000.0,-740000.0,13,11,2226849.315068493,2875616.4383561644,-648767.1232876712,season_day_overlap_prorated,Transfer totals are season-level club totals prorated by the share of season days the manager was in charge. This is useful for rough attribution but does not isolate actual transfer-window decision ownership.
premier_league,Premier League,manchester_city,Manchester City,manager,Manager,1995/96,1995,1996,23003,alan_ball_12-05-1945,Alan Ball,12/05/1945,England,1995-07-02,1996-08-27,01 year 01 month 25 days,423,49.0,13,14,22,1.08,1995-07-02,1996-06-30,365,366,0.9972677595628416,transfermarkt_manager_history_page,https://www.transfermarkt.com/manchester-city/mitarbeiterhistorie/verein/281/personalie_id/1/plus/1,2026-04-27T18:42:54.735190+00:00,high,,Premier League,Manchester City,12180000.0,8750000.0,3430000.0,19,23,12146721.311475411,8726092.896174865,3420628.4153005467,season_day_overlap_prorated,Transfer totals are season-level club totals prorated by the share of season days the manager was in charge. This is useful for rough attribution but does not isolate actual transfer-window decision ownership.
premier_league,Premier League,manchester_city,Manchester City,manager,Manager,1996/97,1996,1997,23003,alan_ball_12-05-1945,Alan Ball,12/05/1945,England,1995-07-02,1996-08-27,01 year 01 month 25 days,423,49.0,13,14,22,1.08,1996-07-01,1996-08-27,58,365,0.1589041095890411,transfermarkt_manager_history_page,https://www.transfermarkt.com/manchester-city/mitarbeiterhistorie/verein/281/personalie_id/1/plus/1,2026-04-27T18:42:54.735190+00:00,high,,Premier League,Manchester City,4880000.0,3830000.0,1050000.0,18,16,775452.0547945206,608602.7397260275,166849.31506849316,season_day_overlap_prorated,Transfer totals are season-level club totals prorated by the share of season days the manager was in charge. This is useful for rough attribution but does not isolate actual transfer-window decision ownership.
premier_league,Premier League,manchester_city,Manchester City,manager,Manager,1996/97,1996,1997,676,steve_coppell_09-07-1955,Steve Coppell,09/07/1955,England,1996-10-06,1996-11-08,01 month 02 days,34,6.0,2,1,3,1.17,1996-10-06,1996-11-08,34,365,0.0931506849315068,transfermarkt_manager_history_page,https://www.transfermarkt.com/manchester-city/mitarbeiterhistorie/verein/281/personalie_id/1/plus/1,2026-04-27T18:42:54.735190+00:00,high,,Premier League,Manchester City,4880000.0,3830000.0,1050000.0,18,16,454575.3424657532,356767.1232876711,97808.21917808214,season_day_overlap_prorated,Transfer totals are season-level club totals prorated by the share of season days the manager was in charge. This is useful for rough attribution but does not isolate actual transfer-window decision ownership.
premier_league,Premier League,manchester_city,Manchester City,manager,Manager,1996/97,1996,1997,16598,frank_clark_09-09-1943,Frank Clark,09/09/1943,England,1996-12-29,1998-02-17,01 year 01 month 19 days,416,59.0,19,17,23,1.25,1996-12-29,1997-06-30,184,365,0.5041095890410959,transfermarkt_manager_history_page,https://www.transfermarkt.com/manchester-city/mitarbeiterhistorie/verein/281/personalie_id/1/plus/1,2026-04-27T18:42:54.735190+00:00,high,,Premier League,Manchester City,4880000.0,3830000.0,1050000.0,18,16,2460054.794520548,1930739.7260273974,529315.0684931508,season_day_overlap_prorated,Transfer totals are season-level club totals prorated by the share of season days the manager was in charge. This is useful for rough attribution but does not isolate actual transfer-window decision ownership.
premier_league,Premier League,manchester_city,Manchester City,manager,Manager,1997/98,1997,1998,16598,frank_clark_09-09-1943,Frank Clark,09/09/1943,England,1996-12-29,1998-02-17,01 year 01 month 19 days,416,59.0,19,17,23,1.25,1997-07-01,1998-02-17,232,365,0.6356164383561644,transfermarkt_manager_history_page,https://www.transfermarkt.com/manchester-city/mitarbeiterhistorie/verein/281/personalie_id/1/plus/1,2026-04-27T18:42:54.735190+00:00,high,,Premier League,Manchester City,10060000.0,1900000.0,8160000.0,37,28,6394301.369863015,1207671.2328767125,5186630.136986302,season_day_overlap_prorated,Transfer totals are season-level club totals prorated by the share of season days the manager was in charge. This is useful for rough attribution but does not isolate actual transfer-window decision ownership.
premier_league,Premier League,manchester_city,Manchester City,manager,Manager,1997/98,1997,1998,602,joe_royle_08-04-1949,Joe Royle,08/04/1949,England,1998-02-18,2001-05-21,03 years 03 months 03 days,1189,167.0,73,44,50,1.57,1998-02-18,1998-06-30,133,365,0.3643835616438356,transfermarkt_manager_history_page,https://www.transfermarkt.com/manchester-city/mitarbeiterhistorie/verein/281/personalie_id/1/plus/1,2026-04-27T18:42:54.735190+00:00,high,,Premier League,Manchester City,10060000.0,1900000.0,8160000.0,37,28,3665698.6301369863,692328.7671232877,2973369.8630136987,season_day_overlap_prorated,Transfer totals are season-level club totals prorated by the share of season days the manager was in charge. This is useful for rough attribution but does not isolate actual transfer-window decision ownership.
premier_league,Premier League,manchester_city,Manchester City,manager,Manager,1998/99,1998,1999,602,joe_royle_08-04-1949,Joe Royle,08/04/1949,England,1998-02-18,2001-05-21,03 years 03 months 03 days,1189,167.0,73,44,50,1.57,1998-07-01,1999-06-30,365,365,1.0,transfermarkt_manager_history_page,https://www.transfermarkt.com/manchester-city/mitarbeiterhistorie/verein/281/personalie_id/1/plus/1,2026-04-27T18:42:54.735190+00:00,high,,Premier League,Manchester City,1120000.0,11350000.0,-10230000.0,18,31,1120000.0,11350000.0,-10230000.0,season_day_overlap_prorated,Transfer totals are season-level club totals prorated by the share of season days the manager was in charge. This is useful for rough attribution but does not isolate actual transfer-window decision ownership.
premier_league,Premier League,manchester_city,Manchester City,manager,Manager,1999/00,1999,2000,602,joe_royle_08-04-1949,Joe Royle,08/04/1949,England,1998-02-18,2001-05-21,03 years 03 months 03 days,1189,167.0,73,44,50,1.57,1999-07-01,2000-06-30,366,366,1.0,transfermarkt_manager_history_page,https://www.transfermarkt.com/manchester-city/mitarbeiterhistorie/verein/281/personalie_id/1/plus/1,2026-04-27T18:42:54.735190+00:00,high,,Premier League,Manchester City,13230000.0,1040000.0,12190000.0,30,25,13230000.0,1040000.0,12190000.0,season_day_overlap_prorated,Transfer totals are season-level club totals prorated by the share of season days the manager was in charge. This is useful for rough attribution but does not isolate actual transfer-window decision ownership.
premier_league,Premier League,manchester_city,Manchester City,manager,Manager,2000/01,2000,2001,602,joe_royle_08-04-1949,Joe Royle,08/04/1949,England,1998-02-18,2001-05-21,03 years 03 months 03 days,1189,167.0,73,44,50,1.57,2000-07-01,2001-05-21,325,365,0.8904109589041096,transfermarkt_manager_history_page,https://www.transfermarkt.com/manchester-city/mitarbeiterhistorie/verein/281/personalie_id/1/plus/1,2026-04-27T18:42:54.735190+00:00,high,,Premier League,Manchester City,16530000.000000002,1460000.0,15070000.000000002,25,29,14718493.150684934,1300000.0,13418493.150684934,season_day_overlap_prorated,Transfer totals are season-level club totals prorated by the share of season days the manager was in charge. This is useful for rough attribution but does not isolate actual transfer-window decision ownership.
premier_league,Premier League,manchester_city,Manchester City,manager,Manager,2000/01,2000,2001,453,kevin_keegan_14-02-1951,Kevin Keegan,14/02/1951,England,2001-05-24,2005-03-10,03 years 09 months 14 days,1387,176.0,77,39,60,1.53,2001-05-24,2001-06-30,38,365,0.1041095890410958,transfermarkt_manager_history_page,https://www.transfermarkt.com/manchester-city/mitarbeiterhistorie/verein/281/personalie_id/1/plus/1,2026-04-27T18:42:54.735190+00:00,high,,Premier League,Manchester City,16530000.000000002,1460000.0,15070000.000000002,25,29,1720931.5068493136,151999.99999999985,1568931.5068493139,season_day_overlap_prorated,Transfer totals are season-level club totals prorated by the share of season days the manager was in charge. This is useful for rough attribution but does not isolate actual transfer-window decision ownership.
premier_league,Premier League,manchester_city,Manchester City,manager,Manager,2001/02,2001,2002,453,kevin_keegan_14-02-1951,Kevin Keegan,14/02/1951,England,2001-05-24,2005-03-10,03 years 09 months 14 days,1387,176.0,77,39,60,1.53,2001-07-01,2002-06-30,365,365,1.0,transfermarkt_manager_history_page,https://www.transfermarkt.com/manchester-city/mitarbeiterhistorie/verein/281/personalie_id/1/plus/1,2026-04-27T18:42:54.735190+00:00,high,,Premier League,Manchester City,42460000.0,6290000.0,36170000.0,20,14,42460000.0,6290000.0,36170000.0,season_day_overlap_prorated,Transfer totals are season-level club totals prorated by the share of season days the manager was in charge. This is useful for rough attribution but does not isolate actual transfer-window decision ownership.
premier_league,Premier League,manchester_city,Manchester City,manager,Manager,2002/03,2002,2003,453,kevin_keegan_14-02-1951,Kevin Keegan,14/02/1951,England,2001-05-24,2005-03-10,03 years 09 months 14 days,1387,176.0,77,39,60,1.53,2002-07-01,2003-06-30,365,365,1.0,transfermarkt_manager_history_page,https://www.transfermarkt.com/manchester-city/mitarbeiterhistorie/verein/281/personalie_id/1/plus/1,2026-04-27T18:42:54.735190+00:00,high,,Premier League,Manchester City,22500000.0,300000.0,22200000.0,13,16,22500000.0,300000.0,22200000.0,season_day_overlap_prorated,Transfer totals are season-level club totals prorated by the share of season days the manager was in charge. This is useful for rough attribution but does not isolate actual transfer-window decision ownership.
premier_league,Premier League,manchester_city,Manchester City,manager,Manager,2003/04,2003,2004,453,kevin_keegan_14-02-1951,Kevin Keegan,14/02/1951,England,2001-05-24,2005-03-10,03 years 09 months 14 days,1387,176.0,77,39,60,1.53,2003-07-01,2004-06-30,366,366,1.0,transfermarkt_manager_history_page,https://www.transfermarkt.com/manchester-city/mitarbeiterhistorie/verein/281/personalie_id/1/plus/1,2026-04-27T18:42:54.735190+00:00,high,,Premier League,Manchester City,14260000.0,6900000.0,7360000.0,21,23,14260000.0,6900000.0,7360000.0,season_day_overlap_prorated,Transfer totals are season-level club totals prorated by the share of season days the manager was in charge. This is useful for rough attribution but does not isolate actual transfer-window decision ownership.
premier_league,Premier League,manchester_city,Manchester City,manager,Manager,2004/05,2004,2005,453,kevin_keegan_14-02-1951,Kevin Keegan,14/02/1951,England,2001-05-24,2005-03-10,03 years 09 months 14 days,1387,176.0,77,39,60,1.53,2004-07-01,2005-03-10,253,365,0.6931506849315069,transfermarkt_manager_history_page,https://www.transfermarkt.com/manchester-city/mitarbeiterhistorie/verein/281/personalie_id/1/plus/1,2026-04-27T18:42:54.735190+00:00,high,,Premier League,Manchester City,1500000.0,7940000.0,-6440000.0,18,18,1039726.0273972603,5503616.438356165,-4463890.410958905,season_day_overlap_prorated,Transfer totals are season-level club totals prorated by the share of season days the manager was in charge. This is useful for rough attribution but does not isolate actual transfer-window decision ownership.
premier_league,Premier League,manchester_city,Manchester City,manager,Manager,2004/05,2004,2005,2090,stuart_pearce_24-04-1962,Stuart Pearce,24/04/1962,England,2005-03-11,2007-05-14,02 years 02 months 03 days,795,97.0,34,19,44,1.25,2005-03-11,2005-06-30,112,365,0.3068493150684931,transfermarkt_manager_history_page,https://www.transfermarkt.com/manchester-city/mitarbeiterhistorie/verein/281/personalie_id/1/plus/1,2026-04-27T18:42:54.735190+00:00,high,,Premier League,Manchester City,1500000.0,7940000.0,-6440000.0,18,18,460273.97260273964,2436383.561643835,-1976109.5890410957,season_day_overlap_prorated,Transfer totals are season-level club totals prorated by the share of season days the manager was in charge. This is useful for rough attribution but does not isolate actual transfer-window decision ownership.
premier_league,Premier League,manchester_city,Manchester City,manager,Manager,2005/06,2005,2006,2090,stuart_pearce_24-04-1962,Stuart Pearce,24/04/1962,England,2005-03-11,2007-05-14,02 years 02 months 03 days,795,97.0,34,19,44,1.25,2005-07-01,2006-06-30,365,365,1.0,transfermarkt_manager_history_page,https://www.transfermarkt.com/manchester-city/mitarbeiterhistorie/verein/281/personalie_id/1/plus/1,2026-04-27T18:42:54.735190+00:00,high,,Premier League,Manchester City,12480000.0,32500000.0,-20020000.0,12,13,12480000.0,32500000.0,-20020000.0,season_day_overlap_prorated,Transfer totals are season-level club totals prorated by the share of season days the manager was in charge. This is useful for rough attribution but does not isolate actual transfer-window decision ownership.
premier_league,Premier League,manchester_city,Manchester City,manager,Manager,2006/07,2006,2007,2090,stuart_pearce_24-04-1962,Stuart Pearce,24/04/1962,England,2005-03-11,2007-05-14,02 years 02 months 03 days,795,97.0,34,19,44,1.25,2006-07-01,2007-05-14,318,365,0.8712328767123287,transfermarkt_manager_history_page,https://www.transfermarkt.com/manchester-city/mitarbeiterhistorie/verein/281/personalie_id/1/plus/1,2026-04-27T18:42:54.735190+00:00,high,,Premier League,Manchester City,6500000.0,4200000.0,2300000.0,21,22,5663013.698630136,3659178.0821917807,2003835.616438356,season_day_overlap_prorated,Transfer totals are season-level club totals prorated by the share of season days the manager was in charge. This is useful for rough attribution but does not isolate actual transfer-window decision ownership.
premier_league,Premier League,manchester_city,Manchester City,manager,Manager,2007/08,2007,2008,1100,sven_g_ran_eriksson_05-02-1948,Sven-Göran Eriksson,05/02/1948,Sweden,2007-07-06,2008-06-02,10 months 27 days,333,45.0,19,11,15,1.51,2007-07-06,2008-06-02,333,366,0.9098360655737704,transfermarkt_manager_history_page,https://www.transfermarkt.com/manchester-city/mitarbeiterhistorie/verein/281/personalie_id/1/plus/1,2026-04-27T18:42:54.735190+00:00,high,,Premier League,Manchester City,77950000.0,10560000.0,67390000.0,31,26,70921721.3114754,9607868.852459015,61313852.45901639,season_day_overlap_prorated,Transfer totals are season-level club totals prorated by the share of season days the manager was in charge. This is useful for rough attribution but does not isolate actual transfer-window decision ownership.
premier_league,Premier League,manchester_city,Manchester City,manager,Manager,2007/08,2007,2008,1646,mark_hughes_01-11-1963,Mark Hughes,01/11/1963,Wales,2008-06-04,2009-12-19,01 year 06 months 15 days,564,77.0,37,15,25,1.64,2008-06-04,2008-06-30,27,366,0.0737704918032786,transfermarkt_manager_history_page,https://www.transfermarkt.com/manchester-city/mitarbeiterhistorie/verein/281/personalie_id/1/plus/1,2026-04-27T18:42:54.735190+00:00,high,,Premier League,Manchester City,77950000.0,10560000.0,67390000.0,31,26,5750409.836065567,779016.393442622,4971393.442622945,season_day_overlap_prorated,Transfer totals are season-level club totals prorated by the share of season days the manager was in charge. This is useful for rough attribution but does not isolate actual transfer-window decision ownership.
premier_league,Premier League,manchester_city,Manchester City,manager,Manager,2008/09,2008,2009,1646,mark_hughes_01-11-1963,Mark Hughes,01/11/1963,Wales,2008-06-04,2009-12-19,01 year 06 months 15 days,564,77.0,37,15,25,1.64,2008-07-01,2009-06-30,365,365,1.0,transfermarkt_manager_history_page,https://www.transfermarkt.com/manchester-city/mitarbeiterhistorie/verein/281/personalie_id/1/plus/1,2026-04-27T18:42:54.735190+00:00,high,,Premier League,Manchester City,157350000.0,26500000.0,130850000.0,25,18,157350000.0,26500000.0,130850000.0,season_day_overlap_prorated,Transfer totals are season-level club totals prorated by the share of season days the manager was in charge. This is useful for rough attribution but does not isolate actual transfer-window decision ownership.
premier_league,Premier League,manchester_city,Manchester City,manager,Manager,2009/10,2009,2010,1646,mark_hughes_01-11-1963,Mark Hughes,01/11/1963,Wales,2008-06-04,2009-12-19,01 year 06 months 15 days,564,77.0,37,15,25,1.64,2009-07-01,2009-12-19,172,365,0.4712328767123288,transfermarkt_manager_history_page,https://www.transfermarkt.com/manchester-city/mitarbeiterhistorie/verein/281/personalie_id/1/plus/1,2026-04-27T18:42:54.735190+00:00,high,,Premier League,Manchester City,147300000.0,29200000.0,118100000.0,23,29,69412602.73972602,13760000.0,55652602.73972603,season_day_overlap_prorated,Transfer totals are season-level club totals prorated by the share of season days the manager was in charge. This is useful for rough attribution but does not isolate actual transfer-window decision ownership.
premier_league,Premier League,manchester_city,Manchester City,manager,Manager,2009/10,2009,2010,524,roberto_mancini_27-11-1964,Roberto Mancini,27/11/1964,Italy,2009-12-19,2013-06-30,03 years 06 months 11 days,1290,191.0,113,38,40,1.97,2009-12-19,2010-06-30,194,365,0.5315068493150685,transfermarkt_manager_history_page,https://www.transfermarkt.com/manchester-city/mitarbeiterhistorie/verein/281/personalie_id/1/plus/1,2026-04-27T18:42:54.735190+00:00,high,,Premier League,Manchester City,147300000.0,29200000.0,118100000.0,23,29,78290958.9041096,15520000.000000002,62770958.90410959,season_day_overlap_prorated,Transfer totals are season-level club totals prorated by the share of season days the manager was in charge. This is useful for rough attribution but does not isolate actual transfer-window decision ownership.
premier_league,Premier League,manchester_city,Manchester City,manager,Manager,2010/11,2010,2011,524,roberto_mancini_27-11-1964,Roberto Mancini,27/11/1964,Italy,2009-12-19,2013-06-30,03 years 06 months 11 days,1290,191.0,113,38,40,1.97,2010-07-01,2011-06-30,365,365,1.0,transfermarkt_manager_history_page,https://www.transfermarkt.com/manchester-city/mitarbeiterhistorie/verein/281/personalie_id/1/plus/1,2026-04-27T18:42:54.735190+00:00,high,,Premier League,Manchester City,183610000.0,40150000.0,143460000.0,34,27,183610000.0,40150000.0,143460000.0,season_day_overlap_prorated,Transfer totals are season-level club totals prorated by the share of season days the manager was in charge. This is useful for rough attribution but does not isolate actual transfer-window decision ownership.
premier_league,Premier League,manchester_city,Manchester City,manager,Manager,2011/12,2011,2012,524,roberto_mancini_27-11-1964,Roberto Mancini,27/11/1964,Italy,2009-12-19,2013-06-30,03 years 06 months 11 days,1290,191.0,113,38,40,1.97,2011-07-01,2012-06-30,366,366,1.0,transfermarkt_manager_history_page,https://www.transfermarkt.com/manchester-city/mitarbeiterhistorie/verein/281/personalie_id/1/plus/1,2026-04-27T18:42:54.735190+00:00,high,,Premier League,Manchester City,91050000.0,31200000.0,59850000.0,29,35,91050000.0,31200000.0,59850000.0,season_day_overlap_prorated,Transfer totals are season-level club totals prorated by the share of season days the manager was in charge. This is useful for rough attribution but does not isolate actual transfer-window decision ownership.
premier_league,Premier League,manchester_city,Manchester City,manager,Manager,2012/13,2012,2013,524,roberto_mancini_27-11-1964,Roberto Mancini,27/11/1964,Italy,2009-12-19,2013-06-30,03 years 06 months 11 days,1290,191.0,113,38,40,1.97,2012-07-01,2013-06-30,365,365,1.0,transfermarkt_manager_history_page,https://www.transfermarkt.com/manchester-city/mitarbeiterhistorie/verein/281/personalie_id/1/plus/1,2026-04-27T18:42:54.735190+00:00,high,,Premier League,Manchester City,61950000.0,44300000.0,17650000.0,24,26,61950000.0,44300000.0,17650000.0,season_day_overlap_prorated,Transfer totals are season-level club totals prorated by the share of season days the manager was in charge. This is useful for rough attribution but does not isolate actual transfer-window decision ownership.
premier_league,Premier League,manchester_city,Manchester City,manager,Manager,2013/14,2013,2014,1558,manuel_pellegrini_16-09-1953,Manuel Pellegrini,16/09/1953,Chile | Italy,2013-07-01,2016-06-30,02 years 11 months 30 days,1096,166.0,101,27,38,1.99,2013-07-01,2014-06-30,365,365,1.0,transfermarkt_manager_history_page,https://www.transfermarkt.com/manchester-city/mitarbeiterhistorie/verein/281/personalie_id/1/plus/1,2026-04-27T18:42:54.735190+00:00,high,,Premier League,Manchester City,115500000.0,11300000.0,104200000.0,16,18,115500000.0,11300000.0,104200000.0,season_day_overlap_prorated,Transfer totals are season-level club totals prorated by the share of season days the manager was in charge. This is useful for rough attribution but does not isolate actual transfer-window decision ownership.
premier_league,Premier League,manchester_city,Manchester City,manager,Manager,2014/15,2014,2015,1558,manuel_pellegrini_16-09-1953,Manuel Pellegrini,16/09/1953,Chile | Italy,2013-07-01,2016-06-30,02 years 11 months 30 days,1096,166.0,101,27,38,1.99,2014-07-01,2015-06-30,365,365,1.0,transfermarkt_manager_history_page,https://www.transfermarkt.com/manchester-city/mitarbeiterhistorie/verein/281/personalie_id/1/plus/1,2026-04-27T18:42:54.735190+00:00,high,,Premier League,Manchester City,102800000.0,30300000.0,72500000.0,14,16,102800000.0,30300000.0,72500000.0,season_day_overlap_prorated,Transfer totals are season-level club totals prorated by the share of season days the manager was in charge. This is useful for rough attribution but does not isolate actual transfer-window decision ownership.
premier_league,Premier League,manchester_city,Manchester City,manager,Manager,2015/16,2015,2016,1558,manuel_pellegrini_16-09-1953,Manuel Pellegrini,16/09/1953,Chile | Italy,2013-07-01,2016-06-30,02 years 11 months 30 days,1096,166.0,101,27,38,1.99,2015-07-01,2016-06-30,366,366,1.0,transfermarkt_manager_history_page,https://www.transfermarkt.com/manchester-city/mitarbeiterhistorie/verein/281/personalie_id/1/plus/1,2026-04-27T18:42:54.735190+00:00,high,,Premier League,Manchester City,208470000.0,67440000.0,141030000.0,22,25,208470000.0,67440000.0,141030000.0,season_day_overlap_prorated,Transfer totals are season-level club totals prorated by the share of season days the manager was in charge. This is useful for rough attribution but does not isolate actual transfer-window decision ownership.
premier_league,Premier League,manchester_city,Manchester City,manager,Manager,2016/17,2016,2017,5672,pep_guardiola_18-01-1971,Pep Guardiola,18/01/1971,Spain,2016-07-01,,09 years 09 months 27 days,3588,587.0,420,75,92,2.27,2016-07-01,2017-06-30,365,365,1.0,transfermarkt_manager_history_page,https://www.transfermarkt.com/manchester-city/mitarbeiterhistorie/verein/281/personalie_id/1/plus/1,2026-04-27T18:42:54.735190+00:00,high,Manager spell appears ongoing on the collection date. Ongoing manager spell; overlap calculated through the collection date or season end.,Premier League,Manchester City,216250000.0,35350000.0,180900000.0,31,25,216250000.0,35350000.0,180900000.0,season_day_overlap_prorated,Transfer totals are season-level club totals prorated by the share of season days the manager was in charge. This is useful for rough attribution but does not isolate actual transfer-window decision ownership.
premier_league,Premier League,manchester_city,Manchester City,manager,Manager,2017/18,2017,2018,5672,pep_guardiola_18-01-1971,Pep Guardiola,18/01/1971,Spain,2016-07-01,,09 years 09 months 27 days,3588,587.0,420,75,92,2.27,2017-07-01,2018-06-30,365,365,1.0,transfermarkt_manager_history_page,https://www.transfermarkt.com/manchester-city/mitarbeiterhistorie/verein/281/personalie_id/1/plus/1,2026-04-27T18:42:54.735190+00:00,high,Manager spell appears ongoing on the collection date. Ongoing manager spell; overlap calculated through the collection date or season end.,Premier League,Manchester City,317500000.0,91350000.0,226150000.0,31,32,317500000.0,91350000.0,226150000.0,season_day_overlap_prorated,Transfer totals are season-level club totals prorated by the share of season days the manager was in charge. This is useful for rough attribution but does not isolate actual transfer-window decision ownership.
premier_league,Premier League,manchester_city,Manchester City,manager,Manager,2018/19,2018,2019,5672,pep_guardiola_18-01-1971,Pep Guardiola,18/01/1971,Spain,2016-07-01,,09 years 09 months 27 days,3588,587.0,420,75,92,2.27,2018-07-01,2019-06-30,365,365,1.0,transfermarkt_manager_history_page,https://www.transfermarkt.com/manchester-city/mitarbeiterhistorie/verein/281/personalie_id/1/plus/1,2026-04-27T18:42:54.735190+00:00,high,Manager spell appears ongoing on the collection date. Ongoing manager spell; overlap calculated through the collection date or season end.,Premier League,Manchester City,78590000.0,57600000.0,20990000.0,19,22,78590000.0,57600000.0,20990000.0,season_day_overlap_prorated,Transfer totals are season-level club totals prorated by the share of season days the manager was in charge. This is useful for rough attribution but does not isolate actual transfer-window decision ownership.
premier_league,Premier League,manchester_city,Manchester City,manager,Manager,2019/20,2019,2020,5672,pep_guardiola_18-01-1971,Pep Guardiola,18/01/1971,Spain,2016-07-01,,09 years 09 months 27 days,3588,587.0,420,75,92,2.27,2019-07-01,2020-06-30,366,366,1.0,transfermarkt_manager_history_page,https://www.transfermarkt.com/manchester-city/mitarbeiterhistorie/verein/281/personalie_id/1/plus/1,2026-04-27T18:42:54.735190+00:00,high,Manager spell appears ongoing on the collection date. Ongoing manager spell; overlap calculated through the collection date or season end.,Premier League,Manchester City,169820000.0,71000000.0,98820000.0,25,26,169820000.0,71000000.0,98820000.0,season_day_overlap_prorated,Transfer totals are season-level club totals prorated by the share of season days the manager was in charge. This is useful for rough attribution but does not isolate actual transfer-window decision ownership.
premier_league,Premier League,manchester_city,Manchester City,manager,Manager,2020/21,2020,2021,5672,pep_guardiola_18-01-1971,Pep Guardiola,18/01/1971,Spain,2016-07-01,,09 years 09 months 27 days,3588,587.0,420,75,92,2.27,2020-07-01,2021-06-30,365,365,1.0,transfermarkt_manager_history_page,https://www.transfermarkt.com/manchester-city/mitarbeiterhistorie/verein/281/personalie_id/1/plus/1,2026-04-27T18:42:54.735190+00:00,high,Manager spell appears ongoing on the collection date. Ongoing manager spell; overlap calculated through the collection date or season end.,Premier League,Manchester City,173400000.0,64000000.0,109400000.0,27,27,173400000.0,64000000.0,109400000.0,season_day_overlap_prorated,Transfer totals are season-level club totals prorated by the share of season days the manager was in charge. This is useful for rough attribution but does not isolate actual transfer-window decision ownership.
premier_league,Premier League,manchester_city,Manchester City,manager,Manager,2021/22,2021,2022,5672,pep_guardiola_18-01-1971,Pep Guardiola,18/01/1971,Spain,2016-07-01,,09 years 09 months 27 days,3588,587.0,420,75,92,2.27,2021-07-01,2022-06-30,365,365,1.0,transfermarkt_manager_history_page,https://www.transfermarkt.com/manchester-city/mitarbeiterhistorie/verein/281/personalie_id/1/plus/1,2026-04-27T18:42:54.735190+00:00,high,Manager spell appears ongoing on the collection date. Ongoing manager spell; overlap calculated through the collection date or season end.,Premier League,Manchester City,138900000.0,93800000.0,45100000.0,22,24,138900000.0,93800000.0,45100000.0,season_day_overlap_prorated,Transfer totals are season-level club totals prorated by the share of season days the manager was in charge. This is useful for rough attribution but does not isolate actual transfer-window decision ownership.
premier_league,Premier League,manchester_city,Manchester City,manager,Manager,2022/23,2022,2023,5672,pep_guardiola_18-01-1971,Pep Guardiola,18/01/1971,Spain,2016-07-01,,09 years 09 months 27 days,3588,587.0,420,75,92,2.27,2022-07-01,2023-06-30,365,365,1.0,transfermarkt_manager_history_page,https://www.transfermarkt.com/manchester-city/mitarbeiterhistorie/verein/281/personalie_id/1/plus/1,2026-04-27T18:42:54.735190+00:00,high,Manager spell appears ongoing on the collection date. Ongoing manager spell; overlap calculated through the collection date or season end.,Premier League,Manchester City,155000000.0,162170000.0,-7170000.0,29,24,155000000.0,162170000.0,-7170000.0,season_day_overlap_prorated,Transfer totals are season-level club totals prorated by the share of season days the manager was in charge. This is useful for rough attribution but does not isolate actual transfer-window decision ownership.
premier_league,Premier League,manchester_city,Manchester City,manager,Manager,2023/24,2023,2024,5672,pep_guardiola_18-01-1971,Pep Guardiola,18/01/1971,Spain,2016-07-01,,09 years 09 months 27 days,3588,587.0,420,75,92,2.27,2023-07-01,2024-06-30,366,366,1.0,transfermarkt_manager_history_page,https://www.transfermarkt.com/manchester-city/mitarbeiterhistorie/verein/281/personalie_id/1/plus/1,2026-04-27T18:42:54.735190+00:00,high,Manager spell appears ongoing on the collection date. Ongoing manager spell; overlap calculated through the collection date or season end.,Premier League,Manchester City,259600000.00000003,138800000.0,120800000.00000004,19,21,259600000.00000003,138800000.0,120800000.00000004,season_day_overlap_prorated,Transfer totals are season-level club totals prorated by the share of season days the manager was in charge. This is useful for rough attribution but does not isolate actual transfer-window decision ownership.
premier_league,Premier League,manchester_city,Manchester City,manager,Manager,2024/25,2024,2025,5672,pep_guardiola_18-01-1971,Pep Guardiola,18/01/1971,Spain,2016-07-01,,09 years 09 months 27 days,3588,587.0,420,75,92,2.27,2024-07-01,2025-06-30,365,365,1.0,transfermarkt_manager_history_page,https://www.transfermarkt.com/manchester-city/mitarbeiterhistorie/verein/281/personalie_id/1/plus/1,2026-04-27T18:42:54.735190+00:00,high,Manager spell appears ongoing on the collection date. Ongoing manager spell; overlap calculated through the collection date or season end.,Premier League,Manchester City,243000000.0,141700000.0,101300000.0,15,13,243000000.0,141700000.0,101300000.0,season_day_overlap_prorated,Transfer totals are season-level club totals prorated by the share of season days the manager was in charge. This is useful for rough attribution but does not isolate actual transfer-window decision ownership.
premier_league,Premier League,manchester_city,Manchester City,manager,Manager,2025/26,2025,2026,5672,pep_guardiola_18-01-1971,Pep Guardiola,18/01/1971,Spain,2016-07-01,,09 years 09 months 27 days,3588,587.0,420,75,92,2.27,2025-07-01,2026-04-27,301,365,0.8246575342465754,transfermarkt_manager_history_page,https://www.transfermarkt.com/manchester-city/mitarbeiterhistorie/verein/281/personalie_id/1/plus/1,2026-04-27T18:42:54.735190+00:00,high,Manager spell appears ongoing on the collection date. Ongoing manager spell; overlap calculated through the collection date or season end.,Premier League,Manchester City,301800000.0,102280000.0,199520000.0,21,20,248881643.83561647,84345972.60273974,164535671.23287672,season_day_overlap_prorated,Transfer totals are season-level club totals prorated by the share of season days the manager was in charge. This is useful for rough attribution but does not isolate actual transfer-window decision ownership.
premier_league,Premier League,manchester_united,Manchester United,manager,Manager,1990/91,1990,1991,4,alex_ferguson_31-12-1941,Alex Ferguson,31/12/1941,Scotland,1986-11-06,2013-06-30,26 years 07 months 24 days,9734,1499.0,902,326,271,2.02,1990-07-01,1991-06-30,365,365,1.0,transfermarkt_manager_history_page,https://www.transfermarkt.com/manchester-united/mitarbeiterhistorie/verein/985/personalie_id/1/plus/1,2026-04-27T18:42:56.688983+00:00,high,,Premier League,Manchester United,1180000.0,236000.0,944000.0,17,11,1180000.0,236000.0,944000.0,season_day_overlap_prorated,Transfer totals are season-level club totals prorated by the share of season days the manager was in charge. This is useful for rough attribution but does not isolate actual transfer-window decision ownership.
premier_league,Premier League,manchester_united,Manchester United,manager,Manager,1991/92,1991,1992,4,alex_ferguson_31-12-1941,Alex Ferguson,31/12/1941,Scotland,1986-11-06,2013-06-30,26 years 07 months 24 days,9734,1499.0,902,326,271,2.02,1991-07-01,1992-06-30,366,366,1.0,transfermarkt_manager_history_page,https://www.transfermarkt.com/manchester-united/mitarbeiterhistorie/verein/985/personalie_id/1/plus/1,2026-04-27T18:42:56.688983+00:00,high,,Premier League,Manchester United,3180000.0,58000.0,3122000.0,9,15,3180000.0,58000.0,3122000.0,season_day_overlap_prorated,Transfer totals are season-level club totals prorated by the share of season days the manager was in charge. This is useful for rough attribution but does not isolate actual transfer-window decision ownership.
premier_league,Premier League,manchester_united,Manchester United,manager,Manager,1992/93,1992,1993,4,alex_ferguson_31-12-1941,Alex Ferguson,31/12/1941,Scotland,1986-11-06,2013-06-30,26 years 07 months 24 days,9734,1499.0,902,326,271,2.02,1992-07-01,1993-06-30,365,365,1.0,transfermarkt_manager_history_page,https://www.transfermarkt.com/manchester-united/mitarbeiterhistorie/verein/985/personalie_id/1/plus/1,2026-04-27T18:42:56.688983+00:00,high,,Premier League,Manchester United,3530000.0,2220000.0,1310000.0,18,11,3530000.0,2220000.0,1310000.0,season_day_overlap_prorated,Transfer totals are season-level club totals prorated by the share of season days the manager was in charge. This is useful for rough attribution but does not isolate actual transfer-window decision ownership.
premier_league,Premier League,manchester_united,Manchester United,manager,Manager,1993/94,1993,1994,4,alex_ferguson_31-12-1941,Alex Ferguson,31/12/1941,Scotland,1986-11-06,2013-06-30,26 years 07 months 24 days,9734,1499.0,902,326,271,2.02,1993-07-01,1994-06-30,365,365,1.0,transfermarkt_manager_history_page,https://www.transfermarkt.com/manchester-united/mitarbeiterhistorie/verein/985/personalie_id/1/plus/1,2026-04-27T18:42:56.688983+00:00,high,,Premier League,Manchester United,4400000.0,968000.0,3432000.0,7,10,4400000.0,968000.0,3432000.0,season_day_overlap_prorated,Transfer totals are season-level club totals prorated by the share of season days the manager was in charge. This is useful for rough attribution but does not isolate actual transfer-window decision ownership.
premier_league,Premier League,manchester_united,Manchester United,manager,Manager,1994/95,1994,1995,4,alex_ferguson_31-12-1941,Alex Ferguson,31/12/1941,Scotland,1986-11-06,2013-06-30,26 years 07 months 24 days,9734,1499.0,902,326,271,2.02,1994-07-01,1995-06-30,365,365,1.0,transfermarkt_manager_history_page,https://www.transfermarkt.com/manchester-united/mitarbeiterhistorie/verein/985/personalie_id/1/plus/1,2026-04-27T18:42:56.688983+00:00,high,,Premier League,Manchester United,11820000.0,5080000.0,6740000.0,12,12,11820000.0,5080000.0,6740000.0,season_day_overlap_prorated,Transfer totals are season-level club totals prorated by the share of season days the manager was in charge. This is useful for rough attribution but does not isolate actual transfer-window decision ownership.
premier_league,Premier League,manchester_united,Manchester United,manager,Manager,1995/96,1995,1996,4,alex_ferguson_31-12-1941,Alex Ferguson,31/12/1941,Scotland,1986-11-06,2013-06-30,26 years 07 months 24 days,9734,1499.0,902,326,271,2.02,1995-07-01,1996-06-30,366,366,1.0,transfermarkt_manager_history_page,https://www.transfermarkt.com/manchester-united/mitarbeiterhistorie/verein/985/personalie_id/1/plus/1,2026-04-27T18:42:56.688983+00:00,high,,Premier League,Manchester United,575000.0,20730000.0,-20155000.0,14,15,575000.0,20730000.0,-20155000.0,season_day_overlap_prorated,Transfer totals are season-level club totals prorated by the share of season days the manager was in charge. This is useful for rough attribution but does not isolate actual transfer-window decision ownership.
premier_league,Premier League,manchester_united,Manchester United,manager,Manager,1996/97,1996,1997,4,alex_ferguson_31-12-1941,Alex Ferguson,31/12/1941,Scotland,1986-11-06,2013-06-30,26 years 07 months 24 days,9734,1499.0,902,326,271,2.02,1996-07-01,1997-06-30,365,365,1.0,transfermarkt_manager_history_page,https://www.transfermarkt.com/manchester-united/mitarbeiterhistorie/verein/985/personalie_id/1/plus/1,2026-04-27T18:42:56.688983+00:00,high,,Premier League,Manchester United,16530000.000000002,7430000.0,9100000.000000002,17,14,16530000.000000002,7430000.0,9100000.000000002,season_day_overlap_prorated,Transfer totals are season-level club totals prorated by the share of season days the manager was in charge. This is useful for rough attribution but does not isolate actual transfer-window decision ownership.
premier_league,Premier League,manchester_united,Manchester United,manager,Manager,1997/98,1997,1998,4,alex_ferguson_31-12-1941,Alex Ferguson,31/12/1941,Scotland,1986-11-06,2013-06-30,26 years 07 months 24 days,9734,1499.0,902,326,271,2.02,1997-07-01,1998-06-30,365,365,1.0,transfermarkt_manager_history_page,https://www.transfermarkt.com/manchester-united/mitarbeiterhistorie/verein/985/personalie_id/1/plus/1,2026-04-27T18:42:56.688983+00:00,high,,Premier League,Manchester United,8250000.0,4830000.0,3420000.0,21,19,8250000.0,4830000.0,3420000.0,season_day_overlap_prorated,Transfer totals are season-level club totals prorated by the share of season days the manager was in charge. This is useful for rough attribution but does not isolate actual transfer-window decision ownership.
premier_league,Premier League,manchester_united,Manchester United,manager,Manager,1998/99,1998,1999,4,alex_ferguson_31-12-1941,Alex Ferguson,31/12/1941,Scotland,1986-11-06,2013-06-30,26 years 07 months 24 days,9734,1499.0,902,326,271,2.02,1998-07-01,1999-06-30,365,365,1.0,transfermarkt_manager_history_page,https://www.transfermarkt.com/manchester-united/mitarbeiterhistorie/verein/985/personalie_id/1/plus/1,2026-04-27T18:42:56.688983+00:00,high,,Premier League,Manchester United,44750000.0,4500000.0,40250000.0,13,19,44750000.0,4500000.0,40250000.0,season_day_overlap_prorated,Transfer totals are season-level club totals prorated by the share of season days the manager was in charge. This is useful for rough attribution but does not isolate actual transfer-window decision ownership.
premier_league,Premier League,manchester_united,Manchester United,manager,Manager,1999/00,1999,2000,4,alex_ferguson_31-12-1941,Alex Ferguson,31/12/1941,Scotland,1986-11-06,2013-06-30,26 years 07 months 24 days,9734,1499.0,902,326,271,2.02,1999-07-01,2000-06-30,366,366,1.0,transfermarkt_manager_history_page,https://www.transfermarkt.com/manchester-united/mitarbeiterhistorie/verein/985/personalie_id/1/plus/1,2026-04-27T18:42:56.688983+00:00,high,,Premier League,Manchester United,13250000.0,350000.0,12900000.0,21,13,13250000.0,350000.0,12900000.0,season_day_overlap_prorated,Transfer totals are season-level club totals prorated by the share of season days the manager was in charge. This is useful for rough attribution but does not isolate actual transfer-window decision ownership.
premier_league,Premier League,manchester_united,Manchester United,manager,Manager,2000/01,2000,2001,4,alex_ferguson_31-12-1941,Alex Ferguson,31/12/1941,Scotland,1986-11-06,2013-06-30,26 years 07 months 24 days,9734,1499.0,902,326,271,2.02,2000-07-01,2001-06-30,365,365,1.0,transfermarkt_manager_history_page,https://www.transfermarkt.com/manchester-united/mitarbeiterhistorie/verein/985/personalie_id/1/plus/1,2026-04-27T18:42:56.688983+00:00,high,,Premier League,Manchester United,11700000.0,13880000.0,-2180000.0,14,17,11700000.0,13880000.0,-2180000.0,season_day_overlap_prorated,Transfer totals are season-level club totals prorated by the share of season days the manager was in charge. This is useful for rough attribution but does not isolate actual transfer-window decision ownership.
premier_league,Premier League,manchester_united,Manchester United,manager,Manager,2001/02,2001,2002,4,alex_ferguson_31-12-1941,Alex Ferguson,31/12/1941,Scotland,1986-11-06,2013-06-30,26 years 07 months 24 days,9734,1499.0,902,326,271,2.02,2001-07-01,2002-06-30,365,365,1.0,transfermarkt_manager_history_page,https://www.transfermarkt.com/manchester-united/mitarbeiterhistorie/verein/985/personalie_id/1/plus/1,2026-04-27T18:42:56.688983+00:00,high,,Premier League,Manchester United,85850000.0,43600000.0,42250000.0,22,17,85850000.0,43600000.0,42250000.0,season_day_overlap_prorated,Transfer totals are season-level club totals prorated by the share of season days the manager was in charge. This is useful for rough attribution but does not isolate actual transfer-window decision ownership.
premier_league,Premier League,manchester_united,Manchester United,manager,Manager,2002/03,2002,2003,4,alex_ferguson_31-12-1941,Alex Ferguson,31/12/1941,Scotland,1986-11-06,2013-06-30,26 years 07 months 24 days,9734,1499.0,902,326,271,2.02,2002-07-01,2003-06-30,365,365,1.0,transfermarkt_manager_history_page,https://www.transfermarkt.com/manchester-united/mitarbeiterhistorie/verein/985/personalie_id/1/plus/1,2026-04-27T18:42:56.688983+00:00,high,,Premier League,Manchester United,48530000.0,3500000.0,45030000.0,13,15,48530000.0,3500000.0,45030000.0,season_day_overlap_prorated,Transfer totals are season-level club totals prorated by the share of season days the manager was in charge. This is useful for rough attribution but does not isolate actual transfer-window decision ownership.
premier_league,Premier League,manchester_united,Manchester United,manager,Manager,2003/04,2003,2004,4,alex_ferguson_31-12-1941,Alex Ferguson,31/12/1941,Scotland,1986-11-06,2013-06-30,26 years 07 months 24 days,9734,1499.0,902,326,271,2.02,2003-07-01,2004-06-30,366,366,1.0,transfermarkt_manager_history_page,https://www.transfermarkt.com/manchester-united/mitarbeiterhistorie/verein/985/personalie_id/1/plus/1,2026-04-27T18:42:56.688983+00:00,high,,Premier League,Manchester United,56530000.0,59300000.0,-2770000.0,26,29,56530000.0,59300000.0,-2770000.0,season_day_overlap_prorated,Transfer totals are season-level club totals prorated by the share of season days the manager was in charge. This is useful for rough attribution but does not isolate actual transfer-window decision ownership.
premier_league,Premier League,manchester_united,Manchester United,manager,Manager,2004/05,2004,2005,4,alex_ferguson_31-12-1941,Alex Ferguson,31/12/1941,Scotland,1986-11-06,2013-06-30,26 years 07 months 24 days,9734,1499.0,902,326,271,2.02,2004-07-01,2005-06-30,365,365,1.0,transfermarkt_manager_history_page,https://www.transfermarkt.com/manchester-united/mitarbeiterhistorie/verein/985/personalie_id/1/plus/1,2026-04-27T18:42:56.688983+00:00,high,,Premier League,Manchester United,61250000.0,9670000.0,51580000.0,20,21,61250000.0,9670000.0,51580000.0,season_day_overlap_prorated,Transfer totals are season-level club totals prorated by the share of season days the manager was in charge. This is useful for rough attribution but does not isolate actual transfer-window decision ownership.
premier_league,Premier League,manchester_united,Manchester United,manager,Manager,2005/06,2005,2006,4,alex_ferguson_31-12-1941,Alex Ferguson,31/12/1941,Scotland,1986-11-06,2013-06-30,26 years 07 months 24 days,9734,1499.0,902,326,271,2.02,2005-07-01,2006-06-30,365,365,1.0,transfermarkt_manager_history_page,https://www.transfermarkt.com/manchester-united/mitarbeiterhistorie/verein/985/personalie_id/1/plus/1,2026-04-27T18:42:56.688983+00:00,high,,Premier League,Manchester United,31800000.0,7900000.0,23900000.0,24,27,31800000.0,7900000.0,23900000.0,season_day_overlap_prorated,Transfer totals are season-level club totals prorated by the share of season days the manager was in charge. This is useful for rough attribution but does not isolate actual transfer-window decision ownership.
premier_league,Premier League,manchester_united,Manchester United,manager,Manager,2006/07,2006,2007,4,alex_ferguson_31-12-1941,Alex Ferguson,31/12/1941,Scotland,1986-11-06,2013-06-30,26 years 07 months 24 days,9734,1499.0,902,326,271,2.02,2006-07-01,2007-06-30,365,365,1.0,transfermarkt_manager_history_page,https://www.transfermarkt.com/manchester-united/mitarbeiterhistorie/verein/985/personalie_id/1/plus/1,2026-04-27T18:42:56.688983+00:00,high,,Premier League,Manchester United,27200000.0,18000000.0,9200000.0,23,26,27200000.0,18000000.0,9200000.0,season_day_overlap_prorated,Transfer totals are season-level club totals prorated by the share of season days the manager was in charge. This is useful for rough attribution but does not isolate actual transfer-window decision ownership.
premier_league,Premier League,manchester_united,Manchester United,manager,Manager,2007/08,2007,2008,4,alex_ferguson_31-12-1941,Alex Ferguson,31/12/1941,Scotland,1986-11-06,2013-06-30,26 years 07 months 24 days,9734,1499.0,902,326,271,2.02,2007-07-01,2008-06-30,366,366,1.0,transfermarkt_manager_history_page,https://www.transfermarkt.com/manchester-united/mitarbeiterhistorie/verein/985/personalie_id/1/plus/1,2026-04-27T18:42:56.688983+00:00,high,,Premier League,Manchester United,106500000.0,46600000.0,59900000.0,25,22,106500000.0,46600000.0,59900000.0,season_day_overlap_prorated,Transfer totals are season-level club totals prorated by the share of season days the manager was in charge. This is useful for rough attribution but does not isolate actual transfer-window decision ownership.
premier_league,Premier League,manchester_united,Manchester United,manager,Manager,2008/09,2008,2009,4,alex_ferguson_31-12-1941,Alex Ferguson,31/12/1941,Scotland,1986-11-06,2013-06-30,26 years 07 months 24 days,9734,1499.0,902,326,271,2.02,2008-07-01,2009-06-30,365,365,1.0,transfermarkt_manager_history_page,https://www.transfermarkt.com/manchester-united/mitarbeiterhistorie/verein/985/personalie_id/1/plus/1,2026-04-27T18:42:56.688983+00:00,high,,Premier League,Manchester United,45250000.0,7450000.0,37800000.0,16,17,45250000.0,7450000.0,37800000.0,season_day_overlap_prorated,Transfer totals are season-level club totals prorated by the share of season days the manager was in charge. This is useful for rough attribution but does not isolate actual transfer-window decision ownership.
premier_league,Premier League,manchester_united,Manchester United,manager,Manager,2009/10,2009,2010,4,alex_ferguson_31-12-1941,Alex Ferguson,31/12/1941,Scotland,1986-11-06,2013-06-30,26 years 07 months 24 days,9734,1499.0,902,326,271,2.02,2009-07-01,2010-06-30,365,365,1.0,transfermarkt_manager_history_page,https://www.transfermarkt.com/manchester-united/mitarbeiterhistorie/verein/985/personalie_id/1/plus/1,2026-04-27T18:42:56.688983+00:00,high,,Premier League,Manchester United,27300000.0,104470000.0,-77170000.0,17,17,27300000.0,104470000.0,-77170000.0,season_day_overlap_prorated,Transfer totals are season-level club totals prorated by the share of season days the manager was in charge. This is useful for rough attribution but does not isolate actual transfer-window decision ownership.
premier_league,Premier League,manchester_united,Manchester United,manager,Manager,2010/11,2010,2011,4,alex_ferguson_31-12-1941,Alex Ferguson,31/12/1941,Scotland,1986-11-06,2013-06-30,26 years 07 months 24 days,9734,1499.0,902,326,271,2.02,2010-07-01,2011-06-30,365,365,1.0,transfermarkt_manager_history_page,https://www.transfermarkt.com/manchester-united/mitarbeiterhistorie/verein/985/personalie_id/1/plus/1,2026-04-27T18:42:56.688983+00:00,high,,Premier League,Manchester United,29300000.0,16970000.0,12330000.0,16,18,29300000.0,16970000.0,12330000.0,season_day_overlap_prorated,Transfer totals are season-level club totals prorated by the share of season days the manager was in charge. This is useful for rough attribution but does not isolate actual transfer-window decision ownership.
premier_league,Premier League,manchester_united,Manchester United,manager,Manager,2011/12,2011,2012,4,alex_ferguson_31-12-1941,Alex Ferguson,31/12/1941,Scotland,1986-11-06,2013-06-30,26 years 07 months 24 days,9734,1499.0,902,326,271,2.02,2011-07-01,2012-06-30,366,366,1.0,transfermarkt_manager_history_page,https://www.transfermarkt.com/manchester-united/mitarbeiterhistorie/verein/985/personalie_id/1/plus/1,2026-04-27T18:42:56.688983+00:00,high,,Premier League,Manchester United,62300000.0,12900000.0,49400000.0,15,18,62300000.0,12900000.0,49400000.0,season_day_overlap_prorated,Transfer totals are season-level club totals prorated by the share of season days the manager was in charge. This is useful for rough attribution but does not isolate actual transfer-window decision ownership.
premier_league,Premier League,manchester_united,Manchester United,manager,Manager,2012/13,2012,2013,4,alex_ferguson_31-12-1941,Alex Ferguson,31/12/1941,Scotland,1986-11-06,2013-06-30,26 years 07 months 24 days,9734,1499.0,902,326,271,2.02,2012-07-01,2013-06-30,365,365,1.0,transfermarkt_manager_history_page,https://www.transfermarkt.com/manchester-united/mitarbeiterhistorie/verein/985/personalie_id/1/plus/1,2026-04-27T18:42:56.688983+00:00,high,,Premier League,Manchester United,76450000.0,9650000.0,66800000.0,18,15,76450000.0,9650000.0,66800000.0,season_day_overlap_prorated,Transfer totals are season-level club totals prorated by the share of season days the manager was in charge. This is useful for rough attribution but does not isolate actual transfer-window decision ownership.
premier_league,Premier League,manchester_united,Manchester United,manager,Manager,2013/14,2013,2014,450,david_moyes_25-04-1963,David Moyes,25/04/1963,Scotland,2013-07-01,2014-04-22,09 months 22 days,296,51.0,26,10,15,1.73,2013-07-01,2014-04-22,296,365,0.810958904109589,transfermarkt_manager_history_page,https://www.transfermarkt.com/manchester-united/mitarbeiterhistorie/verein/985/personalie_id/1/plus/1,2026-04-27T18:42:56.688983+00:00,high,,Premier League,Manchester United,77130000.0,1800000.0,75330000.0,18,20,62549260.2739726,1459726.0273972603,61089534.24657534,season_day_overlap_prorated,Transfer totals are season-level club totals prorated by the share of season days the manager was in charge. This is useful for rough attribution but does not isolate actual transfer-window decision ownership.
premier_league,Premier League,manchester_united,Manchester United,manager,Manager,2014/15,2014,2015,2029,louis_van_gaal_08-08-1951,Louis van Gaal,08/08/1951,Netherlands,2014-07-14,2016-05-23,01 year 10 months 09 days,680,103.0,54,24,25,1.81,2014-07-14,2015-06-30,352,365,0.9643835616438357,transfermarkt_manager_history_page,https://www.transfermarkt.com/manchester-united/mitarbeiterhistorie/verein/985/personalie_id/1/plus/1,2026-04-27T18:42:56.688983+00:00,high,,Premier League,Manchester United,195350000.0,46700000.0,148650000.0,25,26,188392328.76712328,45036712.32876713,143355616.43835616,season_day_overlap_prorated,Transfer totals are season-level club totals prorated by the share of season days the manager was in charge. This is useful for rough attribution but does not isolate actual transfer-window decision ownership.
premier_league,Premier League,manchester_united,Manchester United,manager,Manager,2015/16,2015,2016,2029,louis_van_gaal_08-08-1951,Louis van Gaal,08/08/1951,Netherlands,2014-07-14,2016-05-23,01 year 10 months 09 days,680,103.0,54,24,25,1.81,2015-07-01,2016-05-23,328,366,0.8961748633879781,transfermarkt_manager_history_page,https://www.transfermarkt.com/manchester-united/mitarbeiterhistorie/verein/985/personalie_id/1/plus/1,2026-04-27T18:42:56.688983+00:00,high,,Premier League,Manchester United,156000000.0,100670000.0,55330000.0,21,20,139803278.6885246,90217923.49726775,49585355.19125683,season_day_overlap_prorated,Transfer totals are season-level club totals prorated by the share of season days the manager was in charge. This is useful for rough attribution but does not isolate actual transfer-window decision ownership.
premier_league,Premier League,manchester_united,Manchester United,manager,Manager,2016/17,2016,2017,781,jos_mourinho_26-01-1963,José Mourinho,26/01/1963,Portugal,2016-07-01,2018-12-18,02 years 05 months 17 days,901,144.0,84,31,29,1.97,2016-07-01,2017-06-30,365,365,1.0,transfermarkt_manager_history_page,https://www.transfermarkt.com/manchester-united/mitarbeiterhistorie/verein/985/personalie_id/1/plus/1,2026-04-27T18:42:56.688983+00:00,high,,Premier League,Manchester United,185000000.0,47250000.0,137750000.0,8,13,185000000.0,47250000.0,137750000.0,season_day_overlap_prorated,Transfer totals are season-level club totals prorated by the share of season days the manager was in charge. This is useful for rough attribution but does not isolate actual transfer-window decision ownership.
premier_league,Premier League,manchester_united,Manchester United,manager,Manager,2017/18,2017,2018,781,jos_mourinho_26-01-1963,José Mourinho,26/01/1963,Portugal,2016-07-01,2018-12-18,02 years 05 months 17 days,901,144.0,84,31,29,1.97,2017-07-01,2018-06-30,365,365,1.0,transfermarkt_manager_history_page,https://www.transfermarkt.com/manchester-united/mitarbeiterhistorie/verein/985/personalie_id/1/plus/1,2026-04-27T18:42:56.688983+00:00,high,,Premier League,Manchester United,198400000.0,45500000.0,152900000.0,12,10,198400000.0,45500000.0,152900000.0,season_day_overlap_prorated,Transfer totals are season-level club totals prorated by the share of season days the manager was in charge. This is useful for rough attribution but does not isolate actual transfer-window decision ownership.
premier_league,Premier League,manchester_united,Manchester United,manager,Manager,2018/19,2018,2019,781,jos_mourinho_26-01-1963,José Mourinho,26/01/1963,Portugal,2016-07-01,2018-12-18,02 years 05 months 17 days,901,144.0,84,31,29,1.97,2018-07-01,2018-12-18,171,365,0.4684931506849315,transfermarkt_manager_history_page,https://www.transfermarkt.com/manchester-united/mitarbeiterhistorie/verein/985/personalie_id/1/plus/1,2026-04-27T18:42:56.688983+00:00,high,,Premier League,Manchester United,82700000.0,30550000.0,52150000.0,10,10,38744383.56164384,14312465.753424658,24431917.80821918,season_day_overlap_prorated,Transfer totals are season-level club totals prorated by the share of season days the manager was in charge. This is useful for rough attribution but does not isolate actual transfer-window decision ownership.
premier_league,Premier League,manchester_united,Manchester United,manager,Manager,2018/19,2018,2019,7286,ole_gunnar_solskjaer_26-02-1973,Ole Gunnar Solskjaer,26/02/1973,Norway,2019-03-28,2021-11-21,02 years 07 months 24 days,970,149.0,78,33,38,1.79,2019-03-28,2019-06-30,95,365,0.2602739726027397,transfermarkt_manager_history_page,https://www.transfermarkt.com/manchester-united/mitarbeiterhistorie/verein/985/personalie_id/1/plus/1,2026-04-27T18:42:56.688983+00:00,high,,Premier League,Manchester United,82700000.0,30550000.0,52150000.0,10,10,21524657.534246575,7951369.863013698,13573287.671232875,season_day_overlap_prorated,Transfer totals are season-level club totals prorated by the share of season days the manager was in charge. This is useful for rough attribution but does not isolate actual transfer-window decision ownership.
premier_league,Premier League,manchester_united,Manchester United,manager,Manager,2019/20,2019,2020,7286,ole_gunnar_solskjaer_26-02-1973,Ole Gunnar Solskjaer,26/02/1973,Norway,2019-03-28,2021-11-21,02 years 07 months 24 days,970,149.0,78,33,38,1.79,2019-07-01,2020-06-30,366,366,1.0,transfermarkt_manager_history_page,https://www.transfermarkt.com/manchester-united/mitarbeiterhistorie/verein/985/personalie_id/1/plus/1,2026-04-27T18:42:56.688983+00:00,high,,Premier League,Manchester United,236800000.0,81180000.0,155620000.0,13,12,236800000.0,81180000.0,155620000.0,season_day_overlap_prorated,Transfer totals are season-level club totals prorated by the share of season days the manager was in charge. This is useful for rough attribution but does not isolate actual transfer-window decision ownership.
premier_league,Premier League,manchester_united,Manchester United,manager,Manager,2020/21,2020,2021,7286,ole_gunnar_solskjaer_26-02-1973,Ole Gunnar Solskjaer,26/02/1973,Norway,2019-03-28,2021-11-21,02 years 07 months 24 days,970,149.0,78,33,38,1.79,2020-07-01,2021-06-30,365,365,1.0,transfermarkt_manager_history_page,https://www.transfermarkt.com/manchester-united/mitarbeiterhistorie/verein/985/personalie_id/1/plus/1,2026-04-27T18:42:56.688983+00:00,high,,Premier League,Manchester United,89950000.0,19500000.0,70450000.0,17,17,89950000.0,19500000.0,70450000.0,season_day_overlap_prorated,Transfer totals are season-level club totals prorated by the share of season days the manager was in charge. This is useful for rough attribution but does not isolate actual transfer-window decision ownership.
premier_league,Premier League,manchester_united,Manchester United,manager,Manager,2021/22,2021,2022,7286,ole_gunnar_solskjaer_26-02-1973,Ole Gunnar Solskjaer,26/02/1973,Norway,2019-03-28,2021-11-21,02 years 07 months 24 days,970,149.0,78,33,38,1.79,2021-07-01,2021-11-21,144,365,0.3945205479452054,transfermarkt_manager_history_page,https://www.transfermarkt.com/manchester-united/mitarbeiterhistorie/verein/985/personalie_id/1/plus/1,2026-04-27T18:42:56.688983+00:00,high,,Premier League,Manchester United,142000000.0,31100000.0,110900000.0,16,14,56021917.80821917,12269589.041095888,43752328.76712328,season_day_overlap_prorated,Transfer totals are season-level club totals prorated by the share of season days the manager was in charge. This is useful for rough attribution but does not isolate actual transfer-window decision ownership.
premier_league,Premier League,manchester_united,Manchester United,manager,Manager,2022/23,2022,2023,3816,erik_ten_hag_02-02-1970,Erik ten Hag,02/02/1970,Netherlands,2022-07-01,2024-10-28,02 years 03 months 27 days,851,128.0,72,20,36,1.84,2022-07-01,2023-06-30,365,365,1.0,transfermarkt_manager_history_page,https://www.transfermarkt.com/manchester-united/mitarbeiterhistorie/verein/985/personalie_id/1/plus/1,2026-04-27T18:42:56.688983+00:00,high,,Premier League,Manchester United,243150000.0,23650000.0,219500000.0,24,19,243150000.0,23650000.0,219500000.0,season_day_overlap_prorated,Transfer totals are season-level club totals prorated by the share of season days the manager was in charge. This is useful for rough attribution but does not isolate actual transfer-window decision ownership.
premier_league,Premier League,manchester_united,Manchester United,manager,Manager,2023/24,2023,2024,3816,erik_ten_hag_02-02-1970,Erik ten Hag,02/02/1970,Netherlands,2022-07-01,2024-10-28,02 years 03 months 27 days,851,128.0,72,20,36,1.84,2023-07-01,2024-06-30,366,366,1.0,transfermarkt_manager_history_page,https://www.transfermarkt.com/manchester-united/mitarbeiterhistorie/verein/985/personalie_id/1/plus/1,2026-04-27T18:42:56.688983+00:00,high,,Premier League,Manchester United,212700000.0,63770000.0,148930000.0,14,23,212700000.0,63770000.0,148930000.0,season_day_overlap_prorated,Transfer totals are season-level club totals prorated by the share of season days the manager was in charge. This is useful for rough attribution but does not isolate actual transfer-window decision ownership.
premier_league,Premier League,manchester_united,Manchester United,manager,Manager,2024/25,2024,2025,3816,erik_ten_hag_02-02-1970,Erik ten Hag,02/02/1970,Netherlands,2022-07-01,2024-10-28,02 years 03 months 27 days,851,128.0,72,20,36,1.84,2024-07-01,2024-10-28,120,365,0.3287671232876712,transfermarkt_manager_history_page,https://www.transfermarkt.com/manchester-united/mitarbeiterhistorie/verein/985/personalie_id/1/plus/1,2026-04-27T18:42:56.688983+00:00,high,,Premier League,Manchester United,246300000.0,117200000.0,129100000.0,15,17,80975342.46575342,38531506.84931507,42443835.61643835,season_day_overlap_prorated,Transfer totals are season-level club totals prorated by the share of season days the manager was in charge. This is useful for rough attribution but does not isolate actual transfer-window decision ownership.
premier_league,Premier League,manchester_united,Manchester United,manager,Manager,2024/25,2024,2025,65202,r_ben_amorim_27-01-1985,Rúben Amorim,27/01/1985,Portugal,2024-11-11,2026-01-05,01 year 01 month 25 days,421,63.0,25,15,23,1.43,2024-11-11,2025-06-30,232,365,0.6356164383561644,transfermarkt_manager_history_page,https://www.transfermarkt.com/manchester-united/mitarbeiterhistorie/verein/985/personalie_id/1/plus/1,2026-04-27T18:42:56.688983+00:00,high,,Premier League,Manchester United,246300000.0,117200000.0,129100000.0,15,17,156552328.7671233,74494246.57534248,82058082.19178084,season_day_overlap_prorated,Transfer totals are season-level club totals prorated by the share of season days the manager was in charge. This is useful for rough attribution but does not isolate actual transfer-window decision ownership.
premier_league,Premier League,manchester_united,Manchester United,manager,Manager,2025/26,2025,2026,65202,r_ben_amorim_27-01-1985,Rúben Amorim,27/01/1985,Portugal,2024-11-11,2026-01-05,01 year 01 month 25 days,421,63.0,25,15,23,1.43,2025-07-01,2026-01-05,189,365,0.5178082191780822,transfermarkt_manager_history_page,https://www.transfermarkt.com/manchester-united/mitarbeiterhistorie/verein/985/personalie_id/1/plus/1,2026-04-27T18:42:56.688983+00:00,high,,Premier League,Manchester United,246700000.0,74200000.0,172500000.0,14,15,127743287.67123288,38421369.8630137,89321917.80821918,season_day_overlap_prorated,Transfer totals are season-level club totals prorated by the share of season days the manager was in charge. This is useful for rough attribution but does not isolate actual transfer-window decision ownership.
premier_league,Premier League,manchester_united,Manchester United,manager,Manager,2025/26,2025,2026,65647,michael_carrick_28-07-1981,Michael Carrick,28/07/1981,England,2026-01-13,2026-06-30,05 months 17 days,169,12.0,8,2,2,2.17,2026-01-13,2026-06-30,169,365,0.4630136986301369,transfermarkt_manager_history_page,https://www.transfermarkt.com/manchester-united/mitarbeiterhistorie/verein/985/personalie_id/1/plus/1,2026-04-27T18:42:56.688983+00:00,high,,Premier League,Manchester United,246700000.0,74200000.0,172500000.0,14,15,114225479.45205478,34355616.43835616,79869863.01369862,season_day_overlap_prorated,Transfer totals are season-level club totals prorated by the share of season days the manager was in charge. This is useful for rough attribution but does not isolate actual transfer-window decision ownership.
premier_league,Premier League,tottenham_hotspur,Tottenham Hotspur,manager,Manager,1990/91,1990,1991,1899,terry_venables_06-01-1943,Terry Venables,06/01/1943,England,1987-11-28,1991-06-30,03 years 07 months 02 days,1311,164.0,66,46,52,1.49,1990-07-01,1991-06-30,365,365,1.0,transfermarkt_manager_history_page,https://www.transfermarkt.com/tottenham-hotspur/mitarbeiterhistorie/verein/148/personalie_id/1/plus/1,2026-04-27T18:43:02.173820+00:00,high,,Premier League,Tottenham Hotspur,75000.0,1160000.0,-1085000.0,9,13,75000.0,1160000.0,-1085000.0,season_day_overlap_prorated,Transfer totals are season-level club totals prorated by the share of season days the manager was in charge. This is useful for rough attribution but does not isolate actual transfer-window decision ownership.
premier_league,Premier League,tottenham_hotspur,Tottenham Hotspur,manager,Manager,1991/92,1991,1992,32947,peter_shreeves_30-11-1940,Peter Shreeves,30/11/1940,Wales,1991-07-23,1992-05-15,09 months 22 days,298,59.0,23,12,24,1.37,1991-07-23,1992-05-15,298,366,0.8142076502732241,transfermarkt_manager_history_page,https://www.transfermarkt.com/tottenham-hotspur/mitarbeiterhistorie/verein/148/personalie_id/1/plus/1,2026-04-27T18:43:02.173820+00:00,high,,Premier League,Tottenham Hotspur,4540000.0,1470000.0,3070000.0,22,18,3696502.732240437,1196885.2459016393,2499617.486338798,season_day_overlap_prorated,Transfer totals are season-level club totals prorated by the share of season days the manager was in charge. This is useful for rough attribution but does not isolate actual transfer-window decision ownership.
premier_league,Premier League,tottenham_hotspur,Tottenham Hotspur,manager,Manager,1991/92,1991,1992,1990,doug_livermore_27-12-1947,Doug Livermore,27/12/1947,England,1992-05-27,1993-06-19,01 year 23 days,389,51.0,23,11,17,1.57,1992-05-27,1992-06-30,35,366,0.0956284153005464,transfermarkt_manager_history_page,https://www.transfermarkt.com/tottenham-hotspur/mitarbeiterhistorie/verein/148/personalie_id/1/plus/1,2026-04-27T18:43:02.173820+00:00,high,,Premier League,Tottenham Hotspur,4540000.0,1470000.0,3070000.0,22,18,434153.00546448067,140573.7704918032,293579.2349726774,season_day_overlap_prorated,Transfer totals are season-level club totals prorated by the share of season days the manager was in charge. This is useful for rough attribution but does not isolate actual transfer-window decision ownership.
premier_league,Premier League,tottenham_hotspur,Tottenham Hotspur,manager,Manager,1992/93,1992,1993,1990,doug_livermore_27-12-1947,Doug Livermore,27/12/1947,England,1992-05-27,1993-06-19,01 year 23 days,389,51.0,23,11,17,1.57,1992-07-01,1993-06-19,354,365,0.96986301369863,transfermarkt_manager_history_page,https://www.transfermarkt.com/tottenham-hotspur/mitarbeiterhistorie/verein/148/personalie_id/1/plus/1,2026-04-27T18:43:02.173820+00:00,high,,Premier League,Tottenham Hotspur,7690000.0,10600000.0,-2910000.0,20,15,7458246.575342465,10280547.945205478,-2822301.3698630133,season_day_overlap_prorated,Transfer totals are season-level club totals prorated by the share of season days the manager was in charge. This is useful for rough attribution but does not isolate actual transfer-window decision ownership.
premier_league,Premier League,tottenham_hotspur,Tottenham Hotspur,manager,Manager,1992/93,1992,1993,5493,osvaldo_ardiles_03-08-1952,Osvaldo Ardiles,03/08/1952,Argentina,1993-06-19,1994-11-01,01 year 04 months 13 days,501,65.0,21,16,28,1.22,1993-06-19,1993-06-30,12,365,0.0328767123287671,transfermarkt_manager_history_page,https://www.transfermarkt.com/tottenham-hotspur/mitarbeiterhistorie/verein/148/personalie_id/1/plus/1,2026-04-27T18:43:02.173820+00:00,high,,Premier League,Tottenham Hotspur,7690000.0,10600000.0,-2910000.0,20,15,252821.917808219,348493.15068493126,-95671.23287671225,season_day_overlap_prorated,Transfer totals are season-level club totals prorated by the share of season days the manager was in charge. This is useful for rough attribution but does not isolate actual transfer-window decision ownership.
premier_league,Premier League,tottenham_hotspur,Tottenham Hotspur,manager,Manager,1993/94,1993,1994,5493,osvaldo_ardiles_03-08-1952,Osvaldo Ardiles,03/08/1952,Argentina,1993-06-19,1994-11-01,01 year 04 months 13 days,501,65.0,21,16,28,1.22,1993-07-01,1994-06-30,365,365,1.0,transfermarkt_manager_history_page,https://www.transfermarkt.com/tottenham-hotspur/mitarbeiterhistorie/verein/148/personalie_id/1/plus/1,2026-04-27T18:43:02.173820+00:00,high,,Premier League,Tottenham Hotspur,6220000.0,6320000.0,-100000.0,14,16,6220000.0,6320000.0,-100000.0,season_day_overlap_prorated,Transfer totals are season-level club totals prorated by the share of season days the manager was in charge. This is useful for rough attribution but does not isolate actual transfer-window decision ownership.
premier_league,Premier League,tottenham_hotspur,Tottenham Hotspur,manager,Manager,1994/95,1994,1995,5493,osvaldo_ardiles_03-08-1952,Osvaldo Ardiles,03/08/1952,Argentina,1993-06-19,1994-11-01,01 year 04 months 13 days,501,65.0,21,16,28,1.22,1994-07-01,1994-11-01,124,365,0.3397260273972602,transfermarkt_manager_history_page,https://www.transfermarkt.com/tottenham-hotspur/mitarbeiterhistorie/verein/148/personalie_id/1/plus/1,2026-04-27T18:43:02.173820+00:00,high,,Premier League,Tottenham Hotspur,9350000.0,4860000.0,4490000.0,17,22,3176438.356164383,1651068.4931506845,1525369.8630136983,season_day_overlap_prorated,Transfer totals are season-level club totals prorated by the share of season days the manager was in charge. This is useful for rough attribution but does not isolate actual transfer-window decision ownership.
premier_league,Premier League,tottenham_hotspur,Tottenham Hotspur,manager,Manager,1994/95,1994,1995,6115,gerry_francis_06-12-1951,Gerry Francis,06/12/1951,England,1994-11-15,1997-11-19,03 years 04 days,1101,146.0,56,41,49,1.43,1994-11-15,1995-06-30,228,365,0.6246575342465753,transfermarkt_manager_history_page,https://www.transfermarkt.com/tottenham-hotspur/mitarbeiterhistorie/verein/148/personalie_id/1/plus/1,2026-04-27T18:43:02.173820+00:00,high,,Premier League,Tottenham Hotspur,9350000.0,4860000.0,4490000.0,17,22,5840547.945205479,3035835.616438356,2804712.328767123,season_day_overlap_prorated,Transfer totals are season-level club totals prorated by the share of season days the manager was in charge. This is useful for rough attribution but does not isolate actual transfer-window decision ownership.
premier_league,Premier League,tottenham_hotspur,Tottenham Hotspur,manager,Manager,1995/96,1995,1996,6115,gerry_francis_06-12-1951,Gerry Francis,06/12/1951,England,1994-11-15,1997-11-19,03 years 04 days,1101,146.0,56,41,49,1.43,1995-07-01,1996-06-30,366,366,1.0,transfermarkt_manager_history_page,https://www.transfermarkt.com/tottenham-hotspur/mitarbeiterhistorie/verein/148/personalie_id/1/plus/1,2026-04-27T18:43:02.173820+00:00,high,,Premier League,Tottenham Hotspur,13370000.0,14200000.0,-830000.0,17,17,13370000.0,14200000.0,-830000.0,season_day_overlap_prorated,Transfer totals are season-level club totals prorated by the share of season days the manager was in charge. This is useful for rough attribution but does not isolate actual transfer-window decision ownership.
premier_league,Premier League,tottenham_hotspur,Tottenham Hotspur,manager,Manager,1996/97,1996,1997,6115,gerry_francis_06-12-1951,Gerry Francis,06/12/1951,England,1994-11-15,1997-11-19,03 years 04 days,1101,146.0,56,41,49,1.43,1996-07-01,1997-06-30,365,365,1.0,transfermarkt_manager_history_page,https://www.transfermarkt.com/tottenham-hotspur/mitarbeiterhistorie/verein/148/personalie_id/1/plus/1,2026-04-27T18:43:02.173820+00:00,high,,Premier League,Tottenham Hotspur,13250000.0,7040000.0,6210000.0,17,17,13250000.0,7040000.0,6210000.0,season_day_overlap_prorated,Transfer totals are season-level club totals prorated by the share of season days the manager was in charge. This is useful for rough attribution but does not isolate actual transfer-window decision ownership.
premier_league,Premier League,tottenham_hotspur,Tottenham Hotspur,manager,Manager,1997/98,1997,1998,6115,gerry_francis_06-12-1951,Gerry Francis,06/12/1951,England,1994-11-15,1997-11-19,03 years 04 days,1101,146.0,56,41,49,1.43,1997-07-01,1997-11-19,142,365,0.3890410958904109,transfermarkt_manager_history_page,https://www.transfermarkt.com/tottenham-hotspur/mitarbeiterhistorie/verein/148/personalie_id/1/plus/1,2026-04-27T18:43:02.173820+00:00,high,,Premier League,Tottenham Hotspur,17700000.0,480000.0,17220000.0,14,17,6886027.397260273,186739.72602739724,6699287.671232876,season_day_overlap_prorated,Transfer totals are season-level club totals prorated by the share of season days the manager was in charge. This is useful for rough attribution but does not isolate actual transfer-window decision ownership.
premier_league,Premier League,tottenham_hotspur,Tottenham Hotspur,manager,Manager,1997/98,1997,1998,532,christian_gross_14-08-1954,Christian Gross,14/08/1954,Switzerland,1997-11-24,1998-09-05,09 months 12 days,286,30.0,10,8,12,1.27,1997-11-24,1998-06-30,219,365,0.6,transfermarkt_manager_history_page,https://www.transfermarkt.com/tottenham-hotspur/mitarbeiterhistorie/verein/148/personalie_id/1/plus/1,2026-04-27T18:43:02.173820+00:00,high,,Premier League,Tottenham Hotspur,17700000.0,480000.0,17220000.0,14,17,10620000.0,288000.0,10332000.0,season_day_overlap_prorated,Transfer totals are season-level club totals prorated by the share of season days the manager was in charge. This is useful for rough attribution but does not isolate actual transfer-window decision ownership.
premier_league,Premier League,tottenham_hotspur,Tottenham Hotspur,manager,Manager,1998/99,1998,1999,532,christian_gross_14-08-1954,Christian Gross,14/08/1954,Switzerland,1997-11-24,1998-09-05,09 months 12 days,286,30.0,10,8,12,1.27,1998-07-01,1998-09-05,67,365,0.1835616438356164,transfermarkt_manager_history_page,https://www.transfermarkt.com/tottenham-hotspur/mitarbeiterhistorie/verein/148/personalie_id/1/plus/1,2026-04-27T18:43:02.173820+00:00,high,,Premier League,Tottenham Hotspur,11580000.0,825000.0,10755000.0,16,13,2125643.835616438,151438.35616438353,1974205.4794520545,season_day_overlap_prorated,Transfer totals are season-level club totals prorated by the share of season days the manager was in charge. This is useful for rough attribution but does not isolate actual transfer-window decision ownership.
premier_league,Premier League,tottenham_hotspur,Tottenham Hotspur,manager,Manager,1998/99,1998,1999,2636,george_graham_30-11-1944,George Graham,30/11/1944,Scotland,1998-10-01,2001-03-16,02 years 05 months 13 days,898,124.0,49,34,41,1.46,1998-10-01,1999-06-30,273,365,0.7479452054794521,transfermarkt_manager_history_page,https://www.transfermarkt.com/tottenham-hotspur/mitarbeiterhistorie/verein/148/personalie_id/1/plus/1,2026-04-27T18:43:02.173820+00:00,high,,Premier League,Tottenham Hotspur,11580000.0,825000.0,10755000.0,16,13,8661205.479452055,617054.794520548,8044150.684931507,season_day_overlap_prorated,Transfer totals are season-level club totals prorated by the share of season days the manager was in charge. This is useful for rough attribution but does not isolate actual transfer-window decision ownership.
premier_league,Premier League,tottenham_hotspur,Tottenham Hotspur,manager,Manager,1999/00,1999,2000,2636,george_graham_30-11-1944,George Graham,30/11/1944,Scotland,1998-10-01,2001-03-16,02 years 05 months 13 days,898,124.0,49,34,41,1.46,1999-07-01,2000-06-30,366,366,1.0,transfermarkt_manager_history_page,https://www.transfermarkt.com/tottenham-hotspur/mitarbeiterhistorie/verein/148/personalie_id/1/plus/1,2026-04-27T18:43:02.173820+00:00,high,,Premier League,Tottenham Hotspur,17000000.0,2280000.0,14720000.0,15,17,17000000.0,2280000.0,14720000.0,season_day_overlap_prorated,Transfer totals are season-level club totals prorated by the share of season days the manager was in charge. This is useful for rough attribution but does not isolate actual transfer-window decision ownership.
premier_league,Premier League,tottenham_hotspur,Tottenham Hotspur,manager,Manager,2000/01,2000,2001,2636,george_graham_30-11-1944,George Graham,30/11/1944,Scotland,1998-10-01,2001-03-16,02 years 05 months 13 days,898,124.0,49,34,41,1.46,2000-07-01,2001-03-16,259,365,0.7095890410958904,transfermarkt_manager_history_page,https://www.transfermarkt.com/tottenham-hotspur/mitarbeiterhistorie/verein/148/personalie_id/1/plus/1,2026-04-27T18:43:02.173820+00:00,high,,Premier League,Tottenham Hotspur,25740000.0,2460000.0,23280000.0,8,12,18264821.91780822,1745589.0410958903,16519232.876712328,season_day_overlap_prorated,Transfer totals are season-level club totals prorated by the share of season days the manager was in charge. This is useful for rough attribution but does not isolate actual transfer-window decision ownership.
premier_league,Premier League,tottenham_hotspur,Tottenham Hotspur,manager,Manager,2000/01,2000,2001,459,glenn_hoddle_27-10-1957,Glenn Hoddle,27/10/1957,England,2001-04-02,2003-09-20,02 years 05 months 18 days,902,102.0,40,18,44,1.35,2001-04-02,2001-06-30,90,365,0.2465753424657534,transfermarkt_manager_history_page,https://www.transfermarkt.com/tottenham-hotspur/mitarbeiterhistorie/verein/148/personalie_id/1/plus/1,2026-04-27T18:43:02.173820+00:00,high,,Premier League,Tottenham Hotspur,25740000.0,2460000.0,23280000.0,8,12,6346849.315068493,606575.3424657534,5740273.972602739,season_day_overlap_prorated,Transfer totals are season-level club totals prorated by the share of season days the manager was in charge. This is useful for rough attribution but does not isolate actual transfer-window decision ownership.
premier_league,Premier League,tottenham_hotspur,Tottenham Hotspur,manager,Manager,2001/02,2001,2002,459,glenn_hoddle_27-10-1957,Glenn Hoddle,27/10/1957,England,2001-04-02,2003-09-20,02 years 05 months 18 days,902,102.0,40,18,44,1.35,2001-07-01,2002-06-30,365,365,1.0,transfermarkt_manager_history_page,https://www.transfermarkt.com/tottenham-hotspur/mitarbeiterhistorie/verein/148/personalie_id/1/plus/1,2026-04-27T18:43:02.173820+00:00,high,,Premier League,Tottenham Hotspur,28050000.0,9750000.0,18300000.0,10,9,28050000.0,9750000.0,18300000.0,season_day_overlap_prorated,Transfer totals are season-level club totals prorated by the share of season days the manager was in charge. This is useful for rough attribution but does not isolate actual transfer-window decision ownership.
premier_league,Premier League,tottenham_hotspur,Tottenham Hotspur,manager,Manager,2002/03,2002,2003,459,glenn_hoddle_27-10-1957,Glenn Hoddle,27/10/1957,England,2001-04-02,2003-09-20,02 years 05 months 18 days,902,102.0,40,18,44,1.35,2002-07-01,2003-06-30,365,365,1.0,transfermarkt_manager_history_page,https://www.transfermarkt.com/tottenham-hotspur/mitarbeiterhistorie/verein/148/personalie_id/1/plus/1,2026-04-27T18:43:02.173820+00:00,high,,Premier League,Tottenham Hotspur,10500000.0,1350000.0,9150000.0,23,21,10500000.0,1350000.0,9150000.0,season_day_overlap_prorated,Transfer totals are season-level club totals prorated by the share of season days the manager was in charge. This is useful for rough attribution but does not isolate actual transfer-window decision ownership.
premier_league,Premier League,tottenham_hotspur,Tottenham Hotspur,manager,Manager,2003/04,2003,2004,459,glenn_hoddle_27-10-1957,Glenn Hoddle,27/10/1957,England,2001-04-02,2003-09-20,02 years 05 months 18 days,902,102.0,40,18,44,1.35,2003-07-01,2003-09-20,82,366,0.2240437158469945,transfermarkt_manager_history_page,https://www.transfermarkt.com/tottenham-hotspur/mitarbeiterhistorie/verein/148/personalie_id/1/plus/1,2026-04-27T18:43:02.173820+00:00,high,,Premier League,Tottenham Hotspur,29750000.0,1750000.0,28000000.0,19,23,6665300.546448086,392076.50273224036,6273224.043715846,season_day_overlap_prorated,Transfer totals are season-level club totals prorated by the share of season days the manager was in charge. This is useful for rough attribution but does not isolate actual transfer-window decision ownership.
premier_league,Premier League,tottenham_hotspur,Tottenham Hotspur,manager,Manager,2004/05,2004,2005,1647,jacques_santini_25-04-1952,Jacques Santini,25/04/1952,France | Italy,2004-08-01,2004-11-06,03 months 05 days,98,13.0,5,4,4,1.46,2004-08-01,2004-11-06,98,365,0.2684931506849315,transfermarkt_manager_history_page,https://www.transfermarkt.com/tottenham-hotspur/mitarbeiterhistorie/verein/148/personalie_id/1/plus/1,2026-04-27T18:43:02.173820+00:00,high,,Premier League,Tottenham Hotspur,48030000.0,10500000.0,37530000.0,37,34,12895726.02739726,2819178.0821917807,10076547.94520548,season_day_overlap_prorated,Transfer totals are season-level club totals prorated by the share of season days the manager was in charge. This is useful for rough attribution but does not isolate actual transfer-window decision ownership.
premier_league,Premier League,tottenham_hotspur,Tottenham Hotspur,manager,Manager,2004/05,2004,2005,500,martin_jol_16-01-1956,Martin Jol,16/01/1956,Netherlands,2004-11-08,2007-10-25,02 years 11 months 17 days,1082,147.0,67,37,43,1.62,2004-11-08,2005-06-30,235,365,0.6438356164383562,transfermarkt_manager_history_page,https://www.transfermarkt.com/tottenham-hotspur/mitarbeiterhistorie/verein/148/personalie_id/1/plus/1,2026-04-27T18:43:02.173820+00:00,high,,Premier League,Tottenham Hotspur,48030000.0,10500000.0,37530000.0,37,34,30923424.65753425,6760273.97260274,24163150.68493151,season_day_overlap_prorated,Transfer totals are season-level club totals prorated by the share of season days the manager was in charge. This is useful for rough attribution but does not isolate actual transfer-window decision ownership.
premier_league,Premier League,tottenham_hotspur,Tottenham Hotspur,manager,Manager,2005/06,2005,2006,500,martin_jol_16-01-1956,Martin Jol,16/01/1956,Netherlands,2004-11-08,2007-10-25,02 years 11 months 17 days,1082,147.0,67,37,43,1.62,2005-07-01,2006-06-30,365,365,1.0,transfermarkt_manager_history_page,https://www.transfermarkt.com/tottenham-hotspur/mitarbeiterhistorie/verein/148/personalie_id/1/plus/1,2026-04-27T18:43:02.173820+00:00,high,,Premier League,Tottenham Hotspur,35610000.0,25450000.0,10160000.0,24,25,35610000.0,25450000.0,10160000.0,season_day_overlap_prorated,Transfer totals are season-level club totals prorated by the share of season days the manager was in charge. This is useful for rough attribution but does not isolate actual transfer-window decision ownership.
premier_league,Premier League,tottenham_hotspur,Tottenham Hotspur,manager,Manager,2006/07,2006,2007,500,martin_jol_16-01-1956,Martin Jol,16/01/1956,Netherlands,2004-11-08,2007-10-25,02 years 11 months 17 days,1082,147.0,67,37,43,1.62,2006-07-01,2007-06-30,365,365,1.0,transfermarkt_manager_history_page,https://www.transfermarkt.com/tottenham-hotspur/mitarbeiterhistorie/verein/148/personalie_id/1/plus/1,2026-04-27T18:43:02.173820+00:00,high,,Premier League,Tottenham Hotspur,61000000.0,38650000.0,22350000.0,19,22,61000000.0,38650000.0,22350000.0,season_day_overlap_prorated,Transfer totals are season-level club totals prorated by the share of season days the manager was in charge. This is useful for rough attribution but does not isolate actual transfer-window decision ownership.
premier_league,Premier League,tottenham_hotspur,Tottenham Hotspur,manager,Manager,2007/08,2007,2008,500,martin_jol_16-01-1956,Martin Jol,16/01/1956,Netherlands,2004-11-08,2007-10-25,02 years 11 months 17 days,1082,147.0,67,37,43,1.62,2007-07-01,2007-10-25,117,366,0.319672131147541,transfermarkt_manager_history_page,https://www.transfermarkt.com/tottenham-hotspur/mitarbeiterhistorie/verein/148/personalie_id/1/plus/1,2026-04-27T18:43:02.173820+00:00,high,,Premier League,Tottenham Hotspur,94150000.0,22550000.0,71600000.0,26,21,30097131.147540987,7208606.55737705,22888524.590163935,season_day_overlap_prorated,Transfer totals are season-level club totals prorated by the share of season days the manager was in charge. This is useful for rough attribution but does not isolate actual transfer-window decision ownership.
premier_league,Premier League,tottenham_hotspur,Tottenham Hotspur,manager,Manager,2007/08,2007,2008,2317,juande_ramos_25-09-1954,Juande Ramos,25/09/1954,Spain,2007-10-26,2008-10-27,01 year 01 day,368,54.0,19,16,19,1.35,2007-10-26,2008-06-30,249,366,0.680327868852459,transfermarkt_manager_history_page,https://www.transfermarkt.com/tottenham-hotspur/mitarbeiterhistorie/verein/148/personalie_id/1/plus/1,2026-04-27T18:43:02.173820+00:00,high,,Premier League,Tottenham Hotspur,94150000.0,22550000.0,71600000.0,26,21,64052868.85245901,15341393.44262295,48711475.40983606,season_day_overlap_prorated,Transfer totals are season-level club totals prorated by the share of season days the manager was in charge. This is useful for rough attribution but does not isolate actual transfer-window decision ownership.
premier_league,Premier League,tottenham_hotspur,Tottenham Hotspur,manager,Manager,2008/09,2008,2009,2317,juande_ramos_25-09-1954,Juande Ramos,25/09/1954,Spain,2007-10-26,2008-10-27,01 year 01 day,368,54.0,19,16,19,1.35,2008-07-01,2008-10-27,119,365,0.3260273972602739,transfermarkt_manager_history_page,https://www.transfermarkt.com/tottenham-hotspur/mitarbeiterhistorie/verein/148/personalie_id/1/plus/1,2026-04-27T18:43:02.173820+00:00,high,,Premier League,Tottenham Hotspur,143950000.0,88050000.0,55900000.0,34,35,46931643.83561643,28706712.328767117,18224931.50684931,season_day_overlap_prorated,Transfer totals are season-level club totals prorated by the share of season days the manager was in charge. This is useful for rough attribution but does not isolate actual transfer-window decision ownership.
premier_league,Premier League,tottenham_hotspur,Tottenham Hotspur,manager,Manager,2008/09,2008,2009,448,harry_redknapp_02-03-1947,Harry Redknapp,02/03/1947,England,2008-10-26,2012-06-14,03 years 07 months 19 days,1328,198.0,98,48,52,1.73,2008-10-26,2009-06-30,248,365,0.6794520547945205,transfermarkt_manager_history_page,https://www.transfermarkt.com/tottenham-hotspur/mitarbeiterhistorie/verein/148/personalie_id/1/plus/1,2026-04-27T18:43:02.173820+00:00,high,,Premier League,Tottenham Hotspur,143950000.0,88050000.0,55900000.0,34,35,97807123.28767122,59825753.42465753,37981369.8630137,season_day_overlap_prorated,Transfer totals are season-level club totals prorated by the share of season days the manager was in charge. This is useful for rough attribution but does not isolate actual transfer-window decision ownership.
premier_league,Premier League,tottenham_hotspur,Tottenham Hotspur,manager,Manager,2009/10,2009,2010,448,harry_redknapp_02-03-1947,Harry Redknapp,02/03/1947,England,2008-10-26,2012-06-14,03 years 07 months 19 days,1328,198.0,98,48,52,1.73,2009-07-01,2010-06-30,365,365,1.0,transfermarkt_manager_history_page,https://www.transfermarkt.com/tottenham-hotspur/mitarbeiterhistorie/verein/148/personalie_id/1/plus/1,2026-04-27T18:43:02.173820+00:00,high,,Premier League,Tottenham Hotspur,40300000.0,31700000.0,8600000.0,32,31,40300000.0,31700000.0,8600000.0,season_day_overlap_prorated,Transfer totals are season-level club totals prorated by the share of season days the manager was in charge. This is useful for rough attribution but does not isolate actual transfer-window decision ownership.
premier_league,Premier League,tottenham_hotspur,Tottenham Hotspur,manager,Manager,2010/11,2010,2011,448,harry_redknapp_02-03-1947,Harry Redknapp,02/03/1947,England,2008-10-26,2012-06-14,03 years 07 months 19 days,1328,198.0,98,48,52,1.73,2010-07-01,2011-06-30,365,365,1.0,transfermarkt_manager_history_page,https://www.transfermarkt.com/tottenham-hotspur/mitarbeiterhistorie/verein/148/personalie_id/1/plus/1,2026-04-27T18:43:02.173820+00:00,high,,Premier League,Tottenham Hotspur,26600000.0,2940000.0,23660000.0,39,34,26600000.0,2940000.0,23660000.0,season_day_overlap_prorated,Transfer totals are season-level club totals prorated by the share of season days the manager was in charge. This is useful for rough attribution but does not isolate actual transfer-window decision ownership.
premier_league,Premier League,tottenham_hotspur,Tottenham Hotspur,manager,Manager,2011/12,2011,2012,448,harry_redknapp_02-03-1947,Harry Redknapp,02/03/1947,England,2008-10-26,2012-06-14,03 years 07 months 19 days,1328,198.0,98,48,52,1.73,2011-07-01,2012-06-14,350,366,0.9562841530054644,transfermarkt_manager_history_page,https://www.transfermarkt.com/tottenham-hotspur/mitarbeiterhistorie/verein/148/personalie_id/1/plus/1,2026-04-27T18:43:02.173820+00:00,high,,Premier League,Tottenham Hotspur,9000000.0,43250000.0,-34250000.0,36,35,8606557.37704918,41359289.617486335,-32752732.240437157,season_day_overlap_prorated,Transfer totals are season-level club totals prorated by the share of season days the manager was in charge. This is useful for rough attribution but does not isolate actual transfer-window decision ownership.
premier_league,Premier League,tottenham_hotspur,Tottenham Hotspur,manager,Manager,2012/13,2012,2013,1696,andr_villas_boas_17-10-1977,André Villas-Boas,17/10/1977,Portugal,2012-07-03,2013-12-16,01 year 05 months 13 days,532,80.0,45,18,17,1.91,2012-07-03,2013-06-30,363,365,0.9945205479452056,transfermarkt_manager_history_page,https://www.transfermarkt.com/tottenham-hotspur/mitarbeiterhistorie/verein/148/personalie_id/1/plus/1,2026-04-27T18:43:02.173820+00:00,high,,Premier League,Tottenham Hotspur,73250000.0,72780000.0,470000.0,29,34,72848630.13698632,72381205.47945206,467424.6575342466,season_day_overlap_prorated,Transfer totals are season-level club totals prorated by the share of season days the manager was in charge. This is useful for rough attribution but does not isolate actual transfer-window decision ownership.
premier_league,Premier League,tottenham_hotspur,Tottenham Hotspur,manager,Manager,2013/14,2013,2014,1696,andr_villas_boas_17-10-1977,André Villas-Boas,17/10/1977,Portugal,2012-07-03,2013-12-16,01 year 05 months 13 days,532,80.0,45,18,17,1.91,2013-07-01,2013-12-16,169,365,0.4630136986301369,transfermarkt_manager_history_page,https://www.transfermarkt.com/tottenham-hotspur/mitarbeiterhistorie/verein/148/personalie_id/1/plus/1,2026-04-27T18:43:02.173820+00:00,high,,Premier League,Tottenham Hotspur,122550000.0,136560000.0,-14010000.0,30,28,56742328.76712328,63229150.684931494,-6486821.917808218,season_day_overlap_prorated,Transfer totals are season-level club totals prorated by the share of season days the manager was in charge. This is useful for rough attribution but does not isolate actual transfer-window decision ownership.
premier_league,Premier League,tottenham_hotspur,Tottenham Hotspur,manager,Manager,2013/14,2013,2014,8259,tim_sherwood_06-02-1969,Tim Sherwood,06/02/1969,England,2013-12-23,2014-05-13,04 months 20 days,142,26.0,13,4,9,1.65,2013-12-23,2014-05-13,142,365,0.3890410958904109,transfermarkt_manager_history_page,https://www.transfermarkt.com/tottenham-hotspur/mitarbeiterhistorie/verein/148/personalie_id/1/plus/1,2026-04-27T18:43:02.173820+00:00,high,,Premier League,Tottenham Hotspur,122550000.0,136560000.0,-14010000.0,30,28,47676986.30136986,53127452.05479451,-5450465.753424657,season_day_overlap_prorated,Transfer totals are season-level club totals prorated by the share of season days the manager was in charge. This is useful for rough attribution but does not isolate actual transfer-window decision ownership.
premier_league,Premier League,tottenham_hotspur,Tottenham Hotspur,manager,Manager,2014/15,2014,2015,9044,mauricio_pochettino_02-03-1972,Mauricio Pochettino,02/03/1972,Argentina | Spain,2014-07-01,2019-11-19,05 years 04 months 19 days,1968,293.0,160,60,73,1.84,2014-07-01,2015-06-30,365,365,1.0,transfermarkt_manager_history_page,https://www.transfermarkt.com/tottenham-hotspur/mitarbeiterhistorie/verein/148/personalie_id/1/plus/1,2026-04-27T18:43:02.173820+00:00,high,,Premier League,Tottenham Hotspur,48480000.0,44150000.0,4330000.0,20,24,48480000.0,44150000.0,4330000.0,season_day_overlap_prorated,Transfer totals are season-level club totals prorated by the share of season days the manager was in charge. This is useful for rough attribution but does not isolate actual transfer-window decision ownership.
premier_league,Premier League,tottenham_hotspur,Tottenham Hotspur,manager,Manager,2015/16,2015,2016,9044,mauricio_pochettino_02-03-1972,Mauricio Pochettino,02/03/1972,Argentina | Spain,2014-07-01,2019-11-19,05 years 04 months 19 days,1968,293.0,160,60,73,1.84,2015-07-01,2016-06-30,366,366,1.0,transfermarkt_manager_history_page,https://www.transfermarkt.com/tottenham-hotspur/mitarbeiterhistorie/verein/148/personalie_id/1/plus/1,2026-04-27T18:43:02.173820+00:00,high,,Premier League,Tottenham Hotspur,71000000.0,87250000.0,-16250000.0,11,21,71000000.0,87250000.0,-16250000.0,season_day_overlap_prorated,Transfer totals are season-level club totals prorated by the share of season days the manager was in charge. This is useful for rough attribution but does not isolate actual transfer-window decision ownership.
premier_league,Premier League,tottenham_hotspur,Tottenham Hotspur,manager,Manager,2016/17,2016,2017,9044,mauricio_pochettino_02-03-1972,Mauricio Pochettino,02/03/1972,Argentina | Spain,2014-07-01,2019-11-19,05 years 04 months 19 days,1968,293.0,160,60,73,1.84,2016-07-01,2017-06-30,365,365,1.0,transfermarkt_manager_history_page,https://www.transfermarkt.com/tottenham-hotspur/mitarbeiterhistorie/verein/148/personalie_id/1/plus/1,2026-04-27T18:43:02.173820+00:00,high,,Premier League,Tottenham Hotspur,83500000.0,52300000.0,31200000.0,8,8,83500000.0,52300000.0,31200000.0,season_day_overlap_prorated,Transfer totals are season-level club totals prorated by the share of season days the manager was in charge. This is useful for rough attribution but does not isolate actual transfer-window decision ownership.
premier_league,Premier League,tottenham_hotspur,Tottenham Hotspur,manager,Manager,2017/18,2017,2018,9044,mauricio_pochettino_02-03-1972,Mauricio Pochettino,02/03/1972,Argentina | Spain,2014-07-01,2019-11-19,05 years 04 months 19 days,1968,293.0,160,60,73,1.84,2017-07-01,2018-06-30,365,365,1.0,transfermarkt_manager_history_page,https://www.transfermarkt.com/tottenham-hotspur/mitarbeiterhistorie/verein/148/personalie_id/1/plus/1,2026-04-27T18:43:02.173820+00:00,high,,Premier League,Tottenham Hotspur,121000000.0,103800000.0,17200000.0,15,12,121000000.0,103800000.0,17200000.0,season_day_overlap_prorated,Transfer totals are season-level club totals prorated by the share of season days the manager was in charge. This is useful for rough attribution but does not isolate actual transfer-window decision ownership.
premier_league,Premier League,tottenham_hotspur,Tottenham Hotspur,manager,Manager,2018/19,2018,2019,9044,mauricio_pochettino_02-03-1972,Mauricio Pochettino,02/03/1972,Argentina | Spain,2014-07-01,2019-11-19,05 years 04 months 19 days,1968,293.0,160,60,73,1.84,2018-07-01,2019-06-30,365,365,1.0,transfermarkt_manager_history_page,https://www.transfermarkt.com/tottenham-hotspur/mitarbeiterhistorie/verein/148/personalie_id/1/plus/1,2026-04-27T18:43:02.173820+00:00,high,,Premier League,Tottenham Hotspur,0.0,5350000.0,-5350000.0,4,4,0.0,5350000.0,-5350000.0,season_day_overlap_prorated,Transfer totals are season-level club totals prorated by the share of season days the manager was in charge. This is useful for rough attribution but does not isolate actual transfer-window decision ownership.
premier_league,Premier League,tottenham_hotspur,Tottenham Hotspur,manager,Manager,2019/20,2019,2020,9044,mauricio_pochettino_02-03-1972,Mauricio Pochettino,02/03/1972,Argentina | Spain,2014-07-01,2019-11-19,05 years 04 months 19 days,1968,293.0,160,60,73,1.84,2019-07-01,2019-11-19,142,366,0.3879781420765027,transfermarkt_manager_history_page,https://www.transfermarkt.com/tottenham-hotspur/mitarbeiterhistorie/verein/148/personalie_id/1/plus/1,2026-04-27T18:43:02.173820+00:00,high,,Premier League,Tottenham Hotspur,150500000.0,64500000.0,86000000.0,12,14,58390710.38251366,25024590.163934425,33366120.218579233,season_day_overlap_prorated,Transfer totals are season-level club totals prorated by the share of season days the manager was in charge. This is useful for rough attribution but does not isolate actual transfer-window decision ownership.
premier_league,Premier League,tottenham_hotspur,Tottenham Hotspur,manager,Manager,2019/20,2019,2020,781,jos_mourinho_26-01-1963,José Mourinho,26/01/1963,Portugal,2019-11-20,2021-04-19,01 year 04 months 30 days,517,86.0,45,17,24,1.77,2019-11-20,2020-06-30,224,366,0.6120218579234973,transfermarkt_manager_history_page,https://www.transfermarkt.com/tottenham-hotspur/mitarbeiterhistorie/verein/148/personalie_id/1/plus/1,2026-04-27T18:43:02.173820+00:00,high,,Premier League,Tottenham Hotspur,150500000.0,64500000.0,86000000.0,12,14,92109289.61748634,39475409.836065575,52633879.78142077,season_day_overlap_prorated,Transfer totals are season-level club totals prorated by the share of season days the manager was in charge. This is useful for rough attribution but does not isolate actual transfer-window decision ownership.
premier_league,Premier League,tottenham_hotspur,Tottenham Hotspur,manager,Manager,2020/21,2020,2021,781,jos_mourinho_26-01-1963,José Mourinho,26/01/1963,Portugal,2019-11-20,2021-04-19,01 year 04 months 30 days,517,86.0,45,17,24,1.77,2020-07-01,2021-04-19,293,365,0.8027397260273973,transfermarkt_manager_history_page,https://www.transfermarkt.com/tottenham-hotspur/mitarbeiterhistorie/verein/148/personalie_id/1/plus/1,2026-04-27T18:43:02.173820+00:00,high,,Premier League,Tottenham Hotspur,110500000.0,13300000.0,97200000.0,15,11,88702739.7260274,10676438.356164385,78026301.36986302,season_day_overlap_prorated,Transfer totals are season-level club totals prorated by the share of season days the manager was in charge. This is useful for rough attribution but does not isolate actual transfer-window decision ownership.
premier_league,Premier League,tottenham_hotspur,Tottenham Hotspur,manager,Manager,2021/22,2021,2022,16520,nuno_esp_rito_santo_25-01-1974,Nuno Espírito Santo,25/01/1974,Portugal | Sao Tome and Principe,2021-07-01,2021-11-01,04 months 01 day,124,17.0,9,1,7,1.65,2021-07-01,2021-11-01,124,365,0.3397260273972602,transfermarkt_manager_history_page,https://www.transfermarkt.com/tottenham-hotspur/mitarbeiterhistorie/verein/148/personalie_id/1/plus/1,2026-04-27T18:43:02.173820+00:00,high,,Premier League,Tottenham Hotspur,95900000.0,34620000.0,61280000.0,14,19,32579726.027397253,11761315.068493148,20818410.958904106,season_day_overlap_prorated,Transfer totals are season-level club totals prorated by the share of season days the manager was in charge. This is useful for rough attribution but does not isolate actual transfer-window decision ownership.
premier_league,Premier League,tottenham_hotspur,Tottenham Hotspur,manager,Manager,2021/22,2021,2022,3517,antonio_conte_31-07-1969,Antonio Conte,31/07/1969,Italy,2021-11-02,2023-03-26,01 year 04 months 24 days,510,76.0,41,12,23,1.78,2021-11-02,2022-06-30,241,365,0.6602739726027397,transfermarkt_manager_history_page,https://www.transfermarkt.com/tottenham-hotspur/mitarbeiterhistorie/verein/148/personalie_id/1/plus/1,2026-04-27T18:43:02.173820+00:00,high,,Premier League,Tottenham Hotspur,95900000.0,34620000.0,61280000.0,14,19,63320273.97260273,22858684.931506846,40461589.04109589,season_day_overlap_prorated,Transfer totals are season-level club totals prorated by the share of season days the manager was in charge. This is useful for rough attribution but does not isolate actual transfer-window decision ownership.
premier_league,Premier League,tottenham_hotspur,Tottenham Hotspur,manager,Manager,2022/23,2022,2023,3517,antonio_conte_31-07-1969,Antonio Conte,31/07/1969,Italy,2021-11-02,2023-03-26,01 year 04 months 24 days,510,76.0,41,12,23,1.78,2022-07-01,2023-03-26,269,365,0.736986301369863,transfermarkt_manager_history_page,https://www.transfermarkt.com/tottenham-hotspur/mitarbeiterhistorie/verein/148/personalie_id/1/plus/1,2026-04-27T18:43:02.173820+00:00,high,,Premier League,Tottenham Hotspur,181700000.0,38750000.0,142950000.0,15,14,133910410.9589041,28558219.17808219,105352191.78082192,season_day_overlap_prorated,Transfer totals are season-level club totals prorated by the share of season days the manager was in charge. This is useful for rough attribution but does not isolate actual transfer-window decision ownership.
premier_league,Premier League,tottenham_hotspur,Tottenham Hotspur,manager,Manager,2023/24,2023,2024,11929,ange_postecoglou_27-08-1965,Ange Postecoglou,27/08/1965,Australia | Greece,2023-07-01,2025-06-06,01 year 11 months 06 days,707,101.0,47,14,40,1.53,2023-07-01,2024-06-30,366,366,1.0,transfermarkt_manager_history_page,https://www.transfermarkt.com/tottenham-hotspur/mitarbeiterhistorie/verein/148/personalie_id/1/plus/1,2026-04-27T18:43:02.173820+00:00,high,,Premier League,Tottenham Hotspur,275100000.0,120700000.0,154400000.0,27,22,275100000.0,120700000.0,154400000.0,season_day_overlap_prorated,Transfer totals are season-level club totals prorated by the share of season days the manager was in charge. This is useful for rough attribution but does not isolate actual transfer-window decision ownership.
premier_league,Premier League,tottenham_hotspur,Tottenham Hotspur,manager,Manager,2024/25,2024,2025,11929,ange_postecoglou_27-08-1965,Ange Postecoglou,27/08/1965,Australia | Greece,2023-07-01,2025-06-06,01 year 11 months 06 days,707,101.0,47,14,40,1.53,2024-07-01,2025-06-06,341,365,0.9342465753424658,transfermarkt_manager_history_page,https://www.transfermarkt.com/tottenham-hotspur/mitarbeiterhistorie/verein/148/personalie_id/1/plus/1,2026-04-27T18:43:02.173820+00:00,high,,Premier League,Tottenham Hotspur,185350000.0,56300000.0,129050000.0,17,17,173162602.73972604,52598082.19178083,120564520.54794522,season_day_overlap_prorated,Transfer totals are season-level club totals prorated by the share of season days the manager was in charge. This is useful for rough attribution but does not isolate actual transfer-window decision ownership.
premier_league,Premier League,tottenham_hotspur,Tottenham Hotspur,manager,Manager,2025/26,2025,2026,9002,thomas_frank_09-10-1973,Thomas Frank,09/10/1973,Denmark,2025-07-01,2026-02-11,07 months 11 days,226,38.0,13,10,15,1.29,2025-07-01,2026-02-11,226,365,0.6191780821917808,transfermarkt_manager_history_page,https://www.transfermarkt.com/tottenham-hotspur/mitarbeiterhistorie/verein/148/personalie_id/1/plus/1,2026-04-27T18:43:02.173820+00:00,high,,Premier League,Tottenham Hotspur,265600000.00000003,82700000.0,182900000.00000003,20,20,164453698.630137,51206027.39726028,113247671.23287673,season_day_overlap_prorated,Transfer totals are season-level club totals prorated by the share of season days the manager was in charge. This is useful for rough attribution but does not isolate actual transfer-window decision ownership.
premier_league,Premier League,tottenham_hotspur,Tottenham Hotspur,manager,Manager,2025/26,2025,2026,28632,igor_tudor_16-04-1978,Igor Tudor,16/04/1978,Croatia,2026-02-14,2026-03-29,01 month 15 days,44,7.0,1,1,5,0.57,2026-02-14,2026-03-29,44,365,0.1205479452054794,transfermarkt_manager_history_page,https://www.transfermarkt.com/tottenham-hotspur/mitarbeiterhistorie/verein/148/personalie_id/1/plus/1,2026-04-27T18:43:02.173820+00:00,high,,Premier League,Tottenham Hotspur,265600000.00000003,82700000.0,182900000.00000003,20,20,32017534.246575333,9969315.068493146,22048219.178082187,season_day_overlap_prorated,Transfer totals are season-level club totals prorated by the share of season days the manager was in charge. This is useful for rough attribution but does not isolate actual transfer-window decision ownership.
premier_league,Premier League,tottenham_hotspur,Tottenham Hotspur,manager,Manager,2025/26,2025,2026,32157,roberto_de_zerbi_06-06-1979,Roberto De Zerbi,06/06/1979,Italy,2026-03-31,,27 days,28,3.0,1,1,1,1.33,2026-03-31,2026-04-27,28,365,0.0767123287671232,transfermarkt_manager_history_page,https://www.transfermarkt.com/tottenham-hotspur/mitarbeiterhistorie/verein/148/personalie_id/1/plus/1,2026-04-27T18:43:02.173820+00:00,high,Manager spell appears ongoing on the collection date. Ongoing manager spell; overlap calculated through the collection date or season end.,Premier League,Tottenham Hotspur,265600000.00000003,82700000.0,182900000.00000003,20,20,20374794.520547923,6344109.589041088,14030684.931506835,season_day_overlap_prorated,Transfer totals are season-level club totals prorated by the share of season days the manager was in charge. This is useful for rough attribution but does not isolate actual transfer-window decision ownership.
