league_key,league_name,club_id,club_name,season,season_start_year,season_end_year,gross_transfer_spend_eur,transfer_income_eur,net_transfer_spend_eur,incoming_transfer_count,outgoing_transfer_count,transfer_source_name,transfer_source_endpoint,transfer_collected_at_utc,transfer_confidence_level,transfer_notes,manager_count_in_season,manager_names,manager_ids,primary_manager_id,primary_manager_name,primary_manager_share_of_season,primary_manager_days_in_charge_in_season,primary_manager_spell_start_date,primary_manager_spell_end_date,primary_manager_matches,primary_manager_wins,primary_manager_draws,primary_manager_losses,primary_manager_ppg,manager_source_name,manager_source_endpoint,manager_collected_at_utc,manager_confidence_level,manager_notes,achievement_count_total,major_trophy_count,achievement_names,major_trophies,achievement_source_name,achievement_source_endpoint,achievement_collected_at_utc,achievement_confidence_level,achievement_notes,achievements_in_season,achievement_categories,major_trophies_in_season,league_position,points,wins,draws,losses,goals_for,goals_against,goal_difference,performance_source_name,performance_source_url,performance_date_accessed,performance_evidence,performance_confidence_level,performance_notes,financial_year_end,currency_original,units_original,total_revenue_original,matchday_revenue_original,broadcast_revenue_original,commercial_revenue_original,other_revenue_original,women_team_revenue_original,excluded_player_trading_revenue_original,official_staff_costs_original,net_debt_original,player_amortisation_original,profit_on_player_sales_original,profit_loss_before_tax_original,revenue_eur,matchday_revenue_eur,broadcast_revenue_eur,commercial_revenue_eur,other_revenue_eur,net_debt_eur,profit_loss_before_tax_eur,exchange_rate_used,exchange_rate_source,revenue_sum_check_original,revenue_sum_difference_original,finance_pages_used,finance_classification_notes,finance_women_team_treatment_notes,finance_non_football_revenue_notes,finance_confidence_level,finance_requires_manual_review,finance_source_document,finance_source_url,finance_notes,sporting_revenue_original,gbp_to_eur_rate,eur_to_usd_rate,gbp_to_usd_rate,inflation_adjustment_to_2025_26,fx_source,inflation_source,finance_economic_factor_notes,economic_factors_complete,total_revenue_gbp,total_revenue_gbp_real_2025_26,total_revenue_eur_real_2025_26,total_revenue_usd,total_revenue_usd_real_2025_26,matchday_revenue_gbp,matchday_revenue_gbp_real_2025_26,matchday_revenue_eur_real_2025_26,matchday_revenue_usd,matchday_revenue_usd_real_2025_26,broadcast_revenue_gbp,broadcast_revenue_gbp_real_2025_26,broadcast_revenue_eur_real_2025_26,broadcast_revenue_usd,broadcast_revenue_usd_real_2025_26,commercial_revenue_gbp,commercial_revenue_gbp_real_2025_26,commercial_revenue_eur_real_2025_26,commercial_revenue_usd,commercial_revenue_usd_real_2025_26,sporting_revenue_gbp,sporting_revenue_gbp_real_2025_26,sporting_revenue_eur,sporting_revenue_eur_real_2025_26,sporting_revenue_usd,sporting_revenue_usd_real_2025_26,official_staff_costs_gbp,official_staff_costs_gbp_real_2025_26,official_staff_costs_eur,official_staff_costs_eur_real_2025_26,official_staff_costs_usd,official_staff_costs_usd_real_2025_26,net_debt_gbp,net_debt_gbp_real_2025_26,net_debt_eur_real_2025_26,net_debt_usd,net_debt_usd_real_2025_26,player_amortisation_gbp,player_amortisation_gbp_real_2025_26,player_amortisation_eur,player_amortisation_eur_real_2025_26,player_amortisation_usd,player_amortisation_usd_real_2025_26,profit_on_player_sales_gbp,profit_on_player_sales_gbp_real_2025_26,profit_on_player_sales_eur,profit_on_player_sales_eur_real_2025_26,profit_on_player_sales_usd,profit_on_player_sales_usd_real_2025_26,profit_loss_before_tax_gbp,profit_loss_before_tax_gbp_real_2025_26,profit_loss_before_tax_eur_real_2025_26,profit_loss_before_tax_usd,profit_loss_before_tax_usd_real_2025_26,real_price_basis_label,estimated_player_wages_eur,raw_player_cost_eur,cost_per_point,wage_to_revenue_ratio,matchday_share,broadcast_share,commercial_share,has_performance_data,has_finance_data,has_achievement_data,has_manager_data
premier_league,Premier League,arsenal,Arsenal,1990/91,1990,1991,5100000.0,3950000.0,1150000.0,16,13,transfermarkt_club_page,https://www.transfermarkt.com/arsenal/transfers/verein/11/saison_id/1990,2026-04-27T17:53:55.514094+00:00,high,,1.0,George Graham,"[""george_graham_30-11-1944""]",george_graham_30-11-1944,George Graham,1.0,365.0,1986-05-14,1995-02-21,460.0,226.0,131.0,103.0,1.76,transfermarkt_manager_history_page,https://www.transfermarkt.com/arsenal/mitarbeiterhistorie/verein/11/personalie_id/1/plus/1,2026-04-27T18:42:52.621832+00:00,high,,1.0,1.0,English Champion,English Champion,transfermarkt_achievements_page,https://www.transfermarkt.com/arsenal/erfolge/verein/11,2026-04-28T07:46:00.357727+00:00,high,,English Champion (winner),league_title,English Champion (winner),,,,,,,,,,,,,,,,,,,,,,,,,,,,,,,,,,,,,,,,,,,,,,,,,,,,,,,,,,,,,,,,,,,,,,,,,,,,,,,,,,,,,,,,,,,,,,,,,,,,,,,,,,,,,,,,,,,,,,,,,False,False,True,True
premier_league,Premier League,arsenal,Arsenal,1991/92,1991,1992,5330000.0,1800000.0,3530000.0,15,14,transfermarkt_club_page,https://www.transfermarkt.com/arsenal/transfers/verein/11/saison_id/1991,2026-04-27T17:53:57.826664+00:00,high,Displayed arrivals sum (5330000) differs from parsed arrivals fee sum (5327000). Displayed departures sum (1800000) differs from parsed departures fee sum (1795000).,1.0,George Graham,"[""george_graham_30-11-1944""]",george_graham_30-11-1944,George Graham,1.0,366.0,1986-05-14,1995-02-21,460.0,226.0,131.0,103.0,1.76,transfermarkt_manager_history_page,https://www.transfermarkt.com/arsenal/mitarbeiterhistorie/verein/11/personalie_id/1/plus/1,2026-04-27T18:42:52.621832+00:00,high,,1.0,1.0,English Supercup Winner,English Supercup Winner,transfermarkt_achievements_page,https://www.transfermarkt.com/arsenal/erfolge/verein/11,2026-04-28T07:46:00.357727+00:00,high,,English Supercup Winner (winner),super_cup,English Supercup Winner (winner),,,,,,,,,,,,,,,,,,,,,,,,,,,,,,,,,,,,,,,,,,,,,,,,,,,,,,,,,,,,,,,,,,,,,,,,,,,,,,,,,,,,,,,,,,,,,,,,,,,,,,,,,,,,,,,,,,,,,,,,,False,False,True,True
premier_league,Premier League,arsenal,Arsenal,1992/93,1992,1993,4600000.0,3850000.0,750000.0,5,4,transfermarkt_club_page,https://www.transfermarkt.com/arsenal/transfers/verein/11/saison_id/1992,2026-04-27T17:53:59.772204+00:00,high,,1.0,George Graham,"[""george_graham_30-11-1944""]",george_graham_30-11-1944,George Graham,1.0,365.0,1986-05-14,1995-02-21,460.0,226.0,131.0,103.0,1.76,transfermarkt_manager_history_page,https://www.transfermarkt.com/arsenal/mitarbeiterhistorie/verein/11/personalie_id/1/plus/1,2026-04-27T18:42:52.621832+00:00,high,,2.0,2.0,English League Cup winner | FA Cup Winner,English League Cup winner | FA Cup Winner,transfermarkt_achievements_page,https://www.transfermarkt.com/arsenal/erfolge/verein/11,2026-04-28T07:46:00.357727+00:00,high,,English League Cup winner (winner) | FA Cup Winner (winner),league_cup | fa_cup,English League Cup winner (winner) | FA Cup Winner (winner),,,,,,,,,,,,,,,,,,,,,,,,,,,,,,,,,,,,,,,,,,,,,,,,,,,,,,,,,,,,,,,,,,,,,,,,,,,,,,,,,,,,,,,,,,,,,,,,,,,,,,,,,,,,,,,,,,,,,,,,,False,False,True,True
premier_league,Premier League,arsenal,Arsenal,1993/94,1993,1994,1280000.0,2350000.0,-1070000.0,11,14,transfermarkt_club_page,https://www.transfermarkt.com/arsenal/transfers/verein/11/saison_id/1993,2026-04-27T17:54:02.026995+00:00,high,,1.0,George Graham,"[""george_graham_30-11-1944""]",george_graham_30-11-1944,George Graham,1.0,365.0,1986-05-14,1995-02-21,460.0,226.0,131.0,103.0,1.76,transfermarkt_manager_history_page,https://www.transfermarkt.com/arsenal/mitarbeiterhistorie/verein/11/personalie_id/1/plus/1,2026-04-27T18:42:52.621832+00:00,high,,1.0,1.0,Cup Winners Cup Winner,Cup Winners Cup Winner,transfermarkt_achievements_page,https://www.transfermarkt.com/arsenal/erfolge/verein/11,2026-04-28T07:46:00.357727+00:00,high,,Cup Winners Cup Winner (winner),other,Cup Winners Cup Winner (winner),,,,,,,,,,,,,,,,,,,,,,,,,,,,,,,,,,,,,,,,,,,,,,,,,,,,,,,,,,,,,,,,,,,,,,,,,,,,,,,,,,,,,,,,,,,,,,,,,,,,,,,,,,,,,,,,,,,,,,,,,False,False,True,True
premier_league,Premier League,arsenal,Arsenal,1994/95,1994,1995,11270000.0,750000.0,10520000.0,13,8,transfermarkt_club_page,https://www.transfermarkt.com/arsenal/transfers/verein/11/saison_id/1994,2026-04-27T17:54:04.059362+00:00,high,,1.0,George Graham,"[""george_graham_30-11-1944""]",george_graham_30-11-1944,George Graham,0.6465753424657534,236.0,1986-05-14,1995-02-21,460.0,226.0,131.0,103.0,1.76,transfermarkt_manager_history_page,https://www.transfermarkt.com/arsenal/mitarbeiterhistorie/verein/11/personalie_id/1/plus/1,2026-04-27T18:42:52.621832+00:00,high,,2.0,0.0,Cup Winners Cup Runner Up | UEFA Super Cup runner-up,,transfermarkt_achievements_page,https://www.transfermarkt.com/arsenal/erfolge/verein/11,2026-04-28T07:46:00.357727+00:00,high,,Cup Winners Cup Runner Up (runner_up) | UEFA Super Cup runner-up,other,,,,,,,,,,,,,,,,,,,,,,,,,,,,,,,,,,,,,,,,,,,,,,,,,,,,,,,,,,,,,,,,,,,,,,,,,,,,,,,,,,,,,,,,,,,,,,,,,,,,,,,,,,,,,,,,,,,,,,,,,,False,False,True,True
premier_league,Premier League,arsenal,Arsenal,1995/96,1995,1996,18750000.0,6400000.0,12350000.0,10,10,transfermarkt_club_page,https://www.transfermarkt.com/arsenal/transfers/verein/11/saison_id/1995,2026-04-27T17:54:05.917449+00:00,high,,1.0,Bruce Rioch,"[""bruce_rioch_06-09-1947""]",bruce_rioch_06-09-1947,Bruce Rioch,1.0,366.0,1995-07-01,1996-06-30,47.0,22.0,15.0,10.0,1.72,transfermarkt_manager_history_page,https://www.transfermarkt.com/arsenal/mitarbeiterhistorie/verein/11/personalie_id/1/plus/1,2026-04-27T18:42:52.621832+00:00,high,,,,,,,,,,,,,,,,,,,,,,,,,,,,,,,,,,,,,,,,,,,,,,,,,,,,,,,,,,,,,,,,,,,,,,,,,,,,,,,,,,,,,,,,,,,,,,,,,,,,,,,,,,,,,,,,,,,,,,,,,,,,,,,,,,,,,,False,False,False,True
premier_league,Premier League,arsenal,Arsenal,1996/97,1996,1997,6110000.0,7780000.0,-1670000.0,11,17,transfermarkt_club_page,https://www.transfermarkt.com/arsenal/transfers/verein/11/saison_id/1996,2026-04-27T17:54:07.638233+00:00,high,,1.0,Arsène Wenger,"[""ars_ne_wenger_22-10-1949""]",ars_ne_wenger_22-10-1949,Arsène Wenger,0.7479452054794521,273.0,1996-10-01,2018-06-30,1231.0,713.0,267.0,251.0,1.95,transfermarkt_manager_history_page,https://www.transfermarkt.com/arsenal/mitarbeiterhistorie/verein/11/personalie_id/1/plus/1,2026-04-27T18:42:52.621832+00:00,high,,,,,,,,,,,,,,,,,,,,,,,,,,,,,,,,,,,,,,,,,,,,,,,,,,,,,,,,,,,,,,,,,,,,,,,,,,,,,,,,,,,,,,,,,,,,,,,,,,,,,,,,,,,,,,,,,,,,,,,,,,,,,,,,,,,,,,False,False,False,True
premier_league,Premier League,arsenal,Arsenal,1997/98,1997,1998,21670000.0,8830000.0,12840000.0,20,16,transfermarkt_club_page,https://www.transfermarkt.com/arsenal/transfers/verein/11/saison_id/1997,2026-04-27T17:54:09.521692+00:00,high,Displayed arrivals sum (21670000) differs from parsed arrivals fee sum (21665000).,1.0,Arsène Wenger,"[""ars_ne_wenger_22-10-1949""]",ars_ne_wenger_22-10-1949,Arsène Wenger,1.0,365.0,1996-10-01,2018-06-30,1231.0,713.0,267.0,251.0,1.95,transfermarkt_manager_history_page,https://www.transfermarkt.com/arsenal/mitarbeiterhistorie/verein/11/personalie_id/1/plus/1,2026-04-27T18:42:52.621832+00:00,high,,2.0,2.0,English Champion | FA Cup Winner,English Champion | FA Cup Winner,transfermarkt_achievements_page,https://www.transfermarkt.com/arsenal/erfolge/verein/11,2026-04-28T07:46:00.357727+00:00,high,,English Champion (winner) | FA Cup Winner (winner),league_title | fa_cup,English Champion (winner) | FA Cup Winner (winner),,,,,,,,,,,,,,,,,,,,,,,,,,,,,,,,,,,,,,,,,,,,,,,,,,,,,,,,,,,,,,,,,,,,,,,,,,,,,,,,,,,,,,,,,,,,,,,,,,,,,,,,,,,,,,,,,,,,,,,,,False,False,True,True
premier_league,Premier League,arsenal,Arsenal,1998/99,1998,1999,15950000.0,6250000.0,9700000.0,13,13,transfermarkt_club_page,https://www.transfermarkt.com/arsenal/transfers/verein/11/saison_id/1998,2026-04-27T17:54:11.643519+00:00,high,,1.0,Arsène Wenger,"[""ars_ne_wenger_22-10-1949""]",ars_ne_wenger_22-10-1949,Arsène Wenger,1.0,365.0,1996-10-01,2018-06-30,1231.0,713.0,267.0,251.0,1.95,transfermarkt_manager_history_page,https://www.transfermarkt.com/arsenal/mitarbeiterhistorie/verein/11/personalie_id/1/plus/1,2026-04-27T18:42:52.621832+00:00,high,,2.0,1.0,Champions League Participant | English Supercup Winner,English Supercup Winner,transfermarkt_achievements_page,https://www.transfermarkt.com/arsenal/erfolge/verein/11,2026-04-28T07:46:00.357727+00:00,high,,Champions League Participant (participant) | English Supercup Winner (winner),uefa_champions_league | super_cup,English Supercup Winner (winner),,,,,,,,,,,,,,,,,,,,,,,,,,,,,,,,,,,,,,,,,,,,,,,,,,,,,,,,,,,,,,,,,,,,,,,,,,,,,,,,,,,,,,,,,,,,,,,,,,,,,,,,,,,,,,,,,,,,,,,,,False,False,True,True
premier_league,Premier League,arsenal,Arsenal,1999/00,1999,2000,25400000.0,42500000.0,-17100000.0,17,20,transfermarkt_club_page,https://www.transfermarkt.com/arsenal/transfers/verein/11/saison_id/1999,2026-04-27T17:54:13.588387+00:00,high,,1.0,Arsène Wenger,"[""ars_ne_wenger_22-10-1949""]",ars_ne_wenger_22-10-1949,Arsène Wenger,1.0,366.0,1996-10-01,2018-06-30,1231.0,713.0,267.0,251.0,1.95,transfermarkt_manager_history_page,https://www.transfermarkt.com/arsenal/mitarbeiterhistorie/verein/11/personalie_id/1/plus/1,2026-04-27T18:42:52.621832+00:00,high,,3.0,1.0,Champions League Participant | English Supercup Winner | UEFA Cup runner-up,English Supercup Winner,transfermarkt_achievements_page,https://www.transfermarkt.com/arsenal/erfolge/verein/11,2026-04-28T07:46:00.357727+00:00,high,,Champions League Participant (participant) | English Supercup Winner (winner) | UEFA Cup runner-up,uefa_champions_league | super_cup | fa_cup,English Supercup Winner (winner),,,,,,,,,,,,,,,,,,,,,,,,,,,,,,,,,,,,,,,,,,,,,,,,,,,,,,,,,,,,,,,,,,,,,,,,,,,,,,,,,,,,,,,,,,,,,,,,,,,,,,,,,,,,,,,,,,,,,,,,,False,False,True,True
premier_league,Premier League,arsenal,Arsenal,2000/01,2000,2001,56300000.0,46030000.0,10270000.0,23,19,transfermarkt_club_page,https://www.transfermarkt.com/arsenal/transfers/verein/11/saison_id/2000,2026-04-27T17:54:15.739486+00:00,high,Displayed departures sum (46030000) differs from parsed departures fee sum (46025000).,1.0,Arsène Wenger,"[""ars_ne_wenger_22-10-1949""]",ars_ne_wenger_22-10-1949,Arsène Wenger,1.0,365.0,1996-10-01,2018-06-30,1231.0,713.0,267.0,251.0,1.95,transfermarkt_manager_history_page,https://www.transfermarkt.com/arsenal/mitarbeiterhistorie/verein/11/personalie_id/1/plus/1,2026-04-27T18:42:52.621832+00:00,high,,2.0,0.0,Champions League Participant | FA Cup Runner up,,transfermarkt_achievements_page,https://www.transfermarkt.com/arsenal/erfolge/verein/11,2026-04-28T07:46:00.357727+00:00,high,,Champions League Participant (participant) | FA Cup Runner up (runner_up),uefa_champions_league | fa_cup,,,,,,,,,,,,,,,,,,,,,,,,,,,,,,,,,,,,,,,,,,,,,,,,,,,,,,,,,,,,,,,,,,,,,,,,,,,,,,,,,,,,,,,,,,,,,,,,,,,,,,,,,,,,,,,,,,,,,,,,,,False,False,True,True
premier_league,Premier League,arsenal,Arsenal,2001/02,2001,2002,32689999.999999996,12000000.0,20689999.999999996,21,15,transfermarkt_club_page,https://www.transfermarkt.com/arsenal/transfers/verein/11/saison_id/2001,2026-04-27T17:54:17.784048+00:00,high,Displayed arrivals sum (32690000) differs from parsed arrivals fee sum (32685000).,1.0,Arsène Wenger,"[""ars_ne_wenger_22-10-1949""]",ars_ne_wenger_22-10-1949,Arsène Wenger,1.0,365.0,1996-10-01,2018-06-30,1231.0,713.0,267.0,251.0,1.95,transfermarkt_manager_history_page,https://www.transfermarkt.com/arsenal/mitarbeiterhistorie/verein/11/personalie_id/1/plus/1,2026-04-27T18:42:52.621832+00:00,high,,3.0,2.0,Champions League Participant | English Champion | FA Cup Winner,English Champion | FA Cup Winner,transfermarkt_achievements_page,https://www.transfermarkt.com/arsenal/erfolge/verein/11,2026-04-28T07:46:00.357727+00:00,high,,Champions League Participant (participant) | English Champion (winner) | FA Cup Winner (winner),uefa_champions_league | league_title | fa_cup,English Champion (winner) | FA Cup Winner (winner),,,,,,,,,,,,,,,,,,,,,,,,,,,,,,,,,,,,,,,,,,,,,,,,,,,,,,,,,,,,,,,,,,,,,,,,,,,,,,,,,,,,,,,,,,,,,,,,,,,,,,,,,,,,,,,,,,,,,,,,,False,False,True,True
premier_league,Premier League,arsenal,Arsenal,2002/03,2002,2003,12830000.0,8430000.0,4400000.0,13,18,transfermarkt_club_page,https://www.transfermarkt.com/arsenal/transfers/verein/11/saison_id/2002,2026-04-27T17:54:20.039809+00:00,high,,1.0,Arsène Wenger,"[""ars_ne_wenger_22-10-1949""]",ars_ne_wenger_22-10-1949,Arsène Wenger,1.0,365.0,1996-10-01,2018-06-30,1231.0,713.0,267.0,251.0,1.95,transfermarkt_manager_history_page,https://www.transfermarkt.com/arsenal/mitarbeiterhistorie/verein/11/personalie_id/1/plus/1,2026-04-27T18:42:52.621832+00:00,high,,3.0,2.0,Champions League Participant | English Supercup Winner | FA Cup Winner,English Supercup Winner | FA Cup Winner,transfermarkt_achievements_page,https://www.transfermarkt.com/arsenal/erfolge/verein/11,2026-04-28T07:46:00.357727+00:00,high,,Champions League Participant (participant) | English Supercup Winner (winner) | FA Cup Winner (winner),uefa_champions_league | super_cup | fa_cup,English Supercup Winner (winner) | FA Cup Winner (winner),,,,,,,,,,,,,,,,,,,,,,,,,,,,,,,,,,,,,,,,,,,,,,,,,,,,,,,,,,,,,,,,,,,,,,,,,,,,,,,,,,,,,,,,,,,,,,,,,,,,,,,,,,,,,,,,,,,,,,,,,False,False,True,True
premier_league,Premier League,arsenal,Arsenal,2003/04,2003,2004,27420000.0,1050000.0,26370000.0,20,22,transfermarkt_club_page,https://www.transfermarkt.com/arsenal/transfers/verein/11/saison_id/2003,2026-04-27T17:54:21.971549+00:00,high,Displayed arrivals sum (27420000) differs from parsed arrivals fee sum (27425000).,1.0,Arsène Wenger,"[""ars_ne_wenger_22-10-1949""]",ars_ne_wenger_22-10-1949,Arsène Wenger,1.0,366.0,1996-10-01,2018-06-30,1231.0,713.0,267.0,251.0,1.95,transfermarkt_manager_history_page,https://www.transfermarkt.com/arsenal/mitarbeiterhistorie/verein/11/personalie_id/1/plus/1,2026-04-27T18:42:52.621832+00:00,high,,2.0,1.0,Champions League Participant | English Champion,English Champion,transfermarkt_achievements_page,https://www.transfermarkt.com/arsenal/erfolge/verein/11,2026-04-28T07:46:00.357727+00:00,high,,Champions League Participant (participant) | English Champion (winner),uefa_champions_league | league_title,English Champion (winner),,,,,,,,,,,,,,,,,,,,,,,,,,,,,,,,,,,,,,,,,,,,,,,,,,,,,,,,,,,,,,,,,,,,,,,,,,,,,,,,,,,,,,,,,,,,,,,,,,,,,,,,,,,,,,,,,,,,,,,,,False,False,True,True
premier_league,Premier League,arsenal,Arsenal,2004/05,2004,2005,12480000.0,3900000.0,8580000.0,21,19,transfermarkt_club_page,https://www.transfermarkt.com/arsenal/transfers/verein/11/saison_id/2004,2026-04-27T17:54:23.928175+00:00,high,,1.0,Arsène Wenger,"[""ars_ne_wenger_22-10-1949""]",ars_ne_wenger_22-10-1949,Arsène Wenger,1.0,365.0,1996-10-01,2018-06-30,1231.0,713.0,267.0,251.0,1.95,transfermarkt_manager_history_page,https://www.transfermarkt.com/arsenal/mitarbeiterhistorie/verein/11/personalie_id/1/plus/1,2026-04-27T18:42:52.621832+00:00,high,,3.0,2.0,Champions League Participant | English Supercup Winner | FA Cup Winner,English Supercup Winner | FA Cup Winner,transfermarkt_achievements_page,https://www.transfermarkt.com/arsenal/erfolge/verein/11,2026-04-28T07:46:00.357727+00:00,high,,Champions League Participant (participant) | English Supercup Winner (winner) | FA Cup Winner (winner),uefa_champions_league | super_cup | fa_cup,English Supercup Winner (winner) | FA Cup Winner (winner),,,,,,,,,,,,,,,,,,,,,,,,,,,,,,,,,,,,,,,,,,,,,,,,,,,,,,,,,,,,,,,,,,,,,,,,,,,,,,,,,,,,,,,,,,,,,,,,,,,,,,,,,,,,,,,,,,,,,,,,,False,False,True,True
premier_league,Premier League,arsenal,Arsenal,2005/06,2005,2006,46000000.0,25000000.0,21000000.0,16,19,transfermarkt_club_page,https://www.transfermarkt.com/arsenal/transfers/verein/11/saison_id/2005,2026-04-27T17:54:26.062098+00:00,high,,1.0,Arsène Wenger,"[""ars_ne_wenger_22-10-1949""]",ars_ne_wenger_22-10-1949,Arsène Wenger,1.0,365.0,1996-10-01,2018-06-30,1231.0,713.0,267.0,251.0,1.95,transfermarkt_manager_history_page,https://www.transfermarkt.com/arsenal/mitarbeiterhistorie/verein/11/personalie_id/1/plus/1,2026-04-27T18:42:52.621832+00:00,high,,2.0,1.0,Champions League Participant | Champions League runner-up,Champions League runner-up,transfermarkt_achievements_page,https://www.transfermarkt.com/arsenal/erfolge/verein/11,2026-04-28T07:46:00.357727+00:00,high,,Champions League Participant (participant) | Champions League runner-up (winner),uefa_champions_league,Champions League runner-up (winner),,,,,,,,,,,,,,,,,,,,,,,,,,,,,,,,,,,,,,,,,,,,,,,,,,,,,,,,,,,,,,,,,,,,,,,,,,,,,,,,,,,,,,,,,,,,,,,,,,,,,,,,,,,,,,,,,,,,,,,,,False,False,True,True
premier_league,Premier League,arsenal,Arsenal,2006/07,2006,2007,15000000.0,12630000.0,2370000.0,14,16,transfermarkt_club_page,https://www.transfermarkt.com/arsenal/transfers/verein/11/saison_id/2006,2026-04-27T17:54:28.097993+00:00,high,Displayed departures sum (12630000) differs from parsed departures fee sum (12625000).,1.0,Arsène Wenger,"[""ars_ne_wenger_22-10-1949""]",ars_ne_wenger_22-10-1949,Arsène Wenger,1.0,365.0,1996-10-01,2018-06-30,1231.0,713.0,267.0,251.0,1.95,transfermarkt_manager_history_page,https://www.transfermarkt.com/arsenal/mitarbeiterhistorie/verein/11/personalie_id/1/plus/1,2026-04-27T18:42:52.621832+00:00,high,,2.0,0.0,Champions League Participant | English League Cup runner-up,,transfermarkt_achievements_page,https://www.transfermarkt.com/arsenal/erfolge/verein/11,2026-04-28T07:46:00.357727+00:00,high,,Champions League Participant (participant) | English League Cup runner-up,uefa_champions_league | league_cup,,,,,,,,,,,,,,,,,,,,,,,,,,,,,,,,,,,,,,,,,,,,,,,,,,,,,,,,,,,,,,,,,,,,,,,,,,,,,,,,,,,,,,,,,,,,,,,,,,,,,,,,,,,,,,,,,,,,,,,,,,False,False,True,True
premier_league,Premier League,arsenal,Arsenal,2007/08,2007,2008,30950000.0,56730000.0,-25780000.0,17,18,transfermarkt_club_page,https://www.transfermarkt.com/arsenal/transfers/verein/11/saison_id/2007,2026-04-27T17:54:30.074046+00:00,high,Displayed departures sum (56730000) differs from parsed departures fee sum (56725000).,1.0,Arsène Wenger,"[""ars_ne_wenger_22-10-1949""]",ars_ne_wenger_22-10-1949,Arsène Wenger,1.0,366.0,1996-10-01,2018-06-30,1231.0,713.0,267.0,251.0,1.95,transfermarkt_manager_history_page,https://www.transfermarkt.com/arsenal/mitarbeiterhistorie/verein/11/personalie_id/1/plus/1,2026-04-27T18:42:52.621832+00:00,high,,1.0,0.0,Champions League Participant,,transfermarkt_achievements_page,https://www.transfermarkt.com/arsenal/erfolge/verein/11,2026-04-28T07:46:00.357727+00:00,high,,Champions League Participant (participant),uefa_champions_league,,,,,,,,,,,,,,,,,,,,,,,,,,,,,,,,,,,,,,,,,,,,,,,,,,,,,,,,,,,,,,,,,,,,,,,,,,,,,,,,,,,,,,,,,,,,,,,,,,,,,,,,,,,,,,,,,,,,,,,,,,False,False,True,True
premier_league,Premier League,arsenal,Arsenal,2008/09,2008,2009,40150000.0,25800000.0,14350000.0,15,11,transfermarkt_club_page,https://www.transfermarkt.com/arsenal/transfers/verein/11/saison_id/2008,2026-04-27T17:54:32.020261+00:00,high,,1.0,Arsène Wenger,"[""ars_ne_wenger_22-10-1949""]",ars_ne_wenger_22-10-1949,Arsène Wenger,1.0,365.0,1996-10-01,2018-06-30,1231.0,713.0,267.0,251.0,1.95,transfermarkt_manager_history_page,https://www.transfermarkt.com/arsenal/mitarbeiterhistorie/verein/11/personalie_id/1/plus/1,2026-04-27T18:42:52.621832+00:00,high,,1.0,0.0,Champions League Participant,,transfermarkt_achievements_page,https://www.transfermarkt.com/arsenal/erfolge/verein/11,2026-04-28T07:46:00.357727+00:00,high,,Champions League Participant (participant),uefa_champions_league,,4.0,72.0,20.0,12.0,6.0,68.0,37.0,31.0,premier_league_raw_table,https://en.wikipedia.org/wiki/2008%E2%80%9309_Premier_League,,Raw Premier League season table CSV,medium,League table data loaded from raw Premier League CSV files.,2009-05-31,GBP,full pounds (converted from GBP thousands disclosed in report),221463000.0,100086000.0,73239000.0,48138000.0,,,3589000.0,103978000.0,1999000.0,23876000.0,23177000.0,28000.0,263773506.14999998,119207430.3,87231310.95,57334764.9,,2380908.9499999997,33349.4,,,221463000.0,0.0,"[31, 38, 39]","Total revenue has been set to football operating revenue only and excludes disclosed player trading and property development turnover. Where Arsenal disclosed retail, retail and licensing, or licensing separately, those lines have been mapped into commercial revenue to align with the project taxonomy.",Women's team revenue is not separately disclosed in the relevant report note. The extracted football revenue figure should be treated as potentially including any inseparable women's activity.,Disclosed property development turnover is excluded from the football revenue total used here.,high,True,Group of companies' accounts made up to 31 May 2009,https://find-and-update.company-information.service.gov.uk/company/04250459/filing-history/MzAwNDAyMzEzNWFkaXF6a2N4/document?format=pdf&download=0,"Values in the annual report were disclosed in GBP thousands and have been converted here into full GBP amounts by multiplying by 1,000. Missing fields in raw extraction: net_debt_eur, profit_loss_before_tax_eur.",173325000.0,1.19105,1.435414,1.70965,1.638179,"ONS average sterling exchange rates: THAP (GBP/EUR) and AUSS (GBP/USD), UK trade time series (MRET), accessed 2026-08-11","ONS CPI INDEX 00: ALL ITEMS 2015=100 (D7BT), accessed 2026-08-11",Season factors use the mean of the two surrounding ONS annual averages for calendar years 2008 and 2009.,True,221463000.0,362796035.87700003,432108218.53130084,378624217.95,620254242.737113,100086000.0,163958783.394,195283108.9614237,171112029.89999998,280312134.02955204,73239000.0,119978591.781,142900501.74076006,125213056.35,205121399.43838665,48138000.0,78858660.702,93924607.8291171,82299131.69999999,134820709.26917428,173325000.0,283937375.175,206438741.25,338183610.7021838,296325086.25,485433533.4679388,103978000.0,170334576.062,123842996.89999999,202876996.8186451,177765987.7,291212507.96439826,1999000.0,3274719.821,3900355.04280205,3417590.3499999996,5598624.7419726495,23876000.0,39113161.804,28437509.799999997,46585731.366654195,40819603.4,66869817.0782086,23177000.0,37968074.683,27604965.849999998,45221875.35118715,39624558.05,64912118.88179095,28000.0,45869.012,54632.2867426,47870.2,78419.9563658,2025/26 prices,,,,0.46950506405133136,0.4519310223378172,0.3307053548448274,0.2173636228173555,True,True,True,True
premier_league,Premier League,arsenal,Arsenal,2009/10,2009,2010,12000000.0,47700000.0,-35700000.0,13,13,transfermarkt_club_page,https://www.transfermarkt.com/arsenal/transfers/verein/11/saison_id/2009,2026-04-27T17:54:33.875125+00:00,high,,1.0,Arsène Wenger,"[""ars_ne_wenger_22-10-1949""]",ars_ne_wenger_22-10-1949,Arsène Wenger,1.0,365.0,1996-10-01,2018-06-30,1231.0,713.0,267.0,251.0,1.95,transfermarkt_manager_history_page,https://www.transfermarkt.com/arsenal/mitarbeiterhistorie/verein/11/personalie_id/1/plus/1,2026-04-27T18:42:52.621832+00:00,high,,1.0,0.0,Champions League Participant,,transfermarkt_achievements_page,https://www.transfermarkt.com/arsenal/erfolge/verein/11,2026-04-28T07:46:00.357727+00:00,high,,Champions League Participant (participant),uefa_champions_league,,3.0,75.0,23.0,6.0,9.0,83.0,41.0,42.0,premier_league_raw_table,https://en.wikipedia.org/wiki/2009%E2%80%9310_Premier_League,,Raw Premier League season table CSV,medium,League table data loaded from raw Premier League CSV files.,2010-05-31,GBP,full pounds (converted from GBP thousands disclosed in report),222486000.0,93929000.0,84584000.0,43973000.0,,,460000.0,110733000.0,2000000.0,25033000.0,38137000.0,28000.0,254713097.1,107534615.64999999,96835992.39999999,50342489.05,,2289700.0,32055.8,,,222486000.0,0.0,"[32, 38, 39]","Total revenue has been set to football operating revenue only and excludes disclosed player trading and property development turnover. Where Arsenal disclosed retail, retail and licensing, or licensing separately, those lines have been mapped into commercial revenue to align with the project taxonomy.",Women's team revenue is not separately disclosed in the relevant report note. The extracted football revenue figure should be treated as potentially including any inseparable women's activity.,Disclosed property development turnover is excluded from the football revenue total used here.,high,True,Group of companies' accounts made up to 31 May 2010,https://find-and-update.company-information.service.gov.uk/company/04250459/filing-history/MzAyNzE0NjA3NmFkaXF6a2N4/document?format=pdf&download=0,"Values in the annual report were disclosed in GBP thousands and have been converted here into full GBP amounts by multiplying by 1,000. Missing fields in raw extraction: net_debt_eur, profit_loss_before_tax_eur.",178513000.0,1.14485,1.359348,1.55625,1.594432,"ONS average sterling exchange rates: THAP (GBP/EUR) and AUSS (GBP/USD), UK trade time series (MRET), accessed 2026-08-11","ONS CPI INDEX 00: ALL ITEMS 2015=100 (D7BT), accessed 2026-08-11",Season factors use the mean of the two surrounding ONS annual averages for calendar years 2009 and 2010.,True,222486000.0,354738797.952,406122712.83534724,346243837.5,552062254.3128,93929000.0,149763403.328,171456632.30006078,146177006.25,233069296.42920002,84584000.0,134863436.28800002,154398405.03431678,131633849.99999999,209881222.7232,43973000.0,70111958.33600001,80267675.5009696,68432981.25,109111735.1604,178513000.0,284626839.616,204370608.04999998,325855037.3343776,277810856.25,442950519.1524,110733000.0,176556238.65600002,126772675.05,202130409.8253216,172328231.25,274765646.4084,2000000.0,3188864.0,3650770.9504,3112500.0,4962669.600000001,25033000.0,39913416.256000005,28659030.049999997,45694874.600681596,38957606.25,62115254.0484,38137000.0,60806853.184,43661144.449999996,69614725.8677024,59350706.25,94630665.2676,28000.0,44644.096000000005,51110.793305600004,43575.0,69477.3744,2025/26 prices,,,,0.49770772093524984,0.4221793730841491,0.3801767302212274,0.19764389669462348,True,True,True,True
premier_league,Premier League,arsenal,Arsenal,2010/11,2010,2011,23000000.0,8100000.0,14900000.0,18,22,transfermarkt_club_page,https://www.transfermarkt.com/arsenal/transfers/verein/11/saison_id/2010,2026-04-27T17:54:35.795052+00:00,high,,1.0,Arsène Wenger,"[""ars_ne_wenger_22-10-1949""]",ars_ne_wenger_22-10-1949,Arsène Wenger,1.0,365.0,1996-10-01,2018-06-30,1231.0,713.0,267.0,251.0,1.95,transfermarkt_manager_history_page,https://www.transfermarkt.com/arsenal/mitarbeiterhistorie/verein/11/personalie_id/1/plus/1,2026-04-27T18:42:52.621832+00:00,high,,2.0,0.0,Champions League Participant | English League Cup runner-up,,transfermarkt_achievements_page,https://www.transfermarkt.com/arsenal/erfolge/verein/11,2026-04-28T07:46:00.357727+00:00,high,,Champions League Participant (participant) | English League Cup runner-up,uefa_champions_league | league_cup,,4.0,68.0,19.0,11.0,8.0,72.0,43.0,29.0,premier_league_raw_table,https://en.wikipedia.org/wiki/2010%E2%80%9311_Premier_League,,Raw Premier League season table CSV,medium,League table data loaded from raw Premier League CSV files.,2011-05-31,GBP,full pounds (converted from GBP thousands disclosed in report),224675000.0,93108000.0,85244000.0,46323000.0,,,735000.0,124401000.0,-133468000.0,21658000.0,6256000.0,14776000.0,260521896.25000003,107963381.4,98844680.2,53713834.650000006,,-154762819.4,17133510.8,,,224675000.0,0.0,"[31, 32]","Total revenue has been set to football operating revenue only and excludes disclosed player trading and property development turnover. Where Arsenal disclosed retail, retail and licensing, or licensing separately, those lines have been mapped into commercial revenue to align with the project taxonomy.",Women's team revenue is not separately disclosed in the relevant report note. The extracted football revenue figure should be treated as potentially including any inseparable women's activity.,Disclosed property development turnover is excluded from the football revenue total used here.,high,True,Group of companies' accounts made up to 31 May 2011,https://find-and-update.company-information.service.gov.uk/company/04250459/filing-history/MzA0ODAzNDA0NmFkaXF6a2N4/document?format=pdf&download=0,"Values in the annual report were disclosed in GBP thousands and have been converted here into full GBP amounts by multiplying by 1,000. Missing fields in raw extraction: net_debt_original, profit_loss_before_tax_original, net_debt_eur, profit_loss_before_tax_eur. Net debt computed as total debt less cash and short-term deposits from the downloaded annual report. Profit before tax taken from the segmental analysis page as group profit on ordinary activities before taxation.",178352000.0,1.15955,1.357854,1.5745,1.53512,"ONS average sterling exchange rates: THAP (GBP/EUR) and AUSS (GBP/USD), UK trade time series (MRET), accessed 2026-08-11","ONS CPI INDEX 00: ALL ITEMS 2015=100 (D7BT), accessed 2026-08-11",Season factors use the mean of the two surrounding ONS annual averages for calendar years 2010 and 2011.,True,224675000.0,344903086.0,399932373.37130004,353750787.5,543049908.9070001,93108000.0,142931952.96,165736746.05476803,146598546.0,225046359.93552,85244000.0,130859769.28,151738445.468624,134216678.0,206038706.73136002,46323000.0,71111363.76,82457181.847908,72935563.5,111964842.24012001,178352000.0,273791722.24,206808061.60000002,317475191.523392,280815224.0,431085066.66688,124401000.0,190970463.12,144249179.55,221439800.510796,195869374.5,300682994.18244,-133468000.0,-204889396.16,-237579499.317328,-210145366.0,-322598354.25392,21658000.0,33247628.96,25113533.900000002,38552288.16056801,34100521.0,52348391.797520004,6256000.0,9603710.72,7254144.800000001,11135982.765376002,9850072.0,15121042.52864,14776000.0,22682933.12,26301995.099296004,23264812.0,35714278.19744,2025/26 prices,,,,0.5536931122732837,0.4144119283409369,0.3794102592633804,0.20617781239568264,True,True,True,True
premier_league,Premier League,arsenal,Arsenal,2011/12,2011,2012,65480000.00000001,78290000.0,-12809999.999999993,33,26,transfermarkt_club_page,https://www.transfermarkt.com/arsenal/transfers/verein/11/saison_id/2011,2026-04-27T17:54:37.855045+00:00,high,,1.0,Arsène Wenger,"[""ars_ne_wenger_22-10-1949""]",ars_ne_wenger_22-10-1949,Arsène Wenger,1.0,366.0,1996-10-01,2018-06-30,1231.0,713.0,267.0,251.0,1.95,transfermarkt_manager_history_page,https://www.transfermarkt.com/arsenal/mitarbeiterhistorie/verein/11/personalie_id/1/plus/1,2026-04-27T18:42:52.621832+00:00,high,,1.0,0.0,Champions League Participant,,transfermarkt_achievements_page,https://www.transfermarkt.com/arsenal/erfolge/verein/11,2026-04-28T07:46:00.357727+00:00,high,,Champions League Participant (participant),uefa_champions_league,,3.0,70.0,21.0,7.0,10.0,74.0,49.0,25.0,premier_league_raw_table,https://en.wikipedia.org/wiki/2011%E2%80%9312_Premier_League,,Raw Premier League season table CSV,medium,League table data loaded from raw Premier League CSV files.,2012-05-31,GBP,full pounds (converted from GBP thousands disclosed in report),232428000.0,95212000.0,84701000.0,52515000.0,,,2901000.0,143448000.0,101016000.0,36802000.0,65456000.0,36588000.0,277333089.6,113606958.4,101065233.2,62660898.0,,120532291.2,43656801.6,,,232428000.0,0.0,"[30, 31]","Total revenue has been set to football operating revenue only and excludes disclosed player trading and property development turnover. Where Arsenal disclosed retail, retail and licensing, or licensing separately, those lines have been mapped into commercial revenue to align with the project taxonomy.",Women's team revenue is not separately disclosed in the relevant report note. The extracted football revenue figure should be treated as potentially including any inseparable women's activity.,Disclosed property development turnover is excluded from the football revenue total used here.,high,True,Group of companies' accounts made up to 31 May 2012,https://find-and-update.company-information.service.gov.uk/company/04250459/filing-history/MzA2NzUwNTA2M2FkaXF6a2N4/document?format=pdf&download=0,"Values in the annual report were disclosed in GBP thousands and have been converted here into full GBP amounts by multiplying by 1,000. Net debt has been computed from statement debt and cash disclosures because it was not presented as a single line item. Net debt computed from total debt less cash and short-term deposits from the downloaded annual report.",179913000.0,1.1932,1.335945,1.59405,1.480844,"ONS average sterling exchange rates: THAP (GBP/EUR) and AUSS (GBP/USD), UK trade time series (MRET), accessed 2026-08-11","ONS CPI INDEX 00: ALL ITEMS 2015=100 (D7BT), accessed 2026-08-11",Season factors use the mean of the two surrounding ONS annual averages for calendar years 2011 and 2012.,True,232428000.0,344189609.232,410687041.73562247,370501853.4,548655446.5962696,95212000.0,140994118.928,168234182.70488963,151772688.6,224751675.2771784,84701000.0,125428967.64400001,149661844.19282082,135017629.05,199940045.87291822,52515000.0,77766522.66,92791014.83791201,83711535.75,123963725.446173,179913000.0,266423086.572,214672191.6,317896026.8977104,286790317.65,424691721.1500966,143448000.0,212424110.11200002,171162153.6,253464448.1856384,228663284.4,338614652.7240336,101016000.0,149588937.504,178489520.2297728,161024554.79999998,238452245.82825118,36802000.0,54498020.888000004,43912146.4,65027038.5235616,58664228.1,86872570.19651641,65456000.0,96930124.86400001,78102099.2,115657024.98772481,104340136.8,154511465.5394592,36588000.0,54181120.272,64648912.7085504,58323101.4,86367414.7695816,2025/26 prices,,,,0.6171717693221126,0.4096408350112723,0.36441822844063537,0.2259409365480923,True,True,True,True
premier_league,Premier League,arsenal,Arsenal,2012/13,2012,2013,56000000.0,65849999.99999999,-9849999.999999993,16,18,transfermarkt_club_page,https://www.transfermarkt.com/arsenal/transfers/verein/11/saison_id/2012,2026-04-27T17:54:40.577146+00:00,high,,1.0,Arsène Wenger,"[""ars_ne_wenger_22-10-1949""]",ars_ne_wenger_22-10-1949,Arsène Wenger,1.0,365.0,1996-10-01,2018-06-30,1231.0,713.0,267.0,251.0,1.95,transfermarkt_manager_history_page,https://www.transfermarkt.com/arsenal/mitarbeiterhistorie/verein/11/personalie_id/1/plus/1,2026-04-27T18:42:52.621832+00:00,high,,1.0,0.0,Champions League Participant,,transfermarkt_achievements_page,https://www.transfermarkt.com/arsenal/erfolge/verein/11,2026-04-28T07:46:00.357727+00:00,high,,Champions League Participant (participant),uefa_champions_league,,4.0,73.0,21.0,10.0,7.0,72.0,37.0,35.0,premier_league_raw_table,https://en.wikipedia.org/wiki/2012%E2%80%9313_Premier_League,,Raw Premier League season table CSV,medium,League table data loaded from raw Premier League CSV files.,2013-05-31,GBP,full pounds (converted from GBP thousands disclosed in report),241227000.0,92780000.0,86025000.0,62422000.0,,,1598000.0,154490000.0,121264000.0,41349000.0,46986000.0,6654000.0,290835332.55,111860207.00000001,103716041.25000001,75259084.30000001,,146201941.60000002,8022395.100000001,,,241227000.0,0.0,"[30, 31]","Total revenue has been set to football operating revenue only and excludes disclosed player trading and property development turnover. Where Arsenal disclosed retail, retail and licensing, or licensing separately, those lines have been mapped into commercial revenue to align with the project taxonomy.",Women's team revenue is not separately disclosed in the relevant report note. The extracted football revenue figure should be treated as potentially including any inseparable women's activity.,Disclosed property development turnover is excluded from the football revenue total used here.,high,True,Group of companies' accounts made up to 31 May 2013,https://find-and-update.company-information.service.gov.uk/company/04250459/filing-history/MzA4ODY5MjM1MGFkaXF6a2N4/document?format=pdf&download=0,"Values in the annual report were disclosed in GBP thousands and have been converted here into full GBP amounts by multiplying by 1,000. Missing fields in raw extraction: net_debt_eur, profit_loss_before_tax_eur. Net debt computed from creditors due after more than one year and cash/short-term deposits from the downloaded annual report.",178805000.0,1.20565,1.306142,1.57475,1.442035,"ONS average sterling exchange rates: THAP (GBP/EUR) and AUSS (GBP/USD), UK trade time series (MRET), accessed 2026-08-11","ONS CPI INDEX 00: ALL ITEMS 2015=100 (D7BT), accessed 2026-08-11",Season factors use the mean of the two surrounding ONS annual averages for calendar years 2012 and 2013.,True,241227000.0,347857776.945,419394728.7737393,379872218.25,547789034.2441387,92780000.0,133792007.3,161306333.60124502,146105305.0,210688963.495675,86025000.0,124051060.875,149562161.54394376,135467868.75,195349408.11290625,62422000.0,90014708.77,108526233.62855051,98299044.5,141750662.6355575,178805000.0,257843068.17499998,215576248.25000003,310868495.1451888,281573173.75,406038371.60858124,154490000.0,222779987.15,186260868.50000003,268594691.50739753,243283127.5,350822784.7644625,121264000.0,174866932.23999998,210828316.85515603,190960484.0,275371701.54494,41349000.0,59626705.214999996,49852421.85,71888937.14246476,65114337.75000001,93897154.03732125,46986000.0,67755456.51,56648670.900000006,81689366.1412815,73991203.5,106697905.1391225,6654000.0,9595300.89,11568574.5180285,10478386.5,15110200.076527499,2025/26 prices,,,,0.6404341139258873,0.3846169790280525,0.3566143093434815,0.25876871162846615,True,True,True,True
premier_league,Premier League,arsenal,Arsenal,2013/14,2013,2014,49250000.0,12150000.0,37100000.0,21,22,transfermarkt_club_page,https://www.transfermarkt.com/arsenal/transfers/verein/11/saison_id/2013,2026-04-27T17:54:42.470925+00:00,high,,1.0,Arsène Wenger,"[""ars_ne_wenger_22-10-1949""]",ars_ne_wenger_22-10-1949,Arsène Wenger,1.0,365.0,1996-10-01,2018-06-30,1231.0,713.0,267.0,251.0,1.95,transfermarkt_manager_history_page,https://www.transfermarkt.com/arsenal/mitarbeiterhistorie/verein/11/personalie_id/1/plus/1,2026-04-27T18:42:52.621832+00:00,high,,2.0,1.0,Champions League Participant | FA Cup Winner,FA Cup Winner,transfermarkt_achievements_page,https://www.transfermarkt.com/arsenal/erfolge/verein/11,2026-04-28T07:46:00.357727+00:00,high,,Champions League Participant (participant) | FA Cup Winner (winner),uefa_champions_league | fa_cup,FA Cup Winner (winner),4.0,79.0,24.0,7.0,7.0,68.0,41.0,27.0,premier_league_raw_table,https://en.wikipedia.org/wiki/2013%E2%80%9314_Premier_League,,Raw Premier League season table CSV,medium,League table data loaded from raw Premier League CSV files.,2014-05-31,GBP,full pounds (converted from GBP thousands disclosed in report),298145000.0,100229000.0,120762000.0,77154000.0,,,513000.0,166403000.0,32577000.0,40072000.0,6912000.0,20593000.0,360561655.75,121211941.14999999,146043524.7,93306189.89999999,,39396994.949999996,24904144.549999997,,,298145000.0,0.0,"[29, 30, 31]","Total revenue has been set to football operating revenue only and excludes disclosed player trading and property development turnover. Where Arsenal disclosed retail, retail and licensing, or licensing separately, those lines have been mapped into commercial revenue to align with the project taxonomy.",Women's team revenue is not separately disclosed in the relevant report note. The extracted football revenue figure should be treated as potentially including any inseparable women's activity.,Disclosed property development turnover is excluded from the football revenue total used here.,high,True,Group of companies' accounts made up to 31 May 2014,https://find-and-update.company-information.service.gov.uk/company/04250459/filing-history/MzExMDUwMTE2MGFkaXF6a2N4/document?format=pdf&download=0,"Values in the annual report were disclosed in GBP thousands and have been converted here into full GBP amounts by multiplying by 1,000. Missing fields in raw extraction: net_debt_eur, profit_loss_before_tax_eur. Net debt taken from the analysis of changes in net debt note. Profit before tax verified from the tax note and standard-rate reconciliation.",220991000.0,1.20935,1.328027,1.60605,1.413703,"ONS average sterling exchange rates: THAP (GBP/EUR) and AUSS (GBP/USD), UK trade time series (MRET), accessed 2026-08-11","ONS CPI INDEX 00: ALL ITEMS 2015=100 (D7BT), accessed 2026-08-11",Season factors use the mean of the two surrounding ONS annual averages for calendar years 2013 and 2014.,True,298145000.0,421488480.935,509727094.41874224,478835777.25,676931574.8056567,100229000.0,141694037.987,171357684.83957842,160972785.45,227567709.70902133,120762000.0,170721601.686,206462168.99896407,193949810.1,274187428.3878003,77154000.0,109072841.262,131907240.58019967,123913181.7,175176436.7088351,220991000.0,312415639.673,267255465.85,377819853.8385425,354922595.55,501755138.09682167,166403000.0,235244420.309,201239468.04999998,284492839.70068914,267251538.15,377814301.23726946,32577000.0,46054202.631,55695649.95179984,52320290.85,73965352.13551755,40072000.0,56649906.616,48461073.199999996,68509564.56605959,64357635.6,90982582.5206268,6912000.0,9771515.136,8359027.199999999,11817181.829721598,11101017.6,15693541.884172799,20593000.0,29112385.878999997,35207063.86276864,33073387.65,46755947.340967946,2025/26 prices,,,,0.5581277566284861,0.3361753509198544,0.4050445253148635,0.258780123765282,True,True,True,True
premier_league,Premier League,arsenal,Arsenal,2014/15,2014,2015,118980000.0,27800000.0,91180000.0,18,22,transfermarkt_club_page,https://www.transfermarkt.com/arsenal/transfers/verein/11/saison_id/2014,2026-04-27T17:54:44.821724+00:00,high,,1.0,Arsène Wenger,"[""ars_ne_wenger_22-10-1949""]",ars_ne_wenger_22-10-1949,Arsène Wenger,1.0,365.0,1996-10-01,2018-06-30,1231.0,713.0,267.0,251.0,1.95,transfermarkt_manager_history_page,https://www.transfermarkt.com/arsenal/mitarbeiterhistorie/verein/11/personalie_id/1/plus/1,2026-04-27T18:42:52.621832+00:00,high,,3.0,2.0,Champions League Participant | English Supercup Winner | FA Cup Winner,English Supercup Winner | FA Cup Winner,transfermarkt_achievements_page,https://www.transfermarkt.com/arsenal/erfolge/verein/11,2026-04-28T07:46:00.357727+00:00,high,,Champions League Participant (participant) | English Supercup Winner (winner) | FA Cup Winner (winner),uefa_champions_league | super_cup | fa_cup,English Supercup Winner (winner) | FA Cup Winner (winner),3.0,75.0,22.0,9.0,7.0,71.0,36.0,35.0,premier_league_raw_table,https://en.wikipedia.org/wiki/2014%E2%80%9315_Premier_League,,Raw Premier League season table CSV,medium,League table data loaded from raw Premier League CSV files.,2015-05-31,GBP,full pounds (converted from GBP thousands disclosed in report),328532000.0,100401000.0,124844000.0,103287000.0,,,805000.0,192213000.0,5681000.0,54430000.0,28944000.0,24714000.0,430261933.8,131490169.64999999,163501944.6,135269819.55,,7440121.649999999,32366690.099999998,,,328532000.0,0.0,"[31, 32]","Total revenue has been set to football operating revenue only and excludes disclosed player trading and property development turnover. Where Arsenal disclosed retail, retail and licensing, or licensing separately, those lines have been mapped into commercial revenue to align with the project taxonomy.",Women's team revenue is not separately disclosed in the relevant report note. The extracted football revenue figure should be treated as potentially including any inseparable women's activity.,Disclosed property development turnover is excluded from the football revenue total used here.,high,True,Group of companies' accounts made up to 31 May 2015,https://find-and-update.company-information.service.gov.uk/company/04250459/filing-history/MzEzNTE5MDEzMWFkaXF6a2N4/document?format=pdf&download=0,"Values in the annual report were disclosed in GBP thousands and have been converted here into full GBP amounts by multiplying by 1,000. Missing fields in raw extraction: net_debt_eur, profit_loss_before_tax_eur. Net debt taken from the analysis of changes in net debt note. Profit before tax verified from the tax note and standard-rate reconciliation.",225245000.0,1.30965,1.212652,1.58815,1.4031,"ONS average sterling exchange rates: THAP (GBP/EUR) and AUSS (GBP/USD), UK trade time series (MRET), accessed 2026-08-11","ONS CPI INDEX 00: ALL ITEMS 2015=100 (D7BT), accessed 2026-08-11",Season factors use the mean of the two surrounding ONS annual averages for calendar years 2014 and 2015.,True,328532000.0,460963249.2,603700519.31478,521758095.8,732078784.21698,100401000.0,140872643.1,184493857.035915,159451848.15,223726888.139265,124844000.0,175168616.4,229409578.46826,198270998.6,278194038.13566,103287000.0,144921989.7,189797083.81060502,164035249.04999998,230157857.942055,225245000.0,316041259.5,294992114.25,413903435.504175,357722846.75,501920926.274925,192213000.0,269694060.3,251731755.45,353204826.071895,305263075.95,428314621.86544496,5681000.0,7971011.1,10439234.687114999,9022280.15,12659161.278465,54430000.0,76370733.0,71284249.5,100018930.47345,86443004.5,121288179.61395,28944000.0,40611326.4,37906509.6,53186623.61976,45967413.6,64496878.02216,24714000.0,34676213.4,45413702.87931,39249539.1,55071028.31121,2025/26 prices,,,,0.5850662949119111,0.3056049334615806,0.3800056006720806,0.31438946586633876,True,True,True,True
premier_league,Premier League,arsenal,Arsenal,2015/16,2015,2016,26500000.0,2500000.0,24000000.0,15,12,transfermarkt_club_page,https://www.transfermarkt.com/arsenal/transfers/verein/11/saison_id/2015,2026-04-27T17:54:46.871751+00:00,high,,1.0,Arsène Wenger,"[""ars_ne_wenger_22-10-1949""]",ars_ne_wenger_22-10-1949,Arsène Wenger,1.0,366.0,1996-10-01,2018-06-30,1231.0,713.0,267.0,251.0,1.95,transfermarkt_manager_history_page,https://www.transfermarkt.com/arsenal/mitarbeiterhistorie/verein/11/personalie_id/1/plus/1,2026-04-27T18:42:52.621832+00:00,high,,2.0,1.0,Champions League Participant | English Supercup Winner,English Supercup Winner,transfermarkt_achievements_page,https://www.transfermarkt.com/arsenal/erfolge/verein/11,2026-04-28T07:46:00.357727+00:00,high,,Champions League Participant (participant) | English Supercup Winner (winner),uefa_champions_league | super_cup,English Supercup Winner (winner),2.0,71.0,20.0,11.0,7.0,65.0,36.0,29.0,premier_league_raw_table,https://en.wikipedia.org/wiki/2015%E2%80%9316_Premier_League,,Raw Premier League season table CSV,medium,League table data loaded from raw Premier League CSV files.,2016-05-31,GBP,full pounds (converted from GBP thousands disclosed in report),347393000.0,99907000.0,140579000.0,106907000.0,,,3230000.0,195387000.0,6142000.0,59257000.0,2047000.0,18192000.0,451871444.75,129954030.25,182858134.25,139059280.25,,7989206.5,23663244.0,,,347393000.0,0.0,"[33, 35, 39]","Total revenue has been set to football operating revenue only and excludes disclosed player trading and property development turnover. Where Arsenal disclosed retail, retail and licensing, or licensing separately, those lines have been mapped into commercial revenue to align with the project taxonomy.",Women's team revenue is not separately disclosed in the relevant report note. The extracted football revenue figure should be treated as potentially including any inseparable women's activity.,Disclosed property development turnover is excluded from the football revenue total used here.,high,True,Group of companies' accounts made up to 31 May 2016,https://find-and-update.company-information.service.gov.uk/company/04250459/filing-history/MzE2Njc3MDIwNGFkaXF6a2N4/document?format=pdf&download=0,"Values in the annual report were disclosed in GBP thousands and have been converted here into full GBP amounts by multiplying by 1,000. Missing fields in raw extraction: net_debt_eur, profit_loss_before_tax_eur. Net debt taken from the analysis of changes in net debt note. Profit before tax verified from the tax note and standard-rate reconciliation.",240486000.0,1.30075,1.10813,1.4414,1.398206,"ONS average sterling exchange rates: THAP (GBP/EUR) and AUSS (GBP/USD), UK trade time series (MRET), accessed 2026-08-11","ONS CPI INDEX 00: ALL ITEMS 2015=100 (D7BT), accessed 2026-08-11",Season factors use the mean of the two surrounding ONS annual averages for calendar years 2015 and 2016.,True,347393000.0,485726976.958,631809365.2781185,500732270.2,700126864.5872612,99907000.0,139690566.842,181702504.8197315,144005949.8,201349983.04605883,140579000.0,196558401.27400002,255673340.45715553,202630570.6,283319279.5963436,106907000.0,149478008.842,194433520.00123152,154095749.8,215457601.94485882,240486000.0,336248968.116,312812164.5,437375845.276887,346636520.4,484669262.6424024,195387000.0,273191275.722,254149640.25,355353551.8953915,281630821.8,393777904.8256908,6142000.0,8587781.252,11170556.463539,8853078.8,12378427.896632802,59257000.0,82853492.942,77078542.75,107771680.94430651,85413039.8,119425024.7265988,2047000.0,2862127.682,2662635.25,3722912.5823615002,2950545.8,4125470.8408347997,18192000.0,25436163.552,33086089.740264002,26221948.8,36663686.1438528,2025/26 prices,,,,0.562437930528249,0.28759071138451264,0.4046684878509354,0.30774080076455196,True,True,True,True
premier_league,Premier League,arsenal,Arsenal,2016/17,2016,2017,113000000.0,10350000.0,102650000.0,11,12,transfermarkt_club_page,https://www.transfermarkt.com/arsenal/transfers/verein/11/saison_id/2016,2026-04-27T17:54:48.812899+00:00,high,,1.0,Arsène Wenger,"[""ars_ne_wenger_22-10-1949""]",ars_ne_wenger_22-10-1949,Arsène Wenger,1.0,365.0,1996-10-01,2018-06-30,1231.0,713.0,267.0,251.0,1.95,transfermarkt_manager_history_page,https://www.transfermarkt.com/arsenal/mitarbeiterhistorie/verein/11/personalie_id/1/plus/1,2026-04-27T18:42:52.621832+00:00,high,,2.0,1.0,Champions League Participant | FA Cup Winner,FA Cup Winner,transfermarkt_achievements_page,https://www.transfermarkt.com/arsenal/erfolge/verein/11,2026-04-28T07:46:00.357727+00:00,high,,Champions League Participant (participant) | FA Cup Winner (winner),uefa_champions_league | fa_cup,FA Cup Winner (winner),5.0,75.0,23.0,6.0,9.0,77.0,44.0,33.0,premier_league_raw_table,https://en.wikipedia.org/wiki/2016%E2%80%9317_Premier_League,,Raw Premier League season table CSV,medium,League table data loaded from raw Premier League CSV files.,2017-05-31,GBP,full pounds (converted from GBP thousands disclosed in report),415867000.0,99996000.0,198637000.0,117234000.0,,,6932000.0,199395000.0,47352000.0,77126000.0,6760000.0,44607000.0,491679554.09999996,118225270.8,234848525.1,138605758.2,,55984269.599999994,52738856.099999994,,,415867000.0,0.0,"[37, 38, 39]","Total revenue has been set to football operating revenue only and excludes disclosed player trading and property development turnover. Where Arsenal disclosed retail, retail and licensing, or licensing separately, those lines have been mapped into commercial revenue to align with the project taxonomy.",Women's team revenue is not separately disclosed in the relevant report note. The extracted football revenue figure should be treated as potentially including any inseparable women's activity.,Disclosed property development turnover is excluded from the football revenue total used here.,high,True,Group of companies' accounts made up to 31 May 2017,https://find-and-update.company-information.service.gov.uk/company/04250459/filing-history/MzE5MTg1NjI2OWFkaXF6a2N4/document?format=pdf&download=0,"Values in the annual report were disclosed in GBP thousands and have been converted here into full GBP amounts by multiplying by 1,000. Missing fields in raw extraction: net_debt_eur, profit_loss_before_tax_eur. Net debt taken from the analysis of changes in net debt note. Profit before tax taken from the segmental analysis / group disclosure.",298633000.0,1.1823,1.117737,1.3215,1.374914,"ONS average sterling exchange rates: THAP (GBP/EUR) and AUSS (GBP/USD), UK trade time series (MRET), accessed 2026-08-11","ONS CPI INDEX 00: ALL ITEMS 2015=100 (D7BT), accessed 2026-08-11",Season factors use the mean of the two surrounding ONS annual averages for calendar years 2016 and 2017.,True,415867000.0,571781360.438,676017102.4458474,549568240.5,755609067.818817,99996000.0,137485900.344,162549579.97671118,132144713.99999999,181687617.30459598,198637000.0,273108792.218,322896525.0393414,262498795.49999997,360913268.916087,117234000.0,161186667.876,190570997.4297948,154924731.0,213008181.59813398,298633000.0,410594692.562,353073795.9,485446105.01605254,394643509.49999994,542600886.2206829,199395000.0,274150977.03,235744708.49999997,324128700.14256895,263500492.49999997,362290516.14514494,47352000.0,65104927.728,76973556.0528144,62575667.99999999,86036161.99255198,77126000.0,106041617.164,91186069.8,125373003.97299719,101922008.99999999,140133997.08222598,6760000.0,9294418.64,7992347.999999999,10988791.158071999,8933340.0,12282574.23276,44607000.0,61330788.798,72511391.5958754,58948150.49999999,81048637.39655699,2025/26 prices,,,,0.4794681953605359,0.2404518752389586,0.47764549723829974,0.28190262752274164,True,True,True,True
premier_league,Premier League,arsenal,Arsenal,2017/18,2017,2018,152850000.0,162400000.0,-9550000.0,10,16,transfermarkt_club_page,https://www.transfermarkt.com/arsenal/transfers/verein/11/saison_id/2017,2026-04-27T17:54:50.652681+00:00,high,,1.0,Arsène Wenger,"[""ars_ne_wenger_22-10-1949""]",ars_ne_wenger_22-10-1949,Arsène Wenger,1.0,365.0,1996-10-01,2018-06-30,1231.0,713.0,267.0,251.0,1.95,transfermarkt_manager_history_page,https://www.transfermarkt.com/arsenal/mitarbeiterhistorie/verein/11/personalie_id/1/plus/1,2026-04-27T18:42:52.621832+00:00,high,,3.0,1.0,English League Cup runner-up | English Supercup Winner | Europa League Participant,English Supercup Winner,transfermarkt_achievements_page,https://www.transfermarkt.com/arsenal/erfolge/verein/11,2026-04-28T07:46:00.357727+00:00,high,,English League Cup runner-up | English Supercup Winner (winner) | Europa League Participant (participant),league_cup | super_cup | uefa_europa_league,English Supercup Winner (winner),6.0,63.0,19.0,6.0,13.0,74.0,51.0,23.0,premier_league_raw_table,https://en.wikipedia.org/wiki/2017%E2%80%9318_Premier_League,,Raw Premier League season table CSV,medium,League table data loaded from raw Premier League CSV files.,2018-05-31,GBP,full pounds (converted from GBP thousands disclosed in report),385920000.0,98905000.0,180097000.0,106918000.0,,,2311000.0,240060000.0,0.0,85812000.0,120047000.0,2018000.0,438366527.99999994,112346189.49999999,204572182.29999998,121448156.19999999,,0.0,2292246.1999999997,,,385920000.0,0.0,"[21, 23, 26]",Total revenue has been set to football operating revenue only and excludes disclosed player trading and property development turnover.,Women's team revenue is not separately disclosed in the relevant report note. The extracted football revenue figure should be treated as potentially including any inseparable women's activity.,Disclosed property development turnover is excluded from the football revenue total used here.,high,True,Group of companies' accounts made up to 31 May 2018,https://find-and-update.company-information.service.gov.uk/company/04250459/filing-history/MzIyNTM1MjYxN2FkaXF6a2N4/document?format=pdf&download=0,"Values in the annual report were disclosed in GBP thousands and have been converted here into full GBP amounts by multiplying by 1,000. Missing fields in raw extraction: net_debt_eur, profit_loss_before_tax_eur.",279002000.0,1.1359,1.154943,1.3119,1.340755,"ONS average sterling exchange rates: THAP (GBP/EUR) and AUSS (GBP/USD), UK trade time series (MRET), accessed 2026-08-11","ONS CPI INDEX 00: ALL ITEMS 2015=100 (D7BT), accessed 2026-08-11",Season factors use the mean of the two surrounding ONS annual averages for calendar years 2017 and 2018.,True,385920000.0,517424169.59999996,587742114.24864,506288448.0,678808768.09824,98905000.0,132607373.27499999,150628715.30307248,129753469.5,173967612.9994725,180097000.0,241465953.23499998,274281176.27963644,236269254.3,316779184.0489965,106918000.0,143350843.09,162832222.665931,140265724.20000002,188061971.049771,279002000.0,374073326.51,316918371.79999995,424909891.5827089,366022723.8,490746797.048469,240060000.0,321861645.29999995,272684154.0,365602642.89627,314934714.0,422250292.46906996,0.0,0.0,0.0,0.0,0.0,85812000.0,115052868.05999999,97473850.8,130688552.82935399,112576762.80000001,150937857.607914,120047000.0,160953615.48499998,136361387.29999998,182827211.82941148,157489659.3,211155048.1547715,2018000.0,2705643.59,3073340.5538809993,2647414.2,3549533.825721,2025/26 prices,,,,0.6220460199004976,0.2562836857379768,0.4666692578772803,0.277047056384743,True,True,True,True
premier_league,Premier League,arsenal,Arsenal,2018/19,2018,2019,80150000.0,9100000.0,71050000.0,17,12,transfermarkt_club_page,https://www.transfermarkt.com/arsenal/transfers/verein/11/saison_id/2018,2026-04-27T17:54:52.892721+00:00,high,,1.0,Unai Emery,"[""unai_emery_03-11-1971""]",unai_emery_03-11-1971,Unai Emery,1.0,365.0,2018-07-01,2019-11-29,78.0,43.0,15.0,20.0,1.85,transfermarkt_manager_history_page,https://www.transfermarkt.com/arsenal/mitarbeiterhistorie/verein/11/personalie_id/1/plus/1,2026-04-27T18:42:52.621832+00:00,high,,2.0,0.0,Europa League Participant | Europa League runner-up,,transfermarkt_achievements_page,https://www.transfermarkt.com/arsenal/erfolge/verein/11,2026-04-28T07:46:00.357727+00:00,high,,Europa League Participant (participant) | Europa League runner-up,uefa_europa_league,,5.0,70.0,21.0,7.0,10.0,73.0,51.0,22.0,premier_league_raw_table,https://en.wikipedia.org/wiki/2018%E2%80%9319_Premier_League,,Raw Premier League season table CSV,medium,League table data loaded from raw Premier League CSV files.,2019-05-31,GBP,full pounds (converted from GBP thousands disclosed in report),390148000.0,96244000.0,183025000.0,110879000.0,,,4582000.0,234922000.0,21715000.0,89678000.0,12243000.0,-32215000.0,443013054.0,109285062.0,207824887.5,125903104.5,,24657382.5,-36580132.5,,,390148000.0,0.0,"[21, 23, 26]",Total revenue has been set to football operating revenue only and excludes disclosed player trading and property development turnover.,Women's team revenue is not separately disclosed in the relevant report note. The extracted football revenue figure should be treated as potentially including any inseparable women's activity.,Disclosed property development turnover is excluded from the football revenue total used here.,high,True,Group of companies' accounts made up to 31 May 2019,https://find-and-update.company-information.service.gov.uk/company/04250459/filing-history/MzI1ODcyNTM1MWFkaXF6a2N4/document?format=pdf&download=0,"Values in the annual report were disclosed in GBP thousands and have been converted here into full GBP amounts by multiplying by 1,000. Missing fields in raw extraction: net_debt_original, profit_loss_before_tax_original, net_debt_eur, profit_loss_before_tax_eur. Net debt computed as total debt less cash and short-term deposits from the downloaded annual report. Profit before tax verified from the tax note.",279269000.0,1.1355,1.149978,1.3058,1.313149,"ONS average sterling exchange rates: THAP (GBP/EUR) and AUSS (GBP/USD), UK trade time series (MRET), accessed 2026-08-11","ONS CPI INDEX 00: ALL ITEMS 2015=100 (D7BT), accessed 2026-08-11",Season factors use the mean of the two surrounding ONS annual averages for calendar years 2018 and 2019.,True,390148000.0,512322456.052,581742148.8470459,509455258.40000004,668990663.1127017,96244000.0,126382712.35599999,143507569.880238,125675415.2,165030545.7944648,183025000.0,240339095.725,272905043.1957375,238994045.0,313834791.197705,110879000.0,145600647.971,165329535.77107048,144785798.20000002,190125326.1205318,279269000.0,366721808.081,317109949.5,416412613.0759755,364669460.20000005,478865336.9921698,234922000.0,308487589.37799996,266753931.0,350287657.738719,306761147.6,402823094.2097924,21715000.0,28515030.534999996,32378817.172492497,28355447.0,37234926.872603,89678000.0,117760576.02199998,101829369.0,133717134.07298099,117101532.4,153771760.1695276,12243000.0,16076883.206999999,13901926.5,18255300.881548498,15986909.4,20993194.0917006,-32215000.0,-42303095.035,-48035164.412242495,-42066347.0,-55239381.496703,2025/26 prices,,,,0.6021355998236566,0.24668587305330286,0.4691168479653875,0.28419727898130964,True,True,True,True
premier_league,Premier League,arsenal,Arsenal,2019/20,2019,2020,160800000.0,53650000.0,107150000.0,16,19,transfermarkt_club_page,https://www.transfermarkt.com/arsenal/transfers/verein/11/saison_id/2019,2026-04-27T17:54:54.686962+00:00,high,,2.0,Unai Emery | Mikel Arteta,"[""unai_emery_03-11-1971"", ""mikel_arteta_26-03-1982""]",mikel_arteta_26-03-1982,Mikel Arteta,0.5245901639344263,192.0,2019-12-22,,345.0,212.0,59.0,74.0,2.01,transfermarkt_manager_history_page,https://www.transfermarkt.com/arsenal/mitarbeiterhistorie/verein/11/personalie_id/1/plus/1,2026-04-27T18:42:52.621832+00:00,high,Manager spell appears ongoing on the collection date. Ongoing manager spell; overlap calculated through the collection date or season end.,2.0,1.0,Europa League Participant | FA Cup Winner,FA Cup Winner,transfermarkt_achievements_page,https://www.transfermarkt.com/arsenal/erfolge/verein/11,2026-04-28T07:46:00.357727+00:00,high,,Europa League Participant (participant) | FA Cup Winner (winner),uefa_europa_league | fa_cup,FA Cup Winner (winner),8.0,56.0,14.0,14.0,10.0,56.0,48.0,8.0,premier_league_raw_table,https://en.wikipedia.org/wiki/2019%E2%80%9320_Premier_League,,Raw Premier League season table CSV,medium,League table data loaded from raw Premier League CSV files.,2020-05-31,GBP,full pounds (converted from GBP thousands disclosed in report),339968000.0,78743000.0,118948000.0,142277000.0,,,3485000.0,234478000.0,-94109000.0,109114000.0,60050000.0,-54022000.0,385098752.0,89196133.25,134738347.0,161164271.75,,-106601969.75,-61193420.49999999,,,339968000.0,0.0,"[25, 26, 27]",Total revenue has been set to football operating revenue only and excludes disclosed player trading and property development turnover.,Women's team revenue is not separately disclosed in the relevant report note. The extracted football revenue figure should be treated as potentially including any inseparable women's activity.,Disclosed property development turnover is excluded from the football revenue total used here.,high,True,Group of companies' accounts made up to 31 May 2020,https://find-and-update.company-information.service.gov.uk/company/04250459/filing-history/MzI5NDA2NjY3MWFkaXF6a2N4/document?format=pdf&download=0,"Values in the annual report were disclosed in GBP thousands and have been converted here into full GBP amounts by multiplying by 1,000. Missing fields in raw extraction: net_debt_original, profit_loss_before_tax_original, net_debt_eur, profit_loss_before_tax_eur. Net debt computed as total debt less cash and short-term deposits from the downloaded annual report. Profit before tax verified from the tax note.",197691000.0,1.13275,1.130126,1.28015,1.296166,"ONS average sterling exchange rates: THAP (GBP/EUR) and AUSS (GBP/USD), UK trade time series (MRET), accessed 2026-08-11","ONS CPI INDEX 00: ALL ITEMS 2015=100 (D7BT), accessed 2026-08-11",Season factors use the mean of the two surrounding ONS annual averages for calendar years 2019 and 2020.,True,339968000.0,440654962.68799996,499151908.984832,435210035.2,564104450.4850432,78743000.0,102063999.338,115612995.25011949,100802851.44999999,130657228.75254068,118948000.0,154176353.368,174643264.277602,152271282.2,197368858.76404518,142277000.0,184414609.982,208895649.4571105,182135901.54999998,236078362.96845725,197691000.0,256240352.706,223934480.24999997,290256259.52772146,253074133.64999998,328026087.5165858,234478000.0,303922411.348,265604954.49999997,344268111.454447,300167011.7,389066274.8871422,-94109000.0,-121980886.094,-138173848.7229785,-120473636.35,-156153831.33323407,109114000.0,141429856.924,123598883.49999999,160204670.43066096,139682287.1,181051431.3412586,60050000.0,77834768.3,68021637.5,88167333.791825,76873007.5,99640178.63924499,-54022000.0,-70021479.652,-79316831.07580298,-69156263.3,-89637997.17650779,2025/26 prices,,,,0.6897060899849397,0.23161885824548192,0.3498799887048193,0.4185011530496988,True,True,True,True
premier_league,Premier League,arsenal,Arsenal,2020/21,2020,2021,86000000.0,19150000.0,66850000.0,16,16,transfermarkt_club_page,https://www.transfermarkt.com/arsenal/transfers/verein/11/saison_id/2020,2026-04-27T17:39:42.896737+00:00,high,,1.0,Mikel Arteta,"[""mikel_arteta_26-03-1982""]",mikel_arteta_26-03-1982,Mikel Arteta,1.0,365.0,2019-12-22,,345.0,212.0,59.0,74.0,2.01,transfermarkt_manager_history_page,https://www.transfermarkt.com/arsenal/mitarbeiterhistorie/verein/11/personalie_id/1/plus/1,2026-04-27T18:42:52.621832+00:00,high,Manager spell appears ongoing on the collection date. Ongoing manager spell; overlap calculated through the collection date or season end.,2.0,1.0,English Supercup Winner | Europa League Participant,English Supercup Winner,transfermarkt_achievements_page,https://www.transfermarkt.com/arsenal/erfolge/verein/11,2026-04-28T07:46:00.357727+00:00,high,,English Supercup Winner (winner) | Europa League Participant (participant),super_cup | uefa_europa_league,English Supercup Winner (winner),8.0,61.0,18.0,7.0,13.0,55.0,39.0,16.0,premier_league_raw_table,https://en.wikipedia.org/wiki/2020%E2%80%9321_Premier_League,,Raw Premier League season table CSV,medium,League table data loaded from raw Premier League CSV files.,2021-05-31,GBP,full pounds (converted from GBP thousands disclosed in report),324519000.0,3763000.0,184376000.0,136380000.0,,,3067000.0,244438000.0,-2466000.0,117413000.0,11770000.0,-127204000.0,371298413.85,4305436.45,210953800.4,156039177.0,,-2821473.9,-145540456.6,,,324519000.0,0.0,"[26, 27, 30]",Total revenue has been set to football operating revenue only and excludes disclosed player trading and property development turnover.,Women's team revenue is not separately disclosed in the relevant report note. The extracted football revenue figure should be treated as potentially including any inseparable women's activity.,Disclosed property development turnover is excluded from the football revenue total used here.,high,True,Group of companies' accounts made up to 31 May 2021,https://find-and-update.company-information.service.gov.uk/company/04250459/filing-history/MzMzMjQ0NzAzOGFkaXF6a2N4/document?format=pdf&download=0,"Values in the annual report were disclosed in GBP thousands and have been converted here into full GBP amounts by multiplying by 1,000. Missing fields in raw extraction: net_debt_original, profit_loss_before_tax_original, net_debt_eur, profit_loss_before_tax_eur. Net debt computed as total debt less cash and short-term deposits from the downloaded annual report. Profit before tax verified from the tax note.",188139000.0,1.14415,1.162173,1.3297,1.273808,"ONS average sterling exchange rates: THAP (GBP/EUR) and AUSS (GBP/USD), UK trade time series (MRET), accessed 2026-08-11","ONS CPI INDEX 00: ALL ITEMS 2015=100 (D7BT), accessed 2026-08-11",Season factors use the mean of the two surrounding ONS annual averages for calendar years 2020 and 2021.,True,324519000.0,413374898.352,472962889.94944084,431512914.3,549664602.3386544,3763000.0,4793339.504000001,5484299.3935016,5003661.100000001,6373703.538468801,184376000.0,234859623.808,268714638.5799232,245164767.20000002,312292841.77749765,136380000.0,173721935.04000002,198763951.976016,181344486.0,230998057.022688,188139000.0,239652963.312,215259236.85,274198937.9734248,250168428.3,318666545.3159664,244438000.0,311367079.904,279673737.7,356250644.4721616,325029208.6,414024806.14834887,-2466000.0,-3141210.528,-3594016.0256112,-3279040.2,-4176867.6390816006,117413000.0,149561618.704,134338083.95,171120926.04018158,156124066.10000002,198872084.39070883,11770000.0,14992720.16,13466645.5,17153920.771064002,15650569.000000002,19935819.996752,-127204000.0,-162033472.83200002,-185390597.9407328,-169143158.8,-215455908.82471043,2025/26 prices,,,,0.7532317060018057,0.011595623060591214,0.5681516336485691,0.42025274329083967,True,True,True,True
premier_league,Premier League,arsenal,Arsenal,2021/22,2021,2022,167400000.0,31400000.0,136000000.0,13,20,transfermarkt_club_page,https://www.transfermarkt.com/arsenal/transfers/verein/11/saison_id/2021,2026-04-27T17:43:02.678532+00:00,high,,1.0,Mikel Arteta,"[""mikel_arteta_26-03-1982""]",mikel_arteta_26-03-1982,Mikel Arteta,1.0,365.0,2019-12-22,,345.0,212.0,59.0,74.0,2.01,transfermarkt_manager_history_page,https://www.transfermarkt.com/arsenal/mitarbeiterhistorie/verein/11/personalie_id/1/plus/1,2026-04-27T18:42:52.621832+00:00,high,Manager spell appears ongoing on the collection date. Ongoing manager spell; overlap calculated through the collection date or season end.,,,,,,,,,,,,,5.0,69.0,22.0,3.0,13.0,61.0,48.0,13.0,premier_league_raw_table,https://en.wikipedia.org/wiki/2021%E2%80%9322_Premier_League,,Raw Premier League season table CSV,medium,League table data loaded from raw Premier League CSV files.,2022-05-31,GBP,full pounds (converted from GBP thousands disclosed in report),324519000.0,3763000.0,184376000.0,136380000.0,,,3067000.0,244438000.0,-13188000.0,117413000.0,11770000.0,-45481000.0,379119321.75,4396124.75,215397262.0,159325935.0,,-15406881.0,-53133178.25,,,324519000.0,0.0,"[22, 26, 27]",Total revenue has been set to football operating revenue only and excludes disclosed player trading and property development turnover.,Women's team revenue is not separately disclosed in the relevant report note. The extracted football revenue figure should be treated as potentially including any inseparable women's activity.,Disclosed property development turnover is excluded from the football revenue total used here.,high,True,Group of companies' accounts made up to 31 May 2022,https://find-and-update.company-information.service.gov.uk/company/04250459/filing-history/MzM2OTcwMjYwNWFkaXF6a2N4/document?download=0&format=pdf,"Values in the annual report were disclosed in GBP thousands and have been converted here into full GBP amounts by multiplying by 1,000. Missing fields in raw extraction: net_debt_original, profit_loss_before_tax_original, net_debt_eur, profit_loss_before_tax_eur. Net debt computed as total debt less cash and short-term deposits from the downloaded annual report. Profit before tax verified from the tax note.",188139000.0,1.16825,1.117869,1.30595,1.202829,"ONS average sterling exchange rates: THAP (GBP/EUR) and AUSS (GBP/USD), UK trade time series (MRET), accessed 2026-08-11","ONS CPI INDEX 00: ALL ITEMS 2015=100 (D7BT), accessed 2026-08-11",Season factors use the mean of the two surrounding ONS annual averages for calendar years 2021 and 2022.,True,324519000.0,390340864.251,456015714.66123074,423805588.04999995,509765651.66859335,3763000.0,4526245.527,5287786.33691775,4914289.85,5911050.345985649,184376000.0,221772799.704,259086073.25419798,240785837.2,289624187.77343875,136380000.0,164041819.01999998,191641855.070115,178105461.0,214230413.54916897,188139000.0,226299045.23099998,219793386.75,264373859.59111574,245700127.04999998,295535238.1194244,244438000.0,294017115.102,285564693.5,343485494.7179115,319223806.09999996,383971651.4674568,-13188000.0,-15862908.852,-18531843.266349,-17222868.599999998,-20716165.815269396,117413000.0,141227761.377,137167737.25,164989332.22868025,153335507.35,184436394.97029313,11770000.0,14157297.329999998,13750302.5,16539262.605772499,15371031.5,18488722.448113497,-45481000.0,-54705865.749,-63910127.66126925,-59395911.949999996,-71443125.37490654,2025/26 prices,,,,0.7532317060018058,0.011595623060591214,0.5681516336485691,0.42025274329083967,True,True,False,True
premier_league,Premier League,arsenal,Arsenal,2022/23,2022,2023,186400000.0,23800000.0,162600000.0,25,18,transfermarkt_club_page,https://www.transfermarkt.com/arsenal/transfers/verein/11/saison_id/2022,2026-04-27T17:54:59.604480+00:00,high,,1.0,Mikel Arteta,"[""mikel_arteta_26-03-1982""]",mikel_arteta_26-03-1982,Mikel Arteta,1.0,365.0,2019-12-22,,345.0,212.0,59.0,74.0,2.01,transfermarkt_manager_history_page,https://www.transfermarkt.com/arsenal/mitarbeiterhistorie/verein/11/personalie_id/1/plus/1,2026-04-27T18:42:52.621832+00:00,high,Manager spell appears ongoing on the collection date. Ongoing manager spell; overlap calculated through the collection date or season end.,1.0,0.0,Europa League Participant,,transfermarkt_achievements_page,https://www.transfermarkt.com/arsenal/erfolge/verein/11,2026-04-28T07:46:00.357727+00:00,high,,Europa League Participant (participant),uefa_europa_league,,2.0,84.0,26.0,6.0,6.0,88.0,43.0,45.0,premier_league_raw_table,https://en.wikipedia.org/wiki/2022%E2%80%9323_Premier_League,,Raw Premier League season table CSV,medium,League table data loaded from raw Premier League CSV files.,2023-05-31,GBP,full pounds (converted from GBP thousands disclosed in report),463100000.0,102604000.0,191194000.0,169302000.0,,,1457000.0,234766000.0,-25531000.0,139060000.0,10732000.0,-52124000.0,537936960.0,119184806.39999999,222090950.4,196661203.2,,-29656809.599999998,-60547238.4,,,463100000.0,0.0,"[22, 26, 27]",Total revenue has been set to football operating revenue only and excludes disclosed player trading and property development turnover.,Women's team revenue is not separately disclosed in the relevant report note. The extracted football revenue figure should be treated as potentially including any inseparable women's activity.,Disclosed property development turnover is excluded from the football revenue total used here.,high,True,Group of companies' accounts made up to 31 May 2023,https://find-and-update.company-information.service.gov.uk/company/04250459/filing-history/MzQxMjE5NjQ0MGFkaXF6a2N4/document?download=0&format=pdf,"Values in the annual report were disclosed in GBP thousands and have been converted here into full GBP amounts by multiplying by 1,000. Missing fields in raw extraction: net_debt_original, profit_loss_before_tax_original, net_debt_eur, profit_loss_before_tax_eur. Net debt computed as total debt less cash and short-term deposits from the downloaded annual report. Profit before tax verified from the tax note.",293798000.0,1.1616,1.067321,1.2398,1.112688,"ONS average sterling exchange rates: THAP (GBP/EUR) and AUSS (GBP/USD), UK trade time series (MRET), accessed 2026-08-11","ONS CPI INDEX 00: ALL ITEMS 2015=100 (D7BT), accessed 2026-08-11",Season factors use the mean of the two surrounding ONS annual averages for calendar years 2022 and 2023.,True,463100000.0,515285812.79999995,598556000.1484799,574151380.0,638851350.70944,102604000.0,114166239.55199999,132615503.86360317,127208439.2,141543303.7965696,191194000.0,212739269.47199997,247117935.41867518,237042321.2,263754146.29138556,169302000.0,188380303.776,218822560.86620158,209900619.6,233553900.6214848,293798000.0,326905509.024,341275756.8,379733439.28227836,364250760.4,405297450.0879551,234766000.0,261221311.008,272704185.59999996,303434674.86689276,291062886.8,323862181.3877184,-25531000.0,-28408037.327999998,-32998776.160204794,-31653333.8,-35220284.6792544,139060000.0,154730393.27999997,161532096.0,179734824.83404797,172406588.0,191834741.58854398,10732000.0,11941367.615999999,12466291.2,13871092.622745598,13305533.6,14804907.570316799,-52124000.0,-57997749.31199999,-67370185.60081919,-64623335.2,-71905609.5970176,2025/26 prices,,,,0.5069445044266896,0.22155905851867846,0.4128568343770244,0.3655841071042971,True,True,True,True
premier_league,Premier League,arsenal,Arsenal,2023/24,2023,2024,235100000.0,69200000.0,165900000.0,15,16,transfermarkt_club_page,https://www.transfermarkt.com/arsenal/transfers/verein/11/saison_id/2023,2026-04-27T17:55:01.811174+00:00,high,,1.0,Mikel Arteta,"[""mikel_arteta_26-03-1982""]",mikel_arteta_26-03-1982,Mikel Arteta,1.0,366.0,2019-12-22,,345.0,212.0,59.0,74.0,2.01,transfermarkt_manager_history_page,https://www.transfermarkt.com/arsenal/mitarbeiterhistorie/verein/11/personalie_id/1/plus/1,2026-04-27T18:42:52.621832+00:00,high,Manager spell appears ongoing on the collection date. Ongoing manager spell; overlap calculated through the collection date or season end.,2.0,1.0,Champions League Participant | English Supercup Winner,English Supercup Winner,transfermarkt_achievements_page,https://www.transfermarkt.com/arsenal/erfolge/verein/11,2026-04-28T07:46:00.357727+00:00,high,,Champions League Participant (participant) | English Supercup Winner (winner),uefa_champions_league | super_cup,English Supercup Winner (winner),2.0,89.0,28.0,5.0,5.0,91.0,29.0,62.0,premier_league_raw_table,https://en.wikipedia.org/wiki/2023%E2%80%9324_Premier_League,,Raw Premier League season table CSV,medium,League table data loaded from raw Premier League CSV files.,2024-05-31,GBP,full pounds (converted from GBP thousands disclosed in report),611972000.0,131652000.0,262052000.0,218268000.0,,,1374000.0,327822000.0,-49097000.0,171099000.0,51073000.0,-17687000.0,713406359.0,153473319.0,305487119.0,254445921.0,,-57234827.75,-20618620.25,,,611972000.0,0.0,"[26, 30, 31, 32]",Total revenue has been set to football operating revenue only and excludes disclosed player trading and property development turnover.,"Women's UEFA competition income of GBP 200,000 was separately disclosed within broadcasting revenue and has been excluded from the extracted men's/club football revenue figure. Any other inseparable women's activity remains embedded if not separately disclosed.",Disclosed property development turnover is excluded from the football revenue total used here.,high,True,Group of companies' accounts made up to 31 May 2024,https://find-and-update.company-information.service.gov.uk/company/04250459/filing-history/MzQ1NTk1NjAxMGFkaXF6a2N4/document?download=0&format=pdf,"Values in the annual report were disclosed in GBP thousands and have been converted here into full GBP amounts by multiplying by 1,000. Broadcasting and total revenue were adjusted to exclude separately disclosed women's UEFA revenue. Missing fields in raw extraction: net_debt_original, profit_loss_before_tax_original, net_debt_eur, profit_loss_before_tax_eur. Net debt computed as total debt less cash from the downloaded annual report. Profit before tax verified from the tax note.",393704000.0,1.16575,1.081578,1.26085,1.061346,"ONS average sterling exchange rates: THAP (GBP/EUR) and AUSS (GBP/USD), UK trade time series (MRET), accessed 2026-08-11","ONS CPI INDEX 00: ALL ITEMS 2015=100 (D7BT), accessed 2026-08-11",Season factors use the mean of the two surrounding ONS annual averages for calendar years 2023 and 2024.,True,611972000.0,649514034.3119999,757170985.4992139,771604896.2,818939770.1622852,131652000.0,139728323.59199998,162888293.227374,165993424.20000002,176176456.8009732,262052000.0,278127841.992,324227531.802174,330408264.2,350677489.57561314,218268000.0,231657868.728,270055160.469666,275203207.8,292085823.7856988,393704000.0,417856165.58399993,458960438.0,487115825.0295479,496401688.40000004,526853946.3765864,327822000.0,347932568.41199994,382158496.5,405602391.62628895,413334368.7,438690778.88227016,-49097000.0,-52108904.56199999,-60745955.49315149,-61903952.45,-65701512.3169977,171099000.0,181595239.25399998,199458659.25,211694650.16035047,215730174.15,228964357.4134059,51073000.0,54206124.257999994,59538349.75,63190789.35376349,64395392.050000004,68345791.77069929,-17687000.0,-18772026.702,-21883490.127856497,-22300653.95,-23668709.8672167,2025/26 prices,,,,0.5356813710431196,0.21512748949298333,0.4282091337512174,0.3566633767557993,True,True,True,True
premier_league,Premier League,arsenal,Arsenal,2024/25,2024,2025,107600000.0,83790000.0,23810000.0,10,13,transfermarkt_club_page,https://www.transfermarkt.com/arsenal/transfers/verein/11/saison_id/2024,2026-04-27T17:55:03.764476+00:00,high,,1.0,Mikel Arteta,"[""mikel_arteta_26-03-1982""]",mikel_arteta_26-03-1982,Mikel Arteta,1.0,365.0,2019-12-22,,345.0,212.0,59.0,74.0,2.01,transfermarkt_manager_history_page,https://www.transfermarkt.com/arsenal/mitarbeiterhistorie/verein/11/personalie_id/1/plus/1,2026-04-27T18:42:52.621832+00:00,high,Manager spell appears ongoing on the collection date. Ongoing manager spell; overlap calculated through the collection date or season end.,1.0,0.0,Champions League Participant,,transfermarkt_achievements_page,https://www.transfermarkt.com/arsenal/erfolge/verein/11,2026-04-28T07:46:00.357727+00:00,high,,Champions League Participant (participant),uefa_champions_league,,2.0,74.0,20.0,14.0,4.0,69.0,34.0,35.0,premier_league_raw_table,https://en.wikipedia.org/wiki/2024%E2%80%9325_Premier_League,,Raw Premier League season table CSV,medium,League table data loaded from raw Premier League CSV files.,2025-05-31,GBP,full pounds (converted from GBP thousands disclosed in report),688431000.0,153854000.0,271384000.0,263193000.0,,,454000.0,346804000.0,-37776000.0,175547000.0,,-1348000.0,808493366.4000001,180686137.60000002,318713369.6,309093859.20000005,,-44364134.400000006,-1583091.2000000002,,,688431000.0,0.0,"[31, 32, 33, 34]",Total revenue has been set to football operating revenue only and excludes disclosed player trading and property development turnover.,"Women's UEFA competition income of GBP 1,400,000 was separately disclosed within broadcasting revenue and has been excluded from the extracted men's/club football revenue figure. Any other inseparable women's activity remains embedded if not separately disclosed.",Disclosed property development turnover is excluded from the football revenue total used here.,medium,True,Group of companies' accounts made up to 31 May 2025,https://find-and-update.company-information.service.gov.uk/company/04250459/filing-history/MzUwNzE0ODU1NmFkaXF6a2N4/document?download=0&format=pdf,"Values in the annual report were disclosed in GBP thousands and have been converted here into full GBP amounts by multiplying by 1,000. Broadcasting and total revenue were adjusted to exclude separately disclosed women's UEFA revenue. Missing fields in raw extraction: net_debt_original, profit_loss_before_tax_original, net_debt_eur, profit_loss_before_tax_eur. Net debt computed as total debt less cash from the downloaded annual report. Profit before tax verified from the tax note.",425238000.0,1.1744,1.105586,1.2984,1.030555,"ONS average sterling exchange rates: THAP (GBP/EUR) and AUSS (GBP/USD), UK trade time series (MRET), accessed 2026-08-11","ONS CPI INDEX 00: ALL ITEMS 2015=100 (D7BT), accessed 2026-08-11",Season factors use the mean of the two surrounding ONS annual averages for calendar years 2024 and 2025.,True,688431000.0,709466009.205,833196881.2103522,893858810.4,921170666.3517721,153854000.0,158555008.97000003,186207002.53436804,199764033.6,205867823.64664802,271384000.0,279676138.12,328451656.6081281,352364985.6,363131497.73500806,263193000.0,271234862.115,318538222.0678561,341729791.2,352171344.970116,425238000.0,438231147.09000003,499399507.20000005,514658659.1424961,552129019.2,568999321.381656,346804000.0,357400596.22,407286617.6,419731260.20076805,450290313.6,464048934.1320481,-37776000.0,-38930245.68000001,-45719680.52659201,-49048358.4,-50547030.990912005,175547000.0,180910838.585,206162396.8,212461688.83422405,227930224.8,234894632.81876403,,,,,,,-1348000.0,-1389188.1400000001,-1631462.5516160005,-1750243.2,-1803721.880976,2025/26 prices,,,,0.5037599991865561,0.22348499704400296,0.3942065363122811,0.3823084666437159,True,True,True,True
premier_league,Premier League,arsenal,Arsenal,2025/26,2025,2026,294600000.0,13880000.0,280720000.0,17,16,transfermarkt_club_page,https://www.transfermarkt.com/arsenal/transfers/verein/11/saison_id/2025,2026-04-27T17:55:05.606859+00:00,high,,1.0,Mikel Arteta,"[""mikel_arteta_26-03-1982""]",mikel_arteta_26-03-1982,Mikel Arteta,0.8246575342465754,301.0,2019-12-22,,345.0,212.0,59.0,74.0,2.01,transfermarkt_manager_history_page,https://www.transfermarkt.com/arsenal/mitarbeiterhistorie/verein/11/personalie_id/1/plus/1,2026-04-27T18:42:52.621832+00:00,high,Manager spell appears ongoing on the collection date. Ongoing manager spell; overlap calculated through the collection date or season end.,,,,,,,,,,,,,,,,,,,,,,,,,,,,,,,,,,,,,,,,,,,,,,,,,,,,,,,,,,,,,,,,,,,,,,,,,,,,,,,,,,,,,,,,,,,,,,,,,,,,,,,,,,,,,,,,,,,,,,,,,,,,,,,,,,,,,False,False,False,True
premier_league,Premier League,chelsea,Chelsea,1990/91,1990,1991,4320000.0,510000.0,3810000.0,7,6,transfermarkt_club_page,https://www.transfermarkt.com/chelsea/transfers/verein/631/saison_id/1990,2026-04-27T18:17:18.895334+00:00,high,,1.0,Bobby Campbell,"[""bobby_campbell_23-04-1937""]",bobby_campbell_23-04-1937,Bobby Campbell,0.8657534246575342,316.0,1988-03-06,1991-05-12,150.0,65.0,46.0,39.0,1.61,transfermarkt_manager_history_page,https://www.transfermarkt.com/chelsea/mitarbeiterhistorie/verein/631/personalie_id/1/plus/1,2026-04-27T18:42:58.504177+00:00,high,,,,,,,,,,,,,,,,,,,,,,,,,,,,,,,,,,,,,,,,,,,,,,,,,,,,,,,,,,,,,,,,,,,,,,,,,,,,,,,,,,,,,,,,,,,,,,,,,,,,,,,,,,,,,,,,,,,,,,,,,,,,,,,,,,,,,,False,False,False,True
premier_league,Premier League,chelsea,Chelsea,1991/92,1991,1992,4240000.0,5240000.0,-1000000.0,13,15,transfermarkt_club_page,https://www.transfermarkt.com/chelsea/transfers/verein/631/saison_id/1991,2026-04-27T18:17:20.842197+00:00,high,Displayed arrivals sum (4240000) differs from parsed arrivals fee sum (4245000). Displayed departures sum (5240000) differs from parsed departures fee sum (5243000).,1.0,Ian Porterfield,"[""ian_porterfield_11-02-1946""]",ian_porterfield_11-02-1946,Ian Porterfield,1.0,366.0,1991-07-01,1993-02-15,85.0,29.0,27.0,29.0,1.34,transfermarkt_manager_history_page,https://www.transfermarkt.com/chelsea/mitarbeiterhistorie/verein/631/personalie_id/1/plus/1,2026-04-27T18:42:58.504177+00:00,high,,,,,,,,,,,,,,,,,,,,,,,,,,,,,,,,,,,,,,,,,,,,,,,,,,,,,,,,,,,,,,,,,,,,,,,,,,,,,,,,,,,,,,,,,,,,,,,,,,,,,,,,,,,,,,,,,,,,,,,,,,,,,,,,,,,,,,False,False,False,True
premier_league,Premier League,chelsea,Chelsea,1992/93,1992,1993,3020000.0,5790000.0,-2770000.0,20,15,transfermarkt_club_page,https://www.transfermarkt.com/chelsea/transfers/verein/631/saison_id/1992,2026-04-27T18:17:23.603253+00:00,high,Displayed arrivals sum (3020000) differs from parsed arrivals fee sum (3015000).,2.0,Ian Porterfield | David Webb,"[""ian_porterfield_11-02-1946"", ""david_webb_09-04-1946""]",ian_porterfield_11-02-1946,Ian Porterfield,0.6301369863013698,230.0,1991-07-01,1993-02-15,85.0,29.0,27.0,29.0,1.34,transfermarkt_manager_history_page,https://www.transfermarkt.com/chelsea/mitarbeiterhistorie/verein/631/personalie_id/1/plus/1,2026-04-27T18:42:58.504177+00:00,high,,,,,,,,,,,,,,,,,,,,,,,,,,,,,,,,,,,,,,,,,,,,,,,,,,,,,,,,,,,,,,,,,,,,,,,,,,,,,,,,,,,,,,,,,,,,,,,,,,,,,,,,,,,,,,,,,,,,,,,,,,,,,,,,,,,,,,False,False,False,True
premier_league,Premier League,chelsea,Chelsea,1993/94,1993,1994,4230000.0,5690000.0,-1460000.0,11,12,transfermarkt_club_page,https://www.transfermarkt.com/chelsea/transfers/verein/631/saison_id/1993,2026-04-27T18:17:25.935145+00:00,high,Displayed arrivals sum (4230000) differs from parsed arrivals fee sum (4226000). Displayed departures sum (5690000) differs from parsed departures fee sum (5693000).,1.0,Glenn Hoddle,"[""glenn_hoddle_27-10-1957""]",glenn_hoddle_27-10-1957,Glenn Hoddle,1.0,365.0,1993-07-01,1996-06-30,157.0,54.0,52.0,51.0,1.36,transfermarkt_manager_history_page,https://www.transfermarkt.com/chelsea/mitarbeiterhistorie/verein/631/personalie_id/1/plus/1,2026-04-27T18:42:58.504177+00:00,high,,1.0,0.0,FA Cup Runner up,,transfermarkt_achievements_page,https://www.transfermarkt.com/chelsea/erfolge/verein/631,2026-04-28T07:46:07.184658+00:00,high,,FA Cup Runner up (runner_up),fa_cup,,,,,,,,,,,,,,,,,,,,,,,,,,,,,,,,,,,,,,,,,,,,,,,,,,,,,,,,,,,,,,,,,,,,,,,,,,,,,,,,,,,,,,,,,,,,,,,,,,,,,,,,,,,,,,,,,,,,,,,,,,False,False,True,True
premier_league,Premier League,chelsea,Chelsea,1994/95,1994,1995,6550000.0,1750000.0,4800000.0,12,11,transfermarkt_club_page,https://www.transfermarkt.com/chelsea/transfers/verein/631/saison_id/1994,2026-04-27T18:17:27.961928+00:00,high,,1.0,Glenn Hoddle,"[""glenn_hoddle_27-10-1957""]",glenn_hoddle_27-10-1957,Glenn Hoddle,1.0,365.0,1993-07-01,1996-06-30,157.0,54.0,52.0,51.0,1.36,transfermarkt_manager_history_page,https://www.transfermarkt.com/chelsea/mitarbeiterhistorie/verein/631/personalie_id/1/plus/1,2026-04-27T18:42:58.504177+00:00,high,,,,,,,,,,,,,,,,,,,,,,,,,,,,,,,,,,,,,,,,,,,,,,,,,,,,,,,,,,,,,,,,,,,,,,,,,,,,,,,,,,,,,,,,,,,,,,,,,,,,,,,,,,,,,,,,,,,,,,,,,,,,,,,,,,,,,,False,False,False,True
premier_league,Premier League,chelsea,Chelsea,1995/96,1995,1996,6500000.0,2990000.0,3510000.0,16,13,transfermarkt_club_page,https://www.transfermarkt.com/chelsea/transfers/verein/631/saison_id/1995,2026-04-27T18:17:30.088705+00:00,high,,1.0,Glenn Hoddle,"[""glenn_hoddle_27-10-1957""]",glenn_hoddle_27-10-1957,Glenn Hoddle,1.0,366.0,1993-07-01,1996-06-30,157.0,54.0,52.0,51.0,1.36,transfermarkt_manager_history_page,https://www.transfermarkt.com/chelsea/mitarbeiterhistorie/verein/631/personalie_id/1/plus/1,2026-04-27T18:42:58.504177+00:00,high,,,,,,,,,,,,,,,,,,,,,,,,,,,,,,,,,,,,,,,,,,,,,,,,,,,,,,,,,,,,,,,,,,,,,,,,,,,,,,,,,,,,,,,,,,,,,,,,,,,,,,,,,,,,,,,,,,,,,,,,,,,,,,,,,,,,,,False,False,False,True
premier_league,Premier League,chelsea,Chelsea,1996/97,1996,1997,18920000.0,4590000.0,14330000.0,16,18,transfermarkt_club_page,https://www.transfermarkt.com/chelsea/transfers/verein/631/saison_id/1996,2026-04-27T18:17:32.512062+00:00,high,Displayed arrivals sum (18920000) differs from parsed arrivals fee sum (18915000).,,,,,,,,,,,,,,,,,,,,1.0,1.0,FA Cup Winner,FA Cup Winner,transfermarkt_achievements_page,https://www.transfermarkt.com/chelsea/erfolge/verein/631,2026-04-28T07:46:07.184658+00:00,high,,FA Cup Winner (winner),fa_cup,FA Cup Winner (winner),,,,,,,,,,,,,,,,,,,,,,,,,,,,,,,,,,,,,,,,,,,,,,,,,,,,,,,,,,,,,,,,,,,,,,,,,,,,,,,,,,,,,,,,,,,,,,,,,,,,,,,,,,,,,,,,,,,,,,,,,False,False,True,False
premier_league,Premier League,chelsea,Chelsea,1997/98,1997,1998,9650000.0,350000.0,9300000.0,12,11,transfermarkt_club_page,https://www.transfermarkt.com/chelsea/transfers/verein/631/saison_id/1997,2026-04-27T18:17:34.828325+00:00,high,,1.0,Gianluca Vialli,"[""gianluca_vialli_09-07-1964""]",gianluca_vialli_09-07-1964,Gianluca Vialli,0.3780821917808219,138.0,1998-02-13,2000-09-12,135.0,72.0,38.0,25.0,1.88,transfermarkt_manager_history_page,https://www.transfermarkt.com/chelsea/mitarbeiterhistorie/verein/631/personalie_id/1/plus/1,2026-04-27T18:42:58.504177+00:00,high,,2.0,2.0,Cup Winners Cup Winner | English League Cup winner,Cup Winners Cup Winner | English League Cup winner,transfermarkt_achievements_page,https://www.transfermarkt.com/chelsea/erfolge/verein/631,2026-04-28T07:46:07.184658+00:00,high,,Cup Winners Cup Winner (winner) | English League Cup winner (winner),other | league_cup,Cup Winners Cup Winner (winner) | English League Cup winner (winner),,,,,,,,,,,,,,,,,,,,,,,,,,,,,,,,,,,,,,,,,,,,,,,,,,,,,,,,,,,,,,,,,,,,,,,,,,,,,,,,,,,,,,,,,,,,,,,,,,,,,,,,,,,,,,,,,,,,,,,,,False,False,True,True
premier_league,Premier League,chelsea,Chelsea,1998/99,1998,1999,19300000.0,8050000.000000001,11250000.0,15,15,transfermarkt_club_page,https://www.transfermarkt.com/chelsea/transfers/verein/631/saison_id/1998,2026-04-27T18:17:37.122030+00:00,high,,1.0,Gianluca Vialli,"[""gianluca_vialli_09-07-1964""]",gianluca_vialli_09-07-1964,Gianluca Vialli,1.0,365.0,1998-02-13,2000-09-12,135.0,72.0,38.0,25.0,1.88,transfermarkt_manager_history_page,https://www.transfermarkt.com/chelsea/mitarbeiterhistorie/verein/631/personalie_id/1/plus/1,2026-04-27T18:42:58.504177+00:00,high,,1.0,1.0,UEFA Supercup Winner,UEFA Supercup Winner,transfermarkt_achievements_page,https://www.transfermarkt.com/chelsea/erfolge/verein/631,2026-04-28T07:46:07.184658+00:00,high,,UEFA Supercup Winner (winner),super_cup,UEFA Supercup Winner (winner),,,,,,,,,,,,,,,,,,,,,,,,,,,,,,,,,,,,,,,,,,,,,,,,,,,,,,,,,,,,,,,,,,,,,,,,,,,,,,,,,,,,,,,,,,,,,,,,,,,,,,,,,,,,,,,,,,,,,,,,,False,False,True,True
premier_league,Premier League,chelsea,Chelsea,1999/00,1999,2000,26360000.0,7730000.0,18630000.0,21,18,transfermarkt_club_page,https://www.transfermarkt.com/chelsea/transfers/verein/631/saison_id/1999,2026-04-27T18:17:39.534443+00:00,high,Displayed departures sum (7730000) differs from parsed departures fee sum (7725000).,1.0,Gianluca Vialli,"[""gianluca_vialli_09-07-1964""]",gianluca_vialli_09-07-1964,Gianluca Vialli,1.0,366.0,1998-02-13,2000-09-12,135.0,72.0,38.0,25.0,1.88,transfermarkt_manager_history_page,https://www.transfermarkt.com/chelsea/mitarbeiterhistorie/verein/631/personalie_id/1/plus/1,2026-04-27T18:42:58.504177+00:00,high,,2.0,1.0,Champions League Participant | FA Cup Winner,FA Cup Winner,transfermarkt_achievements_page,https://www.transfermarkt.com/chelsea/erfolge/verein/631,2026-04-28T07:46:07.184658+00:00,high,,Champions League Participant (participant) | FA Cup Winner (winner),uefa_champions_league | fa_cup,FA Cup Winner (winner),,,,,,,,,,,,,,,,,,,,,,,,,,,,,,,,,,,,,,,,,,,,,,,,,,,,,,,,,,,,,,,,,,,,,,,,,,,,,,,,,,,,,,,,,,,,,,,,,,,,,,,,,,,,,,,,,,,,,,,,,False,False,True,True
premier_league,Premier League,chelsea,Chelsea,2000/01,2000,2001,52390000.0,37870000.0,14520000.0,24,21,transfermarkt_club_page,https://www.transfermarkt.com/chelsea/transfers/verein/631/saison_id/2000,2026-04-27T18:17:41.726534+00:00,high,Displayed departures sum (37870000) differs from parsed departures fee sum (37874000).,2.0,Gianluca Vialli | Claudio Ranieri,"[""gianluca_vialli_09-07-1964"", ""claudio_ranieri_20-10-1951""]",claudio_ranieri_20-10-1951,Claudio Ranieri,0.7835616438356164,286.0,2000-09-18,2004-06-30,199.0,107.0,46.0,46.0,1.84,transfermarkt_manager_history_page,https://www.transfermarkt.com/chelsea/mitarbeiterhistorie/verein/631/personalie_id/1/plus/1,2026-04-27T18:42:58.504177+00:00,high,,2.0,1.0,English Supercup Winner | UEFA Cup Participant,English Supercup Winner,transfermarkt_achievements_page,https://www.transfermarkt.com/chelsea/erfolge/verein/631,2026-04-28T07:46:07.184658+00:00,high,,English Supercup Winner (winner) | UEFA Cup Participant (participant),super_cup | fa_cup,English Supercup Winner (winner),,,,,,,,,,,,,,,,,,,,,,,,,,,,,,,,,,,,,,,,,,,,,,,,,,,,,,,,,,,,,,,,,,,,,,,,,,,,,,,,,,,,,,,,,,,,,,,,,,,,,,,,,,,,,,,,,,,,,,,,,False,False,True,True
premier_league,Premier League,chelsea,Chelsea,2001/02,2001,2002,49700000.0,14320000.0,35380000.0,11,15,transfermarkt_club_page,https://www.transfermarkt.com/chelsea/transfers/verein/631/saison_id/2001,2026-04-27T18:17:44.521485+00:00,high,,1.0,Claudio Ranieri,"[""claudio_ranieri_20-10-1951""]",claudio_ranieri_20-10-1951,Claudio Ranieri,1.0,365.0,2000-09-18,2004-06-30,199.0,107.0,46.0,46.0,1.84,transfermarkt_manager_history_page,https://www.transfermarkt.com/chelsea/mitarbeiterhistorie/verein/631/personalie_id/1/plus/1,2026-04-27T18:42:58.504177+00:00,high,,2.0,0.0,FA Cup Runner up | UEFA Cup Participant,,transfermarkt_achievements_page,https://www.transfermarkt.com/chelsea/erfolge/verein/631,2026-04-28T07:46:07.184658+00:00,high,,FA Cup Runner up (runner_up) | UEFA Cup Participant (participant),fa_cup,,,,,,,,,,,,,,,,,,,,,,,,,,,,,,,,,,,,,,,,,,,,,,,,,,,,,,,,,,,,,,,,,,,,,,,,,,,,,,,,,,,,,,,,,,,,,,,,,,,,,,,,,,,,,,,,,,,,,,,,,,False,False,True,True
premier_league,Premier League,chelsea,Chelsea,2002/03,2002,2003,0.0,2100000.0,-2100000.0,12,10,transfermarkt_club_page,https://www.transfermarkt.com/chelsea/transfers/verein/631/saison_id/2002,2026-04-27T18:17:47.283113+00:00,high,,1.0,Claudio Ranieri,"[""claudio_ranieri_20-10-1951""]",claudio_ranieri_20-10-1951,Claudio Ranieri,1.0,365.0,2000-09-18,2004-06-30,199.0,107.0,46.0,46.0,1.84,transfermarkt_manager_history_page,https://www.transfermarkt.com/chelsea/mitarbeiterhistorie/verein/631/personalie_id/1/plus/1,2026-04-27T18:42:58.504177+00:00,high,,1.0,0.0,UEFA Cup Participant,,transfermarkt_achievements_page,https://www.transfermarkt.com/chelsea/erfolge/verein/631,2026-04-28T07:46:07.184658+00:00,high,,UEFA Cup Participant (participant),fa_cup,,,,,,,,,,,,,,,,,,,,,,,,,,,,,,,,,,,,,,,,,,,,,,,,,,,,,,,,,,,,,,,,,,,,,,,,,,,,,,,,,,,,,,,,,,,,,,,,,,,,,,,,,,,,,,,,,,,,,,,,,,False,False,True,True
premier_league,Premier League,chelsea,Chelsea,2003/04,2003,2004,173700000.0,1530000.0,172170000.0,22,23,transfermarkt_club_page,https://www.transfermarkt.com/chelsea/transfers/verein/631/saison_id/2003,2026-04-27T18:17:49.342349+00:00,high,Displayed departures sum (1530000) differs from parsed departures fee sum (1525000).,1.0,Claudio Ranieri,"[""claudio_ranieri_20-10-1951""]",claudio_ranieri_20-10-1951,Claudio Ranieri,1.0,366.0,2000-09-18,2004-06-30,199.0,107.0,46.0,46.0,1.84,transfermarkt_manager_history_page,https://www.transfermarkt.com/chelsea/mitarbeiterhistorie/verein/631/personalie_id/1/plus/1,2026-04-27T18:42:58.504177+00:00,high,,1.0,0.0,Champions League Participant,,transfermarkt_achievements_page,https://www.transfermarkt.com/chelsea/erfolge/verein/631,2026-04-28T07:46:07.184658+00:00,high,,Champions League Participant (participant),uefa_champions_league,,,,,,,,,,,,,,,,,,,,,,,,,,,,,,,,,,,,,,,,,,,,,,,,,,,,,,,,,,,,,,,,,,,,,,,,,,,,,,,,,,,,,,,,,,,,,,,,,,,,,,,,,,,,,,,,,,,,,,,,,,False,False,True,True
premier_league,Premier League,chelsea,Chelsea,2004/05,2004,2005,162400000.0,3300000.0,159100000.0,21,25,transfermarkt_club_page,https://www.transfermarkt.com/chelsea/transfers/verein/631/saison_id/2004,2026-04-27T18:17:51.601735+00:00,high,,1.0,José Mourinho,"[""jos_mourinho_26-01-1963""]",jos_mourinho_26-01-1963,José Mourinho,1.0,365.0,2004-07-01,2007-09-20,185.0,124.0,38.0,23.0,2.22,transfermarkt_manager_history_page,https://www.transfermarkt.com/chelsea/mitarbeiterhistorie/verein/631/personalie_id/1/plus/1,2026-04-27T18:42:58.504177+00:00,high,,3.0,2.0,Champions League Participant | English Champion | English League Cup winner,English Champion | English League Cup winner,transfermarkt_achievements_page,https://www.transfermarkt.com/chelsea/erfolge/verein/631,2026-04-28T07:46:07.184658+00:00,high,,Champions League Participant (participant) | English Champion (winner) | English League Cup winner (winner),uefa_champions_league | league_title | league_cup,English Champion (winner) | English League Cup winner (winner),,,,,,,,,,,,,,,,,,,,,,,,,,,,,,,,,,,,,,,,,,,,,,,,,,,,,,,,,,,,,,,,,,,,,,,,,,,,,,,,,,,,,,,,,,,,,,,,,,,,,,,,,,,,,,,,,,,,,,,,,False,False,True,True
premier_league,Premier League,chelsea,Chelsea,2005/06,2005,2006,91500000.0,34600000.0,56900000.0,15,18,transfermarkt_club_page,https://www.transfermarkt.com/chelsea/transfers/verein/631/saison_id/2005,2026-04-27T18:17:54.001993+00:00,high,,1.0,José Mourinho,"[""jos_mourinho_26-01-1963""]",jos_mourinho_26-01-1963,José Mourinho,1.0,365.0,2004-07-01,2007-09-20,185.0,124.0,38.0,23.0,2.22,transfermarkt_manager_history_page,https://www.transfermarkt.com/chelsea/mitarbeiterhistorie/verein/631/personalie_id/1/plus/1,2026-04-27T18:42:58.504177+00:00,high,,3.0,2.0,Champions League Participant | English Champion | English Supercup Winner,English Champion | English Supercup Winner,transfermarkt_achievements_page,https://www.transfermarkt.com/chelsea/erfolge/verein/631,2026-04-28T07:46:07.184658+00:00,high,,Champions League Participant (participant) | English Champion (winner) | English Supercup Winner (winner),uefa_champions_league | league_title | super_cup,English Champion (winner) | English Supercup Winner (winner),,,,,,,,,,,,,,,,,,,,,,,,,,,,,,,,,,,,,,,,,,,,,,,,,,,,,,,,,,,,,,,,,,,,,,,,,,,,,,,,,,,,,,,,,,,,,,,,,,,,,,,,,,,,,,,,,,,,,,,,,False,False,True,True
premier_league,Premier League,chelsea,Chelsea,2006/07,2006,2007,88980000.0,52600000.0,36380000.0,18,17,transfermarkt_club_page,https://www.transfermarkt.com/chelsea/transfers/verein/631/saison_id/2006,2026-04-27T18:17:56.178463+00:00,high,,1.0,José Mourinho,"[""jos_mourinho_26-01-1963""]",jos_mourinho_26-01-1963,José Mourinho,1.0,365.0,2004-07-01,2007-09-20,185.0,124.0,38.0,23.0,2.22,transfermarkt_manager_history_page,https://www.transfermarkt.com/chelsea/mitarbeiterhistorie/verein/631/personalie_id/1/plus/1,2026-04-27T18:42:58.504177+00:00,high,,3.0,2.0,Champions League Participant | English League Cup winner | FA Cup Winner,English League Cup winner | FA Cup Winner,transfermarkt_achievements_page,https://www.transfermarkt.com/chelsea/erfolge/verein/631,2026-04-28T07:46:07.184658+00:00,high,,Champions League Participant (participant) | English League Cup winner (winner) | FA Cup Winner (winner),uefa_champions_league | league_cup | fa_cup,English League Cup winner (winner) | FA Cup Winner (winner),,,,,,,,,,,,,,,,,,,,,,,,,,,,,,,,,,,,,,,,,,,,,,,,,,,,,,,,,,,,,,,,,,,,,,,,,,,,,,,,,,,,,,,,,,,,,,,,,,,,,,,,,,,,,,,,,,,,,,,,,False,False,True,True
premier_league,Premier League,chelsea,Chelsea,2007/08,2007,2008,59000000.0,43650000.0,15350000.0,20,16,transfermarkt_club_page,https://www.transfermarkt.com/chelsea/transfers/verein/631/saison_id/2007,2026-04-27T18:17:58.374484+00:00,high,,2.0,José Mourinho | Avram Grant,"[""jos_mourinho_26-01-1963"", ""avram_grant_06-02-1955""]",avram_grant_06-02-1955,Avram Grant,0.6775956284153005,248.0,2007-09-20,2008-05-24,54.0,36.0,12.0,6.0,2.22,transfermarkt_manager_history_page,https://www.transfermarkt.com/chelsea/mitarbeiterhistorie/verein/631/personalie_id/1/plus/1,2026-04-27T18:42:58.504177+00:00,high,,3.0,1.0,Champions League Participant | Champions League runner-up | English League Cup runner-up,Champions League runner-up,transfermarkt_achievements_page,https://www.transfermarkt.com/chelsea/erfolge/verein/631,2026-04-28T07:46:07.184658+00:00,high,,Champions League Participant (participant) | Champions League runner-up (winner) | English League Cup runner-up,uefa_champions_league | league_cup,Champions League runner-up (winner),,,,,,,,,,,,,,,,,,,,,,,,,,,,,,,,,,,,,,,,,,,,,,,,,,,,,,,,,,,,,,,,,,,,,,,,,,,,,,,,,,,,,,,,,,,,,,,,,,,,,,,,,,,,,,,,,,,,,,,,,False,False,True,True
premier_league,Premier League,chelsea,Chelsea,2008/09,2008,2009,30500000.0,44550000.0,-14050000.0,16,17,transfermarkt_club_page,https://www.transfermarkt.com/chelsea/transfers/verein/631/saison_id/2008,2026-04-27T18:18:00.671676+00:00,high,,2.0,Luiz Felipe Scolari | Guus Hiddink,"[""luiz_felipe_scolari_09-11-1948"", ""guus_hiddink_08-11-1946""]",luiz_felipe_scolari_09-11-1948,Luiz Felipe Scolari,0.6136986301369863,224.0,2008-07-01,2009-02-09,36.0,20.0,10.0,6.0,1.94,transfermarkt_manager_history_page,https://www.transfermarkt.com/chelsea/mitarbeiterhistorie/verein/631/personalie_id/1/plus/1,2026-04-27T18:42:58.504177+00:00,high,,2.0,1.0,Champions League Participant | FA Cup Winner,FA Cup Winner,transfermarkt_achievements_page,https://www.transfermarkt.com/chelsea/erfolge/verein/631,2026-04-28T07:46:07.184658+00:00,high,,Champions League Participant (participant) | FA Cup Winner (winner),uefa_champions_league | fa_cup,FA Cup Winner (winner),3.0,83.0,25.0,8.0,5.0,68.0,24.0,44.0,premier_league_raw_table,https://en.wikipedia.org/wiki/2008%E2%80%9309_Premier_League,,Raw Premier League season table CSV,medium,League table data loaded from raw Premier League CSV files.,,,,,,,,,,,,,,,,,,,,,,,,,,,,,,,,,,,,,,,,,,,,,,,,,,,,,,,,,,,,,,,,,,,,,,,,,,,,,,,,,,,,,,,,,,,,,,,,,,,,,,,,,,,True,False,True,True
premier_league,Premier League,chelsea,Chelsea,2009/10,2009,2010,30000000.0,3800000.0,26200000.0,15,12,transfermarkt_club_page,https://www.transfermarkt.com/chelsea/transfers/verein/631/saison_id/2009,2026-04-27T18:18:02.922559+00:00,high,,1.0,Carlo Ancelotti,"[""carlo_ancelotti_10-06-1959""]",carlo_ancelotti_10-06-1959,Carlo Ancelotti,1.0,365.0,2009-07-01,2011-06-30,109.0,68.0,17.0,24.0,2.03,transfermarkt_manager_history_page,https://www.transfermarkt.com/chelsea/mitarbeiterhistorie/verein/631/personalie_id/1/plus/1,2026-04-27T18:42:58.504177+00:00,high,,4.0,3.0,Champions League Participant | English Champion | English Supercup Winner | FA Cup Winner,English Champion | English Supercup Winner | FA Cup Winner,transfermarkt_achievements_page,https://www.transfermarkt.com/chelsea/erfolge/verein/631,2026-04-28T07:46:07.184658+00:00,high,,Champions League Participant (participant) | English Champion (winner) | English Supercup Winner (winner) | FA Cup Winner (winner),uefa_champions_league | league_title | super_cup | fa_cup,English Champion (winner) | English Supercup Winner (winner) | FA Cup Winner (winner),1.0,86.0,27.0,5.0,6.0,103.0,32.0,71.0,premier_league_raw_table,https://en.wikipedia.org/wiki/2009%E2%80%9310_Premier_League,,Raw Premier League season table CSV,medium,League table data loaded from raw Premier League CSV files.,,,,,,,,,,,,,,,,,,,,,,,,,,,,,,,,,,,,,,,,,,,,,,,,,,,,,,,,,,,,,,,,,,,,,,,,,,,,,,,,,,,,,,,,,,,,,,,,,,,,,,,,,,,True,False,True,True
premier_league,Premier League,chelsea,Chelsea,2010/11,2010,2011,121500000.0,16500000.0,105000000.0,19,21,transfermarkt_club_page,https://www.transfermarkt.com/chelsea/transfers/verein/631/saison_id/2010,2026-04-27T18:18:05.074778+00:00,high,,1.0,Carlo Ancelotti,"[""carlo_ancelotti_10-06-1959""]",carlo_ancelotti_10-06-1959,Carlo Ancelotti,1.0,365.0,2009-07-01,2011-06-30,109.0,68.0,17.0,24.0,2.03,transfermarkt_manager_history_page,https://www.transfermarkt.com/chelsea/mitarbeiterhistorie/verein/631/personalie_id/1/plus/1,2026-04-27T18:42:58.504177+00:00,high,,1.0,0.0,Champions League Participant,,transfermarkt_achievements_page,https://www.transfermarkt.com/chelsea/erfolge/verein/631,2026-04-28T07:46:07.184658+00:00,high,,Champions League Participant (participant),uefa_champions_league,,2.0,71.0,21.0,8.0,9.0,69.0,33.0,36.0,premier_league_raw_table,https://en.wikipedia.org/wiki/2010%E2%80%9311_Premier_League,,Raw Premier League season table CSV,medium,League table data loaded from raw Premier League CSV files.,,,,,,,,,,,,,,,,,,,,,,,,,,,,,,,,,,,,,,,,,,,,,,,,,,,,,,,,,,,,,,,,,,,,,,,,,,,,,,,,,,,,,,,,,,,,,,,,,,,,,,,,,,,True,False,True,True
premier_league,Premier League,chelsea,Chelsea,2011/12,2011,2012,96450000.0,31560000.0,64890000.0,22,22,transfermarkt_club_page,https://www.transfermarkt.com/chelsea/transfers/verein/631/saison_id/2011,2026-04-27T18:18:06.936070+00:00,high,,1.0,André Villas-Boas,"[""andr_villas_boas_17-10-1977""]",andr_villas_boas_17-10-1977,André Villas-Boas,0.6775956284153005,248.0,2011-07-01,2012-03-04,40.0,20.0,10.0,10.0,1.75,transfermarkt_manager_history_page,https://www.transfermarkt.com/chelsea/mitarbeiterhistorie/verein/631/personalie_id/1/plus/1,2026-04-27T18:42:58.504177+00:00,high,,3.0,2.0,Champions League Participant | FA Cup Winner | UEFA Champions League winner,FA Cup Winner | UEFA Champions League winner,transfermarkt_achievements_page,https://www.transfermarkt.com/chelsea/erfolge/verein/631,2026-04-28T07:46:07.184658+00:00,high,,Champions League Participant (participant) | FA Cup Winner (winner) | UEFA Champions League winner (winner),uefa_champions_league | fa_cup,FA Cup Winner (winner) | UEFA Champions League winner (winner),6.0,64.0,18.0,10.0,10.0,65.0,46.0,19.0,premier_league_raw_table,https://en.wikipedia.org/wiki/2011%E2%80%9312_Premier_League,,Raw Premier League season table CSV,medium,League table data loaded from raw Premier League CSV files.,2012-06-30,GBP,full pounds (converted from GBP thousands disclosed in report),255738000.0,77742000.0,112815000.0,66977000.0,,,28794000.0,171036000.0,18146000.0,49506000.0,28794000.0,1378000.0,305146581.6,92761754.4,134610858.0,79916956.4,,21651807.2,1644229.6,,,257534000.0,1796000.0,"[15, 16]","Chelsea discloses matchday, broadcasting, and commercial revenue directly in the financial statements from the seasons extracted here. Total revenue has been set to football operating turnover only and excludes player trading.",Women's team revenue is not separately disclosed in the relevant Chelsea financial statement notes used here. The extracted revenue figures should therefore be treated as potentially including inseparable women's activity.,"Chelsea's disclosed commercial category may include hotel, stadium, retail, or other non-matchday commercial operations where the group classifies them within ordinary football-related activities.",medium,True,Group of companies' accounts made up to 30 June 2012,https://find-and-update.company-information.service.gov.uk/company/02536231/filing-history/MzA3MDcyNjIxOGFkaXF6a2N4/document?format=pdf&download=0,"Values in the annual report were disclosed in GBP thousands and have been converted here into full GBP amounts by multiplying by 1,000. Broadcasting, matchday, and commercial are disclosed before deducting Chelsea Digital Media joint-venture turnover of GBP 1,796,000, so the category sum exceeds reported group turnover. Net debt taken from the analysis of net debt note in the downloaded annual report.",190557000.0,1.1932,1.335945,1.59405,1.480844,"ONS average sterling exchange rates: THAP (GBP/EUR) and AUSS (GBP/USD), UK trade time series (MRET), accessed 2026-08-11","ONS CPI INDEX 00: ALL ITEMS 2015=100 (D7BT), accessed 2026-08-11",Season factors use the mean of the two surrounding ONS annual averages for calendar years 2011 and 2012.,True,255738000.0,378708082.87200004,451874484.48287046,407659158.9,603679619.5021116,77742000.0,115123774.24800001,137365687.43271363,123924635.1,183513052.3400244,112815000.0,167061415.86,199337681.404152,179832750.75,266304249.951633,66977000.0,99182488.588,118344545.38320161,106764686.85,158101845.9337014,190557000.0,282185190.108,227372612.4,336703368.8368656,303757385.84999996,449817302.2916574,171036000.0,253277634.384,204080155.20000002,302210873.34698886,272639935.8,403737213.08981526,18146000.0,26871395.224,32062948.7812768,28925631.3,42834347.556817204,49506000.0,73310663.064,59070559.2,87474283.1679648,78915039.3,116860862.4571692,28794000.0,42639422.136,34357000.800000004,50877358.49267521,45899075.699999996,67969370.8558908,1378000.0,2040603.0320000001,2434847.5377824004,2196600.9,3252823.2631596,2025/26 prices,,,,0.6687938436994111,0.3039908030875349,0.44113506792107543,0.26189694140096503,True,True,True,True
premier_league,Premier League,chelsea,Chelsea,2012/13,2012,2013,109700000.0,25450000.0,84250000.0,29,28,transfermarkt_club_page,https://www.transfermarkt.com/chelsea/transfers/verein/631/saison_id/2012,2026-04-27T18:18:09.270635+00:00,high,,2.0,Roberto Di Matteo | Rafael Benítez,"[""roberto_di_matteo_29-05-1970"", ""rafael_ben_tez_16-04-1960""]",rafael_ben_tez_16-04-1960,Rafael Benítez,0.6054794520547945,221.0,2012-11-22,2013-06-30,48.0,28.0,10.0,10.0,1.96,transfermarkt_manager_history_page,https://www.transfermarkt.com/chelsea/mitarbeiterhistorie/verein/631/personalie_id/1/plus/1,2026-04-27T18:42:58.504177+00:00,high,,6.0,1.0,Champions League Participant | Europa League Participant | Europa League Winner | FIFA Club World Cup Participant | FIFA Club World Cup runner-up | UEFA Super Cup runner-up,Europa League Winner,transfermarkt_achievements_page,https://www.transfermarkt.com/chelsea/erfolge/verein/631,2026-04-28T07:46:07.184658+00:00,high,,Champions League Participant (participant) | Europa League Participant (participant) | Europa League Winner (winner) | FIFA Club World Cup Participant (participant) | FIFA Club World Cup runner-up | UEFA Super Cup runner-up,uefa_champions_league | uefa_europa_league | club_world_cup | other,Europa League Winner (winner),3.0,75.0,22.0,9.0,7.0,75.0,39.0,36.0,premier_league_raw_table,https://en.wikipedia.org/wiki/2012%E2%80%9313_Premier_League,,Raw Premier League season table CSV,medium,League table data loaded from raw Premier League CSV files.,2013-06-30,GBP,full pounds (converted from GBP thousands disclosed in report),255772000.0,70693000.0,105435000.0,79644000.0,,,14452000.0,176568000.0,28113000.0,58758000.0,14452000.0,-50712000.0,308371511.8,85231015.45,127117707.75000001,96022788.60000001,,33894438.45,-61140922.800000004,,,255772000.0,0.0,"[15, 16]","Chelsea discloses matchday, broadcasting, and commercial revenue directly in the financial statements from the seasons extracted here. Total revenue has been set to football operating turnover only and excludes player trading.",Women's team revenue is not separately disclosed in the relevant Chelsea financial statement notes used here. The extracted revenue figures should therefore be treated as potentially including inseparable women's activity.,"Chelsea's disclosed commercial category may include hotel, stadium, retail, or other non-matchday commercial operations where the group classifies them within ordinary football-related activities.",high,True,Group of companies' accounts made up to 30 June 2013,https://find-and-update.company-information.service.gov.uk/company/02536231/filing-history/MzA5MjAwODY1MmFkaXF6a2N4/document?format=pdf&download=0,"Values in the annual report were disclosed in GBP thousands and have been converted here into full GBP amounts by multiplying by 1,000. Missing fields in raw extraction: net_debt_eur, profit_loss_before_tax_eur. Net debt taken from the analysis of net debt note. Profit before tax taken from the taxation note.",176128000.0,1.20565,1.306142,1.57475,1.442035,"ONS average sterling exchange rates: THAP (GBP/EUR) and AUSS (GBP/USD), UK trade time series (MRET), accessed 2026-08-11","ONS CPI INDEX 00: ALL ITEMS 2015=100 (D7BT), accessed 2026-08-11",Season factors use the mean of the two surrounding ONS annual averages for calendar years 2012 and 2013.,True,255772000.0,368832176.02,444682513.018513,402776957.0,580818469.187495,70693000.0,101941780.255,122906107.36444075,111323801.75,160532818.45656124,105435000.0,152040960.225,183308183.69527125,166033766.25,239426502.11431873,79644000.0,114849435.53999999,138468221.958801,125419389.00000001,180859148.61661503,176128000.0,253982740.48,212348723.20000002,306214291.059712,277357568.0,399959320.57088,176568000.0,254617235.88,212879209.20000002,306979270.438722,278050458.0,400958492.20203,28113000.0,40539929.955,48876966.550245754,44270946.75,63840254.696636245,58758000.0,84731092.53,70841582.7,102156041.7087945,92529160.5,133430287.9616175,14452000.0,20840289.82,17424053.8,25126095.421483,22758287.0,32818246.394045,-50712000.0,-73128478.92,-88167350.609898,-79858722.0,-115159072.17927,2025/26 prices,,,,0.690333578343212,0.27639069170980407,0.4122226045071392,0.31138670378305683,True,True,True,True
premier_league,Premier League,chelsea,Chelsea,2013/14,2013,2014,130350000.0,77930000.0,52420000.0,38,36,transfermarkt_club_page,https://www.transfermarkt.com/chelsea/transfers/verein/631/saison_id/2013,2026-04-27T18:18:11.833484+00:00,high,,1.0,José Mourinho,"[""jos_mourinho_26-01-1963""]",jos_mourinho_26-01-1963,José Mourinho,1.0,365.0,2013-07-01,2015-12-17,136.0,80.0,27.0,29.0,1.96,transfermarkt_manager_history_page,https://www.transfermarkt.com/chelsea/mitarbeiterhistorie/verein/631/personalie_id/1/plus/1,2026-04-27T18:42:58.504177+00:00,high,,2.0,0.0,Champions League Participant | UEFA Super Cup runner-up,,transfermarkt_achievements_page,https://www.transfermarkt.com/chelsea/erfolge/verein/631,2026-04-28T07:46:07.184658+00:00,high,,Champions League Participant (participant) | UEFA Super Cup runner-up,uefa_champions_league | other,,3.0,82.0,25.0,7.0,6.0,71.0,27.0,44.0,premier_league_raw_table,https://en.wikipedia.org/wiki/2013%E2%80%9314_Premier_League,,Raw Premier League season table CSV,medium,League table data loaded from raw Premier League CSV files.,2014-06-30,GBP,full pounds (converted from GBP thousands disclosed in report),319843000.0,71019000.0,139858000.0,108966000.0,,,65072000.0,190581000.0,25004000.0,72360000.0,65072000.0,19068000.0,386802132.04999995,85886827.64999999,169137272.29999998,131778032.1,,30238587.4,23059885.799999997,,,319843000.0,0.0,"[15, 16]","Chelsea discloses matchday, broadcasting, and commercial revenue directly in the financial statements from the seasons extracted here. Total revenue has been set to football operating turnover only and excludes player trading.",Women's team revenue is not separately disclosed in the relevant Chelsea financial statement notes used here. The extracted revenue figures should therefore be treated as potentially including inseparable women's activity.,"Chelsea's disclosed commercial category may include hotel, stadium, retail, or other non-matchday commercial operations where the group classifies them within ordinary football-related activities.",high,True,Group of companies' accounts made up to 30 June 2014,https://find-and-update.company-information.service.gov.uk/company/02536231/filing-history/MzExNDY3NzI3MmFkaXF6a2N4/document?format=pdf&download=0,"Values in the annual report were disclosed in GBP thousands and have been converted here into full GBP amounts by multiplying by 1,000. Missing fields in raw extraction: net_debt_eur, profit_loss_before_tax_eur. Net debt taken from the analysis of net debt note. Profit before tax taken from the taxation note.",210877000.0,1.20935,1.328027,1.60605,1.413703,"ONS average sterling exchange rates: THAP (GBP/EUR) and AUSS (GBP/USD), UK trade time series (MRET), accessed 2026-08-11","ONS CPI INDEX 00: ALL ITEMS 2015=100 (D7BT), accessed 2026-08-11",Season factors use the mean of the two surrounding ONS annual averages for calendar years 2013 and 2014.,True,319843000.0,452163008.62899995,546823334.485481,513683850.15,726196400.0086054,71019000.0,100399773.357,121418465.90928793,114060064.95,161247056.00000983,139858000.0,197717674.174,239109869.26232687,224618940.9,317544470.6071527,108966000.0,154045561.098,186294999.3138663,175004844.3,247404873.40144292,210877000.0,298117447.53099996,255024099.95,360528335.1716148,338679005.85,478791526.60716254,190581000.0,269424931.44299996,230479132.35,325829040.840592,306082615.05,432709911.14403015,25004000.0,35348229.812,42748381.7231422,40157674.2,56771024.4895626,72360000.0,102295549.08,87508566.0,123711122.27989799,116213778.0,164291766.59993398,65072000.0,91992481.616,78694823.19999999,111251107.64230958,104508885.6,147744525.0993768,19068000.0,26956488.803999998,32599829.735117394,30624161.4,43293468.8436642,2025/26 prices,,,,0.5958579678154595,0.22204331500142258,0.43727078597937113,0.3406858990192063,True,True,True,True
premier_league,Premier League,chelsea,Chelsea,2014/15,2014,2015,137700000.0,142810000.0,-5110000.0,42,48,transfermarkt_club_page,https://www.transfermarkt.com/chelsea/transfers/verein/631/saison_id/2014,2026-04-27T18:18:13.859558+00:00,high,,1.0,José Mourinho,"[""jos_mourinho_26-01-1963""]",jos_mourinho_26-01-1963,José Mourinho,1.0,365.0,2013-07-01,2015-12-17,136.0,80.0,27.0,29.0,1.96,transfermarkt_manager_history_page,https://www.transfermarkt.com/chelsea/mitarbeiterhistorie/verein/631/personalie_id/1/plus/1,2026-04-27T18:42:58.504177+00:00,high,,3.0,2.0,Champions League Participant | English Champion | English League Cup winner,English Champion | English League Cup winner,transfermarkt_achievements_page,https://www.transfermarkt.com/chelsea/erfolge/verein/631,2026-04-28T07:46:07.184658+00:00,high,,Champions League Participant (participant) | English Champion (winner) | English League Cup winner (winner),uefa_champions_league | league_title | league_cup,English Champion (winner) | English League Cup winner (winner),1.0,87.0,26.0,9.0,3.0,73.0,32.0,41.0,premier_league_raw_table,https://en.wikipedia.org/wiki/2014%E2%80%9315_Premier_League,,Raw Premier League season table CSV,medium,League table data loaded from raw Premier League CSV files.,2015-06-30,GBP,full pounds (converted from GBP thousands disclosed in report),314287000.0,70778000.0,135565000.0,107944000.0,,,42027000.0,215647000.0,5330000.0,70186000.0,42027000.0,-22656000.0,411605969.55,92694407.7,177542702.25,141368859.6,,6980434.5,-29671430.4,,,314287000.0,0.0,"[16, 17]","Chelsea discloses matchday, broadcasting, and commercial revenue directly in the financial statements from the seasons extracted here. Total revenue has been set to football operating turnover only and excludes player trading.",Women's team revenue is not separately disclosed in the relevant Chelsea financial statement notes used here. The extracted revenue figures should therefore be treated as potentially including inseparable women's activity.,"Chelsea's disclosed commercial category may include hotel, stadium, retail, or other non-matchday commercial operations where the group classifies them within ordinary football-related activities.",high,True,Group of companies' accounts made up to 30 June 2015,https://find-and-update.company-information.service.gov.uk/company/02536231/filing-history/MzEzODU4Mjg2MWFkaXF6a2N4/document?format=pdf&download=0,"Values in the annual report were disclosed in GBP thousands and have been converted here into full GBP amounts by multiplying by 1,000. Missing fields in raw extraction: net_debt_eur, profit_loss_before_tax_eur. Net debt taken from the analysis of net debt note. Profit before tax taken from the taxation note.",206343000.0,1.30965,1.212652,1.58815,1.4031,"ONS average sterling exchange rates: THAP (GBP/EUR) and AUSS (GBP/USD), UK trade time series (MRET), accessed 2026-08-11","ONS CPI INDEX 00: ALL ITEMS 2015=100 (D7BT), accessed 2026-08-11",Season factors use the mean of the two surrounding ONS annual averages for calendar years 2014 and 2015.,True,314287000.0,440976089.7,577524335.875605,499134899.05,700336176.8570551,70778000.0,99308611.8,130059523.44387001,112406080.7,157716971.83017,135565000.0,190211251.5,249110165.526975,215297554.75,302083999.069725,107944000.0,151456226.4,198354646.90476,171431263.6,240535205.95716,206343000.0,289519863.3,270237109.95,379169688.970845,327703635.45,459800970.899895,215647000.0,302574305.7,282422093.55,396266439.46000504,342479783.05,480533383.597455,5330000.0,7478523.0,9794247.64695,8464839.5,11877016.30245,70186000.0,98477976.6,91919094.9,128971682.05419001,111465895.89999999,156397798.53728998,42027000.0,58968083.7,55040660.55,77227550.81770499,66745180.05,93650162.128155,-22656000.0,-31788633.6,-41631983.99424,-35981126.4,-50485118.45184,2025/26 prices,,,,0.6861467384906152,0.22520180599261186,0.43134141723965674,0.3434567767677314,True,True,True,True
premier_league,Premier League,chelsea,Chelsea,2015/16,2015,2016,96500000.0,87490000.0,9010000.0,39,37,transfermarkt_club_page,https://www.transfermarkt.com/chelsea/transfers/verein/631/saison_id/2015,2026-04-27T18:18:17.447827+00:00,high,,1.0,José Mourinho,"[""jos_mourinho_26-01-1963""]",jos_mourinho_26-01-1963,José Mourinho,0.4644808743169399,170.0,2013-07-01,2015-12-17,136.0,80.0,27.0,29.0,1.96,transfermarkt_manager_history_page,https://www.transfermarkt.com/chelsea/mitarbeiterhistorie/verein/631/personalie_id/1/plus/1,2026-04-27T18:42:58.504177+00:00,high,,1.0,0.0,Champions League Participant,,transfermarkt_achievements_page,https://www.transfermarkt.com/chelsea/erfolge/verein/631,2026-04-28T07:46:07.184658+00:00,high,,Champions League Participant (participant),uefa_champions_league,,10.0,50.0,12.0,14.0,12.0,59.0,53.0,6.0,premier_league_raw_table,https://en.wikipedia.org/wiki/2015%E2%80%9316_Premier_League,,Raw Premier League season table CSV,medium,League table data loaded from raw Premier League CSV files.,2016-06-30,GBP,full pounds (converted from GBP thousands disclosed in report),329122000.0,69675000.0,142933000.0,116514000.0,,,49000000.0,222406000.0,-27127000.0,71909000.0,49000000.0,-69789000.0,428105441.5,90629756.25,185920099.75,151555585.5,,-35285445.25,-90778041.75,,,329122000.0,0.0,"[23, 24, 25]","Chelsea discloses matchday, broadcasting, and commercial revenue directly in the financial statements from the seasons extracted here. Total revenue has been set to football operating turnover only and excludes player trading.",Women's team revenue is not separately disclosed in the relevant Chelsea financial statement notes used here. The extracted revenue figures should therefore be treated as potentially including inseparable women's activity.,"Chelsea's disclosed commercial category may include hotel, stadium, retail, or other non-matchday commercial operations where the group classifies them within ordinary football-related activities.",high,True,Group of companies' accounts made up to 30 June 2016,https://find-and-update.company-information.service.gov.uk/company/02536231/filing-history/MzE2NjMwNjg5MWFkaXF6a2N4/document?format=pdf&download=0,"Values in the annual report were disclosed in GBP thousands and have been converted here into full GBP amounts by multiplying by 1,000. Missing fields in raw extraction: net_debt_original, profit_loss_before_tax_original, net_debt_eur, profit_loss_before_tax_eur. Net debt inferred as net cash because the balance sheet shows cash at bank and in hand but no separately disclosed year-end borrowings. Profit before tax taken from the group profit and loss account.",212608000.0,1.30075,1.10813,1.4414,1.398206,"ONS average sterling exchange rates: THAP (GBP/EUR) and AUSS (GBP/USD), UK trade time series (MRET), accessed 2026-08-11","ONS CPI INDEX 00: ALL ITEMS 2015=100 (D7BT), accessed 2026-08-11",Season factors use the mean of the two surrounding ONS annual averages for calendar years 2015 and 2016.,True,329122000.0,460180355.132,598579596.9379491,474396450.8,663303963.8872648,69675000.0,97420003.05,126719068.96728751,100429545.0,140421192.39627,142933000.0,199849778.198,259954598.9910485,206023626.2,288063470.2945972,116514000.0,162910573.884,211905928.979613,167943279.6,234819301.1963976,212608000.0,297269781.248,276549856.0,386673667.958336,306453171.2,428484662.6908672,222406000.0,310969403.63600004,289294604.5,404493451.779527,320576008.4,448231298.4009304,-27127000.0,-37929134.162,-49336321.261221506,-39100857.8,-54671053.981106795,71909000.0,100543595.25400001,93535631.75,130782081.5266405,103649632.6,144923538.1991156,49000000.0,68512094.0,63736750.0,89117106.2705,70628600.0,98753332.2916,-69789000.0,-97579398.53400001,-126926402.6431005,-100593864.6,-140650945.0469076,2025/26 prices,,,,0.6757554949228554,0.2116996129094986,0.4342857663723482,0.35401462071815315,True,True,True,True
premier_league,Premier League,chelsea,Chelsea,2016/17,2016,2017,132800000.0,108900000.0,23900000.000000015,27,30,transfermarkt_club_page,https://www.transfermarkt.com/chelsea/transfers/verein/631/saison_id/2016,2026-04-27T18:18:19.528918+00:00,high,,1.0,Antonio Conte,"[""antonio_conte_31-07-1969""]",antonio_conte_31-07-1969,Antonio Conte,1.0,365.0,2016-07-01,2018-07-13,106.0,70.0,15.0,21.0,2.12,transfermarkt_manager_history_page,https://www.transfermarkt.com/chelsea/mitarbeiterhistorie/verein/631/personalie_id/1/plus/1,2026-04-27T18:42:58.504177+00:00,high,,1.0,1.0,English Champion,English Champion,transfermarkt_achievements_page,https://www.transfermarkt.com/chelsea/erfolge/verein/631,2026-04-28T07:46:07.184658+00:00,high,,English Champion (winner),league_title,English Champion (winner),1.0,93.0,30.0,3.0,5.0,85.0,33.0,52.0,premier_league_raw_table,https://en.wikipedia.org/wiki/2016%E2%80%9317_Premier_League,,Raw Premier League season table CSV,medium,League table data loaded from raw Premier League CSV files.,2017-06-30,GBP,full pounds (converted from GBP thousands disclosed in report),361308000.0,65519000.0,162446000.0,133343000.0,,,69226000.0,219659000.0,-32986000.0,89642000.0,69226000.0,15646000.0,427174448.4,77463113.69999999,192059905.79999998,157651428.89999998,,-38999347.8,18498265.799999997,,,361308000.0,0.0,"[22, 23, 24]","Chelsea discloses matchday, broadcasting, and commercial revenue directly in the financial statements from the seasons extracted here. Total revenue has been set to football operating turnover only and excludes player trading.",Women's team revenue is not separately disclosed in the relevant Chelsea financial statement notes used here. The extracted revenue figures should therefore be treated as potentially including inseparable women's activity.,"Chelsea's disclosed commercial category may include hotel, stadium, retail, or other non-matchday commercial operations where the group classifies them within ordinary football-related activities.",high,True,Group of companies' accounts made up to 30 June 2017,https://find-and-update.company-information.service.gov.uk/company/02536231/filing-history/MzE5NDY3NTc5NGFkaXF6a2N4/document?format=pdf&download=0,"Values in the annual report were disclosed in GBP thousands and have been converted here into full GBP amounts by multiplying by 1,000. Missing fields in raw extraction: net_debt_original, profit_loss_before_tax_original, net_debt_eur, profit_loss_before_tax_eur. Net debt inferred as net cash because the balance sheet shows cash at bank and in hand but no separately disclosed year-end borrowings. Profit before tax taken from the group profit and loss account.",227965000.0,1.1823,1.117737,1.3215,1.374914,"ONS average sterling exchange rates: THAP (GBP/EUR) and AUSS (GBP/USD), UK trade time series (MRET), accessed 2026-08-11","ONS CPI INDEX 00: ALL ITEMS 2015=100 (D7BT), accessed 2026-08-11",Season factors use the mean of the two surrounding ONS annual averages for calendar years 2016 and 2017.,True,361308000.0,496767427.51199996,587328129.5474375,477468521.99999994,656478155.4571079,65519000.0,90082990.366,106505119.50972179,86583358.5,119044671.768669,162446000.0,223349279.644,264065853.32310116,214672388.99999997,295156073.04954594,133343000.0,183335157.502,216757156.71461457,176212774.5,242277410.638893,227965000.0,313432270.01,269523019.5,370570972.832823,301255747.5,414200744.818215,219659000.0,302012234.326,259702835.7,357069064.6436298,290279368.5,399109167.66180897,-32986000.0,-45352913.203999996,-53620749.281089194,-43590999.0,-59933874.799086,89642000.0,123250040.788,105983736.6,145718523.2236524,118461902.99999999,162874928.90134197,69226000.0,95179796.564,81845899.8,112531073.47761719,91482159.0,125780101.159326,15646000.0,21511904.444,25433524.624141194,20676189.0,28427981.722746,2025/26 prices,,,,0.6079549857739104,0.18133835951598082,0.4496053228824161,0.369056317601603,True,True,True,True
premier_league,Premier League,chelsea,Chelsea,2017/18,2017,2018,260500000.0,194600000.0,65900000.0,40,31,transfermarkt_club_page,https://www.transfermarkt.com/chelsea/transfers/verein/631/saison_id/2017,2026-04-27T18:18:22.073027+00:00,high,,1.0,Antonio Conte,"[""antonio_conte_31-07-1969""]",antonio_conte_31-07-1969,Antonio Conte,1.0,365.0,2016-07-01,2018-07-13,106.0,70.0,15.0,21.0,2.12,transfermarkt_manager_history_page,https://www.transfermarkt.com/chelsea/mitarbeiterhistorie/verein/631/personalie_id/1/plus/1,2026-04-27T18:42:58.504177+00:00,high,,2.0,1.0,Champions League Participant | FA Cup Winner,FA Cup Winner,transfermarkt_achievements_page,https://www.transfermarkt.com/chelsea/erfolge/verein/631,2026-04-28T07:46:07.184658+00:00,high,,Champions League Participant (participant) | FA Cup Winner (winner),uefa_champions_league | fa_cup,FA Cup Winner (winner),5.0,70.0,21.0,7.0,10.0,62.0,38.0,24.0,premier_league_raw_table,https://en.wikipedia.org/wiki/2017%E2%80%9318_Premier_League,,Raw Premier League season table CSV,medium,League table data loaded from raw Premier League CSV files.,2018-06-30,GBP,full pounds (converted from GBP thousands disclosed in report),443449000.0,73938000.0,204141000.0,165370000.0,,,112995000.0,244084000.0,-31679000.0,125554000.0,112995000.0,67461000.0,503713719.09999996,83986174.19999999,231883761.89999998,187843782.99999997,,-35984176.099999994,76628949.89999999,,,443449000.0,0.0,"[22, 23, 24]","Chelsea discloses matchday, broadcasting, and commercial revenue directly in the financial statements from the seasons extracted here. Total revenue has been set to football operating turnover only and excludes player trading.",Women's team revenue is not separately disclosed in the relevant Chelsea financial statement notes used here. The extracted revenue figures should therefore be treated as potentially including inseparable women's activity.,"Chelsea's disclosed commercial category may include hotel, stadium, retail, or other non-matchday commercial operations where the group classifies them within ordinary football-related activities.",high,True,Group of companies' accounts made up to 30 June 2018,https://find-and-update.company-information.service.gov.uk/company/02536231/filing-history/MzIyMzk3MDA5OGFkaXF6a2N4/document?format=pdf&download=0,"Values in the annual report were disclosed in GBP thousands and have been converted here into full GBP amounts by multiplying by 1,000. Missing fields in raw extraction: net_debt_original, profit_loss_before_tax_original, net_debt_eur, profit_loss_before_tax_eur. Net debt inferred as net cash because the balance sheet shows cash at bank and in hand but no separately disclosed year-end borrowings. Profit before tax taken from the group profit and loss account.",278079000.0,1.1359,1.154943,1.3119,1.340755,"ONS average sterling exchange rates: THAP (GBP/EUR) and AUSS (GBP/USD), UK trade time series (MRET), accessed 2026-08-11","ONS CPI INDEX 00: ALL ITEMS 2015=100 (D7BT), accessed 2026-08-11",Season factors use the mean of the two surrounding ONS annual averages for calendar years 2017 and 2018.,True,443449000.0,594556463.995,675356687.4519204,581760743.1,779998625.1150405,73938000.0,99132743.19,112604882.98952098,96999262.2,130052245.790961,204141000.0,273703066.455,310899313.1862345,267812577.9,359071052.8823145,165370000.0,221720654.35,251852491.27616495,216948903.0,290875326.441765,278079000.0,372835809.645,315869936.09999996,423504196.17575544,364811840.1,489123298.67327553,244084000.0,327256843.41999996,277255015.59999996,371731048.44077796,320213799.6,429328252.882698,-31679000.0,-42473777.644999996,-48245964.02695549,-41559680.1,-55721348.8924755,125554000.0,168337153.26999998,142616788.6,191214172.399393,164714292.6,220841511.37491298,112995000.0,151498611.225,128351020.49999999,172087272.49047747,148238140.5,198751028.0660775,67461000.0,90448673.05499999,102740647.72317448,88502085.9,118659614.1808545,2025/26 prices,,,,0.550421807242772,0.16673394234737252,0.4603483151388322,0.3729177425137952,True,True,True,True
premier_league,Premier League,chelsea,Chelsea,2018/19,2018,2019,208800000.0,83250000.0,125550000.0,30,31,transfermarkt_club_page,https://www.transfermarkt.com/chelsea/transfers/verein/631/saison_id/2018,2026-04-27T18:18:25.379400+00:00,high,,2.0,Antonio Conte | Maurizio Sarri,"[""antonio_conte_31-07-1969"", ""maurizio_sarri_10-01-1959""]",maurizio_sarri_10-01-1959,Maurizio Sarri,0.9643835616438357,352.0,2018-07-14,2019-06-30,63.0,40.0,11.0,12.0,2.08,transfermarkt_manager_history_page,https://www.transfermarkt.com/chelsea/mitarbeiterhistorie/verein/631/personalie_id/1/plus/1,2026-04-27T18:42:58.504177+00:00,high,,2.0,1.0,Europa League Participant | Europa League Winner,Europa League Winner,transfermarkt_achievements_page,https://www.transfermarkt.com/chelsea/erfolge/verein/631,2026-04-28T07:46:07.184658+00:00,high,,Europa League Participant (participant) | Europa League Winner (winner),uefa_europa_league,Europa League Winner (winner),3.0,72.0,21.0,9.0,8.0,63.0,39.0,24.0,premier_league_raw_table,https://en.wikipedia.org/wiki/2018%E2%80%9319_Premier_League,,Raw Premier League season table CSV,medium,League table data loaded from raw Premier League CSV files.,2019-06-30,GBP,full pounds (converted from GBP thousands disclosed in report),446741000.0,66623000.0,200188000.0,179930000.0,,,60459000.0,285550000.0,-36580000.0,170010000.0,60459000.0,-101786000.0,507274405.5,75650416.5,227313474.0,204310515.0,,-41536590.0,-115578003.0,,,446741000.0,0.0,"[22, 23, 24]","Chelsea discloses matchday, broadcasting, and commercial revenue directly in the financial statements from the seasons extracted here. Total revenue has been set to football operating turnover only and excludes player trading.",Women's team revenue is not separately disclosed in the relevant Chelsea financial statement notes used here. The extracted revenue figures should therefore be treated as potentially including inseparable women's activity.,"Chelsea's disclosed commercial category may include hotel, stadium, retail, or other non-matchday commercial operations where the group classifies them within ordinary football-related activities.",high,True,Group of companies' accounts made up to 30 June 2019,https://find-and-update.company-information.service.gov.uk/company/02536231/filing-history/MzI1MzY5NTU2NWFkaXF6a2N4/document?format=pdf&download=0,"Values in the annual report were disclosed in GBP thousands and have been converted here into full GBP amounts by multiplying by 1,000. Missing fields in raw extraction: net_debt_original, profit_loss_before_tax_original, net_debt_eur, profit_loss_before_tax_eur. Net debt inferred as net cash because the balance sheet shows cash at bank and in hand but no separately disclosed year-end borrowings. Profit before tax taken from the group profit and loss account.",266811000.0,1.1355,1.149978,1.3058,1.313149,"ONS average sterling exchange rates: THAP (GBP/EUR) and AUSS (GBP/USD), UK trade time series (MRET), accessed 2026-08-11","ONS CPI INDEX 00: ALL ITEMS 2015=100 (D7BT), accessed 2026-08-11",Season factors use the mean of the two surrounding ONS annual averages for calendar years 2018 and 2019.,True,446741000.0,586637497.4089999,666126878.3079195,583354397.8000001,766031244.1166723,66623000.0,87485925.82699999,99340268.77655849,86996313.4,114239121.9448966,200188000.0,262876672.012,298496461.069626,261405490.4,343264358.31326956,179930000.0,236274899.57,268290148.46173498,234952594.0,308527763.85850596,266811000.0,350362597.839,302963890.5,397836729.8461845,348401803.8,457503480.2581662,285550000.0,374969696.95,324242025.0,425778090.88672495,372871190.0,489635430.27730995,-36580000.0,-48034990.419999994,-54543731.62191,-47766164.0,-62724090.490435995,170010000.0,223248461.48999998,193046355.0,253498628.021895,221999058.0,291517841.01364195,60459000.0,79391675.39099999,68651194.5,90149247.40648049,78947362.2,103669649.7255678,-101786000.0,-133660184.114,-151771139.061447,-132912158.80000001,-174533468.4160612,2025/26 prices,,,,0.6391846729984487,0.14913115205454613,0.44810751643569763,0.40276133150975624,True,True,True,True
premier_league,Premier League,chelsea,Chelsea,2019/20,2019,2020,45000000.0,165070000.0,-120070000.0,22,29,transfermarkt_club_page,https://www.transfermarkt.com/chelsea/transfers/verein/631/saison_id/2019,2026-04-27T18:18:28.184493+00:00,high,Displayed departures sum (165070000) differs from parsed departures fee sum (165066000).,1.0,Frank Lampard,"[""frank_lampard_20-06-1978""]",frank_lampard_20-06-1978,Frank Lampard,0.9918032786885246,363.0,2019-07-04,2021-01-25,84.0,44.0,15.0,25.0,1.75,transfermarkt_manager_history_page,https://www.transfermarkt.com/chelsea/mitarbeiterhistorie/verein/631/personalie_id/1/plus/1,2026-04-27T18:42:58.504177+00:00,high,,2.0,0.0,Champions League Participant | UEFA Super Cup runner-up,,transfermarkt_achievements_page,https://www.transfermarkt.com/chelsea/erfolge/verein/631,2026-04-28T07:46:07.184658+00:00,high,,Champions League Participant (participant) | UEFA Super Cup runner-up,uefa_champions_league | other,,4.0,66.0,20.0,6.0,12.0,69.0,54.0,15.0,premier_league_raw_table,https://en.wikipedia.org/wiki/2019%E2%80%9320_Premier_League,,Raw Premier League season table CSV,medium,League table data loaded from raw Premier League CSV files.,2020-06-30,GBP,full pounds (converted from GBP thousands disclosed in report),407402000.0,54469000.0,182546000.0,170387000.0,,,142645000.0,283480000.0,-17077000.0,129141000.0,142645000.0,35652000.0,461484615.49999994,61699759.74999999,206778981.5,193005874.25,,-19343971.75,40384803.0,,,407402000.0,0.0,"[25, 26, 27]","Chelsea discloses matchday, broadcasting, and commercial revenue directly in the financial statements from the seasons extracted here. Total revenue has been set to football operating turnover only and excludes player trading.",Women's team revenue is not separately disclosed in the relevant Chelsea financial statement notes used here. The extracted revenue figures should therefore be treated as potentially including inseparable women's activity.,"Chelsea's disclosed commercial category may include hotel, stadium, retail, or other non-matchday commercial operations where the group classifies them within ordinary football-related activities.",high,True,Group of companies' accounts made up to 30 June 2020,https://find-and-update.company-information.service.gov.uk/company/02536231/filing-history/MzI5MTA2NDMxM2FkaXF6a2N4/document?format=pdf&download=0,"Values in the annual report were disclosed in GBP thousands and have been converted here into full GBP amounts by multiplying by 1,000. Missing fields in raw extraction: net_debt_original, profit_loss_before_tax_original, net_debt_eur, profit_loss_before_tax_eur. Net debt inferred as net cash because the balance sheet shows cash at bank and in hand but no separately disclosed year-end borrowings. Profit before tax taken from the group profit and loss account.",237015000.0,1.13275,1.130126,1.28015,1.296166,"ONS average sterling exchange rates: THAP (GBP/EUR) and AUSS (GBP/USD), UK trade time series (MRET), accessed 2026-08-11","ONS CPI INDEX 00: ALL ITEMS 2015=100 (D7BT), accessed 2026-08-11",Season factors use the mean of the two surrounding ONS annual averages for calendar years 2019 and 2020.,True,407402000.0,528060620.732,598160668.1341729,521535670.29999995,675996803.6300697,54469000.0,70600865.854,79973130.79611848,69728490.35,90379698.42299809,182546000.0,236609918.63599998,268019885.334929,233686261.89999998,302896187.3418754,170387000.0,220849836.24199998,250167652.0031255,218120918.04999998,282720917.8651963,237015000.0,307210784.49,268478741.25,347993016.1310475,303414752.25,393275885.7648735,283480000.0,367437137.68,321111970.0,416214417.70702,362896922.0,470374651.801052,-17077000.0,-22134626.781999998,-25072998.4873105,-21861121.549999997,-28335642.474977296,129141000.0,167388173.406,146284467.75,189608953.42564648,165319851.14999998,214281970.18569085,142645000.0,184891599.07,161581123.75,209435958.84654248,182606996.75,236688980.5494605,35652000.0,46210910.232,52345408.565298,45639907.8,59156896.733494796,2025/26 prices,,,,0.6958237809338198,0.13369841090618112,0.44807340170151355,0.41822818739230544,True,True,True,True
premier_league,Premier League,chelsea,Chelsea,2020/21,2020,2021,267200000.0,57150000.0,210050000.0,31,26,transfermarkt_club_page,https://www.transfermarkt.com/chelsea/transfers/verein/631/saison_id/2020,2026-04-27T18:18:30.409780+00:00,high,,2.0,Frank Lampard | Thomas Tuchel,"[""frank_lampard_20-06-1978"", ""thomas_tuchel_29-08-1973""]",frank_lampard_20-06-1978,Frank Lampard,0.5726027397260274,209.0,2019-07-04,2021-01-25,84.0,44.0,15.0,25.0,1.75,transfermarkt_manager_history_page,https://www.transfermarkt.com/chelsea/mitarbeiterhistorie/verein/631/personalie_id/1/plus/1,2026-04-27T18:42:58.504177+00:00,high,,3.0,1.0,Champions League Participant | FA Cup Runner up | UEFA Champions League winner,UEFA Champions League winner,transfermarkt_achievements_page,https://www.transfermarkt.com/chelsea/erfolge/verein/631,2026-04-28T07:46:07.184658+00:00,high,,Champions League Participant (participant) | FA Cup Runner up (runner_up) | UEFA Champions League winner (winner),uefa_champions_league | fa_cup,UEFA Champions League winner (winner),4.0,67.0,19.0,10.0,9.0,58.0,36.0,22.0,premier_league_raw_table,https://en.wikipedia.org/wiki/2020%E2%80%9321_Premier_League,,Raw Premier League season table CSV,medium,League table data loaded from raw Premier League CSV files.,2021-06-30,GBP,full pounds (converted from GBP thousands disclosed in report),434863000.0,7654000.0,273606000.0,153603000.0,,,27940000.0,332905000.0,-17077000.0,163864000.0,27940000.0,35652000.0,497548501.45,8757324.1,313046304.9,175744872.45,,-19538649.55,40791235.8,,,434863000.0,0.0,"[28, 29, 30]","Chelsea discloses matchday, broadcasting, and commercial revenue directly in the financial statements from the seasons extracted here. Total revenue has been set to football operating turnover only and excludes player trading.",Women's team revenue is not separately disclosed in the relevant Chelsea financial statement notes used here. The extracted revenue figures should therefore be treated as potentially including inseparable women's activity.,"Chelsea's disclosed commercial category may include hotel, stadium, retail, or other non-matchday commercial operations where the group classifies them within ordinary football-related activities.",high,True,Group of companies' accounts made up to 30 June 2021,https://find-and-update.company-information.service.gov.uk/company/02536231/filing-history/MzMyNDMxMTA2NmFkaXF6a2N4/document?format=pdf&download=0,"Values in the annual report were disclosed in GBP thousands and have been converted here into full GBP amounts by multiplying by 1,000. Missing fields in raw extraction: net_debt_original, profit_loss_before_tax_original, net_debt_eur, profit_loss_before_tax_eur. Net debt inferred as net cash because the balance sheet shows cash at bank and in hand but no separately disclosed year-end borrowings. Profit before tax taken from the group profit and loss account.",281260000.0,1.14415,1.162173,1.3297,1.273808,"ONS average sterling exchange rates: THAP (GBP/EUR) and AUSS (GBP/USD), UK trade time series (MRET), accessed 2026-08-11","ONS CPI INDEX 00: ALL ITEMS 2015=100 (D7BT), accessed 2026-08-11",Season factors use the mean of the two surrounding ONS annual averages for calendar years 2020 and 2021.,True,434863000.0,553931968.304,633781261.5350217,578237331.1,736563338.2538289,7654000.0,9749726.432,11155149.4971728,10177523.8,12964211.2366304,273606000.0,348521511.648,398760887.5520592,363813898.20000005,463429054.0383457,153603000.0,195660730.224,223865224.4857896,204245909.10000002,260170072.97885284,281260000.0,358271238.08000004,321803629.0,409916037.049232,373991422.0,476393265.274976,332905000.0,424057052.24,380893255.75,485184876.320396,442663778.50000006,563868662.3635281,-17077000.0,-21752819.216000002,-24888488.1059864,-22707286.900000002,-28924723.711515203,163864000.0,208731274.11200002,187484995.6,238819887.2752448,217889960.8,277549975.18672645,27940000.0,35590195.52,31967551.0,40720522.204208,37151818.0,47324282.982944004,35652000.0,45413802.816,51960202.4919264,47406464.400000006,60386733.60443521,2025/26 prices,,,,0.7655399516629375,0.017600945585161305,0.6291774650867055,0.3532215893281332,True,True,True,True
premier_league,Premier League,chelsea,Chelsea,2021/22,2021,2022,118000000.0,157590000.0,-39590000.0,21,23,transfermarkt_club_page,https://www.transfermarkt.com/chelsea/transfers/verein/631/saison_id/2021,2026-04-27T18:18:32.847451+00:00,high,,1.0,Thomas Tuchel,"[""thomas_tuchel_29-08-1973""]",thomas_tuchel_29-08-1973,Thomas Tuchel,1.0,365.0,2021-01-26,2022-09-07,100.0,63.0,19.0,18.0,2.08,transfermarkt_manager_history_page,https://www.transfermarkt.com/chelsea/mitarbeiterhistorie/verein/631/personalie_id/1/plus/1,2026-04-27T18:42:58.504177+00:00,high,,3.0,1.0,Champions League Participant | FIFA Club World Cup Participant | UEFA Supercup Winner,UEFA Supercup Winner,transfermarkt_achievements_page,https://www.transfermarkt.com/chelsea/erfolge/verein/631,2026-04-28T07:46:07.184658+00:00,high,,Champions League Participant (participant) | FIFA Club World Cup Participant (participant) | UEFA Supercup Winner (winner),uefa_champions_league | club_world_cup | super_cup,UEFA Supercup Winner (winner),3.0,74.0,21.0,11.0,6.0,76.0,33.0,43.0,premier_league_raw_table,https://en.wikipedia.org/wiki/2021%E2%80%9322_Premier_League,,Raw Premier League season table CSV,medium,League table data loaded from raw Premier League CSV files.,2022-06-30,GBP,full pounds (converted from GBP thousands disclosed in report),481278000.0,69163000.0,235016000.0,177099000.0,,,123213000.0,340249000.0,-16366000.0,162457000.0,123213000.0,-155939000.0,562253023.5,80799674.75,274557442.0,206895906.75,,-19119579.5,-182175736.75,,,481278000.0,0.0,"[29, 30, 31]","Chelsea discloses matchday, broadcasting, and commercial revenue directly in the financial statements from the seasons extracted here. Total revenue has been set to football operating turnover only and excludes player trading.",Women's team revenue is not separately disclosed in the relevant Chelsea financial statement notes used here. The extracted revenue figures should therefore be treated as potentially including inseparable women's activity.,"Chelsea's disclosed commercial category may include hotel, stadium, retail, or other non-matchday commercial operations where the group classifies them within ordinary football-related activities.",high,True,Group of companies' accounts made up to 30 June 2022,https://find-and-update.company-information.service.gov.uk/company/02536231/filing-history/MzM3NDg3MzQ5MGFkaXF6a2N4/document?download=0&format=pdf,"Values in the annual report were disclosed in GBP thousands and have been converted here into full GBP amounts by multiplying by 1,000. Missing fields in raw extraction: net_debt_original, profit_loss_before_tax_original, net_debt_eur, profit_loss_before_tax_eur. Net debt inferred as net cash because the balance sheet shows cash at bank and in hand but no separately disclosed year-end borrowings. Profit before tax taken from the group profit and loss account.",304179000.0,1.16825,1.117869,1.30595,1.202829,"ONS average sterling exchange rates: THAP (GBP/EUR) and AUSS (GBP/USD), UK trade time series (MRET), accessed 2026-08-11","ONS CPI INDEX 00: ALL ITEMS 2015=100 (D7BT), accessed 2026-08-11",Season factors use the mean of the two surrounding ONS annual averages for calendar years 2021 and 2022.,True,481278000.0,578895135.462,676294242.0034815,628525004.1,756008102.1565989,69163000.0,83191262.12699999,97188191.97986774,90323419.85,108643628.77475564,235016000.0,282684060.264,330245653.403418,306919145.2,369171248.50177073,177099000.0,213019813.07099998,248860396.62019575,231282439.04999998,278193224.8800724,304179000.0,365875322.391,355357116.75,427433845.3832857,397242565.05,477814877.27652645,340249000.0,409261364.421,397495894.25,478119588.98483324,444348181.54999995,534474878.8656049,-16366000.0,-19685499.413999997,-22997584.6904055,-21373177.7,-25708277.9597133,162457000.0,195407990.853,189790390.25,228285385.31401724,212160719.14999998,255193065.6544753,123213000.0,148204169.577,143943587.25,173139521.10833025,160910017.35,193547235.25908312,-155939000.0,-187567951.431,-219126259.25926575,-203648537.04999998,-244954366.17131442,2025/26 prices,,,,0.7069697763039241,0.14370696354290036,0.4883165239217251,0.36797651253537456,True,True,True,True
premier_league,Premier League,chelsea,Chelsea,2022/23,2022,2023,630250000.0,67860000.0,562390000.0,28,25,transfermarkt_club_page,https://www.transfermarkt.com/chelsea/transfers/verein/631/saison_id/2022,2026-04-27T18:18:35.550510+00:00,high,,2.0,Thomas Tuchel | Graham Potter,"[""thomas_tuchel_29-08-1973"", ""graham_potter_20-05-1975""]",graham_potter_20-05-1975,Graham Potter,0.5671232876712329,207.0,2022-09-08,2023-04-02,31.0,12.0,8.0,11.0,1.42,transfermarkt_manager_history_page,https://www.transfermarkt.com/chelsea/mitarbeiterhistorie/verein/631/personalie_id/1/plus/1,2026-04-27T18:42:58.504177+00:00,high,,2.0,1.0,Champions League Participant | FIFA Club World Cup winner,FIFA Club World Cup winner,transfermarkt_achievements_page,https://www.transfermarkt.com/chelsea/erfolge/verein/631,2026-04-28T07:46:07.184658+00:00,medium,Assigned season derived from achievement season label '2022' using method 'calendar_year_mapped_to_start_year_season'.,Champions League Participant (participant) | FIFA Club World Cup winner (winner),uefa_champions_league | club_world_cup,FIFA Club World Cup winner (winner),12.0,44.0,11.0,11.0,16.0,38.0,47.0,-9.0,premier_league_raw_table,https://en.wikipedia.org/wiki/2022%E2%80%9323_Premier_League,,Raw Premier League season table CSV,medium,League table data loaded from raw Premier League CSV files.,2023-06-30,GBP,full pounds (converted from GBP thousands disclosed in report),512467000.0,76481000.0,225902000.0,210084000.0,,,62861000.0,403962000.0,-54184000.0,205000000.0,62861000.0,-121355000.0,595281667.1999999,88840329.6,262407763.2,244033574.4,,-62940134.4,-140965968.0,,,512467000.0,0.0,"[33, 34, 35]","Chelsea discloses matchday, broadcasting, and commercial revenue directly in the financial statements from the seasons extracted here. Total revenue has been set to football operating turnover only and excludes player trading.",Women's team revenue is not separately disclosed in the relevant Chelsea financial statement notes used here. The extracted revenue figures should therefore be treated as potentially including inseparable women's activity.,"Chelsea's disclosed commercial category may include hotel, stadium, retail, or other non-matchday commercial operations where the group classifies them within ordinary football-related activities.",high,True,Group of companies' accounts made up to 30 June 2023,https://find-and-update.company-information.service.gov.uk/company/02536231/filing-history/MzQxNzE0MTU2NWFkaXF6a2N4/document?download=0&format=pdf,"Values in the annual report were disclosed in GBP thousands and have been converted here into full GBP amounts by multiplying by 1,000. Missing fields in raw extraction: net_debt_original, profit_loss_before_tax_original, net_debt_eur, profit_loss_before_tax_eur. Net debt inferred as net cash because the balance sheet shows cash at bank and in hand but no separately disclosed year-end borrowings. Profit before tax taken from the group profit and loss account.",302383000.0,1.1616,1.067321,1.2398,1.112688,"ONS average sterling exchange rates: THAP (GBP/EUR) and AUSS (GBP/USD), UK trade time series (MRET), accessed 2026-08-11","ONS CPI INDEX 00: ALL ITEMS 2015=100 (D7BT), accessed 2026-08-11",Season factors use the mean of the two surrounding ONS annual averages for calendar years 2022 and 2023.,True,512467000.0,570215881.296,662362767.7134335,635356586.6,706953649.6307808,76481000.0,85099490.92799999,98851568.66196479,94821143.8,105506348.85253438,225902000.0,251358444.57599998,291977969.2194816,280073299.6,311634199.5853248,210084000.0,233757945.79199997,271533229.8319872,260462143.2,289813101.1929216,302383000.0,336457935.50399995,351248092.8,390829537.88144636,374894443.4,417140548.4378591,403962000.0,449483669.85599995,469242259.2,522120230.90472955,500832087.6,557269853.8874688,-54184000.0,-60289886.59199999,-70032732.2652672,-67177323.2,-74747401.3967616,205000000.0,228101039.99999997,238128000.0,264962168.06399998,254159000.0,282799669.39199996,62861000.0,69944680.368,73019337.6,81247740.71546878,77935067.8,86717414.72024639,-121355000.0,-135030252.23999998,-156851141.001984,-150455929.0,-167410506.727152,2025/26 prices,,,,0.7882692934374311,0.14924082916558531,0.44081277428595406,0.40994639654846077,True,True,True,True
premier_league,Premier League,chelsea,Chelsea,2023/24,2023,2024,448100000.0,282200000.0,165900000.0,29,32,transfermarkt_club_page,https://www.transfermarkt.com/chelsea/transfers/verein/631/saison_id/2023,2026-04-27T18:18:37.541482+00:00,high,,1.0,Mauricio Pochettino,"[""mauricio_pochettino_02-03-1972""]",mauricio_pochettino_02-03-1972,Mauricio Pochettino,1.0,366.0,2023-07-01,2024-06-30,51.0,27.0,10.0,14.0,1.78,transfermarkt_manager_history_page,https://www.transfermarkt.com/chelsea/mitarbeiterhistorie/verein/631/personalie_id/1/plus/1,2026-04-27T18:42:58.504177+00:00,high,,,,,,,,,,,,,,6.0,63.0,18.0,9.0,11.0,77.0,63.0,14.0,premier_league_raw_table,https://en.wikipedia.org/wiki/2023%E2%80%9324_Premier_League,,Raw Premier League season table CSV,medium,League table data loaded from raw Premier League CSV files.,2024-06-30,GBP,full pounds (converted from GBP thousands disclosed in report),468486000.0,80120000.0,163101000.0,225265000.0,,,152463000.0,338021000.0,-87889000.0,191826000.0,152463000.0,-90100000.0,546137554.5,93399890.0,190134990.75,262602673.75,,-102456601.75,-105034075.0,,,468486000.0,0.0,"[33, 34, 35]","Chelsea discloses matchday, broadcasting, and commercial revenue directly in the financial statements from the seasons extracted here. Total revenue has been set to football operating turnover only and excludes player trading.",Women's team revenue is not separately disclosed in the relevant Chelsea financial statement notes used here. The extracted revenue figures should therefore be treated as potentially including inseparable women's activity.,"Chelsea's disclosed commercial category may include hotel, stadium, retail, or other non-matchday commercial operations where the group classifies them within ordinary football-related activities.",high,True,Group of companies' accounts made up to 30 June 2024,https://find-and-update.company-information.service.gov.uk/company/02536231/filing-history/MzQ2MTE3NTE4OWFkaXF6a2N4/document?download=0&format=pdf,"Values in the annual report were disclosed in GBP thousands and have been converted here into full GBP amounts by multiplying by 1,000. Missing fields in raw extraction: net_debt_original, profit_loss_before_tax_original, net_debt_eur, profit_loss_before_tax_eur. Net debt inferred as net cash because the balance sheet shows cash at bank and in hand but no separately disclosed year-end borrowings. Profit before tax taken from the group profit and loss account.",243221000.0,1.16575,1.081578,1.26085,1.061346,"ONS average sterling exchange rates: THAP (GBP/EUR) and AUSS (GBP/USD), UK trade time series (MRET), accessed 2026-08-11","ONS CPI INDEX 00: ALL ITEMS 2015=100 (D7BT), accessed 2026-08-11",Season factors use the mean of the two surrounding ONS annual averages for calendar years 2023 and 2024.,True,468486000.0,497225742.15599996,579640908.9183569,590690573.1,626927076.9973925,80120000.0,85035041.52,99129599.65193999,101019302.0,107216432.10049199,163101000.0,173106593.94599998,201799011.89254948,205645895.85,218261448.97681406,225265000.0,239084106.68999997,278712297.37386745,284025375.25,301449195.92008644,243221000.0,258141635.466,283534880.75,300928611.54448944,306665197.85,325477881.0773061,338021000.0,358757236.266,394047980.75,418221248.17708945,426193777.85,452339061.34598607,-87889000.0,-93280638.594,-108741904.44095549,-110814845.65,-117612893.17124489,191826000.0,203593757.79599997,223621159.5,237339423.15068698,241863812.1,256701189.51708657,152463000.0,161815995.19799998,177733742.25,188636996.4020685,192232973.55,204025697.5453983,-90100000.0,-95627274.6,-111477495.36494999,-113602585.0,-120571649.17941,2025/26 prices,,,,0.7215178255059916,0.17101898455877015,0.3481448751937091,0.48083614024752075,True,True,False,True
premier_league,Premier League,chelsea,Chelsea,2024/25,2024,2025,281900000.0,237100000.0,44800000.0,32,31,transfermarkt_club_page,https://www.transfermarkt.com/chelsea/transfers/verein/631/saison_id/2024,2026-04-27T18:18:39.646933+00:00,high,,1.0,Enzo Maresca,"[""enzo_maresca_10-02-1980""]",enzo_maresca_10-02-1980,Enzo Maresca,1.0,365.0,2024-07-01,2026-01-01,92.0,55.0,16.0,21.0,1.97,transfermarkt_manager_history_page,https://www.transfermarkt.com/chelsea/mitarbeiterhistorie/verein/631/personalie_id/1/plus/1,2026-04-27T18:42:58.504177+00:00,high,,3.0,1.0,Conference League participant | Conference League winner | FIFA Club World Cup Participant,Conference League winner,transfermarkt_achievements_page,https://www.transfermarkt.com/chelsea/erfolge/verein/631,2026-04-28T07:46:07.184658+00:00,high,,Conference League participant (participant) | Conference League winner (winner) | FIFA Club World Cup Participant (participant),uefa_conference_league | club_world_cup,Conference League winner (winner),4.0,69.0,20.0,9.0,9.0,64.0,43.0,21.0,premier_league_raw_table,https://en.wikipedia.org/wiki/2024%E2%80%9325_Premier_League,,Raw Premier League season table CSV,medium,League table data loaded from raw Premier League CSV files.,2025-06-30,GBP,full pounds (converted from GBP thousands disclosed in report),490857000.0,86762000.0,203230000.0,200865000.0,,,57906000.0,359265000.0,-49009000.0,213893000.0,57906000.0,-262444000.0,576462460.8000001,101893292.80000001,238673312.00000003,235895856.00000003,,-57556169.60000001,-308214233.6,,,490857000.0,0.0,"[29, 30, 31]","Chelsea discloses matchday, broadcasting, and commercial revenue directly in the financial statements from the seasons extracted here. Total revenue has been set to football operating turnover only and excludes player trading.",Women's team revenue is not separately disclosed in the relevant Chelsea financial statement notes used here. The extracted revenue figures should therefore be treated as potentially including inseparable women's activity.,"Chelsea's disclosed commercial category may include hotel, stadium, retail, or other non-matchday commercial operations where the group classifies them within ordinary football-related activities.",high,True,Group of companies' accounts made up to 30 June 2025,https://find-and-update.company-information.service.gov.uk/company/02536231/filing-history/MzUxNDEyMjMwN2FkaXF6a2N4/document?download=0&format=pdf,"Values in the annual report were disclosed in GBP thousands and have been converted here into full GBP amounts by multiplying by 1,000. Missing fields in raw extraction: net_debt_original, profit_loss_before_tax_original, net_debt_eur, profit_loss_before_tax_eur. Net debt inferred as net cash because the balance sheet shows cash at bank and in hand but no separately disclosed year-end borrowings. Profit before tax taken from the group profit and loss account.",289992000.0,1.1744,1.105586,1.2984,1.030555,"ONS average sterling exchange rates: THAP (GBP/EUR) and AUSS (GBP/USD), UK trade time series (MRET), accessed 2026-08-11","ONS CPI INDEX 00: ALL ITEMS 2015=100 (D7BT), accessed 2026-08-11",Season factors use the mean of the two surrounding ONS annual averages for calendar years 2024 and 2025.,True,490857000.0,505855135.63500005,594076271.2897441,637328728.8,656802308.108484,86762000.0,89413012.91000001,105006642.36150402,112651780.8,116093855.962344,203230000.0,209439692.65000004,245965975.04816005,263873832.0,271936496.93676,200865000.0,207002430.07500002,243103653.88008004,260803116.0,268771955.20938003,289992000.0,298852705.56,340566604.8,350972617.40966403,376525612.8,388030352.89910406,359265000.0,370242342.07500005,421920816.00000006,434812606.5328801,466469676.0,480722656.95018005,-49009000.0,-50506469.995000005,-59314798.36212801,-63633285.6,-65577600.641508006,213893000.0,220428500.615,251195939.20000002,258871231.12225604,277718671.2,286204365.198516,57906000.0,59675317.830000006,68004806.4,70082693.25955202,75185150.4,77482432.67047201,-262444000.0,-270462976.42,-317631719.50764805,-340757289.6,-351169128.5837281,2025/26 prices,,,,0.7319137752950452,0.17675616320028031,0.41403097032333247,0.4092128664763872,True,True,True,True
premier_league,Premier League,chelsea,Chelsea,2025/26,2025,2026,339150000.0,334250000.0,4900000.0,31,31,transfermarkt_club_page,https://www.transfermarkt.com/chelsea/transfers/verein/631/saison_id/2025,2026-04-27T18:18:42.250550+00:00,high,,2.0,Enzo Maresca | Liam Rosenior,"[""enzo_maresca_10-02-1980"", ""liam_rosenior_09-07-1984""]",enzo_maresca_10-02-1980,Enzo Maresca,0.5068493150684932,185.0,2024-07-01,2026-01-01,92.0,55.0,16.0,21.0,1.97,transfermarkt_manager_history_page,https://www.transfermarkt.com/chelsea/mitarbeiterhistorie/verein/631/personalie_id/1/plus/1,2026-04-27T18:42:58.504177+00:00,high,,1.0,1.0,FIFA Club World Cup winner,FIFA Club World Cup winner,transfermarkt_achievements_page,https://www.transfermarkt.com/chelsea/erfolge/verein/631,2026-04-28T07:46:07.184658+00:00,medium,Assigned season derived from achievement season label '2025' using method 'calendar_year_mapped_to_start_year_season'.,FIFA Club World Cup winner (winner),club_world_cup,FIFA Club World Cup winner (winner),,,,,,,,,,,,,,,,,,,,,,,,,,,,,,,,,,,,,,,,,,,,,,,,,,,,,,,,,,,,,,,,,,,,,,,,,,,,,,,,,,,,,,,,,,,,,,,,,,,,,,,,,,,,,,,,,,,,,,,,,False,False,True,True
premier_league,Premier League,liverpool,Liverpool,1990/91,1990,1991,4139999.999999999,320000.0,3819999.999999999,13,10,transfermarkt_club_page,https://www.transfermarkt.com/liverpool/transfers/verein/31/saison_id/1990,2026-04-27T18:18:44.706681+00:00,high,,1.0,Graeme Souness,"[""graeme_souness_06-05-1953""]",graeme_souness_06-05-1953,Graeme Souness,0.2082191780821917,76.0,1991-04-16,1994-01-28,156.0,65.0,45.0,46.0,1.54,transfermarkt_manager_history_page,https://www.transfermarkt.com/liverpool/mitarbeiterhistorie/verein/31/personalie_id/1/plus/1,2026-04-27T18:43:00.386012+00:00,high,,1.0,1.0,English Supercup Winner,English Supercup Winner,transfermarkt_achievements_page,https://www.transfermarkt.com/liverpool/erfolge/verein/31,2026-04-28T07:46:09.255073+00:00,high,,English Supercup Winner (winner),super_cup,English Supercup Winner (winner),,,,,,,,,,,,,,,,,,,,,,,,,,,,,,,,,,,,,,,,,,,,,,,,,,,,,,,,,,,,,,,,,,,,,,,,,,,,,,,,,,,,,,,,,,,,,,,,,,,,,,,,,,,,,,,,,,,,,,,,,False,False,True,True
premier_league,Premier League,liverpool,Liverpool,1991/92,1991,1992,10500000.0,7920000.0,2580000.0,10,9,transfermarkt_club_page,https://www.transfermarkt.com/liverpool/transfers/verein/31/saison_id/1991,2026-04-27T18:18:46.650067+00:00,high,Displayed departures sum (7920000) differs from parsed departures fee sum (7925000).,1.0,Graeme Souness,"[""graeme_souness_06-05-1953""]",graeme_souness_06-05-1953,Graeme Souness,1.0,366.0,1991-04-16,1994-01-28,156.0,65.0,45.0,46.0,1.54,transfermarkt_manager_history_page,https://www.transfermarkt.com/liverpool/mitarbeiterhistorie/verein/31/personalie_id/1/plus/1,2026-04-27T18:43:00.386012+00:00,high,,2.0,1.0,FA Cup Winner | UEFA Cup Participant,FA Cup Winner,transfermarkt_achievements_page,https://www.transfermarkt.com/liverpool/erfolge/verein/31,2026-04-28T07:46:09.255073+00:00,high,,FA Cup Winner (winner) | UEFA Cup Participant (participant),fa_cup,FA Cup Winner (winner),,,,,,,,,,,,,,,,,,,,,,,,,,,,,,,,,,,,,,,,,,,,,,,,,,,,,,,,,,,,,,,,,,,,,,,,,,,,,,,,,,,,,,,,,,,,,,,,,,,,,,,,,,,,,,,,,,,,,,,,,False,False,True,True
premier_league,Premier League,liverpool,Liverpool,1992/93,1992,1993,4150000.000000001,5200000.0,-1049999.9999999995,6,7,transfermarkt_club_page,https://www.transfermarkt.com/liverpool/transfers/verein/31/saison_id/1992,2026-04-27T18:18:48.594616+00:00,high,Displayed departures sum (5200000) differs from parsed departures fee sum (5195000).,1.0,Graeme Souness,"[""graeme_souness_06-05-1953""]",graeme_souness_06-05-1953,Graeme Souness,1.0,365.0,1991-04-16,1994-01-28,156.0,65.0,45.0,46.0,1.54,transfermarkt_manager_history_page,https://www.transfermarkt.com/liverpool/mitarbeiterhistorie/verein/31/personalie_id/1/plus/1,2026-04-27T18:43:00.386012+00:00,high,,,,,,,,,,,,,,,,,,,,,,,,,,,,,,,,,,,,,,,,,,,,,,,,,,,,,,,,,,,,,,,,,,,,,,,,,,,,,,,,,,,,,,,,,,,,,,,,,,,,,,,,,,,,,,,,,,,,,,,,,,,,,,,,,,,,,,False,False,False,True
premier_league,Premier League,liverpool,Liverpool,1993/94,1993,1994,8000000.0,928000.0,7072000.0,10,12,transfermarkt_club_page,https://www.transfermarkt.com/liverpool/transfers/verein/31/saison_id/1993,2026-04-27T18:18:50.414196+00:00,high,,2.0,Graeme Souness | Roy Evans,"[""graeme_souness_06-05-1953"", ""roy_evans_04-10-1948""]",graeme_souness_06-05-1953,Graeme Souness,0.5808219178082191,212.0,1991-04-16,1994-01-28,156.0,65.0,45.0,46.0,1.54,transfermarkt_manager_history_page,https://www.transfermarkt.com/liverpool/mitarbeiterhistorie/verein/31/personalie_id/1/plus/1,2026-04-27T18:43:00.386012+00:00,high,,,,,,,,,,,,,,,,,,,,,,,,,,,,,,,,,,,,,,,,,,,,,,,,,,,,,,,,,,,,,,,,,,,,,,,,,,,,,,,,,,,,,,,,,,,,,,,,,,,,,,,,,,,,,,,,,,,,,,,,,,,,,,,,,,,,,,False,False,False,True
premier_league,Premier League,liverpool,Liverpool,1994/95,1994,1995,12060000.0,3750000.0,8310000.0,12,14,transfermarkt_club_page,https://www.transfermarkt.com/liverpool/transfers/verein/31/saison_id/1994,2026-04-27T18:18:52.340574+00:00,high,,1.0,Roy Evans,"[""roy_evans_04-10-1948""]",roy_evans_04-10-1948,Roy Evans,1.0,365.0,1994-01-28,1998-11-11,243.0,124.0,62.0,57.0,1.79,transfermarkt_manager_history_page,https://www.transfermarkt.com/liverpool/mitarbeiterhistorie/verein/31/personalie_id/1/plus/1,2026-04-27T18:43:00.386012+00:00,high,,1.0,1.0,English League Cup winner,English League Cup winner,transfermarkt_achievements_page,https://www.transfermarkt.com/liverpool/erfolge/verein/31,2026-04-28T07:46:09.255073+00:00,high,,English League Cup winner (winner),league_cup,English League Cup winner (winner),,,,,,,,,,,,,,,,,,,,,,,,,,,,,,,,,,,,,,,,,,,,,,,,,,,,,,,,,,,,,,,,,,,,,,,,,,,,,,,,,,,,,,,,,,,,,,,,,,,,,,,,,,,,,,,,,,,,,,,,,False,False,True,True
premier_league,Premier League,liverpool,Liverpool,1995/96,1995,1996,19250000.0,1700000.0,17550000.0,10,9,transfermarkt_club_page,https://www.transfermarkt.com/liverpool/transfers/verein/31/saison_id/1995,2026-04-27T18:18:54.221777+00:00,high,,1.0,Roy Evans,"[""roy_evans_04-10-1948""]",roy_evans_04-10-1948,Roy Evans,1.0,366.0,1994-01-28,1998-11-11,243.0,124.0,62.0,57.0,1.79,transfermarkt_manager_history_page,https://www.transfermarkt.com/liverpool/mitarbeiterhistorie/verein/31/personalie_id/1/plus/1,2026-04-27T18:43:00.386012+00:00,high,,2.0,0.0,FA Cup Runner up | UEFA Cup Participant,,transfermarkt_achievements_page,https://www.transfermarkt.com/liverpool/erfolge/verein/31,2026-04-28T07:46:09.255073+00:00,high,,FA Cup Runner up (runner_up) | UEFA Cup Participant (participant),fa_cup,,,,,,,,,,,,,,,,,,,,,,,,,,,,,,,,,,,,,,,,,,,,,,,,,,,,,,,,,,,,,,,,,,,,,,,,,,,,,,,,,,,,,,,,,,,,,,,,,,,,,,,,,,,,,,,,,,,,,,,,,,False,False,True,True
premier_league,Premier League,liverpool,Liverpool,1996/97,1996,1997,8750000.0,3000000.0,5750000.0,9,8,transfermarkt_club_page,https://www.transfermarkt.com/liverpool/transfers/verein/31/saison_id/1996,2026-04-27T18:18:56.235093+00:00,high,,1.0,Roy Evans,"[""roy_evans_04-10-1948""]",roy_evans_04-10-1948,Roy Evans,1.0,365.0,1994-01-28,1998-11-11,243.0,124.0,62.0,57.0,1.79,transfermarkt_manager_history_page,https://www.transfermarkt.com/liverpool/mitarbeiterhistorie/verein/31/personalie_id/1/plus/1,2026-04-27T18:43:00.386012+00:00,high,,,,,,,,,,,,,,,,,,,,,,,,,,,,,,,,,,,,,,,,,,,,,,,,,,,,,,,,,,,,,,,,,,,,,,,,,,,,,,,,,,,,,,,,,,,,,,,,,,,,,,,,,,,,,,,,,,,,,,,,,,,,,,,,,,,,,,False,False,False,True
premier_league,Premier League,liverpool,Liverpool,1997/98,1997,1998,16050000.0,13020000.0,3030000.0,12,11,transfermarkt_club_page,https://www.transfermarkt.com/liverpool/transfers/verein/31/saison_id/1997,2026-04-27T18:18:58.014366+00:00,high,,1.0,Roy Evans,"[""roy_evans_04-10-1948""]",roy_evans_04-10-1948,Roy Evans,1.0,365.0,1994-01-28,1998-11-11,243.0,124.0,62.0,57.0,1.79,transfermarkt_manager_history_page,https://www.transfermarkt.com/liverpool/mitarbeiterhistorie/verein/31/personalie_id/1/plus/1,2026-04-27T18:43:00.386012+00:00,high,,1.0,0.0,UEFA Cup Participant,,transfermarkt_achievements_page,https://www.transfermarkt.com/liverpool/erfolge/verein/31,2026-04-28T07:46:09.255073+00:00,high,,UEFA Cup Participant (participant),fa_cup,,,,,,,,,,,,,,,,,,,,,,,,,,,,,,,,,,,,,,,,,,,,,,,,,,,,,,,,,,,,,,,,,,,,,,,,,,,,,,,,,,,,,,,,,,,,,,,,,,,,,,,,,,,,,,,,,,,,,,,,,,False,False,True,True
premier_league,Premier League,liverpool,Liverpool,1998/99,1998,1999,10740000.0,9430000.0,1310000.0,11,10,transfermarkt_club_page,https://www.transfermarkt.com/liverpool/transfers/verein/31/saison_id/1998,2026-04-27T18:18:59.962342+00:00,high,,2.0,Roy Evans | Gérard Houllier,"[""roy_evans_04-10-1948"", ""g_rard_houllier_03-09-1947""]",g_rard_houllier_03-09-1947,Gérard Houllier,0.6328767123287671,231.0,1998-11-12,2004-06-30,307.0,160.0,73.0,74.0,1.8,transfermarkt_manager_history_page,https://www.transfermarkt.com/liverpool/mitarbeiterhistorie/verein/31/personalie_id/1/plus/1,2026-04-27T18:43:00.386012+00:00,high,,1.0,0.0,UEFA Cup Participant,,transfermarkt_achievements_page,https://www.transfermarkt.com/liverpool/erfolge/verein/31,2026-04-28T07:46:09.255073+00:00,high,,UEFA Cup Participant (participant),fa_cup,,,,,,,,,,,,,,,,,,,,,,,,,,,,,,,,,,,,,,,,,,,,,,,,,,,,,,,,,,,,,,,,,,,,,,,,,,,,,,,,,,,,,,,,,,,,,,,,,,,,,,,,,,,,,,,,,,,,,,,,,,False,False,True,True
premier_league,Premier League,liverpool,Liverpool,1999/00,1999,2000,54500000.0,9180000.0,45320000.0,17,17,transfermarkt_club_page,https://www.transfermarkt.com/liverpool/transfers/verein/31/saison_id/1999,2026-04-27T18:19:02.935062+00:00,high,Displayed departures sum (9180000) differs from parsed departures fee sum (9175000).,1.0,Gérard Houllier,"[""g_rard_houllier_03-09-1947""]",g_rard_houllier_03-09-1947,Gérard Houllier,1.0,366.0,1998-11-12,2004-06-30,307.0,160.0,73.0,74.0,1.8,transfermarkt_manager_history_page,https://www.transfermarkt.com/liverpool/mitarbeiterhistorie/verein/31/personalie_id/1/plus/1,2026-04-27T18:43:00.386012+00:00,high,,,,,,,,,,,,,,,,,,,,,,,,,,,,,,,,,,,,,,,,,,,,,,,,,,,,,,,,,,,,,,,,,,,,,,,,,,,,,,,,,,,,,,,,,,,,,,,,,,,,,,,,,,,,,,,,,,,,,,,,,,,,,,,,,,,,,,False,False,False,True
premier_league,Premier League,liverpool,Liverpool,2000/01,2000,2001,34000000.0,19610000.0,14390000.0,19,17,transfermarkt_club_page,https://www.transfermarkt.com/liverpool/transfers/verein/31/saison_id/2000,2026-04-27T18:19:05.680449+00:00,high,Displayed departures sum (19610000) differs from parsed departures fee sum (19614000).,1.0,Gérard Houllier,"[""g_rard_houllier_03-09-1947""]",g_rard_houllier_03-09-1947,Gérard Houllier,1.0,365.0,1998-11-12,2004-06-30,307.0,160.0,73.0,74.0,1.8,transfermarkt_manager_history_page,https://www.transfermarkt.com/liverpool/mitarbeiterhistorie/verein/31/personalie_id/1/plus/1,2026-04-27T18:43:00.386012+00:00,high,,4.0,3.0,English League Cup winner | FA Cup Winner | UEFA Cup Participant | UEFA Cup Winner,English League Cup winner | FA Cup Winner | UEFA Cup Winner,transfermarkt_achievements_page,https://www.transfermarkt.com/liverpool/erfolge/verein/31,2026-04-28T07:46:09.255073+00:00,high,,English League Cup winner (winner) | FA Cup Winner (winner) | UEFA Cup Participant (participant) | UEFA Cup Winner (winner),league_cup | fa_cup,English League Cup winner (winner) | FA Cup Winner (winner) | UEFA Cup Winner (winner),,,,,,,,,,,,,,,,,,,,,,,,,,,,,,,,,,,,,,,,,,,,,,,,,,,,,,,,,,,,,,,,,,,,,,,,,,,,,,,,,,,,,,,,,,,,,,,,,,,,,,,,,,,,,,,,,,,,,,,,,False,False,True,True
premier_league,Premier League,liverpool,Liverpool,2001/02,2001,2002,31560000.0,28650000.0,2910000.0,10,11,transfermarkt_club_page,https://www.transfermarkt.com/liverpool/transfers/verein/31/saison_id/2001,2026-04-27T18:19:07.645512+00:00,high,,1.0,Gérard Houllier,"[""g_rard_houllier_03-09-1947""]",g_rard_houllier_03-09-1947,Gérard Houllier,1.0,365.0,1998-11-12,2004-06-30,307.0,160.0,73.0,74.0,1.8,transfermarkt_manager_history_page,https://www.transfermarkt.com/liverpool/mitarbeiterhistorie/verein/31/personalie_id/1/plus/1,2026-04-27T18:43:00.386012+00:00,high,,3.0,2.0,Champions League Participant | English Supercup Winner | UEFA Supercup Winner,English Supercup Winner | UEFA Supercup Winner,transfermarkt_achievements_page,https://www.transfermarkt.com/liverpool/erfolge/verein/31,2026-04-28T07:46:09.255073+00:00,high,,Champions League Participant (participant) | English Supercup Winner (winner) | UEFA Supercup Winner (winner),uefa_champions_league | super_cup,English Supercup Winner (winner) | UEFA Supercup Winner (winner),,,,,,,,,,,,,,,,,,,,,,,,,,,,,,,,,,,,,,,,,,,,,,,,,,,,,,,,,,,,,,,,,,,,,,,,,,,,,,,,,,,,,,,,,,,,,,,,,,,,,,,,,,,,,,,,,,,,,,,,,False,False,True,True
premier_league,Premier League,liverpool,Liverpool,2002/03,2002,2003,31900000.0,11800000.0,20100000.0,18,16,transfermarkt_club_page,https://www.transfermarkt.com/liverpool/transfers/verein/31/saison_id/2002,2026-04-27T18:19:09.485896+00:00,high,,1.0,Gérard Houllier,"[""g_rard_houllier_03-09-1947""]",g_rard_houllier_03-09-1947,Gérard Houllier,1.0,365.0,1998-11-12,2004-06-30,307.0,160.0,73.0,74.0,1.8,transfermarkt_manager_history_page,https://www.transfermarkt.com/liverpool/mitarbeiterhistorie/verein/31/personalie_id/1/plus/1,2026-04-27T18:43:00.386012+00:00,high,,3.0,1.0,Champions League Participant | English League Cup winner | UEFA Cup Participant,English League Cup winner,transfermarkt_achievements_page,https://www.transfermarkt.com/liverpool/erfolge/verein/31,2026-04-28T07:46:09.255073+00:00,high,,Champions League Participant (participant) | English League Cup winner (winner) | UEFA Cup Participant (participant),uefa_champions_league | league_cup | fa_cup,English League Cup winner (winner),,,,,,,,,,,,,,,,,,,,,,,,,,,,,,,,,,,,,,,,,,,,,,,,,,,,,,,,,,,,,,,,,,,,,,,,,,,,,,,,,,,,,,,,,,,,,,,,,,,,,,,,,,,,,,,,,,,,,,,,,False,False,True,True
premier_league,Premier League,liverpool,Liverpool,2003/04,2003,2004,15250000.0,0.0,15250000.0,19,13,transfermarkt_club_page,https://www.transfermarkt.com/liverpool/transfers/verein/31/saison_id/2003,2026-04-27T18:19:12.160624+00:00,high,,1.0,Gérard Houllier,"[""g_rard_houllier_03-09-1947""]",g_rard_houllier_03-09-1947,Gérard Houllier,1.0,366.0,1998-11-12,2004-06-30,307.0,160.0,73.0,74.0,1.8,transfermarkt_manager_history_page,https://www.transfermarkt.com/liverpool/mitarbeiterhistorie/verein/31/personalie_id/1/plus/1,2026-04-27T18:43:00.386012+00:00,high,,1.0,0.0,UEFA Cup Participant,,transfermarkt_achievements_page,https://www.transfermarkt.com/liverpool/erfolge/verein/31,2026-04-28T07:46:09.255073+00:00,high,,UEFA Cup Participant (participant),fa_cup,,,,,,,,,,,,,,,,,,,,,,,,,,,,,,,,,,,,,,,,,,,,,,,,,,,,,,,,,,,,,,,,,,,,,,,,,,,,,,,,,,,,,,,,,,,,,,,,,,,,,,,,,,,,,,,,,,,,,,,,,,False,False,True,True
premier_league,Premier League,liverpool,Liverpool,2004/05,2004,2005,58400000.0,24570000.0,33830000.0,22,22,transfermarkt_club_page,https://www.transfermarkt.com/liverpool/transfers/verein/31/saison_id/2004,2026-04-27T18:19:14.284357+00:00,high,,1.0,Rafael Benítez,"[""rafael_ben_tez_16-04-1960""]",rafael_ben_tez_16-04-1960,Rafael Benítez,1.0,365.0,2004-07-01,2010-06-30,350.0,197.0,74.0,79.0,1.9,transfermarkt_manager_history_page,https://www.transfermarkt.com/liverpool/mitarbeiterhistorie/verein/31/personalie_id/1/plus/1,2026-04-27T18:43:00.386012+00:00,high,,3.0,1.0,Champions League Participant | English League Cup runner-up | UEFA Champions League winner,UEFA Champions League winner,transfermarkt_achievements_page,https://www.transfermarkt.com/liverpool/erfolge/verein/31,2026-04-28T07:46:09.255073+00:00,high,,Champions League Participant (participant) | English League Cup runner-up | UEFA Champions League winner (winner),uefa_champions_league | league_cup,UEFA Champions League winner (winner),,,,,,,,,,,,,,,,,,,,,,,,,,,,,,,,,,,,,,,,,,,,,,,,,,,,,,,,,,,,,,,,,,,,,,,,,,,,,,,,,,,,,,,,,,,,,,,,,,,,,,,,,,,,,,,,,,,,,,,,,False,False,True,True
premier_league,Premier League,liverpool,Liverpool,2005/06,2005,2006,44060000.0,19040000.0,25020000.0,25,26,transfermarkt_club_page,https://www.transfermarkt.com/liverpool/transfers/verein/31/saison_id/2005,2026-04-27T18:19:16.452026+00:00,high,,1.0,Rafael Benítez,"[""rafael_ben_tez_16-04-1960""]",rafael_ben_tez_16-04-1960,Rafael Benítez,1.0,365.0,2004-07-01,2010-06-30,350.0,197.0,74.0,79.0,1.9,transfermarkt_manager_history_page,https://www.transfermarkt.com/liverpool/mitarbeiterhistorie/verein/31/personalie_id/1/plus/1,2026-04-27T18:43:00.386012+00:00,high,,5.0,2.0,Champions League Participant | FA Cup Winner | FIFA Club World Cup Participant | FIFA Club World Cup runner-up | UEFA Supercup Winner,FA Cup Winner | UEFA Supercup Winner,transfermarkt_achievements_page,https://www.transfermarkt.com/liverpool/erfolge/verein/31,2026-04-28T07:46:09.255073+00:00,high,,Champions League Participant (participant) | FA Cup Winner (winner) | FIFA Club World Cup Participant (participant) | FIFA Club World Cup runner-up | UEFA Supercup Winner (winner),uefa_champions_league | fa_cup | club_world_cup | super_cup,FA Cup Winner (winner) | UEFA Supercup Winner (winner),,,,,,,,,,,,,,,,,,,,,,,,,,,,,,,,,,,,,,,,,,,,,,,,,,,,,,,,,,,,,,,,,,,,,,,,,,,,,,,,,,,,,,,,,,,,,,,,,,,,,,,,,,,,,,,,,,,,,,,,,False,False,True,True
premier_league,Premier League,liverpool,Liverpool,2006/07,2006,2007,46000000.0,24730000.0,21270000.0,26,27,transfermarkt_club_page,https://www.transfermarkt.com/liverpool/transfers/verein/31/saison_id/2006,2026-04-27T18:19:18.560820+00:00,high,,1.0,Rafael Benítez,"[""rafael_ben_tez_16-04-1960""]",rafael_ben_tez_16-04-1960,Rafael Benítez,1.0,365.0,2004-07-01,2010-06-30,350.0,197.0,74.0,79.0,1.9,transfermarkt_manager_history_page,https://www.transfermarkt.com/liverpool/mitarbeiterhistorie/verein/31/personalie_id/1/plus/1,2026-04-27T18:43:00.386012+00:00,high,,3.0,2.0,Champions League Participant | Champions League runner-up | English Supercup Winner,Champions League runner-up | English Supercup Winner,transfermarkt_achievements_page,https://www.transfermarkt.com/liverpool/erfolge/verein/31,2026-04-28T07:46:09.255073+00:00,high,,Champions League Participant (participant) | Champions League runner-up (winner) | English Supercup Winner (winner),uefa_champions_league | super_cup,Champions League runner-up (winner) | English Supercup Winner (winner),,,,,,,,,,,,,,,,,,,,,,,,,,,,,,,,,,,,,,,,,,,,,,,,,,,,,,,,,,,,,,,,,,,,,,,,,,,,,,,,,,,,,,,,,,,,,,,,,,,,,,,,,,,,,,,,,,,,,,,,,False,False,True,True
premier_league,Premier League,liverpool,Liverpool,2007/08,2007,2008,90700000.0,46750000.0,43950000.0,24,24,transfermarkt_club_page,https://www.transfermarkt.com/liverpool/transfers/verein/31/saison_id/2007,2026-04-27T18:19:22.492156+00:00,high,Displayed departures sum (46750000) differs from parsed departures fee sum (46754000).,1.0,Rafael Benítez,"[""rafael_ben_tez_16-04-1960""]",rafael_ben_tez_16-04-1960,Rafael Benítez,1.0,366.0,2004-07-01,2010-06-30,350.0,197.0,74.0,79.0,1.9,transfermarkt_manager_history_page,https://www.transfermarkt.com/liverpool/mitarbeiterhistorie/verein/31/personalie_id/1/plus/1,2026-04-27T18:43:00.386012+00:00,high,,1.0,0.0,Champions League Participant,,transfermarkt_achievements_page,https://www.transfermarkt.com/liverpool/erfolge/verein/31,2026-04-28T07:46:09.255073+00:00,high,,Champions League Participant (participant),uefa_champions_league,,,,,,,,,,,,,,,,,,,,,,,,,,,,,,,,,,,,,,,,,,,,,,,,,,,,,,,,,,,,,,,,,,,,,,,,,,,,,,,,,,,,,,,,,,,,,,,,,,,,,,,,,,,,,,,,,,,,,,,,,,False,False,True,True
premier_league,Premier League,liverpool,Liverpool,2008/09,2008,2009,73450000.0,46450000.0,27000000.0,27,27,transfermarkt_club_page,https://www.transfermarkt.com/liverpool/transfers/verein/31/saison_id/2008,2026-04-27T18:19:24.537688+00:00,high,,1.0,Rafael Benítez,"[""rafael_ben_tez_16-04-1960""]",rafael_ben_tez_16-04-1960,Rafael Benítez,1.0,365.0,2004-07-01,2010-06-30,350.0,197.0,74.0,79.0,1.9,transfermarkt_manager_history_page,https://www.transfermarkt.com/liverpool/mitarbeiterhistorie/verein/31/personalie_id/1/plus/1,2026-04-27T18:43:00.386012+00:00,high,,1.0,0.0,Champions League Participant,,transfermarkt_achievements_page,https://www.transfermarkt.com/liverpool/erfolge/verein/31,2026-04-28T07:46:09.255073+00:00,high,,Champions League Participant (participant),uefa_champions_league,,2.0,86.0,25.0,11.0,2.0,77.0,27.0,50.0,premier_league_raw_table,https://en.wikipedia.org/wiki/2008%E2%80%9309_Premier_League,,Raw Premier League season table CSV,medium,League table data loaded from raw Premier League CSV files.,,,,,,,,,,,,,,,,,,,,,,,,,,,,,,,,,,,,,,,,,,,,,,,,,,,,,,,,,,,,,,,,,,,,,,,,,,,,,,,,,,,,,,,,,,,,,,,,,,,,,,,,,,,True,False,True,True
premier_league,Premier League,liverpool,Liverpool,2009/10,2009,2010,43500000.0,48550000.0,-5050000.0,21,25,transfermarkt_club_page,https://www.transfermarkt.com/liverpool/transfers/verein/31/saison_id/2009,2026-04-27T18:19:26.471643+00:00,high,,1.0,Rafael Benítez,"[""rafael_ben_tez_16-04-1960""]",rafael_ben_tez_16-04-1960,Rafael Benítez,1.0,365.0,2004-07-01,2010-06-30,350.0,197.0,74.0,79.0,1.9,transfermarkt_manager_history_page,https://www.transfermarkt.com/liverpool/mitarbeiterhistorie/verein/31/personalie_id/1/plus/1,2026-04-27T18:43:00.386012+00:00,high,,2.0,0.0,Champions League Participant | Europa League Participant,,transfermarkt_achievements_page,https://www.transfermarkt.com/liverpool/erfolge/verein/31,2026-04-28T07:46:09.255073+00:00,high,,Champions League Participant (participant) | Europa League Participant (participant),uefa_champions_league | uefa_europa_league,,7.0,63.0,18.0,9.0,11.0,61.0,35.0,26.0,premier_league_raw_table,https://en.wikipedia.org/wiki/2009%E2%80%9310_Premier_League,,Raw Premier League season table CSV,medium,League table data loaded from raw Premier League CSV files.,,,,,,,,,,,,,,,,,,,,,,,,,,,,,,,,,,,,,,,,,,,,,,,,,,,,,,,,,,,,,,,,,,,,,,,,,,,,,,,,,,,,,,,,,,,,,,,,,,,,,,,,,,,True,False,True,True
premier_league,Premier League,liverpool,Liverpool,2010/11,2010,2011,97730000.0,103000000.0,-5270000.0,21,24,transfermarkt_club_page,https://www.transfermarkt.com/liverpool/transfers/verein/31/saison_id/2010,2026-04-27T18:19:28.770798+00:00,high,,2.0,Roy Hodgson | Kenny Dalglish,"[""roy_hodgson_09-08-1947"", ""kenny_dalglish_04-03-1951""]",roy_hodgson_09-08-1947,Roy Hodgson,0.5232876712328767,191.0,2010-07-01,2011-01-07,31.0,13.0,8.0,10.0,1.52,transfermarkt_manager_history_page,https://www.transfermarkt.com/liverpool/mitarbeiterhistorie/verein/31/personalie_id/1/plus/1,2026-04-27T18:43:00.386012+00:00,high,,1.0,0.0,Europa League Participant,,transfermarkt_achievements_page,https://www.transfermarkt.com/liverpool/erfolge/verein/31,2026-04-28T07:46:09.255073+00:00,high,,Europa League Participant (participant),uefa_europa_league,,6.0,58.0,17.0,7.0,14.0,59.0,44.0,15.0,premier_league_raw_table,https://en.wikipedia.org/wiki/2010%E2%80%9311_Premier_League,,Raw Premier League season table CSV,medium,League table data loaded from raw Premier League CSV files.,,,,,,,,,,,,,,,,,,,,,,,,,,,,,,,,,,,,,,,,,,,,,,,,,,,,,,,,,,,,,,,,,,,,,,,,,,,,,,,,,,,,,,,,,,,,,,,,,,,,,,,,,,,True,False,True,True
premier_league,Premier League,liverpool,Liverpool,2011/12,2011,2012,69330000.0,22000000.0,47330000.0,21,18,transfermarkt_club_page,https://www.transfermarkt.com/liverpool/transfers/verein/31/saison_id/2011,2026-04-27T18:19:30.994490+00:00,high,Displayed arrivals sum (69330000) differs from parsed arrivals fee sum (69325000).,1.0,Kenny Dalglish,"[""kenny_dalglish_04-03-1951""]",kenny_dalglish_04-03-1951,Kenny Dalglish,0.8770491803278688,321.0,2011-01-08,2012-05-16,74.0,36.0,16.0,22.0,1.68,transfermarkt_manager_history_page,https://www.transfermarkt.com/liverpool/mitarbeiterhistorie/verein/31/personalie_id/1/plus/1,2026-04-27T18:43:00.386012+00:00,high,,1.0,1.0,English League Cup winner,English League Cup winner,transfermarkt_achievements_page,https://www.transfermarkt.com/liverpool/erfolge/verein/31,2026-04-28T07:46:09.255073+00:00,high,,English League Cup winner (winner),league_cup,English League Cup winner (winner),8.0,52.0,14.0,10.0,14.0,47.0,40.0,7.0,premier_league_raw_table,https://en.wikipedia.org/wiki/2011%E2%80%9312_Premier_League,,Raw Premier League season table CSV,medium,League table data loaded from raw Premier League CSV files.,2012-05-31,GBP,full pounds (converted from GBP thousands disclosed in report),168998000.0,42327000.0,62774000.0,63897000.0,,,,109231000.0,87170000.0,33759000.0,,-40522000.0,201648413.6,50504576.4,74901936.8,76241900.4,,104011244.0,-48350850.4,,,168998000.0,0.0,"[17, 18, 21, 30]","Liverpool discloses matchday, media, and commercial turnover directly in the annual accounts for the shortened 10 month reporting period ended 31 May 2012. No player trading figure was used in football revenue.",Women's team revenue is not separately disclosed in the report.,No separate non-football commercial adjustment was identified in the extracted note.,high,True,Full accounts made up to 31 May 2012,https://find-and-update.company-information.service.gov.uk/company/00035668/filing-history/MzA3MzkyNTQ5NmFkaXF6a2N4/document?format=pdf&download=0,"Values in the annual report were disclosed in GBP thousands and have been converted here into full GBP amounts by multiplying by 1,000. This season covers a 10 month reporting period after Liverpool changed its financial year end.",105101000.0,1.1932,1.335945,1.59405,1.480844,"ONS average sterling exchange rates: THAP (GBP/EUR) and AUSS (GBP/USD), UK trade time series (MRET), accessed 2026-08-11","ONS CPI INDEX 00: ALL ITEMS 2015=100 (D7BT), accessed 2026-08-11",Season factors use the mean of the two surrounding ONS annual averages for calendar years 2011 and 2012.,True,168998000.0,250259674.312,298609843.3890784,269391261.9,398926433.8370436,42327000.0,62679683.988000005,74789398.9344816,67471354.35,99914550.2610714,62774000.0,92958501.256,110918083.6986592,100064894.7,148180498.9271268,63897000.0,94621489.068,112902360.7559376,101855012.85,150831384.6488454,105101000.0,155638185.24400002,125406513.2,185707482.6331408,167536249.04999998,248095049.18819818,109231000.0,161754070.96400002,130334429.2,193004957.4742448,174119675.54999998,257844076.82016417,87170000.0,129085171.48,154024426.609936,138953338.5,205768217.597694,33759000.0,49991812.596,40281238.800000004,59650230.789547205,53813533.949999996,79689448.86865379,,,,,,,-40522000.0,-60006760.568,-71600066.7097376,-64594094.1,-95653776.6834204,2025/26 prices,,,,0.6463449271589014,0.25045858530870185,0.3714481828187316,0.3780932318725666,True,True,True,True
premier_league,Premier League,liverpool,Liverpool,2012/13,2012,2013,70600000.0,10450000.0,60150000.0,19,18,transfermarkt_club_page,https://www.transfermarkt.com/liverpool/transfers/verein/31/saison_id/2012,2026-04-27T18:19:33.637615+00:00,high,,1.0,Brendan Rodgers,"[""brendan_rodgers_26-01-1973""]",brendan_rodgers_26-01-1973,Brendan Rodgers,1.0,365.0,2012-07-01,2015-10-04,166.0,85.0,39.0,42.0,1.77,transfermarkt_manager_history_page,https://www.transfermarkt.com/liverpool/mitarbeiterhistorie/verein/31/personalie_id/1/plus/1,2026-04-27T18:43:00.386012+00:00,high,,1.0,0.0,Europa League Participant,,transfermarkt_achievements_page,https://www.transfermarkt.com/liverpool/erfolge/verein/31,2026-04-28T07:46:09.255073+00:00,high,,Europa League Participant (participant),uefa_europa_league,,7.0,61.0,16.0,13.0,9.0,71.0,43.0,28.0,premier_league_raw_table,https://en.wikipedia.org/wiki/2012%E2%80%9313_Premier_League,,Raw Premier League season table CSV,medium,League table data loaded from raw Premier League CSV files.,2013-05-31,GBP,full pounds (converted from GBP thousands disclosed in report),206115000.0,39611000.0,68797000.0,97707000.0,,,,130843000.0,73287000.0,37300000.0,,-49850000.0,248502549.75000003,47757002.150000006,82945103.05000001,117800444.55000001,,88358471.55000001,-60101652.50000001,,,206115000.0,0.0,"[11, 12, 17, 18, 25, 26]","Liverpool discloses matchday, media, and commercial turnover directly in the annual accounts. No player trading figure was used in football revenue.",Women's team revenue is not separately disclosed in the report.,No separate non-football commercial adjustment was identified in the extracted note.,medium,True,Full accounts made up to 31 May 2013,https://find-and-update.company-information.service.gov.uk/company/00035668/filing-history,"Values in the annual report were disclosed in GBP thousands and have been converted here into full GBP amounts by multiplying by 1,000. Liverpool net debt is estimated here as bank loans plus the current group loan less cash, based on the debt-related note disclosures available in the scanned statement.",108408000.0,1.20565,1.306142,1.57475,1.442035,"ONS average sterling exchange rates: THAP (GBP/EUR) and AUSS (GBP/USD), UK trade time series (MRET), accessed 2026-08-11","ONS CPI INDEX 00: ALL ITEMS 2015=100 (D7BT), accessed 2026-08-11",Season factors use the mean of the two surrounding ONS annual averages for calendar years 2012 and 2013.,True,206115000.0,297225044.025,358349374.32874125,324579596.25,468055138.0783687,39611000.0,57120448.385,68867268.59537525,62377422.25000001,89950426.09427875,68797000.0,99207681.895,119609741.67670676,108338075.75,156227297.06415126,97707000.0,140896913.745,169872364.05665925,153864098.25,221877414.91993874,108408000.0,156328130.28,130702105.20000002,188477010.27208203,170715498.0,246177723.15842998,130843000.0,188680185.505,157750862.95000002,227482265.65410328,206045014.25,297124122.12399876,73287000.0,105682419.045,127416008.52160427,115408703.25,166423389.39111376,37300000.0,53787905.5,44970745.00000001,64849388.26607501,58738175.0,84702504.186125,,,,,,,-49850000.0,-71885444.75,-86668686.4628375,-78501287.5,-113201604.1200625,2025/26 prices,,,,0.634805812289256,0.19217912330495113,0.3337796860975669,0.47404119059748195,True,True,True,True
premier_league,Premier League,liverpool,Liverpool,2013/14,2013,2014,58100000.0,32500000.0,25600000.0,18,23,transfermarkt_club_page,https://www.transfermarkt.com/liverpool/transfers/verein/31/saison_id/2013,2026-04-27T18:19:35.688334+00:00,high,,1.0,Brendan Rodgers,"[""brendan_rodgers_26-01-1973""]",brendan_rodgers_26-01-1973,Brendan Rodgers,1.0,365.0,2012-07-01,2015-10-04,166.0,85.0,39.0,42.0,1.77,transfermarkt_manager_history_page,https://www.transfermarkt.com/liverpool/mitarbeiterhistorie/verein/31/personalie_id/1/plus/1,2026-04-27T18:43:00.386012+00:00,high,,,,,,,,,,,,,,2.0,84.0,26.0,6.0,6.0,101.0,50.0,51.0,premier_league_raw_table,https://en.wikipedia.org/wiki/2013%E2%80%9314_Premier_League,,Raw Premier League season table CSV,medium,League table data loaded from raw Premier League CSV files.,2014-05-31,GBP,full pounds (converted from GBP thousands disclosed in report),255647000.0,50949000.0,100854000.0,103844000.0,,,,143749000.0,126315000.0,41093000.0,,413000.0,309166699.45,61615173.15,121967784.89999999,125583741.39999999,,152759045.25,499461.55,,,255647000.0,0.0,"[12, 13, 18, 19, 26, 27]","Liverpool discloses matchday, media, and commercial turnover directly in the annual accounts. No player trading figure was used in football revenue.",Women's team revenue is not separately disclosed in the report.,No separate non-football commercial adjustment was identified in the extracted note.,medium,True,Full accounts made up to 31 May 2014,https://find-and-update.company-information.service.gov.uk/company/00035668/filing-history,"Values in the annual report were disclosed in GBP thousands and have been converted here into full GBP amounts by multiplying by 1,000. Liverpool net debt is estimated here as bank loans plus the current parent undertaking loan less cash, based on the debt-related note disclosures available in the scanned statement.",151803000.0,1.20935,1.328027,1.60605,1.413703,"ONS average sterling exchange rates: THAP (GBP/EUR) and AUSS (GBP/USD), UK trade time series (MRET), accessed 2026-08-11","ONS CPI INDEX 00: ALL ITEMS 2015=100 (D7BT), accessed 2026-08-11",Season factors use the mean of the two surrounding ONS annual averages for calendar years 2013 and 2014.,True,255647000.0,361408930.84099996,437069890.5125633,410581864.35,580440813.3771881,50949000.0,72026754.147,87105555.12767445,81826641.45,115678568.49778935,100854000.0,142577602.362,172426223.41648468,161976566.7,228986758.27349007,103844000.0,146804574.332,177538111.96840417,166778656.2,235775486.60590857,151803000.0,214604356.509,183582958.04999998,259531778.5441591,243803208.15,344665326.77127945,143749000.0,203218392.547,173842853.14999998,245762163.0267144,230868081.45,326378899.35010934,126315000.0,178571894.445,215955920.54706073,202868205.75,286795391.0733922,41093000.0,58093297.379,49695819.55,70255129.18529364,65997412.65,93300740.25554295,,,,,,,413000.0,583859.3389999999,706090.29161965,663298.65,937707.2914009499,2025/26 prices,,,,0.5622948831787582,0.1992943394602714,0.3945049228037098,0.4062007377360188,True,True,False,True
premier_league,Premier League,liverpool,Liverpool,2014/15,2014,2015,151430000.0,99270000.0,52160000.0,25,21,transfermarkt_club_page,https://www.transfermarkt.com/liverpool/transfers/verein/31/saison_id/2014,2026-04-27T18:19:37.650062+00:00,high,,1.0,Brendan Rodgers,"[""brendan_rodgers_26-01-1973""]",brendan_rodgers_26-01-1973,Brendan Rodgers,1.0,365.0,2012-07-01,2015-10-04,166.0,85.0,39.0,42.0,1.77,transfermarkt_manager_history_page,https://www.transfermarkt.com/liverpool/mitarbeiterhistorie/verein/31/personalie_id/1/plus/1,2026-04-27T18:43:00.386012+00:00,high,,2.0,0.0,Champions League Participant | Europa League Participant,,transfermarkt_achievements_page,https://www.transfermarkt.com/liverpool/erfolge/verein/31,2026-04-28T07:46:09.255073+00:00,high,,Champions League Participant (participant) | Europa League Participant (participant),uefa_champions_league | uefa_europa_league,,6.0,62.0,18.0,8.0,12.0,52.0,48.0,4.0,premier_league_raw_table,https://en.wikipedia.org/wiki/2014%E2%80%9315_Premier_League,,Raw Premier League season table CSV,medium,League table data loaded from raw Premier League CSV files.,2015-05-31,GBP,full pounds (converted from GBP thousands disclosed in report),297947000.0,58956000.0,122641000.0,116350000.0,,,,166085000.0,110214000.0,60980000.0,56219000.0,59508000.0,390206288.55,77211725.4,160616785.65,152377777.5,,144341765.1,77934652.2,,,297947000.0,0.0,"[12, 13, 18, 19, 26, 27]","Liverpool discloses matchday, media, and commercial turnover directly in the annual accounts. No player trading figure was used in football revenue totals.",Women's team revenue is not separately disclosed in the report.,No separate non-football commercial adjustment was identified in the extracted note.,medium,True,Full accounts made up to 31 May 2015,https://find-and-update.company-information.service.gov.uk/company/00035668/filing-history,"Values in the annual report were disclosed in GBP thousands and have been converted here into full GBP amounts by multiplying by 1,000. Liverpool net debt is estimated here as current bank loan plus current parent undertaking loan less cash, based on the debt-related note disclosures available in the scanned statement. This season also clearly discloses profit on disposal of players' registrations in the profit and loss account.",181597000.0,1.30965,1.212652,1.58815,1.4031,"ONS average sterling exchange rates: THAP (GBP/EUR) and AUSS (GBP/USD), UK trade time series (MRET), accessed 2026-08-11","ONS CPI INDEX 00: ALL ITEMS 2015=100 (D7BT), accessed 2026-08-11",Season factors use the mean of the two surrounding ONS annual averages for calendar years 2014 and 2015.,True,297947000.0,418049435.7,547498443.4645051,473184528.05,663925211.306955,58956000.0,82721163.6,108335771.90874001,93630971.39999999,131373615.97133999,122641000.0,172077587.1,225361411.945515,194772304.15,273285019.952865,116350000.0,163250685.0,213801259.61025,184781252.5,259266575.38275,181597000.0,254798750.7,237828511.04999998,333697183.85425496,288403275.55,404658635.924205,166085000.0,233033863.5,217513220.25,305192799.332775,263767892.75,370092730.317525,110214000.0,154641263.4,202525930.61181,175036364.1,245593522.46871,60980000.0,85561038.0,79862457.0,112055013.4167,96845387.0,135883762.4997,56219000.0,78880878.9,73627213.35,103306343.05138499,89284204.85,125274667.82503499,59508000.0,83495674.8,109350110.50182,94507630.2,132603655.93362,2025/26 prices,,,,0.5574313552410328,0.19787411855128598,0.4116201874830087,0.3905056939657053,True,True,True,True
premier_league,Premier League,liverpool,Liverpool,2015/16,2015,2016,126500000.0,90550000.0,35950000.0,24,24,transfermarkt_club_page,https://www.transfermarkt.com/liverpool/transfers/verein/31/saison_id/2015,2026-04-27T18:19:39.692000+00:00,high,,2.0,Brendan Rodgers | Jürgen Klopp,"[""brendan_rodgers_26-01-1973"", ""j_rgen_klopp_16-06-1967""]",j_rgen_klopp_16-06-1967,Jürgen Klopp,0.7295081967213115,267.0,2015-10-08,2024-06-30,489.0,304.0,100.0,85.0,2.07,transfermarkt_manager_history_page,https://www.transfermarkt.com/liverpool/mitarbeiterhistorie/verein/31/personalie_id/1/plus/1,2026-04-27T18:43:00.386012+00:00,high,,3.0,0.0,English League Cup runner-up | Europa League Participant | Europa League runner-up,,transfermarkt_achievements_page,https://www.transfermarkt.com/liverpool/erfolge/verein/31,2026-04-28T07:46:09.255073+00:00,high,,English League Cup runner-up | Europa League Participant (participant) | Europa League runner-up,league_cup | uefa_europa_league,,8.0,60.0,16.0,12.0,10.0,63.0,50.0,13.0,premier_league_raw_table,https://en.wikipedia.org/wiki/2015%E2%80%9316_Premier_League,,Raw Premier League season table CSV,medium,League table data loaded from raw Premier League CSV files.,2016-05-31,GBP,full pounds (converted from GBP thousands disclosed in report),301765000.0,62449000.0,123636000.0,115680000.0,,,,208258000.0,155043000.0,59218000.0,56219000.0,59974000.0,392520823.75,81230536.75,160819527.0,150470760.0,,201672182.25,78011180.5,,,301765000.0,0.0,"[12, 21, 22, 30, 31]","Liverpool discloses media, commercial, and match day turnover directly in the annual accounts. No player trading figure was used in football revenue totals.",Women's team revenue is not separately disclosed in the report.,No separate non-football commercial adjustment was identified in the extracted note.,medium,True,Full accounts made up to 31 May 2016,https://find-and-update.company-information.service.gov.uk/company/00035668/filing-history,"Values in the annual report were disclosed in GBP thousands and have been converted here into full GBP amounts by multiplying by 1,000. Liverpool net debt is estimated here from the interest-bearing loans and borrowings note less cash at bank and in hand, which is more reliable for this season than the broader creditor subtotal.",186085000.0,1.30075,1.10813,1.4414,1.398206,"ONS average sterling exchange rates: THAP (GBP/EUR) and AUSS (GBP/USD), UK trade time series (MRET), accessed 2026-08-11","ONS CPI INDEX 00: ALL ITEMS 2015=100 (D7BT), accessed 2026-08-11",Season factors use the mean of the two surrounding ONS annual averages for calendar years 2015 and 2016.,True,301765000.0,421929633.59000003,548824970.8921925,434964071.0,608169373.856626,62449000.0,87316566.494,113577023.86707051,90013988.6,125858098.9444516,123636000.0,172868597.016,224858827.568562,178208930.4,249172795.73886243,115680000.0,161744470.08,210389119.45656002,166741152.0,233138479.173312,186085000.0,260185163.51000002,242050063.75,338435851.4356325,268222919.0,375030894.683314,208258000.0,291187585.148,270891593.5,378762251.381261,300183081.2,419717785.2323272,155043000.0,216782052.858,281979255.2550435,223478980.2,312469650.9895212,59218000.0,82798962.908,77027813.5,107700751.002581,85356825.2,119346425.13559121,56219000.0,78605743.11400001,73126864.25,102246420.3555355,81034066.6,113302318.1245196,59974000.0,83856006.64400001,109075700.642183,86446523.6,120870047.9766616,2025/26 prices,,,,0.6901330505525823,0.20694580219707387,0.40970954219342864,0.38334465560949743,True,True,True,True
premier_league,Premier League,liverpool,Liverpool,2016/17,2016,2017,79900000.0,88980000.0,-9080000.0,21,19,transfermarkt_club_page,https://www.transfermarkt.com/liverpool/transfers/verein/31/saison_id/2016,2026-04-27T18:19:41.743919+00:00,high,,1.0,Jürgen Klopp,"[""j_rgen_klopp_16-06-1967""]",j_rgen_klopp_16-06-1967,Jürgen Klopp,1.0,365.0,2015-10-08,2024-06-30,489.0,304.0,100.0,85.0,2.07,transfermarkt_manager_history_page,https://www.transfermarkt.com/liverpool/mitarbeiterhistorie/verein/31/personalie_id/1/plus/1,2026-04-27T18:43:00.386012+00:00,high,,,,,,,,,,,,,,4.0,76.0,22.0,10.0,6.0,78.0,42.0,36.0,premier_league_raw_table,https://en.wikipedia.org/wiki/2016%E2%80%9317_Premier_League,,Raw Premier League season table CSV,medium,League table data loaded from raw Premier League CSV files.,2017-05-31,GBP,full pounds (converted from GBP thousands disclosed in report),364246000.0,73524000.0,154281000.0,136441000.0,,,,207526000.0,177606000.0,58352000.0,38263000.0,39797000.0,430648045.79999995,86927425.19999999,182406426.29999998,161314194.29999998,,209983573.79999998,47051993.099999994,,,364246000.0,0.0,"[11, 12, 21, 22, 28]","Liverpool discloses media, commercial, and match day turnover directly in the annual accounts. No player trading figure was used in football revenue totals.",Women's team revenue is not separately disclosed in the report.,No separate non-football commercial adjustment was identified in the extracted note.,medium,True,Full accounts made up to 31 May 2017,https://find-and-update.company-information.service.gov.uk/company/00035668/filing-history,"Values in the annual report were disclosed in GBP thousands and have been converted here into full GBP amounts by multiplying by 1,000. Liverpool net debt is estimated here from the interest-bearing loans and borrowings note less cash at bank and in hand. The staff and turnover notes remain in the deeper post-2015 section of the statement.",227805000.0,1.1823,1.117737,1.3215,1.374914,"ONS average sterling exchange rates: THAP (GBP/EUR) and AUSS (GBP/USD), UK trade time series (MRET), accessed 2026-08-11","ONS CPI INDEX 00: ALL ITEMS 2015=100 (D7BT), accessed 2026-08-11",Season factors use the mean of the two surrounding ONS annual averages for calendar years 2016 and 2017.,True,364246000.0,500806924.844,592104027.2430611,481351088.99999994,661816351.1813459,73524000.0,101089176.936,119517733.89143278,97161965.99999999,133589347.32092397,154281000.0,212123106.834,250793149.20983818,203882341.49999997,280320685.68113095,136441000.0,187594641.074,221793144.14179018,180306781.5,247906318.17929098,227805000.0,313212283.77,269333851.5,370310883.101271,301044307.5,413910033.002055,207526000.0,285330402.764,245357989.79999998,337346135.1878772,274245609.0,377064127.252626,177606000.0,244192975.884,288709355.3876532,234706328.99999997,322701017.63070595,58352000.0,80228981.728,68989569.6,94854725.09701438,77112168.0,106022599.353552,38263000.0,52608334.382,45238344.9,62198833.7398386,50564554.49999999,69521913.88581298,39797000.0,54717452.458,64692444.04109339,52591735.49999999,72309113.423247,2025/26 prices,,,,0.5697413286624974,0.20185259412594783,0.42356264722193243,0.3745847586521197,True,True,False,True
premier_league,Premier League,liverpool,Liverpool,2017/18,2017,2018,173650000.0,184500000.0,-10850000.0,13,15,transfermarkt_club_page,https://www.transfermarkt.com/liverpool/transfers/verein/31/saison_id/2017,2026-04-27T18:19:44.195208+00:00,high,,1.0,Jürgen Klopp,"[""j_rgen_klopp_16-06-1967""]",j_rgen_klopp_16-06-1967,Jürgen Klopp,1.0,365.0,2015-10-08,2024-06-30,489.0,304.0,100.0,85.0,2.07,transfermarkt_manager_history_page,https://www.transfermarkt.com/liverpool/mitarbeiterhistorie/verein/31/personalie_id/1/plus/1,2026-04-27T18:43:00.386012+00:00,high,,2.0,1.0,Champions League Participant | Champions League runner-up,Champions League runner-up,transfermarkt_achievements_page,https://www.transfermarkt.com/liverpool/erfolge/verein/31,2026-04-28T07:46:09.255073+00:00,high,,Champions League Participant (participant) | Champions League runner-up (winner),uefa_champions_league,Champions League runner-up (winner),4.0,75.0,21.0,12.0,5.0,84.0,38.0,46.0,premier_league_raw_table,https://en.wikipedia.org/wiki/2017%E2%80%9318_Premier_League,,Raw Premier League season table CSV,medium,League table data loaded from raw Premier League CSV files.,2018-05-31,GBP,full pounds (converted from GBP thousands disclosed in report),455089000.0,80743000.0,220058000.0,154288000.0,,,,263615000.0,145605000.0,77057000.0,123854000.0,125135000.0,516935595.09999996,91715973.69999999,249963882.2,175255739.2,,165392719.5,142140846.5,,,455089000.0,0.0,"[11, 22, 24, 29, 30]","Liverpool discloses media, commercial, and match day turnover directly in the annual accounts. No player trading figure was used in football revenue totals.",Women's team revenue is not separately disclosed in the report.,No separate non-football commercial adjustment was identified in the extracted note.,medium,True,Group of companies accounts made up to 31 May 2018,https://find-and-update.company-information.service.gov.uk/company/00035668/filing-history,"Values in the annual report were disclosed in GBP thousands and have been converted here into full GBP amounts by multiplying by 1,000. Liverpool net debt is estimated here from the dedicated interest-bearing loans and borrowings note less cash at bank and in hand from the consolidated balance sheet.",300801000.0,1.1359,1.154943,1.3119,1.340755,"ONS average sterling exchange rates: THAP (GBP/EUR) and AUSS (GBP/USD), UK trade time series (MRET), accessed 2026-08-11","ONS CPI INDEX 00: ALL ITEMS 2015=100 (D7BT), accessed 2026-08-11",Season factors use the mean of the two surrounding ONS annual averages for calendar years 2017 and 2018.,True,455089000.0,610162852.1949999,693083983.8083004,597031259.1,800472645.7946205,80743000.0,108256580.96499999,122968650.31814347,105926741.7,142021808.5679835,220058000.0,295043863.78999996,335140324.879061,288694090.2,387068044.906101,154288000.0,206862407.44,234975008.61109596,202410427.20000002,271382792.320536,300801000.0,403300444.755,341679855.9,458108975.1972044,394620831.90000004,529089853.4740845,263615000.0,353443129.325,299440278.5,401476050.60026747,345836518.5,463682041.3614675,145605000.0,195220631.77499998,221751115.6332225,191019199.5,256109946.8256225,77057000.0,103314558.035,87529046.3,117355006.47195649,101091078.30000001,135538368.68611652,123854000.0,166057869.76999998,140685758.6,188625134.27174297,162484062.6,217851319.351263,125135000.0,167775376.92499998,190576050.6491075,164164606.5,220104516.9879075,2025/26 prices,,,,0.5792603205087357,0.1774224382483426,0.48354937166136736,0.33902819009029,True,True,True,True
premier_league,Premier League,liverpool,Liverpool,2018/19,2018,2019,192200000.0,41320000.0,150880000.0,18,21,transfermarkt_club_page,https://www.transfermarkt.com/liverpool/transfers/verein/31/saison_id/2018,2026-04-27T18:19:46.559756+00:00,high,,1.0,Jürgen Klopp,"[""j_rgen_klopp_16-06-1967""]",j_rgen_klopp_16-06-1967,Jürgen Klopp,1.0,365.0,2015-10-08,2024-06-30,489.0,304.0,100.0,85.0,2.07,transfermarkt_manager_history_page,https://www.transfermarkt.com/liverpool/mitarbeiterhistorie/verein/31/personalie_id/1/plus/1,2026-04-27T18:43:00.386012+00:00,high,,2.0,1.0,Champions League Participant | UEFA Champions League winner,UEFA Champions League winner,transfermarkt_achievements_page,https://www.transfermarkt.com/liverpool/erfolge/verein/31,2026-04-28T07:46:09.255073+00:00,high,,Champions League Participant (participant) | UEFA Champions League winner (winner),uefa_champions_league,UEFA Champions League winner (winner),2.0,97.0,30.0,7.0,1.0,89.0,22.0,67.0,premier_league_raw_table,https://en.wikipedia.org/wiki/2018%E2%80%9319_Premier_League,,Raw Premier League season table CSV,medium,League table data loaded from raw Premier League CSV files.,2019-05-31,GBP,full pounds (converted from GBP thousands disclosed in report),533022000.0,84208000.0,260785000.0,188029000.0,,,,309917000.0,91775000.0,111772000.0,45245000.0,41905000.0,605246481.0,95618184.0,296121367.5,213506929.5,,104210512.5,47583127.5,,,533022000.0,0.0,"[11, 22, 24, 28, 29]","Liverpool discloses media, commercial, and match day turnover directly in the annual accounts. No player trading figure was used in football revenue totals.",Women's team revenue is not separately disclosed in the report.,No separate non-football commercial adjustment was identified in the extracted note.,medium,True,Group of companies accounts made up to 31 May 2019,https://find-and-update.company-information.service.gov.uk/company/00035668/filing-history,"Values in the annual report were disclosed in GBP thousands and have been converted here into full GBP amounts by multiplying by 1,000. Liverpool net debt is estimated here from the dedicated interest-bearing loans and borrowings note less cash at bank and in hand from the consolidated balance sheet.",344993000.0,1.1355,1.149978,1.3058,1.313149,"ONS average sterling exchange rates: THAP (GBP/EUR) and AUSS (GBP/USD), UK trade time series (MRET), accessed 2026-08-11","ONS CPI INDEX 00: ALL ITEMS 2015=100 (D7BT), accessed 2026-08-11",Season factors use the mean of the two surrounding ONS annual averages for calendar years 2018 and 2019.,True,533022000.0,699937306.278,794778811.2786689,696020127.6,913978134.5378124,84208000.0,110577650.992,125560922.70141599,109958806.4,144392296.6653536,260785000.0,342449561.965,388851477.6112575,340533053.0,447170638.01389694,188029000.0,246910093.32099998,280366410.9659955,245528268.20000002,322415199.8585618,344993000.0,453027212.95699996,391739551.5,514412400.31267345,450491859.40000004,591562934.6792506,309917000.0,406967198.63299996,351910753.5,462111254.04777145,404689618.6,531417767.9749714,91775000.0,120514249.475,136843930.27886248,119839795.0,157367506.96445498,111772000.0,146773290.028,126917106.0,166661070.826794,145951877.6,191656562.11856237,45245000.0,59413426.504999995,51375697.5,67463945.79642749,59080921.0,77582052.330229,41905000.0,55027508.845,62483736.293497495,54719549.0,71854921.04980099,2025/26 prices,,,,0.5814337869731456,0.1579822221221638,0.48925747905339745,0.35276029882443877,True,True,True,True
premier_league,Premier League,liverpool,Liverpool,2019/20,2019,2020,10400000.0,48000000.0,-37600000.0,15,16,transfermarkt_club_page,https://www.transfermarkt.com/liverpool/transfers/verein/31/saison_id/2019,2026-04-27T18:19:48.607520+00:00,high,,1.0,Jürgen Klopp,"[""j_rgen_klopp_16-06-1967""]",j_rgen_klopp_16-06-1967,Jürgen Klopp,1.0,366.0,2015-10-08,2024-06-30,489.0,304.0,100.0,85.0,2.07,transfermarkt_manager_history_page,https://www.transfermarkt.com/liverpool/mitarbeiterhistorie/verein/31/personalie_id/1/plus/1,2026-04-27T18:43:00.386012+00:00,high,,4.0,2.0,Champions League Participant | English Champion | FIFA Club World Cup Participant | UEFA Supercup Winner,English Champion | UEFA Supercup Winner,transfermarkt_achievements_page,https://www.transfermarkt.com/liverpool/erfolge/verein/31,2026-04-28T07:46:09.255073+00:00,high,,Champions League Participant (participant) | English Champion (winner) | FIFA Club World Cup Participant (participant) | UEFA Supercup Winner (winner),uefa_champions_league | league_title | club_world_cup | super_cup,English Champion (winner) | UEFA Supercup Winner (winner),1.0,99.0,32.0,3.0,3.0,85.0,33.0,52.0,premier_league_raw_table,https://en.wikipedia.org/wiki/2019%E2%80%9320_Premier_League,,Raw Premier League season table CSV,medium,League table data loaded from raw Premier League CSV files.,2020-05-31,GBP,full pounds (converted from GBP thousands disclosed in report),489860000.0,70854000.0,201585000.0,217421000.0,,,,325572000.0,184334000.0,106034000.0,26915000.0,-46317000.0,554888915.0,80259868.5,228345408.74999997,246283637.74999997,,208804338.5,-52465581.75,,,489860000.0,0.0,"[13, 24, 25, 30, 31]","Liverpool discloses media, commercial, and match day turnover directly in the annual accounts. No player trading figure was used in football revenue totals.",Women's team revenue is not separately disclosed in the report.,No separate non-football commercial adjustment was identified in the extracted note.,medium,True,Group of companies' accounts made up to 31 May 2020,https://find-and-update.company-information.service.gov.uk/company/00035668/filing-history,"Values in the annual report were disclosed in GBP thousands and have been converted here into full GBP amounts by multiplying by 1,000. The 2019/20 report has COVID-related disruption but still uses the direct Liverpool turnover split. Net debt is estimated from the intercompany loan and secured bank borrowings less cash.",272439000.0,1.13275,1.130126,1.28015,1.296166,"ONS average sterling exchange rates: THAP (GBP/EUR) and AUSS (GBP/USD), UK trade time series (MRET), accessed 2026-08-11","ONS CPI INDEX 00: ALL ITEMS 2015=100 (D7BT), accessed 2026-08-11",Season factors use the mean of the two surrounding ONS annual averages for calendar years 2019 and 2020.,True,489860000.0,634939876.76,719228145.39989,627094279.0,812818283.234314,70854000.0,91838545.764,104030112.71417099,90703748.1,117567114.35978459,201585000.0,261287623.10999998,295973555.0778524,258059037.74999997,334487350.72426647,217421000.0,281813707.886,319224477.60786647,278331493.15,360763818.15026283,272439000.0,353126168.87399995,308605277.25,400003667.7920235,348762785.84999996,452054465.084051,325572000.0,421995356.95199996,368791683.0,478015240.58737797,416780995.79999995,540217356.2021027,184334000.0,238927463.44399998,270645084.216191,235975170.1,305862992.3278366,106034000.0,137437665.644,120110013.49999999,155682515.75824097,135739425.1,175940827.6741666,26915000.0,34886307.89,30487966.249999996,39517465.26239749,34455237.25,44659707.0453835,-46317000.0,-60034520.621999994,-68004103.2345705,-59292707.55,-76853191.57425329,2025/26 prices,,,,0.6646225452170008,0.1446413260931695,0.41151553505083077,0.44384313885599963,True,True,True,True
premier_league,Premier League,liverpool,Liverpool,2020/21,2020,2021,84800000.0,17200000.0,67600000.0,17,13,transfermarkt_club_page,https://www.transfermarkt.com/liverpool/transfers/verein/31/saison_id/2020,2026-04-27T18:19:50.521475+00:00,high,,1.0,Jürgen Klopp,"[""j_rgen_klopp_16-06-1967""]",j_rgen_klopp_16-06-1967,Jürgen Klopp,1.0,365.0,2015-10-08,2024-06-30,489.0,304.0,100.0,85.0,2.07,transfermarkt_manager_history_page,https://www.transfermarkt.com/liverpool/mitarbeiterhistorie/verein/31/personalie_id/1/plus/1,2026-04-27T18:43:00.386012+00:00,high,,2.0,1.0,Champions League Participant | FIFA Club World Cup winner,FIFA Club World Cup winner,transfermarkt_achievements_page,https://www.transfermarkt.com/liverpool/erfolge/verein/31,2026-04-28T07:46:09.255073+00:00,medium,Assigned season derived from achievement season label '2020' using method 'calendar_year_mapped_to_start_year_season'.,Champions League Participant (participant) | FIFA Club World Cup winner (winner),uefa_champions_league | club_world_cup,FIFA Club World Cup winner (winner),3.0,69.0,20.0,9.0,9.0,68.0,42.0,26.0,premier_league_raw_table,https://en.wikipedia.org/wiki/2020%E2%80%9321_Premier_League,,Raw Premier League season table CSV,medium,League table data loaded from raw Premier League CSV files.,2021-05-31,GBP,full pounds (converted from GBP thousands disclosed in report),487365000.0,3636000.0,266147000.0,217582000.0,,,,314354000.0,166724000.0,107811000.0,39340000.0,-4762000.0,557618664.75,4160129.4,304512090.05,248946445.3,,190757264.6,-5448442.3,,,487365000.0,0.0,"[14, 25, 26, 14, 32]","Liverpool discloses media, commercial, and match day turnover directly in the annual accounts. No player trading figure was used in football revenue totals.",Women's team revenue is not separately disclosed in the report.,No separate non-football commercial adjustment was identified in the extracted note.,medium,True,Group of companies' accounts made up to 31 May 2021,https://find-and-update.company-information.service.gov.uk/company/00035668/filing-history,"Values in the annual report were disclosed in GBP thousands and have been converted here into full GBP amounts by multiplying by 1,000. Matchday revenue was heavily suppressed in the COVID period. The long-term bank borrowing figure OCRs weakly in note 15 and was corroborated with the creditors note.",269783000.0,1.14415,1.162173,1.3297,1.273808,"ONS average sterling exchange rates: THAP (GBP/EUR) and AUSS (GBP/USD), UK trade time series (MRET), accessed 2026-08-11","ONS CPI INDEX 00: ALL ITEMS 2015=100 (D7BT), accessed 2026-08-11",Season factors use the mean of the two surrounding ONS annual averages for calendar years 2020 and 2021.,True,487365000.0,620809435.9200001,710299116.1078681,648049240.5,825490306.942824,3636000.0,4631565.888,5299206.1107552005,4834789.2,6158593.1612736005,266147000.0,339020177.776,387889936.40241045,353895665.90000004,450795130.3887473,217582000.0,277157692.256,317109973.5947024,289318785.40000004,368536583.39280325,269783000.0,343651743.66400003,308672219.45,393189142.5131656,358730455.1,456953723.5500209,314354000.0,400426640.032,359668129.1,458148140.1926128,417996513.8,532447303.25055045,166724000.0,212374364.992,242988129.7055968,221692902.8,282394193.1298624,107811000.0,137330514.28800002,123351955.65,157126707.9226152,143356286.70000002,182608384.84875363,39340000.0,50111606.72,45010861.0,57335194.828688,52310398.00000001,66633403.45558401,-4762000.0,-6065873.696,-6940269.3892784,-6332031.4,-8065792.253571201,2025/26 prices,,,,0.6450073353646651,0.0074605275307008095,0.5460937900752003,0.4464456823940989,True,True,True,True
premier_league,Premier League,liverpool,Liverpool,2021/22,2021,2022,89000000.0,31650000.0,57350000.0,14,12,transfermarkt_club_page,https://www.transfermarkt.com/liverpool/transfers/verein/31/saison_id/2021,2026-04-27T18:19:52.501882+00:00,high,,1.0,Jürgen Klopp,"[""j_rgen_klopp_16-06-1967""]",j_rgen_klopp_16-06-1967,Jürgen Klopp,1.0,365.0,2015-10-08,2024-06-30,489.0,304.0,100.0,85.0,2.07,transfermarkt_manager_history_page,https://www.transfermarkt.com/liverpool/mitarbeiterhistorie/verein/31/personalie_id/1/plus/1,2026-04-27T18:43:00.386012+00:00,high,,4.0,3.0,Champions League Participant | Champions League runner-up | English League Cup winner | FA Cup Winner,Champions League runner-up | English League Cup winner | FA Cup Winner,transfermarkt_achievements_page,https://www.transfermarkt.com/liverpool/erfolge/verein/31,2026-04-28T07:46:09.255073+00:00,high,,Champions League Participant (participant) | Champions League runner-up (winner) | English League Cup winner (winner) | FA Cup Winner (winner),uefa_champions_league | league_cup | fa_cup,Champions League runner-up (winner) | English League Cup winner (winner) | FA Cup Winner (winner),2.0,92.0,28.0,8.0,2.0,94.0,26.0,68.0,premier_league_raw_table,https://en.wikipedia.org/wiki/2021%E2%80%9322_Premier_League,,Raw Premier League season table CSV,medium,League table data loaded from raw Premier League CSV files.,2022-05-31,GBP,full pounds (converted from GBP thousands disclosed in report),594271000.0,86767000.0,260841000.0,246663000.0,,,,366092000.0,144992000.0,102714000.0,10049000.0,7469000.0,694257095.75,101365547.75,304727498.25,288164049.75,,169386904.0,8725659.25,,,594271000.0,0.0,"[14, 24, 25, 13, 30]","Liverpool discloses media, commercial, and match day turnover directly in the annual accounts. No player trading figure was used in football revenue totals.",Women's team revenue is not separately disclosed in the report.,No separate non-football commercial adjustment was identified in the extracted note.,medium,True,Group of companies' accounts made up to 31 May 2022,https://find-and-update.company-information.service.gov.uk/company/00035668/filing-history,"Values in the annual report were disclosed in GBP thousands and have been converted here into full GBP amounts by multiplying by 1,000. The statement carries a restatement note in the accounting policies section, but the turnover and cost lines used here are the face primary-statement figures. Net debt is estimated from the current intercompany loan plus secured bank loans less cash.",347608000.0,1.16825,1.117869,1.30595,1.202829,"ONS average sterling exchange rates: THAP (GBP/EUR) and AUSS (GBP/USD), UK trade time series (MRET), accessed 2026-08-11","ONS CPI INDEX 00: ALL ITEMS 2015=100 (D7BT), accessed 2026-08-11",Season factors use the mean of the two surrounding ONS annual averages for calendar years 2021 and 2022.,True,594271000.0,714806392.6589999,835072568.2238767,776088212.4499999,933501408.4930209,86767000.0,104365863.843,121925420.43458474,113313363.64999999,136296599.88576582,260841000.0,313747119.189,366535071.99254924,340645303.95,409738050.30487454,246663000.0,296693409.627,346612075.79674274,322129544.84999996,387466758.30238056,347608000.0,418112983.03199995,406093046.0,488460492.427134,453958667.59999996,546034650.1906403,366092000.0,440346074.26799995,427686979.0,514434301.263591,478097847.4,575069955.6902945,144992000.0,174400582.368,203743480.351416,189352302.4,227758440.5434896,102714000.0,123547377.90599999,119995630.5,144334224.2386845,134139348.3,161346698.1763407,10049000.0,12087228.621,11739744.25,14120904.83648325,13123491.549999999,15785316.217594948,7469000.0,8983929.800999999,10495475.990018249,9754140.549999999,11732563.123615948,2025/26 prices,,,,0.6160354451083765,0.14600577850845825,0.43892601187000546,0.4150682096215363,True,True,True,True
premier_league,Premier League,liverpool,Liverpool,2022/23,2022,2023,140900000.0,80100000.0,60800000.0,10,13,transfermarkt_club_page,https://www.transfermarkt.com/liverpool/transfers/verein/31/saison_id/2022,2026-04-27T18:19:54.441641+00:00,high,,1.0,Jürgen Klopp,"[""j_rgen_klopp_16-06-1967""]",j_rgen_klopp_16-06-1967,Jürgen Klopp,1.0,365.0,2015-10-08,2024-06-30,489.0,304.0,100.0,85.0,2.07,transfermarkt_manager_history_page,https://www.transfermarkt.com/liverpool/mitarbeiterhistorie/verein/31/personalie_id/1/plus/1,2026-04-27T18:43:00.386012+00:00,high,,2.0,1.0,Champions League Participant | English Supercup Winner,English Supercup Winner,transfermarkt_achievements_page,https://www.transfermarkt.com/liverpool/erfolge/verein/31,2026-04-28T07:46:09.255073+00:00,high,,Champions League Participant (participant) | English Supercup Winner (winner),uefa_champions_league | super_cup,English Supercup Winner (winner),5.0,67.0,19.0,10.0,9.0,75.0,47.0,28.0,premier_league_raw_table,https://en.wikipedia.org/wiki/2022%E2%80%9323_Premier_League,,Raw Premier League season table CSV,medium,League table data loaded from raw Premier League CSV files.,2023-05-31,GBP,full pounds (converted from GBP thousands disclosed in report),593836000.0,79760000.0,241553000.0,272523000.0,,,,372881000.0,193413000.0,107546000.0,-4457000.0,-9005000.0,689799897.6,92649216.0,280587964.8,316562716.8,,224668540.79999998,-10460208.0,,,593836000.0,0.0,"[13, 24, 25, 13, 31]","Liverpool discloses media, commercial, and match day turnover directly in the annual accounts. No player trading figure was used in football revenue totals.",Women's team revenue is not separately disclosed in the report.,No separate non-football commercial adjustment was identified in the extracted note.,medium,True,Group of companies' accounts made up to 31 May 2023,https://find-and-update.company-information.service.gov.uk/company/00035668/filing-history,"Values in the annual report were disclosed in GBP thousands and have been converted here into full GBP amounts by multiplying by 1,000. The turnover note needed a cropped OCR pass because the row order was scrambled in the full-page OCR. Net debt is estimated from the intercompany loan plus secured bank loans less cash.",321313000.0,1.1616,1.067321,1.2398,1.112688,"ONS average sterling exchange rates: THAP (GBP/EUR) and AUSS (GBP/USD), UK trade time series (MRET), accessed 2026-08-11","ONS CPI INDEX 00: ALL ITEMS 2015=100 (D7BT), accessed 2026-08-11",Season factors use the mean of the two surrounding ONS annual averages for calendar years 2022 and 2023.,True,593836000.0,660754191.168,767532068.4607488,736237872.8,819203046.2100862,79760000.0,88747994.88,103089670.852608,98886448.0,110029764.052224,241553000.0,268773124.464,312206861.3773824,299477409.4,333224919.71046716,272523000.0,303233071.824,352235536.23075837,337874015.4,375948362.44739515,321313000.0,357521119.344,373237180.8,415296532.22999036,398363857.4,443254683.76269114,372881000.0,414900214.12799996,433138569.59999996,481948088.7310847,462297863.8,514393285.4758944,193413000.0,215208324.144,249985989.32567036,239793437.4,266815280.27373117,107546000.0,119665143.64799999,124925433.6,139003030.86151677,133335530.8,148360845.09479037,-4457000.0,-4959250.415999999,-5177251.2,-5760665.2832256,-5525788.6,-6148478.665756799,-9005000.0,-10019755.44,-11638947.919103999,-11164399.0,-12422492.794511998,2025/26 prices,,,,0.6279191561306487,0.1343131773755717,0.4067671882472602,0.4589196343771681,True,True,True,True
premier_league,Premier League,liverpool,Liverpool,2023/24,2023,2024,172000000.0,60700000.0,111300000.0,12,16,transfermarkt_club_page,https://www.transfermarkt.com/liverpool/transfers/verein/31/saison_id/2023,2026-04-27T18:19:56.390620+00:00,high,,1.0,Jürgen Klopp,"[""j_rgen_klopp_16-06-1967""]",j_rgen_klopp_16-06-1967,Jürgen Klopp,1.0,366.0,2015-10-08,2024-06-30,489.0,304.0,100.0,85.0,2.07,transfermarkt_manager_history_page,https://www.transfermarkt.com/liverpool/mitarbeiterhistorie/verein/31/personalie_id/1/plus/1,2026-04-27T18:43:00.386012+00:00,high,,2.0,1.0,English League Cup winner | Europa League Participant,English League Cup winner,transfermarkt_achievements_page,https://www.transfermarkt.com/liverpool/erfolge/verein/31,2026-04-28T07:46:09.255073+00:00,high,,English League Cup winner (winner) | Europa League Participant (participant),league_cup | uefa_europa_league,English League Cup winner (winner),3.0,82.0,24.0,10.0,4.0,86.0,41.0,45.0,premier_league_raw_table,https://en.wikipedia.org/wiki/2023%E2%80%9324_Premier_League,,Raw Premier League season table CSV,medium,League table data loaded from raw Premier League CSV files.,2024-05-31,GBP,full pounds (converted from GBP thousands disclosed in report),613764000.0,101661000.0,203705000.0,308398000.0,,,,386086000.0,306791000.0,114479000.0,22017000.0,-57104000.0,715495383.0,118511310.75,237469103.75,359514968.5,,357641608.25,-66568988.0,,,613764000.0,0.0,"[13, 24, 25, 13, 31]","Liverpool discloses media, commercial, and match day turnover directly in the annual accounts. No player trading figure was used in football revenue totals.",Women's team revenue is not separately disclosed in the report.,"Matchday turnover includes GBP 8.6 million of compensatory proceeds for loss of matchday revenue according to the note disclosure, but the club still presents it within matchday turnover.",medium,True,Group of companies' accounts made up to 31 May 2024,https://find-and-update.company-information.service.gov.uk/company/00035668/filing-history,"Values in the annual report were disclosed in GBP thousands and have been converted here into full GBP amounts by multiplying by 1,000. The turnover note required a crop to recover the full current-year split cleanly. Net debt is estimated from the interest-bearing loan note less cash.",305366000.0,1.16575,1.081578,1.26085,1.061346,"ONS average sterling exchange rates: THAP (GBP/EUR) and AUSS (GBP/USD), UK trade time series (MRET), accessed 2026-08-11","ONS CPI INDEX 00: ALL ITEMS 2015=100 (D7BT), accessed 2026-08-11",Season factors use the mean of the two surrounding ONS annual averages for calendar years 2023 and 2024.,True,613764000.0,651415966.344,759388162.765518,773864339.4,821337821.1648324,101661000.0,107897495.70599999,125781505.61926949,128179271.85000001,136042557.46091008,203705000.0,216201486.92999998,252036883.38864747,256841449.25,272597644.7956905,308398000.0,327316983.70799994,381569773.75760096,388843618.3,412697618.9082318,305366000.0,324098982.636,355980414.5,377818389.007917,385020721.1,408640202.25660056,386086000.0,409770831.756,450079754.5,477690347.11955696,486796533.1,516659553.2195526,306791000.0,325611400.686,379581490.34970444,386817432.35,410547134.5549431,114479000.0,121501828.73399998,133453894.25,141640756.8466605,144340847.15,153195580.7592639,22017000.0,23367654.882,25666317.75,27240843.6786915,27760134.45,29463107.6579697,-57104000.0,-60607101.984,-70652729.13784799,-71999578.4,-76416464.5365264,2025/26 prices,,,,0.6290463435457276,0.16563532563004674,0.3318946696124243,0.5024700047575289,True,True,True,True
premier_league,Premier League,liverpool,Liverpool,2024/25,2024,2025,42000000.0,47000000.0,-5000000.0,11,13,transfermarkt_club_page,https://www.transfermarkt.com/liverpool/transfers/verein/31/saison_id/2024,2026-04-27T18:19:58.427820+00:00,high,,1.0,Arne Slot,"[""arne_slot_17-09-1978""]",arne_slot_17-09-1978,Arne Slot,1.0,365.0,2024-07-01,,109.0,66.0,16.0,27.0,1.96,transfermarkt_manager_history_page,https://www.transfermarkt.com/liverpool/mitarbeiterhistorie/verein/31/personalie_id/1/plus/1,2026-04-27T18:43:00.386012+00:00,high,Manager spell appears ongoing on the collection date. Ongoing manager spell; overlap calculated through the collection date or season end.,2.0,1.0,Champions League Participant | English Champion,English Champion,transfermarkt_achievements_page,https://www.transfermarkt.com/liverpool/erfolge/verein/31,2026-04-28T07:46:09.255073+00:00,high,,Champions League Participant (participant) | English Champion (winner),uefa_champions_league | league_title,English Champion (winner),1.0,84.0,25.0,9.0,4.0,86.0,41.0,45.0,premier_league_raw_table,https://en.wikipedia.org/wiki/2024%E2%80%9325_Premier_League,,Raw Premier League season table CSV,medium,League table data loaded from raw Premier League CSV files.,2025-05-31,GBP,full pounds (converted from GBP thousands disclosed in report),702722000.0,115591000.0,263659000.0,323472000.0,,,,427727000.0,282715000.0,117165000.0,53268000.0,15212000.0,825276716.8000001,135750070.4,309641129.6,379885516.8,,332020496.00000006,17864972.8,,,702722000.0,0.0,"[13, 24, 25, 13, 31]","Liverpool discloses media, commercial, and match day turnover directly in the annual accounts. No player trading figure was used in football revenue totals.",Women's team revenue is not separately disclosed in the report.,"Prior-year matchday turnover note references GBP 8.6 million of compensatory proceeds for loss of matchday revenue, but there was no equivalent current-year note-based adjustment identified.",medium,True,Group of companies' accounts made up to 31 May 2025,https://find-and-update.company-information.service.gov.uk/company/00035668/filing-history,"Values in the annual report were disclosed in GBP thousands and have been converted here into full GBP amounts by multiplying by 1,000. The 2024/25 profit and loss account introduces other operating income, but that line is not included in the project revenue total. Net debt is estimated from the interest-bearing loan note less cash.",379250000.0,1.1744,1.105586,1.2984,1.030555,"ONS average sterling exchange rates: THAP (GBP/EUR) and AUSS (GBP/USD), UK trade time series (MRET), accessed 2026-08-11","ONS CPI INDEX 00: ALL ITEMS 2015=100 (D7BT), accessed 2026-08-11",Season factors use the mean of the two surrounding ONS annual averages for calendar years 2024 and 2025.,True,702722000.0,724193670.71,850493046.8818241,912414244.8,940293062.049864,115591000.0,119122883.00500001,139897913.80107203,150083354.4,154669151.29369202,263659000.0,271715100.745,319102214.31492805,342334845.6,352794886.8073081,323472000.0,333355686.96000004,391492918.7658241,419996044.8,432829023.94886404,379250000.0,390837983.75000006,445391200.00000006,459000128.1160001,492418200.0,507464038.1010001,427727000.0,440796198.4850001,502322588.8000001,517671055.5007841,555360736.8,572329784.112924,282715000.0,291353356.82500005,342165382.2552801,367077156.0,378293198.50158006,117165000.0,120744976.57500002,137598576.0,141802900.48968002,152127036.0,156775277.58498,53268000.0,54895603.74000001,62557939.2,64469397.03225601,69163171.2,71276451.89601602,15212000.0,15676802.660000002,18410837.043904003,19751260.8,20354760.573744003,2025/26 prices,,,,0.608671708015403,0.16449036745683213,0.3751967349819701,0.4603128975611977,True,True,True,True
premier_league,Premier League,liverpool,Liverpool,2025/26,2025,2026,481350000.0,219500000.0,261850000.0,16,12,transfermarkt_club_page,https://www.transfermarkt.com/liverpool/transfers/verein/31/saison_id/2025,2026-04-27T18:20:01.685210+00:00,high,,1.0,Arne Slot,"[""arne_slot_17-09-1978""]",arne_slot_17-09-1978,Arne Slot,0.8246575342465754,301.0,2024-07-01,,109.0,66.0,16.0,27.0,1.96,transfermarkt_manager_history_page,https://www.transfermarkt.com/liverpool/mitarbeiterhistorie/verein/31/personalie_id/1/plus/1,2026-04-27T18:43:00.386012+00:00,high,Manager spell appears ongoing on the collection date. Ongoing manager spell; overlap calculated through the collection date or season end.,,,,,,,,,,,,,,,,,,,,,,,,,,,,,,,,,,,,,,,,,,,,,,,,,,,,,,,,,,,,,,,,,,,,,,,,,,,,,,,,,,,,,,,,,,,,,,,,,,,,,,,,,,,,,,,,,,,,,,,,,,,,,,,,,,,,,False,False,False,True
premier_league,Premier League,manchester_city,Manchester City,1990/91,1990,1991,2050000.0,1330000.0,719999.9999999998,14,11,transfermarkt_club_page,https://www.transfermarkt.com/manchester-city/transfers/verein/281/saison_id/1990,2026-04-27T18:14:31.553773+00:00,high,Displayed arrivals sum (2050000) differs from parsed arrivals fee sum (2045000). Displayed departures sum (1330000) differs from parsed departures fee sum (1325000).,2.0,Howard Kendall | Peter Reid,"[""howard_kendall_22-05-1946"", ""peter_reid_20-06-1956""]",peter_reid_20-06-1956,Peter Reid,0.6246575342465753,228.0,1990-11-15,1993-08-26,131.0,57.0,31.0,43.0,1.54,transfermarkt_manager_history_page,https://www.transfermarkt.com/manchester-city/mitarbeiterhistorie/verein/281/personalie_id/1/plus/1,2026-04-27T18:42:54.735190+00:00,high,,,,,,,,,,,,,,,,,,,,,,,,,,,,,,,,,,,,,,,,,,,,,,,,,,,,,,,,,,,,,,,,,,,,,,,,,,,,,,,,,,,,,,,,,,,,,,,,,,,,,,,,,,,,,,,,,,,,,,,,,,,,,,,,,,,,,,False,False,False,True
premier_league,Premier League,manchester_city,Manchester City,1991/92,1991,1992,2350000.0,1860000.0,490000.0,9,12,transfermarkt_club_page,https://www.transfermarkt.com/manchester-city/transfers/verein/281/saison_id/1991,2026-04-27T18:14:34.124065+00:00,high,Displayed arrivals sum (2350000) differs from parsed arrivals fee sum (2355000). Displayed departures sum (1860000) differs from parsed departures fee sum (1862000).,1.0,Peter Reid,"[""peter_reid_20-06-1956""]",peter_reid_20-06-1956,Peter Reid,1.0,366.0,1990-11-15,1993-08-26,131.0,57.0,31.0,43.0,1.54,transfermarkt_manager_history_page,https://www.transfermarkt.com/manchester-city/mitarbeiterhistorie/verein/281/personalie_id/1/plus/1,2026-04-27T18:42:54.735190+00:00,high,,,,,,,,,,,,,,,,,,,,,,,,,,,,,,,,,,,,,,,,,,,,,,,,,,,,,,,,,,,,,,,,,,,,,,,,,,,,,,,,,,,,,,,,,,,,,,,,,,,,,,,,,,,,,,,,,,,,,,,,,,,,,,,,,,,,,,False,False,False,True
premier_league,Premier League,manchester_city,Manchester City,1992/93,1992,1993,0.0,1850000.0,-1850000.0,12,10,transfermarkt_club_page,https://www.transfermarkt.com/manchester-city/transfers/verein/281/saison_id/1992,2026-04-27T18:14:36.066443+00:00,high,Displayed departures sum (1850000) differs from parsed departures fee sum (1847000).,1.0,Peter Reid,"[""peter_reid_20-06-1956""]",peter_reid_20-06-1956,Peter Reid,1.0,365.0,1990-11-15,1993-08-26,131.0,57.0,31.0,43.0,1.54,transfermarkt_manager_history_page,https://www.transfermarkt.com/manchester-city/mitarbeiterhistorie/verein/281/personalie_id/1/plus/1,2026-04-27T18:42:54.735190+00:00,high,,,,,,,,,,,,,,,,,,,,,,,,,,,,,,,,,,,,,,,,,,,,,,,,,,,,,,,,,,,,,,,,,,,,,,,,,,,,,,,,,,,,,,,,,,,,,,,,,,,,,,,,,,,,,,,,,,,,,,,,,,,,,,,,,,,,,,False,False,False,True
premier_league,Premier League,manchester_city,Manchester City,1993/94,1993,1994,9890000.0,3680000.0,6210000.0,15,9,transfermarkt_club_page,https://www.transfermarkt.com/manchester-city/transfers/verein/281/saison_id/1993,2026-04-27T18:14:38.115845+00:00,high,Displayed arrivals sum (9890000) differs from parsed arrivals fee sum (9891000). Displayed departures sum (3680000) differs from parsed departures fee sum (3675000).,2.0,Peter Reid | Brian Horton,"[""peter_reid_20-06-1956"", ""brian_horton_04-02-1949""]",brian_horton_04-02-1949,Brian Horton,0.8410958904109589,307.0,1993-08-28,1995-05-16,96.0,29.0,33.0,34.0,1.25,transfermarkt_manager_history_page,https://www.transfermarkt.com/manchester-city/mitarbeiterhistorie/verein/281/personalie_id/1/plus/1,2026-04-27T18:42:54.735190+00:00,high,,,,,,,,,,,,,,,,,,,,,,,,,,,,,,,,,,,,,,,,,,,,,,,,,,,,,,,,,,,,,,,,,,,,,,,,,,,,,,,,,,,,,,,,,,,,,,,,,,,,,,,,,,,,,,,,,,,,,,,,,,,,,,,,,,,,,,False,False,False,True
premier_league,Premier League,manchester_city,Manchester City,1994/95,1994,1995,2540000.0,3280000.0,-740000.0,13,11,transfermarkt_club_page,https://www.transfermarkt.com/manchester-city/transfers/verein/281/saison_id/1994,2026-04-27T18:14:39.957793+00:00,high,Displayed arrivals sum (2540000) differs from parsed arrivals fee sum (2536000).,1.0,Brian Horton,"[""brian_horton_04-02-1949""]",brian_horton_04-02-1949,Brian Horton,0.8767123287671232,320.0,1993-08-28,1995-05-16,96.0,29.0,33.0,34.0,1.25,transfermarkt_manager_history_page,https://www.transfermarkt.com/manchester-city/mitarbeiterhistorie/verein/281/personalie_id/1/plus/1,2026-04-27T18:42:54.735190+00:00,high,,,,,,,,,,,,,,,,,,,,,,,,,,,,,,,,,,,,,,,,,,,,,,,,,,,,,,,,,,,,,,,,,,,,,,,,,,,,,,,,,,,,,,,,,,,,,,,,,,,,,,,,,,,,,,,,,,,,,,,,,,,,,,,,,,,,,,False,False,False,True
premier_league,Premier League,manchester_city,Manchester City,1995/96,1995,1996,12180000.0,8750000.0,3430000.0,19,23,transfermarkt_club_page,https://www.transfermarkt.com/manchester-city/transfers/verein/281/saison_id/1995,2026-04-27T18:14:41.900825+00:00,high,Displayed arrivals sum (12180000) differs from parsed arrivals fee sum (12183000).,1.0,Alan Ball,"[""alan_ball_12-05-1945""]",alan_ball_12-05-1945,Alan Ball,0.9972677595628416,365.0,1995-07-02,1996-08-27,49.0,13.0,14.0,22.0,1.08,transfermarkt_manager_history_page,https://www.transfermarkt.com/manchester-city/mitarbeiterhistorie/verein/281/personalie_id/1/plus/1,2026-04-27T18:42:54.735190+00:00,high,,1.0,0.0,Relegated from 1st league,,transfermarkt_achievements_page,https://www.transfermarkt.com/manchester-city/erfolge/verein/281,2026-04-28T07:46:02.709517+00:00,high,,Relegated from 1st league,other,,,,,,,,,,,,,,,,,,,,,,,,,,,,,,,,,,,,,,,,,,,,,,,,,,,,,,,,,,,,,,,,,,,,,,,,,,,,,,,,,,,,,,,,,,,,,,,,,,,,,,,,,,,,,,,,,,,,,,,,,,False,False,True,True
premier_league,Premier League,manchester_city,Manchester City,1996/97,1996,1997,4880000.0,3830000.0,1050000.0,18,16,transfermarkt_club_page,https://www.transfermarkt.com/manchester-city/transfers/verein/281/saison_id/1996,2026-04-27T18:14:43.952847+00:00,high,Displayed arrivals sum (4880000) differs from parsed arrivals fee sum (4875000). Displayed departures sum (3830000) differs from parsed departures fee sum (3825000).,3.0,Alan Ball | Steve Coppell | Frank Clark,"[""alan_ball_12-05-1945"", ""steve_coppell_09-07-1955"", ""frank_clark_09-09-1943""]",frank_clark_09-09-1943,Frank Clark,0.5041095890410959,184.0,1996-12-29,1998-02-17,59.0,19.0,17.0,23.0,1.25,transfermarkt_manager_history_page,https://www.transfermarkt.com/manchester-city/mitarbeiterhistorie/verein/281/personalie_id/1/plus/1,2026-04-27T18:42:54.735190+00:00,high,,,,,,,,,,,,,,,,,,,,,,,,,,,,,,,,,,,,,,,,,,,,,,,,,,,,,,,,,,,,,,,,,,,,,,,,,,,,,,,,,,,,,,,,,,,,,,,,,,,,,,,,,,,,,,,,,,,,,,,,,,,,,,,,,,,,,,False,False,False,True
premier_league,Premier League,manchester_city,Manchester City,1997/98,1997,1998,10060000.0,1900000.0,8160000.0,37,28,transfermarkt_club_page,https://www.transfermarkt.com/manchester-city/transfers/verein/281/saison_id/1997,2026-04-27T18:14:46.308353+00:00,high,Displayed arrivals sum (10060000) differs from parsed arrivals fee sum (10074000).,2.0,Frank Clark | Joe Royle,"[""frank_clark_09-09-1943"", ""joe_royle_08-04-1949""]",frank_clark_09-09-1943,Frank Clark,0.6356164383561644,232.0,1996-12-29,1998-02-17,59.0,19.0,17.0,23.0,1.25,transfermarkt_manager_history_page,https://www.transfermarkt.com/manchester-city/mitarbeiterhistorie/verein/281/personalie_id/1/plus/1,2026-04-27T18:42:54.735190+00:00,high,,1.0,0.0,relegated from 2nd league,,transfermarkt_achievements_page,https://www.transfermarkt.com/manchester-city/erfolge/verein/281,2026-04-28T07:46:02.709517+00:00,high,,relegated from 2nd league,other,,,,,,,,,,,,,,,,,,,,,,,,,,,,,,,,,,,,,,,,,,,,,,,,,,,,,,,,,,,,,,,,,,,,,,,,,,,,,,,,,,,,,,,,,,,,,,,,,,,,,,,,,,,,,,,,,,,,,,,,,,False,False,True,True
premier_league,Premier League,manchester_city,Manchester City,1998/99,1998,1999,1120000.0,11350000.0,-10230000.0,18,31,transfermarkt_club_page,https://www.transfermarkt.com/manchester-city/transfers/verein/281/saison_id/1998,2026-04-27T18:14:49.991053+00:00,high,,1.0,Joe Royle,"[""joe_royle_08-04-1949""]",joe_royle_08-04-1949,Joe Royle,1.0,365.0,1998-02-18,2001-05-21,167.0,73.0,44.0,50.0,1.57,transfermarkt_manager_history_page,https://www.transfermarkt.com/manchester-city/mitarbeiterhistorie/verein/281/personalie_id/1/plus/1,2026-04-27T18:42:54.735190+00:00,high,,1.0,0.0,Promoted to 2. Liga,,transfermarkt_achievements_page,https://www.transfermarkt.com/manchester-city/erfolge/verein/281,2026-04-28T07:46:02.709517+00:00,high,,Promoted to 2. Liga,other,,,,,,,,,,,,,,,,,,,,,,,,,,,,,,,,,,,,,,,,,,,,,,,,,,,,,,,,,,,,,,,,,,,,,,,,,,,,,,,,,,,,,,,,,,,,,,,,,,,,,,,,,,,,,,,,,,,,,,,,,,False,False,True,True
premier_league,Premier League,manchester_city,Manchester City,1999/00,1999,2000,13230000.0,1040000.0,12190000.0,30,25,transfermarkt_club_page,https://www.transfermarkt.com/manchester-city/transfers/verein/281/saison_id/1999,2026-04-27T18:14:52.144572+00:00,high,Displayed departures sum (1040000) differs from parsed departures fee sum (1038000).,1.0,Joe Royle,"[""joe_royle_08-04-1949""]",joe_royle_08-04-1949,Joe Royle,1.0,366.0,1998-02-18,2001-05-21,167.0,73.0,44.0,50.0,1.57,transfermarkt_manager_history_page,https://www.transfermarkt.com/manchester-city/mitarbeiterhistorie/verein/281/personalie_id/1/plus/1,2026-04-27T18:42:54.735190+00:00,high,,1.0,0.0,Promoted to 1st league,,transfermarkt_achievements_page,https://www.transfermarkt.com/manchester-city/erfolge/verein/281,2026-04-28T07:46:02.709517+00:00,high,,Promoted to 1st league,other,,,,,,,,,,,,,,,,,,,,,,,,,,,,,,,,,,,,,,,,,,,,,,,,,,,,,,,,,,,,,,,,,,,,,,,,,,,,,,,,,,,,,,,,,,,,,,,,,,,,,,,,,,,,,,,,,,,,,,,,,,False,False,True,True
premier_league,Premier League,manchester_city,Manchester City,2000/01,2000,2001,16530000.000000002,1460000.0,15070000.000000002,25,29,transfermarkt_club_page,https://www.transfermarkt.com/manchester-city/transfers/verein/281/saison_id/2000,2026-04-27T18:14:54.192873+00:00,high,Displayed arrivals sum (16530000) differs from parsed arrivals fee sum (16525000). Displayed departures sum (1460000) differs from parsed departures fee sum (1464000).,2.0,Joe Royle | Kevin Keegan,"[""joe_royle_08-04-1949"", ""kevin_keegan_14-02-1951""]",joe_royle_08-04-1949,Joe Royle,0.8904109589041096,325.0,1998-02-18,2001-05-21,167.0,73.0,44.0,50.0,1.57,transfermarkt_manager_history_page,https://www.transfermarkt.com/manchester-city/mitarbeiterhistorie/verein/281/personalie_id/1/plus/1,2026-04-27T18:42:54.735190+00:00,high,,1.0,0.0,Relegated from 1st league,,transfermarkt_achievements_page,https://www.transfermarkt.com/manchester-city/erfolge/verein/281,2026-04-28T07:46:02.709517+00:00,high,,Relegated from 1st league,other,,,,,,,,,,,,,,,,,,,,,,,,,,,,,,,,,,,,,,,,,,,,,,,,,,,,,,,,,,,,,,,,,,,,,,,,,,,,,,,,,,,,,,,,,,,,,,,,,,,,,,,,,,,,,,,,,,,,,,,,,,False,False,True,True
premier_league,Premier League,manchester_city,Manchester City,2001/02,2001,2002,42460000.0,6290000.0,36170000.0,20,14,transfermarkt_club_page,https://www.transfermarkt.com/manchester-city/transfers/verein/281/saison_id/2001,2026-04-27T18:14:56.240872+00:00,high,Displayed departures sum (6290000) differs from parsed departures fee sum (6288000).,1.0,Kevin Keegan,"[""kevin_keegan_14-02-1951""]",kevin_keegan_14-02-1951,Kevin Keegan,1.0,365.0,2001-05-24,2005-03-10,176.0,77.0,39.0,60.0,1.53,transfermarkt_manager_history_page,https://www.transfermarkt.com/manchester-city/mitarbeiterhistorie/verein/281/personalie_id/1/plus/1,2026-04-27T18:42:54.735190+00:00,high,,2.0,1.0,English 2nd tier champion | Promoted to 1st league,English 2nd tier champion,transfermarkt_achievements_page,https://www.transfermarkt.com/manchester-city/erfolge/verein/281,2026-04-28T07:46:02.709517+00:00,high,,English 2nd tier champion (winner) | Promoted to 1st league,league_title | other,English 2nd tier champion (winner),,,,,,,,,,,,,,,,,,,,,,,,,,,,,,,,,,,,,,,,,,,,,,,,,,,,,,,,,,,,,,,,,,,,,,,,,,,,,,,,,,,,,,,,,,,,,,,,,,,,,,,,,,,,,,,,,,,,,,,,,False,False,True,True
premier_league,Premier League,manchester_city,Manchester City,2002/03,2002,2003,22500000.0,300000.0,22200000.0,13,16,transfermarkt_club_page,https://www.transfermarkt.com/manchester-city/transfers/verein/281/saison_id/2002,2026-04-27T18:14:58.286779+00:00,high,,1.0,Kevin Keegan,"[""kevin_keegan_14-02-1951""]",kevin_keegan_14-02-1951,Kevin Keegan,1.0,365.0,2001-05-24,2005-03-10,176.0,77.0,39.0,60.0,1.53,transfermarkt_manager_history_page,https://www.transfermarkt.com/manchester-city/mitarbeiterhistorie/verein/281/personalie_id/1/plus/1,2026-04-27T18:42:54.735190+00:00,high,,,,,,,,,,,,,,,,,,,,,,,,,,,,,,,,,,,,,,,,,,,,,,,,,,,,,,,,,,,,,,,,,,,,,,,,,,,,,,,,,,,,,,,,,,,,,,,,,,,,,,,,,,,,,,,,,,,,,,,,,,,,,,,,,,,,,,False,False,False,True
premier_league,Premier League,manchester_city,Manchester City,2003/04,2003,2004,14260000.0,6900000.0,7360000.0,21,23,transfermarkt_club_page,https://www.transfermarkt.com/manchester-city/transfers/verein/281/saison_id/2003,2026-04-27T18:15:00.335169+00:00,high,Displayed departures sum (6900000) differs from parsed departures fee sum (6903000).,1.0,Kevin Keegan,"[""kevin_keegan_14-02-1951""]",kevin_keegan_14-02-1951,Kevin Keegan,1.0,366.0,2001-05-24,2005-03-10,176.0,77.0,39.0,60.0,1.53,transfermarkt_manager_history_page,https://www.transfermarkt.com/manchester-city/mitarbeiterhistorie/verein/281/personalie_id/1/plus/1,2026-04-27T18:42:54.735190+00:00,high,,1.0,0.0,UEFA Cup Participant,,transfermarkt_achievements_page,https://www.transfermarkt.com/manchester-city/erfolge/verein/281,2026-04-28T07:46:02.709517+00:00,high,,UEFA Cup Participant (participant),fa_cup,,,,,,,,,,,,,,,,,,,,,,,,,,,,,,,,,,,,,,,,,,,,,,,,,,,,,,,,,,,,,,,,,,,,,,,,,,,,,,,,,,,,,,,,,,,,,,,,,,,,,,,,,,,,,,,,,,,,,,,,,,False,False,True,True
premier_league,Premier League,manchester_city,Manchester City,2004/05,2004,2005,1500000.0,7940000.0,-6440000.0,18,18,transfermarkt_club_page,https://www.transfermarkt.com/manchester-city/transfers/verein/281/saison_id/2004,2026-04-27T18:15:03.505347+00:00,high,,2.0,Kevin Keegan | Stuart Pearce,"[""kevin_keegan_14-02-1951"", ""stuart_pearce_24-04-1962""]",kevin_keegan_14-02-1951,Kevin Keegan,0.6931506849315069,253.0,2001-05-24,2005-03-10,176.0,77.0,39.0,60.0,1.53,transfermarkt_manager_history_page,https://www.transfermarkt.com/manchester-city/mitarbeiterhistorie/verein/281/personalie_id/1/plus/1,2026-04-27T18:42:54.735190+00:00,high,,,,,,,,,,,,,,,,,,,,,,,,,,,,,,,,,,,,,,,,,,,,,,,,,,,,,,,,,,,,,,,,,,,,,,,,,,,,,,,,,,,,,,,,,,,,,,,,,,,,,,,,,,,,,,,,,,,,,,,,,,,,,,,,,,,,,,False,False,False,True
premier_league,Premier League,manchester_city,Manchester City,2005/06,2005,2006,12480000.0,32500000.0,-20020000.0,12,13,transfermarkt_club_page,https://www.transfermarkt.com/manchester-city/transfers/verein/281/saison_id/2005,2026-04-27T18:15:05.455903+00:00,high,Displayed arrivals sum (12480000) differs from parsed arrivals fee sum (12475000).,1.0,Stuart Pearce,"[""stuart_pearce_24-04-1962""]",stuart_pearce_24-04-1962,Stuart Pearce,1.0,365.0,2005-03-11,2007-05-14,97.0,34.0,19.0,44.0,1.25,transfermarkt_manager_history_page,https://www.transfermarkt.com/manchester-city/mitarbeiterhistorie/verein/281/personalie_id/1/plus/1,2026-04-27T18:42:54.735190+00:00,high,,,,,,,,,,,,,,,,,,,,,,,,,,,,,,,,,,,,,,,,,,,,,,,,,,,,,,,,,,,,,,,,,,,,,,,,,,,,,,,,,,,,,,,,,,,,,,,,,,,,,,,,,,,,,,,,,,,,,,,,,,,,,,,,,,,,,,False,False,False,True
premier_league,Premier League,manchester_city,Manchester City,2006/07,2006,2007,6500000.0,4200000.0,2300000.0,21,22,transfermarkt_club_page,https://www.transfermarkt.com/manchester-city/transfers/verein/281/saison_id/2006,2026-04-27T18:15:07.567752+00:00,high,,1.0,Stuart Pearce,"[""stuart_pearce_24-04-1962""]",stuart_pearce_24-04-1962,Stuart Pearce,0.8712328767123287,318.0,2005-03-11,2007-05-14,97.0,34.0,19.0,44.0,1.25,transfermarkt_manager_history_page,https://www.transfermarkt.com/manchester-city/mitarbeiterhistorie/verein/281/personalie_id/1/plus/1,2026-04-27T18:42:54.735190+00:00,high,,,,,,,,,,,,,,,,,,,,,,,,,,,,,,,,,,,,,,,,,,,,,,,,,,,,,,,,,,,,,,,,,,,,,,,,,,,,,,,,,,,,,,,,,,,,,,,,,,,,,,,,,,,,,,,,,,,,,,,,,,,,,,,,,,,,,,False,False,False,True
premier_league,Premier League,manchester_city,Manchester City,2007/08,2007,2008,77950000.0,10560000.0,67390000.0,31,26,transfermarkt_club_page,https://www.transfermarkt.com/manchester-city/transfers/verein/281/saison_id/2007,2026-04-27T18:15:09.860577+00:00,high,Displayed departures sum (10560000) differs from parsed departures fee sum (10563000).,2.0,Sven-Göran Eriksson | Mark Hughes,"[""sven_g_ran_eriksson_05-02-1948"", ""mark_hughes_01-11-1963""]",sven_g_ran_eriksson_05-02-1948,Sven-Göran Eriksson,0.9098360655737704,333.0,2007-07-06,2008-06-02,45.0,19.0,11.0,15.0,1.51,transfermarkt_manager_history_page,https://www.transfermarkt.com/manchester-city/mitarbeiterhistorie/verein/281/personalie_id/1/plus/1,2026-04-27T18:42:54.735190+00:00,high,,,,,,,,,,,,,,,,,,,,,,,,,,,,,,,,,,,,,,,,,,,,,,,,,,,,,,,,,,,,,,,,,,,,,,,,,,,,,,,,,,,,,,,,,,,,,,,,,,,,,,,,,,,,,,,,,,,,,,,,,,,,,,,,,,,,,,False,False,False,True
premier_league,Premier League,manchester_city,Manchester City,2008/09,2008,2009,157350000.0,26500000.0,130850000.0,25,18,transfermarkt_club_page,https://www.transfermarkt.com/manchester-city/transfers/verein/281/saison_id/2008,2026-04-27T18:15:12.620575+00:00,high,,1.0,Mark Hughes,"[""mark_hughes_01-11-1963""]",mark_hughes_01-11-1963,Mark Hughes,1.0,365.0,2008-06-04,2009-12-19,77.0,37.0,15.0,25.0,1.64,transfermarkt_manager_history_page,https://www.transfermarkt.com/manchester-city/mitarbeiterhistorie/verein/281/personalie_id/1/plus/1,2026-04-27T18:42:54.735190+00:00,high,,1.0,0.0,UEFA Cup Participant,,transfermarkt_achievements_page,https://www.transfermarkt.com/manchester-city/erfolge/verein/281,2026-04-28T07:46:02.709517+00:00,high,,UEFA Cup Participant (participant),fa_cup,,10.0,50.0,15.0,5.0,18.0,58.0,50.0,8.0,premier_league_raw_table,https://en.wikipedia.org/wiki/2008%E2%80%9309_Premier_League,,Raw Premier League season table CSV,medium,League table data loaded from raw Premier League CSV files.,,,,,,,,,,,,,,,,,,,,,,,,,,,,,,,,,,,,,,,,,,,,,,,,,,,,,,,,,,,,,,,,,,,,,,,,,,,,,,,,,,,,,,,,,,,,,,,,,,,,,,,,,,,True,False,True,True
premier_league,Premier League,manchester_city,Manchester City,2009/10,2009,2010,147300000.0,29200000.0,118100000.0,23,29,transfermarkt_club_page,https://www.transfermarkt.com/manchester-city/transfers/verein/281/saison_id/2009,2026-04-27T18:15:14.671212+00:00,high,,2.0,Mark Hughes | Roberto Mancini,"[""mark_hughes_01-11-1963"", ""roberto_mancini_27-11-1964""]",roberto_mancini_27-11-1964,Roberto Mancini,0.5315068493150685,194.0,2009-12-19,2013-06-30,191.0,113.0,38.0,40.0,1.97,transfermarkt_manager_history_page,https://www.transfermarkt.com/manchester-city/mitarbeiterhistorie/verein/281/personalie_id/1/plus/1,2026-04-27T18:42:54.735190+00:00,high,,,,,,,,,,,,,,5.0,67.0,18.0,13.0,7.0,73.0,45.0,28.0,premier_league_raw_table,https://en.wikipedia.org/wiki/2009%E2%80%9310_Premier_League,,Raw Premier League season table CSV,medium,League table data loaded from raw Premier League CSV files.,,,,,,,,,,,,,,,,,,,,,,,,,,,,,,,,,,,,,,,,,,,,,,,,,,,,,,,,,,,,,,,,,,,,,,,,,,,,,,,,,,,,,,,,,,,,,,,,,,,,,,,,,,,True,False,False,True
premier_league,Premier League,manchester_city,Manchester City,2010/11,2010,2011,183610000.0,40150000.0,143460000.0,34,27,transfermarkt_club_page,https://www.transfermarkt.com/manchester-city/transfers/verein/281/saison_id/2010,2026-04-27T18:15:16.822645+00:00,high,,1.0,Roberto Mancini,"[""roberto_mancini_27-11-1964""]",roberto_mancini_27-11-1964,Roberto Mancini,1.0,365.0,2009-12-19,2013-06-30,191.0,113.0,38.0,40.0,1.97,transfermarkt_manager_history_page,https://www.transfermarkt.com/manchester-city/mitarbeiterhistorie/verein/281/personalie_id/1/plus/1,2026-04-27T18:42:54.735190+00:00,high,,2.0,1.0,Europa League Participant | FA Cup Winner,FA Cup Winner,transfermarkt_achievements_page,https://www.transfermarkt.com/manchester-city/erfolge/verein/281,2026-04-28T07:46:02.709517+00:00,high,,Europa League Participant (participant) | FA Cup Winner (winner),uefa_europa_league | fa_cup,FA Cup Winner (winner),3.0,71.0,21.0,8.0,9.0,60.0,33.0,27.0,premier_league_raw_table,https://en.wikipedia.org/wiki/2010%E2%80%9311_Premier_League,,Raw Premier League season table CSV,medium,League table data loaded from raw Premier League CSV files.,,,,,,,,,,,,,,,,,,,,,,,,,,,,,,,,,,,,,,,,,,,,,,,,,,,,,,,,,,,,,,,,,,,,,,,,,,,,,,,,,,,,,,,,,,,,,,,,,,,,,,,,,,,True,False,True,True
premier_league,Premier League,manchester_city,Manchester City,2011/12,2011,2012,91050000.0,31200000.0,59850000.0,29,35,transfermarkt_club_page,https://www.transfermarkt.com/manchester-city/transfers/verein/281/saison_id/2011,2026-04-27T18:15:19.584734+00:00,high,,1.0,Roberto Mancini,"[""roberto_mancini_27-11-1964""]",roberto_mancini_27-11-1964,Roberto Mancini,1.0,366.0,2009-12-19,2013-06-30,191.0,113.0,38.0,40.0,1.97,transfermarkt_manager_history_page,https://www.transfermarkt.com/manchester-city/mitarbeiterhistorie/verein/281/personalie_id/1/plus/1,2026-04-27T18:42:54.735190+00:00,high,,3.0,1.0,Champions League Participant | English Champion | Europa League Participant,English Champion,transfermarkt_achievements_page,https://www.transfermarkt.com/manchester-city/erfolge/verein/281,2026-04-28T07:46:02.709517+00:00,high,,Champions League Participant (participant) | English Champion (winner) | Europa League Participant (participant),uefa_champions_league | league_title | uefa_europa_league,English Champion (winner),1.0,89.0,28.0,5.0,5.0,93.0,29.0,64.0,premier_league_raw_table,https://en.wikipedia.org/wiki/2011%E2%80%9312_Premier_League,,Raw Premier League season table CSV,medium,League table data loaded from raw Premier League CSV files.,2012-05-31,GBP,full pounds (converted from GBP thousands disclosed in report),231140000.0,21871000.0,88153000.0,121116000.0,,,,201789000.0,26078000.0,83031000.0,,-95296000.0,275796248.0,26096477.2,105184159.60000001,144515611.20000002,,31116269.6,-113707187.2,,,231140000.0,0.0,"[12, 15, 16, 17, 21]","Manchester City discloses gate receipts, television income, and other commercial activities directly in the annual accounts. Broadcasting has been formed by combining the UEFA and all other television lines.",Women's team revenue is not separately disclosed in the report.,"Other commercial activities may include hospitality, catering, conference, and event income within the club's commercial operations.",high,True,Full accounts made up to 31 May 2012,https://find-and-update.company-information.service.gov.uk/company/00040946/filing-history/MzA3MzkyODE1NmFkaXF6a2N4/document?format=pdf&download=0,"Values in the annual report were disclosed in GBP thousands and have been converted here into full GBP amounts by multiplying by 1,000. Net debt has been computed from statement borrowings and cash because the report did not present a single net debt line.",110024000.0,1.1932,1.335945,1.59405,1.480844,"ONS average sterling exchange rates: THAP (GBP/EUR) and AUSS (GBP/USD), UK trade time series (MRET), accessed 2026-08-11","ONS CPI INDEX 00: ALL ITEMS 2015=100 (D7BT), accessed 2026-08-11",Season factors use the mean of the two surrounding ONS annual averages for calendar years 2011 and 2012.,True,231140000.0,342282282.16,408411219.073312,368448717.0,545615071.877148,21871000.0,32387539.124,38644811.6827568,34863467.55,51627356.740612194,88153000.0,130540841.132,155761331.63870242,140520289.65,208088627.8064646,121116000.0,179353901.904,214005075.75185284,193064959.79999998,285899087.3300712,110024000.0,162928380.256,131280636.8,194406143.3214592,175383757.2,259715984.5470768,201789000.0,298818029.916,240774634.8,356549673.29577124,321661755.45,476330880.5875998,26078000.0,38617449.832,46078341.1395424,41569635.9,61558145.9046996,83031000.0,122955958.164,99072589.2,146711049.2812848,132355565.55,195997945.1113242,,,,,,,-95296000.0,-141118509.824,-168382605.9219968,-151906588.79999998,-224949960.58494717,2025/26 prices,,,,0.8730163537250152,0.09462230682703124,0.3813835770528684,0.5239941161201004,True,True,True,True
premier_league,Premier League,manchester_city,Manchester City,2012/13,2012,2013,61950000.0,44300000.0,17650000.0,24,26,transfermarkt_club_page,https://www.transfermarkt.com/manchester-city/transfers/verein/281/saison_id/2012,2026-04-27T18:15:24.042768+00:00,high,,1.0,Roberto Mancini,"[""roberto_mancini_27-11-1964""]",roberto_mancini_27-11-1964,Roberto Mancini,1.0,365.0,2009-12-19,2013-06-30,191.0,113.0,38.0,40.0,1.97,transfermarkt_manager_history_page,https://www.transfermarkt.com/manchester-city/mitarbeiterhistorie/verein/281/personalie_id/1/plus/1,2026-04-27T18:42:54.735190+00:00,high,,3.0,1.0,Champions League Participant | English Supercup Winner | FA Cup Runner up,English Supercup Winner,transfermarkt_achievements_page,https://www.transfermarkt.com/manchester-city/erfolge/verein/281,2026-04-28T07:46:02.709517+00:00,high,,Champions League Participant (participant) | English Supercup Winner (winner) | FA Cup Runner up (runner_up),uefa_champions_league | super_cup | fa_cup,English Supercup Winner (winner),2.0,78.0,23.0,9.0,6.0,66.0,34.0,32.0,premier_league_raw_table,https://en.wikipedia.org/wiki/2012%E2%80%9313_Premier_League,,Raw Premier League season table CSV,medium,League table data loaded from raw Premier League CSV files.,2013-05-31,GBP,full pounds (converted from GBP thousands disclosed in report),271000000.0,39615000.0,88394000.0,142991000.0,,,5872000.0,233106000.0,53569000.0,80869000.0,5872000.0,-79368000.0,326731150.00000006,47761824.75000001,106572226.10000001,172397099.15,,64585464.85000001,-95690029.2,,,271000000.0,0.0,"[9, 11, 14, 15, 16, 23]","Manchester City discloses matchday, broadcasting, and commercial revenue directly in the annual accounts, with broadcasting split between UEFA and all-other lines that have been combined here. Player-trading profit is disclosed separately and excluded from football revenue.",Women's team revenue is not separately disclosed in the report.,"Other commercial activities may include hospitality, sponsorship, tours, and other club commercial operations classified within ordinary activities.",high,True,Full accounts made up to 31 May 2013,https://find-and-update.company-information.service.gov.uk/company/00040946/filing-history/MzA5NTYzMTUzOGFkaXF6a2N4/document?format=pdf&download=0,"Values in the annual report were disclosed in GBP thousands and have been converted here into full GBP amounts by multiplying by 1,000. Net debt has been computed from financial liabilities in the financial instruments note less cash at bank and in hand from the balance sheet.",128009000.0,1.20565,1.306142,1.57475,1.442035,"ONS average sterling exchange rates: THAP (GBP/EUR) and AUSS (GBP/USD), UK trade time series (MRET), accessed 2026-08-11","ONS CPI INDEX 00: ALL ITEMS 2015=100 (D7BT), accessed 2026-08-11",Season factors use the mean of the two surrounding ONS annual averages for calendar years 2012 and 2013.,True,271000000.0,390791485.0,471157753.8902501,426757250.0,615398891.00375,39615000.0,57126216.525,68874222.95336626,62383721.25000001,89959509.47274376,88394000.0,127467241.78999999,153680880.0641135,139198451.5,200729039.0088025,142991000.0,206198026.685,248602650.87277025,225175077.25,324710342.52220374,128009000.0,184593458.315,154334050.85000002,222555103.01747978,201582172.75,290688548.4815462,233106000.0,336147010.71,281044248.90000004,405275643.46251154,367083673.5,529347505.1155725,53569000.0,77248372.91499999,93134500.80496976,84357782.75,121646875.24789624,80869000.0,116615928.41499999,97499709.85000001,140597994.09354475,127348457.75000001,183640933.27152127,5872000.0,8467629.52,7079576.800000001,10208997.530788,9246932.0,13334399.58662,-79368000.0,-114451433.88,-137988371.257422,-124984758.00000001,-180232395.50253,2025/26 prices,,,,0.8601697416974169,0.14618081180811807,0.32617712177121766,0.5276420664206641,True,True,True,True
premier_league,Premier League,manchester_city,Manchester City,2013/14,2013,2014,115500000.0,11300000.0,104200000.0,16,18,transfermarkt_club_page,https://www.transfermarkt.com/manchester-city/transfers/verein/281/saison_id/2013,2026-04-27T18:15:27.064397+00:00,high,,1.0,Manuel Pellegrini,"[""manuel_pellegrini_16-09-1953""]",manuel_pellegrini_16-09-1953,Manuel Pellegrini,1.0,365.0,2013-07-01,2016-06-30,166.0,101.0,27.0,38.0,1.99,transfermarkt_manager_history_page,https://www.transfermarkt.com/manchester-city/mitarbeiterhistorie/verein/281/personalie_id/1/plus/1,2026-04-27T18:42:54.735190+00:00,high,,3.0,2.0,Champions League Participant | English Champion | English League Cup winner,English Champion | English League Cup winner,transfermarkt_achievements_page,https://www.transfermarkt.com/manchester-city/erfolge/verein/281,2026-04-28T07:46:02.709517+00:00,high,,Champions League Participant (participant) | English Champion (winner) | English League Cup winner (winner),uefa_champions_league | league_title | league_cup,English Champion (winner) | English League Cup winner (winner),1.0,86.0,27.0,5.0,6.0,102.0,37.0,65.0,premier_league_raw_table,https://en.wikipedia.org/wiki/2013%E2%80%9314_Premier_League,,Raw Premier League season table CSV,medium,League table data loaded from raw Premier League CSV files.,2014-05-31,GBP,full pounds (converted from GBP thousands disclosed in report),346512000.0,47457000.0,133239000.0,165816000.0,,,197000.0,205044000.0,45914000.0,76484000.0,197000.0,-22929000.0,419054287.2,57392122.949999996,161132584.64999998,200529579.6,,55526095.9,-27729186.15,,,346512000.0,0.0,"[10, 12, 15, 16, 17, 24]","Manchester City discloses matchday, broadcasting, and commercial revenue directly in the annual accounts, with broadcasting split between UEFA and all-other lines that have been combined here. Player-trading profit is disclosed separately and excluded from football revenue.",Women's team revenue is not separately disclosed in the report.,"Other commercial activities may include hospitality, sponsorship, and other club commercial operations classified within ordinary activities.",high,True,Full accounts made up to 31 May 2014,https://find-and-update.company-information.service.gov.uk/company/00040946/filing-history/MzExMzg5ODI4M2FkaXF6a2N4/document?format=pdf&download=0,"Values in the annual report were disclosed in GBP thousands and have been converted here into full GBP amounts by multiplying by 1,000. Net debt has been computed from financial liabilities in the financial instruments note less cash at bank and in hand from the balance sheet.",180696000.0,1.20935,1.328027,1.60605,1.413703,"ONS average sterling exchange rates: THAP (GBP/EUR) and AUSS (GBP/USD), UK trade time series (MRET), accessed 2026-08-11","ONS CPI INDEX 00: ALL ITEMS 2015=100 (D7BT), accessed 2026-08-11",Season factors use the mean of the two surrounding ONS annual averages for calendar years 2013 and 2014.,True,346512000.0,489865053.936,592418302.9775015,556515597.6,786747769.8739128,47457000.0,67090103.271,81135416.39078385,76218314.85,107750060.35838954,133239000.0,188360374.017,227793618.3174589,213988495.95,302516178.6900028,165816000.0,234414576.648,283489268.2692588,266308786.79999998,376481530.82552034,180696000.0,255450477.288,218524707.6,308929034.7082428,290206810.8,410266239.0483924,205044000.0,289871317.932,247969961.39999998,350555878.34106416,329310916.2,465547830.1646886,45914000.0,64908759.541999996,78497408.35211769,73740179.7,104246713.2624291,76484000.0,108125660.25199999,92495925.39999999,130761767.22575618,122837128.2,173655216.6477246,197000.0,278499.491,238241.94999999998,336803.35944085,316391.85,447284.10752054997,-22929000.0,-32414796.086999997,-39200833.64781345,-36825120.45,-52059783.25552635,2025/26 prices,,,,0.5917370826984346,0.13695629588585675,0.38451482199750653,0.47852888211663663,True,True,True,True
premier_league,Premier League,manchester_city,Manchester City,2014/15,2014,2015,102800000.0,30300000.0,72500000.0,14,16,transfermarkt_club_page,https://www.transfermarkt.com/manchester-city/transfers/verein/281/saison_id/2014,2026-04-27T18:15:28.957411+00:00,high,,1.0,Manuel Pellegrini,"[""manuel_pellegrini_16-09-1953""]",manuel_pellegrini_16-09-1953,Manuel Pellegrini,1.0,365.0,2013-07-01,2016-06-30,166.0,101.0,27.0,38.0,1.99,transfermarkt_manager_history_page,https://www.transfermarkt.com/manchester-city/mitarbeiterhistorie/verein/281/personalie_id/1/plus/1,2026-04-27T18:42:54.735190+00:00,high,,1.0,0.0,Champions League Participant,,transfermarkt_achievements_page,https://www.transfermarkt.com/manchester-city/erfolge/verein/281,2026-04-28T07:46:02.709517+00:00,high,,Champions League Participant (participant),uefa_champions_league,,2.0,79.0,24.0,7.0,7.0,83.0,38.0,45.0,premier_league_raw_table,https://en.wikipedia.org/wiki/2014%E2%80%9315_Premier_League,,Raw Premier League season table CSV,medium,League table data loaded from raw Premier League CSV files.,2015-05-31,GBP,full pounds (converted from GBP thousands disclosed in report),351766000.0,43330000.0,135426000.0,173010000.0,,,13832000.0,193821000.0,-7752000.0,70291000.0,13832000.0,10369000.0,460690341.9,56747134.5,177360660.9,226582546.5,,-10152406.8,13579760.85,,,351766000.0,0.0,"[10, 12, 15, 16, 17, 24]","Manchester City discloses matchday, broadcasting, and commercial revenue directly in the annual accounts, with broadcasting split between UEFA and all-other lines that have been combined here. Player-trading profit is disclosed separately and excluded from football revenue.",Women's team revenue is not separately disclosed in the report.,"Other commercial activities may include hospitality, sponsorship, and other club commercial operations classified within ordinary activities.",high,True,Full accounts made up to 31 May 2015,https://find-and-update.company-information.service.gov.uk/company/00040946/filing-history,"Values in the annual report were disclosed in GBP thousands and have been converted here into full GBP amounts by multiplying by 1,000. Net debt has been computed from financial liabilities in the financial instruments note less cash at bank and in hand from the balance sheet.",178756000.0,1.30965,1.212652,1.58815,1.4031,"ONS average sterling exchange rates: THAP (GBP/EUR) and AUSS (GBP/USD), UK trade time series (MRET), accessed 2026-08-11","ONS CPI INDEX 00: ALL ITEMS 2015=100 (D7BT), accessed 2026-08-11",Season factors use the mean of the two surrounding ONS annual averages for calendar years 2014 and 2015.,True,351766000.0,493562874.6,646394618.71989,558657172.9,783851879.29599,43330000.0,60796323.0,79621904.41695,68814539.5,96553680.37245,135426000.0,190016220.6,248854743.30879,215076801.9,301774260.74589,173010000.0,242750331.0,317917970.99415,274765831.5,385523938.17765,178756000.0,250812543.6,234107795.4,328476647.72574,283891341.4,398327941.11833996,193821000.0,271950245.1,253837672.65,356159638.495215,307816821.15,431897781.755565,-7752000.0,-10876831.2,-14244841.981080001,-12311338.799999999,-17274039.47028,70291000.0,98625302.1,92056608.15,129164626.89526501,111632651.64999999,156631773.53011498,13832000.0,19407679.2,18115078.8,25417267.06428,21967290.8,30822305.72148,10369000.0,14548743.9,19053762.448635,16467527.35,23105587.624785,2025/26 prices,,,,0.5509941267774601,0.12317847660092221,0.38498888465627723,0.49183263874280064,True,True,True,True
premier_league,Premier League,manchester_city,Manchester City,2015/16,2015,2016,208470000.0,67440000.0,141030000.0,22,25,transfermarkt_club_page,https://www.transfermarkt.com/manchester-city/transfers/verein/281/saison_id/2015,2026-04-27T18:15:31.774906+00:00,high,Displayed departures sum (67440000) differs from parsed departures fee sum (67436000).,1.0,Manuel Pellegrini,"[""manuel_pellegrini_16-09-1953""]",manuel_pellegrini_16-09-1953,Manuel Pellegrini,1.0,366.0,2013-07-01,2016-06-30,166.0,101.0,27.0,38.0,1.99,transfermarkt_manager_history_page,https://www.transfermarkt.com/manchester-city/mitarbeiterhistorie/verein/281/personalie_id/1/plus/1,2026-04-27T18:42:54.735190+00:00,high,,2.0,1.0,Champions League Participant | English League Cup winner,English League Cup winner,transfermarkt_achievements_page,https://www.transfermarkt.com/manchester-city/erfolge/verein/281,2026-04-28T07:46:02.709517+00:00,high,,Champions League Participant (participant) | English League Cup winner (winner),uefa_champions_league | league_cup,English League Cup winner (winner),4.0,66.0,19.0,9.0,10.0,71.0,41.0,30.0,premier_league_raw_table,https://en.wikipedia.org/wiki/2015%E2%80%9316_Premier_League,,Raw Premier League season table CSV,medium,League table data loaded from raw Premier League CSV files.,2016-05-31,GBP,full pounds (converted from GBP thousands disclosed in report),391774000.0,52523000.0,161381000.0,177870000.0,,,20714000.0,197584000.0,10852000.0,93952000.0,20714000.0,19589000.0,509600030.5,68319292.25,209916335.75,231364402.5,,14115739.0,25480391.75,,,391774000.0,0.0,"[10, 11, 24, 25, 30]","Manchester City discloses matchday, broadcasting, and commercial revenue directly in the annual accounts, with broadcasting split between UEFA and all-other lines that have been combined here. Player-trading profit is disclosed separately and excluded from football revenue.",Women's team revenue is not separately disclosed in the report.,"Other commercial activities may include hospitality, sponsorship, and other club commercial operations classified within ordinary activities.",high,True,Full accounts made up to 31 May 2016,https://find-and-update.company-information.service.gov.uk/company/00040946/filing-history,"Values in the annual report were disclosed in GBP thousands and have been converted here into full GBP amounts by multiplying by 1,000. Net debt has been computed from the borrowings note less cash at bank and in hand from the balance sheet.",213904000.0,1.30075,1.10813,1.4414,1.398206,"ONS average sterling exchange rates: THAP (GBP/EUR) and AUSS (GBP/USD), UK trade time series (MRET), accessed 2026-08-11","ONS CPI INDEX 00: ALL ITEMS 2015=100 (D7BT), accessed 2026-08-11",Season factors use the mean of the two surrounding ONS annual averages for calendar years 2015 and 2016.,True,391774000.0,547780757.444,712525820.245283,564703043.6,789571183.7797817,52523000.0,73437973.738,95524444.3397035,75706652.2,105853495.34595321,161381000.0,225643882.486,293506280.14366454,232614573.4,325243092.2153204,177870000.0,248698901.22,323495095.761915,256381818.0,358474596.218508,213904000.0,299081856.22400004,278235628.0,389030724.48336804,308321225.6,431096587.56127363,197584000.0,276263134.304,257007388.0,359349271.94592804,284797577.6,398205681.7857857,10852000.0,15173331.512,19736710.964234002,15642072.8,21870840.0413968,93952000.0,131364250.112,122208064.0,170872048.333184,135422412.8,189348430.1114368,20714000.0,28962439.084000003,26943735.5,37672892.638513,29857159.6,41746459.6956776,19589000.0,27389457.334000003,35626836.6272005,28235584.6,39479163.80122761,2025/26 prices,,,,0.5043315789205001,0.13406453720767586,0.41192371111916565,0.4540117516731585,True,True,True,True
premier_league,Premier League,manchester_city,Manchester City,2016/17,2016,2017,216250000.0,35350000.0,180900000.0,31,25,transfermarkt_club_page,https://www.transfermarkt.com/manchester-city/transfers/verein/281/saison_id/2016,2026-04-27T18:15:35.358523+00:00,high,,1.0,Pep Guardiola,"[""pep_guardiola_18-01-1971""]",pep_guardiola_18-01-1971,Pep Guardiola,1.0,365.0,2016-07-01,,587.0,420.0,75.0,92.0,2.27,transfermarkt_manager_history_page,https://www.transfermarkt.com/manchester-city/mitarbeiterhistorie/verein/281/personalie_id/1/plus/1,2026-04-27T18:42:54.735190+00:00,high,Manager spell appears ongoing on the collection date. Ongoing manager spell; overlap calculated through the collection date or season end.,1.0,0.0,Champions League Participant,,transfermarkt_achievements_page,https://www.transfermarkt.com/manchester-city/erfolge/verein/281,2026-04-28T07:46:02.709517+00:00,high,,Champions League Participant (participant),uefa_champions_league,,3.0,78.0,23.0,9.0,6.0,80.0,39.0,41.0,premier_league_raw_table,https://en.wikipedia.org/wiki/2016%E2%80%9317_Premier_League,,Raw Premier League season table CSV,medium,League table data loaded from raw Premier League CSV files.,2017-06-30,GBP,full pounds (converted from GBP thousands disclosed in report),473375000.0,51868000.0,203494000.0,218013000.0,,,34563000.0,264133000.0,47616000.0,121742000.0,34563000.0,104000.0,559671262.5,61323536.4,240590956.2,257756769.89999998,,56296396.8,122959.2,,,473375000.0,0.0,"[10, 11, 23, 24, 30]","Manchester City discloses matchday, broadcasting, and commercial revenue directly in the annual accounts, with broadcasting split between UEFA and all-other lines that have been combined here. Player-trading profit is disclosed separately and excluded from football revenue.",Women's team revenue is not separately disclosed in the report.,"Other commercial activities may include hospitality, sponsorship, and other club commercial operations classified within ordinary activities.",high,True,Full accounts made up to 30 June 2017,https://find-and-update.company-information.service.gov.uk/company/00040946/filing-history,"Values in the annual report were disclosed in GBP thousands and have been converted here into full GBP amounts by multiplying by 1,000. This filing covers a 13 month period ended 30 June 2017. Net debt has been computed from the borrowings note less cash at bank and in hand from the balance sheet.",255362000.0,1.1823,1.117737,1.3215,1.374914,"ONS average sterling exchange rates: THAP (GBP/EUR) and AUSS (GBP/USD), UK trade time series (MRET), accessed 2026-08-11","ONS CPI INDEX 00: ALL ITEMS 2015=100 (D7BT), accessed 2026-08-11",Season factors use the mean of the two surrounding ONS annual averages for calendar years 2016 and 2017.,True,473375000.0,650849914.75,769499854.208925,625565062.5,860098162.3421249,51868000.0,71314039.352,84314588.7258696,68543562.0,94241503.003668,203494000.0,279786749.516,330791873.9527668,268917321.0,369738189.485394,218013000.0,299749125.88199997,354393391.5302886,288104179.5,396118469.853063,255362000.0,351100788.868,301914492.59999996,415106462.6786363,337460883.0,463979692.489062,264133000.0,363160159.562,312284445.9,429364256.65015256,349051759.5,479916150.861183,47616000.0,65467905.024,77402704.10987519,62924543.99999999,86515836.48921598,121742000.0,167384780.188,143935566.6,197899025.6162724,160882053.0,221198987.018442,34563000.0,47521152.582,40863834.9,56184258.69769859,45675004.5,62799203.137113,104000.0,142991.05599999998,169058.3255088,137436.0,188962.680504,2025/26 prices,,,,0.5579783469764985,0.10957063638764193,0.4298790599419065,0.4605503036704515,True,True,True,True
premier_league,Premier League,manchester_city,Manchester City,2017/18,2017,2018,317500000.0,91350000.0,226150000.0,31,32,transfermarkt_club_page,https://www.transfermarkt.com/manchester-city/transfers/verein/281/saison_id/2017,2026-04-27T18:15:37.402257+00:00,high,,1.0,Pep Guardiola,"[""pep_guardiola_18-01-1971""]",pep_guardiola_18-01-1971,Pep Guardiola,1.0,365.0,2016-07-01,,587.0,420.0,75.0,92.0,2.27,transfermarkt_manager_history_page,https://www.transfermarkt.com/manchester-city/mitarbeiterhistorie/verein/281/personalie_id/1/plus/1,2026-04-27T18:42:54.735190+00:00,high,Manager spell appears ongoing on the collection date. Ongoing manager spell; overlap calculated through the collection date or season end.,3.0,2.0,Champions League Participant | English Champion | English League Cup winner,English Champion | English League Cup winner,transfermarkt_achievements_page,https://www.transfermarkt.com/manchester-city/erfolge/verein/281,2026-04-28T07:46:02.709517+00:00,high,,Champions League Participant (participant) | English Champion (winner) | English League Cup winner (winner),uefa_champions_league | league_title | league_cup,English Champion (winner) | English League Cup winner (winner),1.0,100.0,32.0,4.0,2.0,106.0,27.0,79.0,premier_league_raw_table,https://en.wikipedia.org/wiki/2017%E2%80%9318_Premier_League,,Raw Premier League season table CSV,medium,League table data loaded from raw Premier League CSV files.,2018-06-30,GBP,full pounds (converted from GBP thousands disclosed in report),500456000.0,56621000.0,211520000.0,232315000.0,,,39057000.0,259634000.0,38102000.0,134284000.0,39057000.0,10438000.0,568467970.4,64315793.9,240265567.99999997,263886608.49999997,,43280061.8,11856524.2,,,500456000.0,0.0,"[12, 13, 26, 25, 27, 32]","Manchester City discloses matchday, broadcasting, and commercial revenue directly in the annual accounts, with broadcasting split between UEFA and all-other lines that have been combined here. Player-trading profit is disclosed separately and excluded from football revenue.",Women's team revenue is not separately disclosed in the report.,"Other commercial activities may include hospitality, sponsorship, concerts, conferences, and events within the club's commercial operations.",high,True,Full accounts made up to 30 June 2018,https://find-and-update.company-information.service.gov.uk/company/00040946/filing-history/MzIzMTA0NjA0N2FkaXF6a2N4/document?format=pdf&download=0,"Values in the annual report were disclosed in GBP thousands and have been converted here into full GBP amounts by multiplying by 1,000. The prior period covered 13 months, so the comparative season is not fully comparable. Net debt has been computed from borrowings in the finance lease note less cash at bank and in hand from the balance sheet.",268141000.0,1.1359,1.154943,1.3119,1.340755,"ONS average sterling exchange rates: THAP (GBP/EUR) and AUSS (GBP/USD), UK trade time series (MRET), accessed 2026-08-11","ONS CPI INDEX 00: ALL ITEMS 2015=100 (D7BT), accessed 2026-08-11",Season factors use the mean of the two surrounding ONS annual averages for calendar years 2017 and 2018.,True,500456000.0,670988884.28,762176273.653652,656548226.4,880270317.2869319,56621000.0,75914888.85499999,86231722.2503945,74281089.9,99592742.6888745,211520000.0,283596497.59999996,322137261.6238399,277493088.0,372050245.20144,232315000.0,311477497.825,353807289.77941746,304774048.5,408627329.3966175,268141000.0,359511386.455,304581361.9,408368983.87423444,351774177.90000004,471642987.8903145,259634000.0,348105583.66999996,294918260.59999996,395413132.49075294,340613844.6,456679715.216673,38102000.0,51085447.01,58027959.25865899,49986013.800000004,67018997.932419,134284000.0,180041944.42,152533195.6,204509644.66667798,176167179.6,236197026.884598,39057000.0,52365868.035,44364846.3,59482389.50095649,51238878.300000004,68698782.2751165,10438000.0,13994800.69,15896694.103770997,13693612.200000001,18359779.025211,2025/26 prices,,,,0.5187948590885112,0.11313881739853254,0.4226545390603769,0.4642066435410905,True,True,True,True
premier_league,Premier League,manchester_city,Manchester City,2018/19,2018,2019,78590000.0,57600000.0,20990000.0,19,22,transfermarkt_club_page,https://www.transfermarkt.com/manchester-city/transfers/verein/281/saison_id/2018,2026-04-27T18:15:39.557402+00:00,high,,1.0,Pep Guardiola,"[""pep_guardiola_18-01-1971""]",pep_guardiola_18-01-1971,Pep Guardiola,1.0,365.0,2016-07-01,,587.0,420.0,75.0,92.0,2.27,transfermarkt_manager_history_page,https://www.transfermarkt.com/manchester-city/mitarbeiterhistorie/verein/281/personalie_id/1/plus/1,2026-04-27T18:42:54.735190+00:00,high,Manager spell appears ongoing on the collection date. Ongoing manager spell; overlap calculated through the collection date or season end.,5.0,4.0,Champions League Participant | English Champion | English League Cup winner | English Supercup Winner | FA Cup Winner,English Champion | English League Cup winner | English Supercup Winner | FA Cup Winner,transfermarkt_achievements_page,https://www.transfermarkt.com/manchester-city/erfolge/verein/281,2026-04-28T07:46:02.709517+00:00,high,,Champions League Participant (participant) | English Champion (winner) | English League Cup winner (winner) | English Supercup Winner (winner) | FA Cup Winner (winner),uefa_champions_league | league_title | league_cup | super_cup | fa_cup,English Champion (winner) | English League Cup winner (winner) | English Supercup Winner (winner) | FA Cup Winner (winner),1.0,98.0,32.0,2.0,4.0,95.0,23.0,72.0,premier_league_raw_table,https://en.wikipedia.org/wiki/2018%E2%80%9319_Premier_League,,Raw Premier League season table CSV,medium,League table data loaded from raw Premier League CSV files.,2019-06-30,GBP,full pounds (converted from GBP thousands disclosed in report),535169000.0,55007000.0,253176000.0,226986000.0,,,38787000.0,315257000.0,-64282000.0,126561000.0,38787000.0,10079000.0,607684399.5,62460448.5,287481348.0,257742603.0,,-72992211.0,11444704.5,,,535169000.0,0.0,"[12, 13, 25, 27, 32]","Manchester City discloses matchday, broadcasting, and commercial revenue directly in the annual accounts, with broadcasting split between UEFA and all-other lines that have been combined here. Player-trading profit is disclosed separately and excluded from football revenue.",Women's team revenue is not separately disclosed in the report.,"Other commercial activities may include sponsorship, hospitality, and other club commercial operations. The report also notes an IFRS 15 presentation change affecting catering revenue recognition.",high,True,Full accounts made up to 30 June 2019,https://find-and-update.company-information.service.gov.uk/company/00040946/filing-history/MzI2NjY0NzkxMmFkaXF6a2N4/document?format=pdf&download=0,"Values in the annual report were disclosed in GBP thousands and have been converted here into full GBP amounts by multiplying by 1,000. Net debt has been computed from finance lease borrowings less cash at bank and in hand from the balance sheet.",308183000.0,1.1355,1.149978,1.3058,1.313149,"ONS average sterling exchange rates: THAP (GBP/EUR) and AUSS (GBP/USD), UK trade time series (MRET), accessed 2026-08-11","ONS CPI INDEX 00: ALL ITEMS 2015=100 (D7BT), accessed 2026-08-11",Season factors use the mean of the two surrounding ONS annual averages for calendar years 2018 and 2019.,True,535169000.0,702756637.181,797980161.5190254,698823680.2,917659616.8309498,55007000.0,72232387.043,82019875.48732649,71828140.60000001,94321051.00074941,253176000.0,332457811.224,377505844.644852,330597220.8,434123409.8962992,226986000.0,298066438.914,338454441.38684696,296398318.8,389215155.9339012,308183000.0,404690198.26699996,349941796.5,459525720.1321785,402425361.40000004,528444460.8970486,315257000.0,413979414.293,357974323.5,470073624.92970145,411662590.6,540574319.1837994,-64282000.0,-84411844.01799999,-95849648.88243899,-83939435.60000001,-110224985.9187044,126561000.0,166193450.589,143710015.5,188712663.1438095,165263353.8,217015407.7791162,38787000.0,50933110.263,44042638.5,57834546.7036365,50648064.6,66508455.381425396,10079000.0,13235228.771,15028602.269470498,13161158.200000001,17282561.7291718,2025/26 prices,,,,0.5890793375550527,0.10278435410122784,0.47307672903325865,0.4241389168655135,True,True,True,True
premier_league,Premier League,manchester_city,Manchester City,2019/20,2019,2020,169820000.0,71000000.0,98820000.0,25,26,transfermarkt_club_page,https://www.transfermarkt.com/manchester-city/transfers/verein/281/saison_id/2019,2026-04-27T18:15:41.562015+00:00,high,,1.0,Pep Guardiola,"[""pep_guardiola_18-01-1971""]",pep_guardiola_18-01-1971,Pep Guardiola,1.0,366.0,2016-07-01,,587.0,420.0,75.0,92.0,2.27,transfermarkt_manager_history_page,https://www.transfermarkt.com/manchester-city/mitarbeiterhistorie/verein/281/personalie_id/1/plus/1,2026-04-27T18:42:54.735190+00:00,high,Manager spell appears ongoing on the collection date. Ongoing manager spell; overlap calculated through the collection date or season end.,3.0,2.0,Champions League Participant | English League Cup winner | English Supercup Winner,English League Cup winner | English Supercup Winner,transfermarkt_achievements_page,https://www.transfermarkt.com/manchester-city/erfolge/verein/281,2026-04-28T07:46:02.709517+00:00,high,,Champions League Participant (participant) | English League Cup winner (winner) | English Supercup Winner (winner),uefa_champions_league | league_cup | super_cup,English League Cup winner (winner) | English Supercup Winner (winner),2.0,81.0,26.0,3.0,9.0,102.0,35.0,67.0,premier_league_raw_table,https://en.wikipedia.org/wiki/2019%E2%80%9320_Premier_League,,Raw Premier League season table CSV,medium,League table data loaded from raw Premier League CSV files.,2020-06-30,GBP,full pounds (converted from GBP thousands disclosed in report),478359000.0,41694000.0,190324000.0,246341000.0,,,39803000.0,351412000.0,47333000.0,145820000.0,39803000.0,-125120000.0,541861157.25,47228878.5,215589511.0,279042767.75,,53616455.75,-141729680.0,,,478359000.0,0.0,"[13, 14, 27, 28, 33]","Manchester City discloses matchday, broadcasting, and commercial revenue directly in the annual accounts, with broadcasting split between UEFA and all-other lines that have been combined here. Player-trading profit is disclosed separately and excluded from football revenue.",Women's team revenue is not separately disclosed in the report.,"Other commercial activities may include sponsorship, hospitality, and other club commercial operations.",high,True,Full accounts made up to 30 June 2020,https://find-and-update.company-information.service.gov.uk/company/00040946/filing-history/MzMwNTY0NzkwNmFkaXF6a2N4/document?format=pdf&download=0,"Values in the annual report were disclosed in GBP thousands and have been converted here into full GBP amounts by multiplying by 1,000. COVID-19 materially affected this season and delayed the completion of football competitions. Net debt has been computed from lease liabilities less cash at bank and in hand from the balance sheet.",232018000.0,1.13275,1.130126,1.28015,1.296166,"ONS average sterling exchange rates: THAP (GBP/EUR) and AUSS (GBP/USD), UK trade time series (MRET), accessed 2026-08-11","ONS CPI INDEX 00: ALL ITEMS 2015=100 (D7BT), accessed 2026-08-11",Season factors use the mean of the two surrounding ONS annual averages for calendar years 2019 and 2020.,True,478359000.0,620032671.594,702342008.7481035,612371273.8499999,793734824.5410589,41694000.0,54042345.203999996,61216466.529831,53374574.099999994,69182308.2129006,190324000.0,246691497.78399998,279439794.11482596,243643268.6,315802120.8881876,246341000.0,319298828.606,361685748.1034465,315353431.15,408750395.43997085,232018000.0,300733842.988,262818389.49999997,340656260.64465696,297017842.7,384984429.10108817,351412000.0,455488286.39199996,398061943.0,515954356.41053796,449860071.79999995,583093329.8247187,47333000.0,61351425.278,69495826.9836545,60593339.949999996,78539027.0696317,145820000.0,189006926.11999997,165177605.0,214097595.56243,186671473.0,241957216.472518,39803000.0,51591295.298,45086848.25,58440039.748809494,50953810.449999996,66044596.67573469,-125120000.0,-162176289.92,-183705192.40688,-160172368.0,-207609977.54108799,2025/26 prices,,,,0.7346198148252672,0.08716047989062607,0.39786854642642866,0.5149709736829452,True,True,True,True
premier_league,Premier League,manchester_city,Manchester City,2020/21,2020,2021,173400000.0,64000000.0,109400000.0,27,27,transfermarkt_club_page,https://www.transfermarkt.com/manchester-city/transfers/verein/281/saison_id/2020,2026-04-27T18:15:43.857384+00:00,high,,1.0,Pep Guardiola,"[""pep_guardiola_18-01-1971""]",pep_guardiola_18-01-1971,Pep Guardiola,1.0,365.0,2016-07-01,,587.0,420.0,75.0,92.0,2.27,transfermarkt_manager_history_page,https://www.transfermarkt.com/manchester-city/mitarbeiterhistorie/verein/281/personalie_id/1/plus/1,2026-04-27T18:42:54.735190+00:00,high,Manager spell appears ongoing on the collection date. Ongoing manager spell; overlap calculated through the collection date or season end.,4.0,3.0,Champions League Participant | Champions League runner-up | English Champion | English League Cup winner,Champions League runner-up | English Champion | English League Cup winner,transfermarkt_achievements_page,https://www.transfermarkt.com/manchester-city/erfolge/verein/281,2026-04-28T07:46:02.709517+00:00,high,,Champions League Participant (participant) | Champions League runner-up (winner) | English Champion (winner) | English League Cup winner (winner),uefa_champions_league | league_title | league_cup,Champions League runner-up (winner) | English Champion (winner) | English League Cup winner (winner),1.0,86.0,27.0,5.0,6.0,83.0,32.0,51.0,premier_league_raw_table,https://en.wikipedia.org/wiki/2020%E2%80%9321_Premier_League,,Raw Premier League season table CSV,medium,League table data loaded from raw Premier League CSV files.,2021-06-30,GBP,full pounds (converted from GBP thousands disclosed in report),569849000.0,732000.0,297448000.0,271669000.0,,,68545000.0,354689000.0,19613000.0,145697000.0,68545000.0,5048000.0,651992733.35,837517.8,340325129.2,310830086.35,,22440213.95,5775669.2,,,569849000.0,0.0,"[13, 14, 26, 27, 32]","Manchester City discloses matchday, broadcasting, and commercial revenue directly in the annual accounts, with broadcasting split between UEFA and all-other lines that have been combined here. Player-trading profit is disclosed separately and excluded from football revenue.",Women's team revenue is not separately disclosed in the report.,"Other commercial activities may include sponsorship, hospitality, and other club commercial operations.",high,True,Full accounts made up to 30 June 2021,https://find-and-update.company-information.service.gov.uk/company/00040946/filing-history/MzMzMTg5NTkwN2FkaXF6a2N4/document?format=pdf&download=0,"Values in the annual report were disclosed in GBP thousands and have been converted here into full GBP amounts by multiplying by 1,000. Matchday revenue was almost eliminated by pandemic restrictions. Net debt has been computed from lease liabilities less cash at bank and in hand from the balance sheet.",298180000.0,1.14415,1.162173,1.3297,1.273808,"ONS average sterling exchange rates: THAP (GBP/EUR) and AUSS (GBP/USD), UK trade time series (MRET), accessed 2026-08-11","ONS CPI INDEX 00: ALL ITEMS 2015=100 (D7BT), accessed 2026-08-11",Season factors use the mean of the two surrounding ONS annual averages for calendar years 2020 and 2021.,True,569849000.0,725878214.992,830513559.6830969,757728215.3000001,965200262.4748626,732000.0,932427.456,1066836.8737824,973340.4,1239848.7882432002,297448000.0,378891641.984,433508872.1759936,395516605.6,503812216.3461248,271669000.0,346054145.552,395937850.63332087,361238269.3,460148197.34049445,298180000.0,379824069.44,341162647.0,434575709.049776,396489946.00000006,505052065.1343681,354689000.0,451805685.712,405817419.35,516933475.30738485,471629963.3,600766020.2912464,19613000.0,24983196.304,28584524.0512216,26079406.1,33220156.125428803,145697000.0,185590004.176,166699222.55,212342803.27797043,193733300.9,246779028.5528272,68545000.0,87313169.36,78425761.75,99899362.72324401,91144286.5,116100321.297992,5048000.0,6430182.784,7357093.632313601,6712325.600000001,8550214.047884801,2025/26 prices,,,,0.6224262918773219,0.0012845508196030878,0.5219768745755454,0.4767385746048515,True,True,True,True
premier_league,Premier League,manchester_city,Manchester City,2021/22,2021,2022,138900000.0,93800000.0,45100000.0,22,24,transfermarkt_club_page,https://www.transfermarkt.com/manchester-city/transfers/verein/281/saison_id/2021,2026-04-27T18:15:45.906664+00:00,high,,1.0,Pep Guardiola,"[""pep_guardiola_18-01-1971""]",pep_guardiola_18-01-1971,Pep Guardiola,1.0,365.0,2016-07-01,,587.0,420.0,75.0,92.0,2.27,transfermarkt_manager_history_page,https://www.transfermarkt.com/manchester-city/mitarbeiterhistorie/verein/281/personalie_id/1/plus/1,2026-04-27T18:42:54.735190+00:00,high,Manager spell appears ongoing on the collection date. Ongoing manager spell; overlap calculated through the collection date or season end.,2.0,1.0,Champions League Participant | English Champion,English Champion,transfermarkt_achievements_page,https://www.transfermarkt.com/manchester-city/erfolge/verein/281,2026-04-28T07:46:02.709517+00:00,high,,Champions League Participant (participant) | English Champion (winner),uefa_champions_league | league_title,English Champion (winner),1.0,93.0,29.0,6.0,3.0,99.0,26.0,73.0,premier_league_raw_table,https://en.wikipedia.org/wiki/2021%E2%80%9322_Premier_League,,Raw Premier League season table CSV,medium,League table data loaded from raw Premier League CSV files.,2022-06-30,GBP,full pounds (converted from GBP thousands disclosed in report),613014000.0,54482000.0,249060000.0,309472000.0,,,67699000.0,353881000.0,-13450000.0,140708000.0,67699000.0,41726000.0,716153605.5,63648596.5,290964345.0,361540664.0,,-15712962.5,48746399.5,,,613014000.0,0.0,"[13, 14, 26, 27, 32]","Manchester City discloses matchday, broadcasting, and commercial revenue directly in the annual accounts, with broadcasting split between UEFA and all-other lines that have been combined here. Player-trading profit is disclosed separately and excluded from football revenue.",Women's team revenue is not separately disclosed in the report.,"Other commercial activities may include sponsorship, hospitality, and other club commercial operations.",high,True,Full accounts made up to 30 June 2022,https://find-and-update.company-information.service.gov.uk/company/00040946/filing-history/MzM3NDk5MzUyNmFkaXF6a2N4/document?download=0&format=pdf,"Values in the annual report were disclosed in GBP thousands and have been converted here into full GBP amounts by multiplying by 1,000. The report cautions that comparisons with the prior year should be read carefully because the prior year remained affected by COVID-19 disruption. Net debt has been computed from lease liabilities less cash at bank and in hand from the balance sheet.",303542000.0,1.16825,1.117869,1.30595,1.202829,"ONS average sterling exchange rates: THAP (GBP/EUR) and AUSS (GBP/USD), UK trade time series (MRET), accessed 2026-08-11","ONS CPI INDEX 00: ALL ITEMS 2015=100 (D7BT), accessed 2026-08-11",Season factors use the mean of the two surrounding ONS annual averages for calendar years 2021 and 2022.,True,613014000.0,737351016.606,861410325.1499594,800565633.3,962943560.1366056,54482000.0,65532529.577999994,76558377.6794985,71150767.89999999,85582207.00238909,249060000.0,299576590.74,349980352.132005,325259907.0,391232048.67690295,309472000.0,372241896.288,434871595.338456,404154958.4,486129304.45731354,303542000.0,365109120.31799996,354612941.5,426538729.81150347,396410674.9,476814255.679292,353881000.0,425658329.349,413421478.25,497275343.2619692,462150891.95,555888495.2133265,-13450000.0,-16178050.049999999,-18900006.970912497,-17565027.5,-21127724.4627975,140708000.0,169247662.93199998,164382121.0,197723582.220309,183757612.6,221028985.40604538,67699000.0,81430320.471,79089356.75,95130971.89024575,88411509.05,106343927.01910244,41726000.0,50189242.853999995,58633582.9641855,54492069.699999996,65544641.70518129,2025/26 prices,,,,0.5772804536274865,0.0888756211114265,0.4062876214898844,0.504836757398689,True,True,True,True
premier_league,Premier League,manchester_city,Manchester City,2022/23,2022,2023,155000000.0,162170000.0,-7170000.0,29,24,transfermarkt_club_page,https://www.transfermarkt.com/manchester-city/transfers/verein/281/saison_id/2022,2026-04-27T18:15:47.522796+00:00,high,,1.0,Pep Guardiola,"[""pep_guardiola_18-01-1971""]",pep_guardiola_18-01-1971,Pep Guardiola,1.0,365.0,2016-07-01,,587.0,420.0,75.0,92.0,2.27,transfermarkt_manager_history_page,https://www.transfermarkt.com/manchester-city/mitarbeiterhistorie/verein/281/personalie_id/1/plus/1,2026-04-27T18:42:54.735190+00:00,high,Manager spell appears ongoing on the collection date. Ongoing manager spell; overlap calculated through the collection date or season end.,4.0,3.0,Champions League Participant | English Champion | FA Cup Winner | UEFA Champions League winner,English Champion | FA Cup Winner | UEFA Champions League winner,transfermarkt_achievements_page,https://www.transfermarkt.com/manchester-city/erfolge/verein/281,2026-04-28T07:46:02.709517+00:00,high,,Champions League Participant (participant) | English Champion (winner) | FA Cup Winner (winner) | UEFA Champions League winner (winner),uefa_champions_league | league_title | fa_cup,English Champion (winner) | FA Cup Winner (winner) | UEFA Champions League winner (winner),1.0,89.0,28.0,5.0,5.0,94.0,33.0,61.0,premier_league_raw_table,https://en.wikipedia.org/wiki/2022%E2%80%9323_Premier_League,,Raw Premier League season table CSV,medium,League table data loaded from raw Premier League CSV files.,2023-06-30,GBP,full pounds (converted from GBP thousands disclosed in report),712768000.0,71914000.0,299410000.0,341444000.0,,,121720000.0,422895000.0,-15425000.0,145448000.0,121720000.0,80371000.0,827951308.8,83535302.39999999,347794656.0,396621350.4,,-17917680.0,93358953.6,,,712768000.0,0.0,"[14, 15, 27, 28, 33]","Manchester City discloses matchday, broadcasting, and commercial revenue directly in the annual accounts, with broadcasting split between UEFA and all-other lines that have been combined here. Player-trading profit is disclosed separately and excluded from football revenue.",Women's team revenue is not separately disclosed in the report.,"Other commercial activities may include sponsorship, hospitality, and other club commercial operations.",high,True,Full accounts made up to 30 June 2023,https://find-and-update.company-information.service.gov.uk/company/00040946/filing-history/MzQxNjQwNDE4NmFkaXF6a2N4/document?download=0&format=pdf,"Values in the annual report were disclosed in GBP thousands and have been converted here into full GBP amounts by multiplying by 1,000. Net debt has been computed from lease liabilities less cash at bank and in hand from the balance sheet.",371324000.0,1.1616,1.067321,1.2398,1.112688,"ONS average sterling exchange rates: THAP (GBP/EUR) and AUSS (GBP/USD), UK trade time series (MRET), accessed 2026-08-11","ONS CPI INDEX 00: ALL ITEMS 2015=100 (D7BT), accessed 2026-08-11",Season factors use the mean of the two surrounding ONS annual averages for calendar years 2022 and 2023.,True,712768000.0,793088400.384,921251485.8860543,883689766.4,983270998.7960831,71914000.0,80017844.83199999,92948728.55685118,89158977.2,99206124.0227136,299410000.0,333149914.08,386986940.19532794,371208518.0,413039263.476384,341444000.0,379920641.47199994,441315817.13387513,423322271.2,471025611.29698557,371324000.0,413167758.91199994,431329958.4,479935668.75217915,460367495.2,512245387.4990975,422895000.0,470550191.75999993,491234832.0,546591102.748416,524305221.0,583388127.744048,-15425000.0,-17163212.4,-19936787.52384,-19123915.0,-21278950.733519997,145448000.0,161838244.22399998,168952396.79999998,187991304.49059835,180326430.4,200647055.1889152,121720000.0,135436383.35999998,141389952.0,157322902.910976,150908456.0,167914028.089728,80371000.0,89427847.248,103879387.36327678,99643965.8,110872645.01807038,2025/26 prices,,,,0.5933136728921613,0.10089397952770045,0.42006655742120863,0.47903946305109096,True,True,True,True
premier_league,Premier League,manchester_city,Manchester City,2023/24,2023,2024,259600000.00000003,138800000.0,120800000.00000004,19,21,transfermarkt_club_page,https://www.transfermarkt.com/manchester-city/transfers/verein/281/saison_id/2023,2026-04-27T18:15:49.589337+00:00,high,,1.0,Pep Guardiola,"[""pep_guardiola_18-01-1971""]",pep_guardiola_18-01-1971,Pep Guardiola,1.0,366.0,2016-07-01,,587.0,420.0,75.0,92.0,2.27,transfermarkt_manager_history_page,https://www.transfermarkt.com/manchester-city/mitarbeiterhistorie/verein/281/personalie_id/1/plus/1,2026-04-27T18:42:54.735190+00:00,high,Manager spell appears ongoing on the collection date. Ongoing manager spell; overlap calculated through the collection date or season end.,5.0,2.0,Champions League Participant | English Champion | FA Cup Runner up | FIFA Club World Cup Participant | UEFA Supercup Winner,English Champion | UEFA Supercup Winner,transfermarkt_achievements_page,https://www.transfermarkt.com/manchester-city/erfolge/verein/281,2026-04-28T07:46:02.709517+00:00,high,,Champions League Participant (participant) | English Champion (winner) | FA Cup Runner up (runner_up) | FIFA Club World Cup Participant (participant) | UEFA Supercup Winner (winner),uefa_champions_league | league_title | fa_cup | club_world_cup | super_cup,English Champion (winner) | UEFA Supercup Winner (winner),1.0,91.0,28.0,7.0,3.0,96.0,34.0,62.0,premier_league_raw_table,https://en.wikipedia.org/wiki/2023%E2%80%9324_Premier_League,,Raw Premier League season table CSV,medium,League table data loaded from raw Premier League CSV files.,2024-06-30,GBP,full pounds (converted from GBP thousands disclosed in report),715019000.0,75607000.0,294731000.0,344681000.0,,,139009000.0,412573000.0,9577000.0,165094000.0,139009000.0,73757000.0,833533399.25,88138860.25,343582663.25,401811875.75,,11164387.75,85982222.75,,,715019000.0,0.0,"[14, 15, 27, 28, 33]","Manchester City discloses matchday, broadcasting, and commercial revenue directly in the annual accounts, with broadcasting split between UEFA and all-other lines that have been combined here. Player-trading profit is disclosed separately and excluded from football revenue.",Women's team revenue is not separately disclosed in the report.,"Other commercial activities may include sponsorship, hospitality, and other club commercial operations.",high,True,Full accounts made up to 30 June 2024,https://find-and-update.company-information.service.gov.uk/company/00040946/filing-history/MzQ1NzU3NzIwNWFkaXF6a2N4/document?download=0&format=pdf,"Values in the annual report were disclosed in GBP thousands and have been converted here into full GBP amounts by multiplying by 1,000. Net debt has been computed from lease liabilities less cash at bank and in hand from the balance sheet.",370338000.0,1.16575,1.081578,1.26085,1.061346,"ONS average sterling exchange rates: THAP (GBP/EUR) and AUSS (GBP/USD), UK trade time series (MRET), accessed 2026-08-11","ONS CPI INDEX 00: ALL ITEMS 2015=100 (D7BT), accessed 2026-08-11",Season factors use the mean of the two surrounding ONS annual averages for calendar years 2023 and 2024.,True,715019000.0,758882555.5739999,884667339.1603904,901531706.15,956837070.1954778,75607000.0,80245187.022,93545826.7708965,95329085.95,101177144.0566887,294731000.0,312811567.926,364660085.30973446,371611581.35,394408465.4194971,344681000.0,365825800.626,426461427.0797595,434591038.85,461251460.7192921,370338000.0,393056754.94799995,431721523.5,458205912.08063096,466940667.3,495585609.47618574,412573000.0,437882703.25799996,480956974.75,510461761.3230134,520192667.05,552104406.4028493,9577000.0,10164510.641999999,11849278.2809115,12075160.450000001,12815923.2429657,165094000.0,175221856.524,192458330.5,204264879.242853,208158769.9,220928477.7982854,139009000.0,147536646.114,162049741.75,171990845.2073955,175269497.65,186021580.25283688,73757000.0,78281696.92199999,91256888.18682149,92996513.45,98701477.5641037,2025/26 prices,,,,0.5770098416965144,0.1057412460368186,0.41220023523850413,0.48205851872467725,True,True,True,True
premier_league,Premier League,manchester_city,Manchester City,2024/25,2024,2025,243000000.0,141700000.0,101300000.0,15,13,transfermarkt_club_page,https://www.transfermarkt.com/manchester-city/transfers/verein/281/saison_id/2024,2026-04-27T18:15:51.494627+00:00,high,,1.0,Pep Guardiola,"[""pep_guardiola_18-01-1971""]",pep_guardiola_18-01-1971,Pep Guardiola,1.0,365.0,2016-07-01,,587.0,420.0,75.0,92.0,2.27,transfermarkt_manager_history_page,https://www.transfermarkt.com/manchester-city/mitarbeiterhistorie/verein/281/personalie_id/1/plus/1,2026-04-27T18:42:54.735190+00:00,high,Manager spell appears ongoing on the collection date. Ongoing manager spell; overlap calculated through the collection date or season end.,4.0,2.0,Champions League Participant | English Supercup Winner | FIFA Club World Cup Participant | FIFA Club World Cup winner,English Supercup Winner | FIFA Club World Cup winner,transfermarkt_achievements_page,https://www.transfermarkt.com/manchester-city/erfolge/verein/281,2026-04-28T07:46:02.709517+00:00,medium,Assigned season derived from achievement season label '2024' using method 'calendar_year_mapped_to_start_year_season'.,Champions League Participant (participant) | English Supercup Winner (winner) | FIFA Club World Cup Participant (participant) | FIFA Club World Cup winner (winner),uefa_champions_league | super_cup | club_world_cup,English Supercup Winner (winner) | FIFA Club World Cup winner (winner),3.0,71.0,21.0,8.0,9.0,72.0,44.0,28.0,premier_league_raw_table,https://en.wikipedia.org/wiki/2024%E2%80%9325_Premier_League,,Raw Premier League season table CSV,medium,League table data loaded from raw Premier League CSV files.,2025-06-30,GBP,full pounds (converted from GBP thousands disclosed in report),694094000.0,75084000.0,278627000.0,340383000.0,,,95210000.0,408403000.0,-104058000.0,169546000.0,95210000.0,-9916000.0,815143993.6,88178649.60000001,327219548.8,399745795.20000005,,-122205715.20000002,-11645350.4,,,694094000.0,0.0,"[15, 16, 28, 29, 35]","Manchester City discloses matchday, broadcasting, and commercial revenue directly in the annual accounts, with broadcasting split between UEFA and all-other lines that have been combined here. Player-trading profit is disclosed separately and excluded from football revenue.",Women's team revenue is not separately disclosed in the report.,"Other commercial activities may include sponsorship, hospitality, and outsourced retail operations presented on a net basis.",high,True,Full accounts made up to 30 June 2025,https://find-and-update.company-information.service.gov.uk/company/00040946/filing-history/MzUwODQ0MDY0MmFkaXF6a2N4/document?download=0&format=pdf,"Values in the annual report were disclosed in GBP thousands and have been converted here into full GBP amounts by multiplying by 1,000. Apart from Club World Cup related income derived in the USA, the revenue note states that revenue originated in the United Kingdom. Net debt has been computed from lease liabilities less cash at bank and in hand from the balance sheet.",353711000.0,1.1744,1.105586,1.2984,1.030555,"ONS average sterling exchange rates: THAP (GBP/EUR) and AUSS (GBP/USD), UK trade time series (MRET), accessed 2026-08-11","ONS CPI INDEX 00: ALL ITEMS 2015=100 (D7BT), accessed 2026-08-11",Season factors use the mean of the two surrounding ONS annual averages for calendar years 2024 and 2025.,True,694094000.0,715302042.1700001,840050718.3244481,901211649.6,928748171.5535281,75084000.0,77378191.62,90872948.23852801,97489065.6,100467843.999408,278627000.0,287140447.985,337217742.11358404,361769296.8,372823157.66372406,340383000.0,350783402.56500006,411960027.9723361,441953287.2,455457169.89039606,353711000.0,364518639.605,415398198.40000004,428090690.35211205,459258362.4,473291001.663132,408403000.0,420881753.665,479628483.20000005,494283531.5041761,530270455.2,546472868.958636,-104058000.0,-107237492.19000001,-125939710.82793604,-135108907.2,-139237159.859496,169546000.0,174726478.03000003,199114822.4,205198775.79843202,220138526.4,226864859.07415202,95210000.0,98119141.55000001,111814624.00000001,115231119.83632003,123620664.0,127397893.38852002,-9916000.0,-10218983.38,-12001174.081472002,-12874934.4,-13268328.020592002,2025/26 prices,,,,0.5883972487876282,0.10817554970940536,0.4014254553417837,0.490398994948811,True,True,True,True
premier_league,Premier League,manchester_city,Manchester City,2025/26,2025,2026,301800000.0,102280000.0,199520000.0,21,20,transfermarkt_club_page,https://www.transfermarkt.com/manchester-city/transfers/verein/281/saison_id/2025,2026-04-27T18:15:56.761956+00:00,high,,1.0,Pep Guardiola,"[""pep_guardiola_18-01-1971""]",pep_guardiola_18-01-1971,Pep Guardiola,0.8246575342465754,301.0,2016-07-01,,587.0,420.0,75.0,92.0,2.27,transfermarkt_manager_history_page,https://www.transfermarkt.com/manchester-city/mitarbeiterhistorie/verein/281/personalie_id/1/plus/1,2026-04-27T18:42:54.735190+00:00,high,Manager spell appears ongoing on the collection date. Ongoing manager spell; overlap calculated through the collection date or season end.,1.0,1.0,English League Cup winner,English League Cup winner,transfermarkt_achievements_page,https://www.transfermarkt.com/manchester-city/erfolge/verein/281,2026-04-28T07:46:02.709517+00:00,high,,English League Cup winner (winner),league_cup,English League Cup winner (winner),,,,,,,,,,,,,,,,,,,,,,,,,,,,,,,,,,,,,,,,,,,,,,,,,,,,,,,,,,,,,,,,,,,,,,,,,,,,,,,,,,,,,,,,,,,,,,,,,,,,,,,,,,,,,,,,,,,,,,,,,False,False,True,True
premier_league,Premier League,manchester_united,Manchester United,1990/91,1990,1991,1180000.0,236000.0,944000.0,17,11,transfermarkt_club_page,https://www.transfermarkt.com/manchester-united/transfers/verein/985/saison_id/1990,2026-04-27T18:16:00.240526+00:00,high,,1.0,Alex Ferguson,"[""alex_ferguson_31-12-1941""]",alex_ferguson_31-12-1941,Alex Ferguson,1.0,365.0,1986-11-06,2013-06-30,1499.0,902.0,326.0,271.0,2.02,transfermarkt_manager_history_page,https://www.transfermarkt.com/manchester-united/mitarbeiterhistorie/verein/985/personalie_id/1/plus/1,2026-04-27T18:42:56.688983+00:00,high,,3.0,2.0,Cup Winners Cup Winner | English League Cup runner-up | English Supercup Winner,Cup Winners Cup Winner | English Supercup Winner,transfermarkt_achievements_page,https://www.transfermarkt.com/manchester-united/erfolge/verein/985,2026-04-28T07:46:04.827964+00:00,high,,Cup Winners Cup Winner (winner) | English League Cup runner-up | English Supercup Winner (winner),other | league_cup | super_cup,Cup Winners Cup Winner (winner) | English Supercup Winner (winner),,,,,,,,,,,,,,,,,,,,,,,,,,,,,,,,,,,,,,,,,,,,,,,,,,,,,,,,,,,,,,,,,,,,,,,,,,,,,,,,,,,,,,,,,,,,,,,,,,,,,,,,,,,,,,,,,,,,,,,,,False,False,True,True
premier_league,Premier League,manchester_united,Manchester United,1991/92,1991,1992,3180000.0,58000.0,3122000.0,9,15,transfermarkt_club_page,https://www.transfermarkt.com/manchester-united/transfers/verein/985/saison_id/1991,2026-04-27T18:16:02.285837+00:00,high,,1.0,Alex Ferguson,"[""alex_ferguson_31-12-1941""]",alex_ferguson_31-12-1941,Alex Ferguson,1.0,366.0,1986-11-06,2013-06-30,1499.0,902.0,326.0,271.0,2.02,transfermarkt_manager_history_page,https://www.transfermarkt.com/manchester-united/mitarbeiterhistorie/verein/985/personalie_id/1/plus/1,2026-04-27T18:42:56.688983+00:00,high,,2.0,2.0,English League Cup winner | UEFA Supercup Winner,English League Cup winner | UEFA Supercup Winner,transfermarkt_achievements_page,https://www.transfermarkt.com/manchester-united/erfolge/verein/985,2026-04-28T07:46:04.827964+00:00,high,,English League Cup winner (winner) | UEFA Supercup Winner (winner),league_cup | super_cup,English League Cup winner (winner) | UEFA Supercup Winner (winner),,,,,,,,,,,,,,,,,,,,,,,,,,,,,,,,,,,,,,,,,,,,,,,,,,,,,,,,,,,,,,,,,,,,,,,,,,,,,,,,,,,,,,,,,,,,,,,,,,,,,,,,,,,,,,,,,,,,,,,,,False,False,True,True
premier_league,Premier League,manchester_united,Manchester United,1992/93,1992,1993,3530000.0,2220000.0,1310000.0,18,11,transfermarkt_club_page,https://www.transfermarkt.com/manchester-united/transfers/verein/985/saison_id/1992,2026-04-27T18:16:04.646135+00:00,high,Displayed arrivals sum (3530000) differs from parsed arrivals fee sum (3525000). Displayed departures sum (2220000) differs from parsed departures fee sum (2219000).,1.0,Alex Ferguson,"[""alex_ferguson_31-12-1941""]",alex_ferguson_31-12-1941,Alex Ferguson,1.0,365.0,1986-11-06,2013-06-30,1499.0,902.0,326.0,271.0,2.02,transfermarkt_manager_history_page,https://www.transfermarkt.com/manchester-united/mitarbeiterhistorie/verein/985/personalie_id/1/plus/1,2026-04-27T18:42:56.688983+00:00,high,,2.0,1.0,English Champion | UEFA Cup Participant,English Champion,transfermarkt_achievements_page,https://www.transfermarkt.com/manchester-united/erfolge/verein/985,2026-04-28T07:46:04.827964+00:00,high,,English Champion (winner) | UEFA Cup Participant (participant),league_title | fa_cup,English Champion (winner),,,,,,,,,,,,,,,,,,,,,,,,,,,,,,,,,,,,,,,,,,,,,,,,,,,,,,,,,,,,,,,,,,,,,,,,,,,,,,,,,,,,,,,,,,,,,,,,,,,,,,,,,,,,,,,,,,,,,,,,,False,False,True,True
premier_league,Premier League,manchester_united,Manchester United,1993/94,1993,1994,4400000.0,968000.0,3432000.0,7,10,transfermarkt_club_page,https://www.transfermarkt.com/manchester-united/transfers/verein/985/saison_id/1993,2026-04-27T18:16:06.794752+00:00,high,,1.0,Alex Ferguson,"[""alex_ferguson_31-12-1941""]",alex_ferguson_31-12-1941,Alex Ferguson,1.0,365.0,1986-11-06,2013-06-30,1499.0,902.0,326.0,271.0,2.02,transfermarkt_manager_history_page,https://www.transfermarkt.com/manchester-united/mitarbeiterhistorie/verein/985/personalie_id/1/plus/1,2026-04-27T18:42:56.688983+00:00,high,,5.0,3.0,Champions League Participant | English Champion | English League Cup runner-up | English Supercup Winner | FA Cup Winner,English Champion | English Supercup Winner | FA Cup Winner,transfermarkt_achievements_page,https://www.transfermarkt.com/manchester-united/erfolge/verein/985,2026-04-28T07:46:04.827964+00:00,high,,Champions League Participant (participant) | English Champion (winner) | English League Cup runner-up | English Supercup Winner (winner) | FA Cup Winner (winner),uefa_champions_league | league_title | league_cup | super_cup | fa_cup,English Champion (winner) | English Supercup Winner (winner) | FA Cup Winner (winner),,,,,,,,,,,,,,,,,,,,,,,,,,,,,,,,,,,,,,,,,,,,,,,,,,,,,,,,,,,,,,,,,,,,,,,,,,,,,,,,,,,,,,,,,,,,,,,,,,,,,,,,,,,,,,,,,,,,,,,,,False,False,True,True
premier_league,Premier League,manchester_united,Manchester United,1994/95,1994,1995,11820000.0,5080000.0,6740000.0,12,12,transfermarkt_club_page,https://www.transfermarkt.com/manchester-united/transfers/verein/985/saison_id/1994,2026-04-27T18:16:08.643219+00:00,high,Displayed departures sum (5080000) differs from parsed departures fee sum (5082000).,1.0,Alex Ferguson,"[""alex_ferguson_31-12-1941""]",alex_ferguson_31-12-1941,Alex Ferguson,1.0,365.0,1986-11-06,2013-06-30,1499.0,902.0,326.0,271.0,2.02,transfermarkt_manager_history_page,https://www.transfermarkt.com/manchester-united/mitarbeiterhistorie/verein/985/personalie_id/1/plus/1,2026-04-27T18:42:56.688983+00:00,high,,3.0,1.0,Champions League Participant | English Supercup Winner | FA Cup Runner up,English Supercup Winner,transfermarkt_achievements_page,https://www.transfermarkt.com/manchester-united/erfolge/verein/985,2026-04-28T07:46:04.827964+00:00,high,,Champions League Participant (participant) | English Supercup Winner (winner) | FA Cup Runner up (runner_up),uefa_champions_league | super_cup | fa_cup,English Supercup Winner (winner),,,,,,,,,,,,,,,,,,,,,,,,,,,,,,,,,,,,,,,,,,,,,,,,,,,,,,,,,,,,,,,,,,,,,,,,,,,,,,,,,,,,,,,,,,,,,,,,,,,,,,,,,,,,,,,,,,,,,,,,,False,False,True,True
premier_league,Premier League,manchester_united,Manchester United,1995/96,1995,1996,575000.0,20730000.0,-20155000.0,14,15,transfermarkt_club_page,https://www.transfermarkt.com/manchester-united/transfers/verein/985/saison_id/1995,2026-04-27T18:16:10.483841+00:00,high,Displayed departures sum (20730000) differs from parsed departures fee sum (20733000).,1.0,Alex Ferguson,"[""alex_ferguson_31-12-1941""]",alex_ferguson_31-12-1941,Alex Ferguson,1.0,366.0,1986-11-06,2013-06-30,1499.0,902.0,326.0,271.0,2.02,transfermarkt_manager_history_page,https://www.transfermarkt.com/manchester-united/mitarbeiterhistorie/verein/985/personalie_id/1/plus/1,2026-04-27T18:42:56.688983+00:00,high,,3.0,2.0,English Champion | FA Cup Winner | UEFA Cup Participant,English Champion | FA Cup Winner,transfermarkt_achievements_page,https://www.transfermarkt.com/manchester-united/erfolge/verein/985,2026-04-28T07:46:04.827964+00:00,high,,English Champion (winner) | FA Cup Winner (winner) | UEFA Cup Participant (participant),league_title | fa_cup,English Champion (winner) | FA Cup Winner (winner),,,,,,,,,,,,,,,,,,,,,,,,,,,,,,,,,,,,,,,,,,,,,,,,,,,,,,,,,,,,,,,,,,,,,,,,,,,,,,,,,,,,,,,,,,,,,,,,,,,,,,,,,,,,,,,,,,,,,,,,,False,False,True,True
premier_league,Premier League,manchester_united,Manchester United,1996/97,1996,1997,16530000.000000002,7430000.0,9100000.000000002,17,14,transfermarkt_club_page,https://www.transfermarkt.com/manchester-united/transfers/verein/985/saison_id/1996,2026-04-27T18:16:13.550490+00:00,high,Displayed departures sum (7430000) differs from parsed departures fee sum (7425000).,1.0,Alex Ferguson,"[""alex_ferguson_31-12-1941""]",alex_ferguson_31-12-1941,Alex Ferguson,1.0,365.0,1986-11-06,2013-06-30,1499.0,902.0,326.0,271.0,2.02,transfermarkt_manager_history_page,https://www.transfermarkt.com/manchester-united/mitarbeiterhistorie/verein/985/personalie_id/1/plus/1,2026-04-27T18:42:56.688983+00:00,high,,3.0,2.0,Champions League Participant | English Champion | English Supercup Winner,English Champion | English Supercup Winner,transfermarkt_achievements_page,https://www.transfermarkt.com/manchester-united/erfolge/verein/985,2026-04-28T07:46:04.827964+00:00,high,,Champions League Participant (participant) | English Champion (winner) | English Supercup Winner (winner),uefa_champions_league | league_title | super_cup,English Champion (winner) | English Supercup Winner (winner),,,,,,,,,,,,,,,,,,,,,,,,,,,,,,,,,,,,,,,,,,,,,,,,,,,,,,,,,,,,,,,,,,,,,,,,,,,,,,,,,,,,,,,,,,,,,,,,,,,,,,,,,,,,,,,,,,,,,,,,,False,False,True,True
premier_league,Premier League,manchester_united,Manchester United,1997/98,1997,1998,8250000.0,4830000.0,3420000.0,21,19,transfermarkt_club_page,https://www.transfermarkt.com/manchester-united/transfers/verein/985/saison_id/1997,2026-04-27T18:16:15.601795+00:00,high,Displayed departures sum (4830000) differs from parsed departures fee sum (4833000).,1.0,Alex Ferguson,"[""alex_ferguson_31-12-1941""]",alex_ferguson_31-12-1941,Alex Ferguson,1.0,365.0,1986-11-06,2013-06-30,1499.0,902.0,326.0,271.0,2.02,transfermarkt_manager_history_page,https://www.transfermarkt.com/manchester-united/mitarbeiterhistorie/verein/985/personalie_id/1/plus/1,2026-04-27T18:42:56.688983+00:00,high,,2.0,1.0,Champions League Participant | English Supercup Winner,English Supercup Winner,transfermarkt_achievements_page,https://www.transfermarkt.com/manchester-united/erfolge/verein/985,2026-04-28T07:46:04.827964+00:00,high,,Champions League Participant (participant) | English Supercup Winner (winner),uefa_champions_league | super_cup,English Supercup Winner (winner),,,,,,,,,,,,,,,,,,,,,,,,,,,,,,,,,,,,,,,,,,,,,,,,,,,,,,,,,,,,,,,,,,,,,,,,,,,,,,,,,,,,,,,,,,,,,,,,,,,,,,,,,,,,,,,,,,,,,,,,,False,False,True,True
premier_league,Premier League,manchester_united,Manchester United,1998/99,1998,1999,44750000.0,4500000.0,40250000.0,13,19,transfermarkt_club_page,https://www.transfermarkt.com/manchester-united/transfers/verein/985/saison_id/1998,2026-04-27T18:16:17.855495+00:00,high,,1.0,Alex Ferguson,"[""alex_ferguson_31-12-1941""]",alex_ferguson_31-12-1941,Alex Ferguson,1.0,365.0,1986-11-06,2013-06-30,1499.0,902.0,326.0,271.0,2.02,transfermarkt_manager_history_page,https://www.transfermarkt.com/manchester-united/mitarbeiterhistorie/verein/985/personalie_id/1/plus/1,2026-04-27T18:42:56.688983+00:00,high,,5.0,3.0,Champions League Participant | English Champion | FA Cup Winner | UEFA Champions League winner | UEFA Super Cup runner-up,English Champion | FA Cup Winner | UEFA Champions League winner,transfermarkt_achievements_page,https://www.transfermarkt.com/manchester-united/erfolge/verein/985,2026-04-28T07:46:04.827964+00:00,high,,Champions League Participant (participant) | English Champion (winner) | FA Cup Winner (winner) | UEFA Champions League winner (winner) | UEFA Super Cup runner-up,uefa_champions_league | league_title | fa_cup | other,English Champion (winner) | FA Cup Winner (winner) | UEFA Champions League winner (winner),,,,,,,,,,,,,,,,,,,,,,,,,,,,,,,,,,,,,,,,,,,,,,,,,,,,,,,,,,,,,,,,,,,,,,,,,,,,,,,,,,,,,,,,,,,,,,,,,,,,,,,,,,,,,,,,,,,,,,,,,False,False,True,True
premier_league,Premier League,manchester_united,Manchester United,1999/00,1999,2000,13250000.0,350000.0,12900000.0,21,13,transfermarkt_club_page,https://www.transfermarkt.com/manchester-united/transfers/verein/985/saison_id/1999,2026-04-27T18:16:20.310506+00:00,high,,1.0,Alex Ferguson,"[""alex_ferguson_31-12-1941""]",alex_ferguson_31-12-1941,Alex Ferguson,1.0,366.0,1986-11-06,2013-06-30,1499.0,902.0,326.0,271.0,2.02,transfermarkt_manager_history_page,https://www.transfermarkt.com/manchester-united/mitarbeiterhistorie/verein/985/personalie_id/1/plus/1,2026-04-27T18:42:56.688983+00:00,high,,5.0,2.0,Champions League Participant | English Champion | FIFA Club World Cup Participant | Intercontinental Cup Winner | UEFA Super Cup runner-up,English Champion | Intercontinental Cup Winner,transfermarkt_achievements_page,https://www.transfermarkt.com/manchester-united/erfolge/verein/985,2026-04-28T07:46:04.827964+00:00,medium,Assigned season derived from achievement season label '1999' using method 'calendar_year_mapped_to_start_year_season'.,Champions League Participant (participant) | English Champion (winner) | FIFA Club World Cup Participant (participant) | Intercontinental Cup Winner (winner) | UEFA Super Cup runner-up,uefa_champions_league | league_title | club_world_cup | other,English Champion (winner) | Intercontinental Cup Winner (winner),,,,,,,,,,,,,,,,,,,,,,,,,,,,,,,,,,,,,,,,,,,,,,,,,,,,,,,,,,,,,,,,,,,,,,,,,,,,,,,,,,,,,,,,,,,,,,,,,,,,,,,,,,,,,,,,,,,,,,,,,False,False,True,True
premier_league,Premier League,manchester_united,Manchester United,2000/01,2000,2001,11700000.0,13880000.0,-2180000.0,14,17,transfermarkt_club_page,https://www.transfermarkt.com/manchester-united/transfers/verein/985/saison_id/2000,2026-04-27T18:16:22.216902+00:00,high,,1.0,Alex Ferguson,"[""alex_ferguson_31-12-1941""]",alex_ferguson_31-12-1941,Alex Ferguson,1.0,365.0,1986-11-06,2013-06-30,1499.0,902.0,326.0,271.0,2.02,transfermarkt_manager_history_page,https://www.transfermarkt.com/manchester-united/mitarbeiterhistorie/verein/985/personalie_id/1/plus/1,2026-04-27T18:42:56.688983+00:00,high,,2.0,1.0,Champions League Participant | English Champion,English Champion,transfermarkt_achievements_page,https://www.transfermarkt.com/manchester-united/erfolge/verein/985,2026-04-28T07:46:04.827964+00:00,high,,Champions League Participant (participant) | English Champion (winner),uefa_champions_league | league_title,English Champion (winner),,,,,,,,,,,,,,,,,,,,,,,,,,,,,,,,,,,,,,,,,,,,,,,,,,,,,,,,,,,,,,,,,,,,,,,,,,,,,,,,,,,,,,,,,,,,,,,,,,,,,,,,,,,,,,,,,,,,,,,,,False,False,True,True
premier_league,Premier League,manchester_united,Manchester United,2001/02,2001,2002,85850000.0,43600000.0,42250000.0,22,17,transfermarkt_club_page,https://www.transfermarkt.com/manchester-united/transfers/verein/985/saison_id/2001,2026-04-27T18:16:24.409176+00:00,high,,1.0,Alex Ferguson,"[""alex_ferguson_31-12-1941""]",alex_ferguson_31-12-1941,Alex Ferguson,1.0,365.0,1986-11-06,2013-06-30,1499.0,902.0,326.0,271.0,2.02,transfermarkt_manager_history_page,https://www.transfermarkt.com/manchester-united/mitarbeiterhistorie/verein/985/personalie_id/1/plus/1,2026-04-27T18:42:56.688983+00:00,high,,1.0,0.0,Champions League Participant,,transfermarkt_achievements_page,https://www.transfermarkt.com/manchester-united/erfolge/verein/985,2026-04-28T07:46:04.827964+00:00,high,,Champions League Participant (participant),uefa_champions_league,,,,,,,,,,,,,,,,,,,,,,,,,,,,,,,,,,,,,,,,,,,,,,,,,,,,,,,,,,,,,,,,,,,,,,,,,,,,,,,,,,,,,,,,,,,,,,,,,,,,,,,,,,,,,,,,,,,,,,,,,,False,False,True,True
premier_league,Premier League,manchester_united,Manchester United,2002/03,2002,2003,48530000.0,3500000.0,45030000.0,13,15,transfermarkt_club_page,https://www.transfermarkt.com/manchester-united/transfers/verein/985/saison_id/2002,2026-04-27T18:16:26.355031+00:00,high,Displayed arrivals sum (48530000) differs from parsed arrivals fee sum (48535000).,1.0,Alex Ferguson,"[""alex_ferguson_31-12-1941""]",alex_ferguson_31-12-1941,Alex Ferguson,1.0,365.0,1986-11-06,2013-06-30,1499.0,902.0,326.0,271.0,2.02,transfermarkt_manager_history_page,https://www.transfermarkt.com/manchester-united/mitarbeiterhistorie/verein/985/personalie_id/1/plus/1,2026-04-27T18:42:56.688983+00:00,high,,3.0,1.0,Champions League Participant | English Champion | English League Cup runner-up,English Champion,transfermarkt_achievements_page,https://www.transfermarkt.com/manchester-united/erfolge/verein/985,2026-04-28T07:46:04.827964+00:00,high,,Champions League Participant (participant) | English Champion (winner) | English League Cup runner-up,uefa_champions_league | league_title | league_cup,English Champion (winner),,,,,,,,,,,,,,,,,,,,,,,,,,,,,,,,,,,,,,,,,,,,,,,,,,,,,,,,,,,,,,,,,,,,,,,,,,,,,,,,,,,,,,,,,,,,,,,,,,,,,,,,,,,,,,,,,,,,,,,,,False,False,True,True
premier_league,Premier League,manchester_united,Manchester United,2003/04,2003,2004,56530000.0,59300000.0,-2770000.0,26,29,transfermarkt_club_page,https://www.transfermarkt.com/manchester-united/transfers/verein/985/saison_id/2003,2026-04-27T18:16:28.607155+00:00,high,Displayed arrivals sum (56530000) differs from parsed arrivals fee sum (56525000).,1.0,Alex Ferguson,"[""alex_ferguson_31-12-1941""]",alex_ferguson_31-12-1941,Alex Ferguson,1.0,366.0,1986-11-06,2013-06-30,1499.0,902.0,326.0,271.0,2.02,transfermarkt_manager_history_page,https://www.transfermarkt.com/manchester-united/mitarbeiterhistorie/verein/985/personalie_id/1/plus/1,2026-04-27T18:42:56.688983+00:00,high,,3.0,2.0,Champions League Participant | English Supercup Winner | FA Cup Winner,English Supercup Winner | FA Cup Winner,transfermarkt_achievements_page,https://www.transfermarkt.com/manchester-united/erfolge/verein/985,2026-04-28T07:46:04.827964+00:00,high,,Champions League Participant (participant) | English Supercup Winner (winner) | FA Cup Winner (winner),uefa_champions_league | super_cup | fa_cup,English Supercup Winner (winner) | FA Cup Winner (winner),,,,,,,,,,,,,,,,,,,,,,,,,,,,,,,,,,,,,,,,,,,,,,,,,,,,,,,,,,,,,,,,,,,,,,,,,,,,,,,,,,,,,,,,,,,,,,,,,,,,,,,,,,,,,,,,,,,,,,,,,False,False,True,True
premier_league,Premier League,manchester_united,Manchester United,2004/05,2004,2005,61250000.0,9670000.0,51580000.0,20,21,transfermarkt_club_page,https://www.transfermarkt.com/manchester-united/transfers/verein/985/saison_id/2004,2026-04-27T18:16:30.547588+00:00,high,Displayed departures sum (9670000) differs from parsed departures fee sum (9665000).,1.0,Alex Ferguson,"[""alex_ferguson_31-12-1941""]",alex_ferguson_31-12-1941,Alex Ferguson,1.0,365.0,1986-11-06,2013-06-30,1499.0,902.0,326.0,271.0,2.02,transfermarkt_manager_history_page,https://www.transfermarkt.com/manchester-united/mitarbeiterhistorie/verein/985/personalie_id/1/plus/1,2026-04-27T18:42:56.688983+00:00,high,,2.0,0.0,Champions League Participant | FA Cup Runner up,,transfermarkt_achievements_page,https://www.transfermarkt.com/manchester-united/erfolge/verein/985,2026-04-28T07:46:04.827964+00:00,high,,Champions League Participant (participant) | FA Cup Runner up (runner_up),uefa_champions_league | fa_cup,,,,,,,,,,,,,,,,,,,,,,,,,,,,,,,,,,,,,,,,,,,,,,,,,,,,,,,,,,,,,,,,,,,,,,,,,,,,,,,,,,,,,,,,,,,,,,,,,,,,,,,,,,,,,,,,,,,,,,,,,,False,False,True,True
premier_league,Premier League,manchester_united,Manchester United,2005/06,2005,2006,31800000.0,7900000.0,23900000.0,24,27,transfermarkt_club_page,https://www.transfermarkt.com/manchester-united/transfers/verein/985/saison_id/2005,2026-04-27T18:16:32.765226+00:00,high,,1.0,Alex Ferguson,"[""alex_ferguson_31-12-1941""]",alex_ferguson_31-12-1941,Alex Ferguson,1.0,365.0,1986-11-06,2013-06-30,1499.0,902.0,326.0,271.0,2.02,transfermarkt_manager_history_page,https://www.transfermarkt.com/manchester-united/mitarbeiterhistorie/verein/985/personalie_id/1/plus/1,2026-04-27T18:42:56.688983+00:00,high,,2.0,1.0,Champions League Participant | English League Cup winner,English League Cup winner,transfermarkt_achievements_page,https://www.transfermarkt.com/manchester-united/erfolge/verein/985,2026-04-28T07:46:04.827964+00:00,high,,Champions League Participant (participant) | English League Cup winner (winner),uefa_champions_league | league_cup,English League Cup winner (winner),,,,,,,,,,,,,,,,,,,,,,,,,,,,,,,,,,,,,,,,,,,,,,,,,,,,,,,,,,,,,,,,,,,,,,,,,,,,,,,,,,,,,,,,,,,,,,,,,,,,,,,,,,,,,,,,,,,,,,,,,False,False,True,True
premier_league,Premier League,manchester_united,Manchester United,2006/07,2006,2007,27200000.0,18000000.0,9200000.0,23,26,transfermarkt_club_page,https://www.transfermarkt.com/manchester-united/transfers/verein/985/saison_id/2006,2026-04-27T18:16:34.754907+00:00,high,,1.0,Alex Ferguson,"[""alex_ferguson_31-12-1941""]",alex_ferguson_31-12-1941,Alex Ferguson,1.0,365.0,1986-11-06,2013-06-30,1499.0,902.0,326.0,271.0,2.02,transfermarkt_manager_history_page,https://www.transfermarkt.com/manchester-united/mitarbeiterhistorie/verein/985/personalie_id/1/plus/1,2026-04-27T18:42:56.688983+00:00,high,,3.0,1.0,Champions League Participant | English Champion | FA Cup Runner up,English Champion,transfermarkt_achievements_page,https://www.transfermarkt.com/manchester-united/erfolge/verein/985,2026-04-28T07:46:04.827964+00:00,high,,Champions League Participant (participant) | English Champion (winner) | FA Cup Runner up (runner_up),uefa_champions_league | league_title | fa_cup,English Champion (winner),,,,,,,,,,,,,,,,,,,,,,,,,,,,,,,,,,,,,,,,,,,,,,,,,,,,,,,,,,,,,,,,,,,,,,,,,,,,,,,,,,,,,,,,,,,,,,,,,,,,,,,,,,,,,,,,,,,,,,,,,False,False,True,True
premier_league,Premier League,manchester_united,Manchester United,2007/08,2007,2008,106500000.0,46600000.0,59900000.0,25,22,transfermarkt_club_page,https://www.transfermarkt.com/manchester-united/transfers/verein/985/saison_id/2007,2026-04-27T18:16:37.826183+00:00,high,,1.0,Alex Ferguson,"[""alex_ferguson_31-12-1941""]",alex_ferguson_31-12-1941,Alex Ferguson,1.0,366.0,1986-11-06,2013-06-30,1499.0,902.0,326.0,271.0,2.02,transfermarkt_manager_history_page,https://www.transfermarkt.com/manchester-united/mitarbeiterhistorie/verein/985/personalie_id/1/plus/1,2026-04-27T18:42:56.688983+00:00,high,,5.0,3.0,Champions League Participant | English Champion | English Supercup Winner | UEFA Champions League winner | UEFA Super Cup runner-up,English Champion | English Supercup Winner | UEFA Champions League winner,transfermarkt_achievements_page,https://www.transfermarkt.com/manchester-united/erfolge/verein/985,2026-04-28T07:46:04.827964+00:00,high,,Champions League Participant (participant) | English Champion (winner) | English Supercup Winner (winner) | UEFA Champions League winner (winner) | UEFA Super Cup runner-up,uefa_champions_league | league_title | super_cup | other,English Champion (winner) | English Supercup Winner (winner) | UEFA Champions League winner (winner),,,,,,,,,,,,,,,,,,,,,,,,,,,,,,,,,,,,,,,,,,,,,,,,,,,,,,,,,,,,,,,,,,,,,,,,,,,,,,,,,,,,,,,,,,,,,,,,,,,,,,,,,,,,,,,,,,,,,,,,,False,False,True,True
premier_league,Premier League,manchester_united,Manchester United,2008/09,2008,2009,45250000.0,7450000.0,37800000.0,16,17,transfermarkt_club_page,https://www.transfermarkt.com/manchester-united/transfers/verein/985/saison_id/2008,2026-04-27T18:16:39.875631+00:00,high,,1.0,Alex Ferguson,"[""alex_ferguson_31-12-1941""]",alex_ferguson_31-12-1941,Alex Ferguson,1.0,365.0,1986-11-06,2013-06-30,1499.0,902.0,326.0,271.0,2.02,transfermarkt_manager_history_page,https://www.transfermarkt.com/manchester-united/mitarbeiterhistorie/verein/985/personalie_id/1/plus/1,2026-04-27T18:42:56.688983+00:00,high,,7.0,4.0,Champions League Participant | Champions League runner-up | English Champion | English League Cup winner | English Supercup Winner | FIFA Club World Cup Participant | UEFA Super Cup runner-up,Champions League runner-up | English Champion | English League Cup winner | English Supercup Winner,transfermarkt_achievements_page,https://www.transfermarkt.com/manchester-united/erfolge/verein/985,2026-04-28T07:46:04.827964+00:00,high,,Champions League Participant (participant) | Champions League runner-up (winner) | English Champion (winner) | English League Cup winner (winner) | English Supercup Winner (winner) | FIFA Club World Cup Participant (participant) | UEFA Super Cup runner-up,uefa_champions_league | league_title | league_cup | super_cup | club_world_cup | other,Champions League runner-up (winner) | English Champion (winner) | English League Cup winner (winner) | English Supercup Winner (winner),1.0,90.0,28.0,6.0,4.0,68.0,24.0,44.0,premier_league_raw_table,https://en.wikipedia.org/wiki/2008%E2%80%9309_Premier_League,,Raw Premier League season table CSV,medium,League table data loaded from raw Premier League CSV files.,,,,,,,,,,,,,,,,,,,,,,,,,,,,,,,,,,,,,,,,,,,,,,,,,,,,,,,,,,,,,,,,,,,,,,,,,,,,,,,,,,,,,,,,,,,,,,,,,,,,,,,,,,,True,False,True,True
premier_league,Premier League,manchester_united,Manchester United,2009/10,2009,2010,27300000.0,104470000.0,-77170000.0,17,17,transfermarkt_club_page,https://www.transfermarkt.com/manchester-united/transfers/verein/985/saison_id/2009,2026-04-27T18:16:41.825750+00:00,high,Displayed departures sum (104470000) differs from parsed departures fee sum (104465000).,1.0,Alex Ferguson,"[""alex_ferguson_31-12-1941""]",alex_ferguson_31-12-1941,Alex Ferguson,1.0,365.0,1986-11-06,2013-06-30,1499.0,902.0,326.0,271.0,2.02,transfermarkt_manager_history_page,https://www.transfermarkt.com/manchester-united/mitarbeiterhistorie/verein/985/personalie_id/1/plus/1,2026-04-27T18:42:56.688983+00:00,high,,3.0,2.0,Champions League Participant | English League Cup winner | FIFA Club World Cup winner,English League Cup winner | FIFA Club World Cup winner,transfermarkt_achievements_page,https://www.transfermarkt.com/manchester-united/erfolge/verein/985,2026-04-28T07:46:04.827964+00:00,medium,Assigned season derived from achievement season label '2009' using method 'calendar_year_mapped_to_start_year_season'.,Champions League Participant (participant) | English League Cup winner (winner) | FIFA Club World Cup winner (winner),uefa_champions_league | league_cup | club_world_cup,English League Cup winner (winner) | FIFA Club World Cup winner (winner),2.0,85.0,27.0,4.0,7.0,86.0,28.0,58.0,premier_league_raw_table,https://en.wikipedia.org/wiki/2009%E2%80%9310_Premier_League,,Raw Premier League season table CSV,medium,League table data loaded from raw Premier League CSV files.,,,,,,,,,,,,,,,,,,,,,,,,,,,,,,,,,,,,,,,,,,,,,,,,,,,,,,,,,,,,,,,,,,,,,,,,,,,,,,,,,,,,,,,,,,,,,,,,,,,,,,,,,,,True,False,True,True
premier_league,Premier League,manchester_united,Manchester United,2010/11,2010,2011,29300000.0,16970000.0,12330000.0,16,18,transfermarkt_club_page,https://www.transfermarkt.com/manchester-united/transfers/verein/985/saison_id/2010,2026-04-27T18:16:44.688532+00:00,high,Displayed departures sum (16970000) differs from parsed departures fee sum (16965000).,1.0,Alex Ferguson,"[""alex_ferguson_31-12-1941""]",alex_ferguson_31-12-1941,Alex Ferguson,1.0,365.0,1986-11-06,2013-06-30,1499.0,902.0,326.0,271.0,2.02,transfermarkt_manager_history_page,https://www.transfermarkt.com/manchester-united/mitarbeiterhistorie/verein/985/personalie_id/1/plus/1,2026-04-27T18:42:56.688983+00:00,high,,4.0,3.0,Champions League Participant | Champions League runner-up | English Champion | English Supercup Winner,Champions League runner-up | English Champion | English Supercup Winner,transfermarkt_achievements_page,https://www.transfermarkt.com/manchester-united/erfolge/verein/985,2026-04-28T07:46:04.827964+00:00,high,,Champions League Participant (participant) | Champions League runner-up (winner) | English Champion (winner) | English Supercup Winner (winner),uefa_champions_league | league_title | super_cup,Champions League runner-up (winner) | English Champion (winner) | English Supercup Winner (winner),1.0,80.0,23.0,11.0,4.0,78.0,37.0,41.0,premier_league_raw_table,https://en.wikipedia.org/wiki/2010%E2%80%9311_Premier_League,,Raw Premier League season table CSV,medium,League table data loaded from raw Premier League CSV files.,,,,,,,,,,,,,,,,,,,,,,,,,,,,,,,,,,,,,,,,,,,,,,,,,,,,,,,,,,,,,,,,,,,,,,,,,,,,,,,,,,,,,,,,,,,,,,,,,,,,,,,,,,,True,False,True,True
premier_league,Premier League,manchester_united,Manchester United,2011/12,2011,2012,62300000.0,12900000.0,49400000.0,15,18,transfermarkt_club_page,https://www.transfermarkt.com/manchester-united/transfers/verein/985/saison_id/2011,2026-04-27T18:16:47.042068+00:00,high,Displayed departures sum (12900000) differs from parsed departures fee sum (12895000).,1.0,Alex Ferguson,"[""alex_ferguson_31-12-1941""]",alex_ferguson_31-12-1941,Alex Ferguson,1.0,366.0,1986-11-06,2013-06-30,1499.0,902.0,326.0,271.0,2.02,transfermarkt_manager_history_page,https://www.transfermarkt.com/manchester-united/mitarbeiterhistorie/verein/985/personalie_id/1/plus/1,2026-04-27T18:42:56.688983+00:00,high,,3.0,1.0,Champions League Participant | English Supercup Winner | Europa League Participant,English Supercup Winner,transfermarkt_achievements_page,https://www.transfermarkt.com/manchester-united/erfolge/verein/985,2026-04-28T07:46:04.827964+00:00,high,,Champions League Participant (participant) | English Supercup Winner (winner) | Europa League Participant (participant),uefa_champions_league | super_cup | uefa_europa_league,English Supercup Winner (winner),2.0,89.0,28.0,5.0,5.0,89.0,33.0,56.0,premier_league_raw_table,https://en.wikipedia.org/wiki/2011%E2%80%9312_Premier_League,,Raw Premier League season table CSV,medium,League table data loaded from raw Premier League CSV files.,2012-06-30,GBP,full pounds (converted from GBP millions and thousands disclosed in report),320300000.0,98700000.0,104000000.0,117600000.0,,,,161700000.0,366272000.0,38300000.0,9691000.0,-4664000.0,382181960.0,117768840.0,124092800.0,140320320.0,,437035750.40000004,-5565084.8,,,320300000.0,0.0,"[70, 67, 156, 157]","For comparability, Manchester United's 2011/12 figures were taken from the official Manchester United plc annual report on Form 20-F rather than the narrower club-limited Companies House filing. The plc report provides the consolidated Commercial, Broadcasting, Matchday, employee benefit, and net debt disclosures that align with the project methodology.",Women's team revenue is not separately disclosed in the source used here.,"Commercial revenue in the plc report includes sponsorship, retail, merchandising, apparel and product licensing, and new media/mobile activities within the club's commercial segment.",high,True,Manchester United plc 2012 Annual Report on Form 20-F,https://ir.manutd.com/~/media/Files/M/Manutd-IR/Annual%20Reports/manchester-united-plc-20f-20131024.pdf,Values in the annual report were disclosed in GBP millions or GBP thousands and have been converted here into full GBP amounts. This source was chosen because it provides the comparable consolidated sector revenue and debt view required for the project.,202700000.0,1.1932,1.335945,1.59405,1.480844,"ONS average sterling exchange rates: THAP (GBP/EUR) and AUSS (GBP/USD), UK trade time series (MRET), accessed 2026-08-11","ONS CPI INDEX 00: ALL ITEMS 2015=100 (D7BT), accessed 2026-08-11",Season factors use the mean of the two surrounding ONS annual averages for calendar years 2011 and 2012.,True,320300000.0,474314333.2,565951862.37424,510574215.0,756080762.83746,98700000.0,146159302.8,174397280.10096002,157332735.0,232985236.62834,104000000.0,154007776.0,183762078.32320002,165781200.0,245496095.3328,117600000.0,174147254.4,207792503.95008,187460280.0,277599430.87632,202700000.0,300167078.8,241861640.0,358159358.42416,323113935.0,478481331.96114004,161700000.0,239452474.8,192940440.0,285714692.93136,257757885.0,381699217.45494,366272000.0,542391693.568,647181768.7653377,583855881.6,864599479.1320704,38300000.0,56716325.2,45699560.0,67673919.22864,61052115.0,90408658.18506001,9691000.0,14350859.204,11563301.200000001,17123445.202212803,15447938.549999999,22875987.1141362,-4664000.0,-6906656.416,-8241022.4355712,-7434649.2,-11009555.659924801,2025/26 prices,,,,0.5048392132375897,0.30814861067748983,0.3246955978769903,0.36715579144551985,True,True,True,True
premier_league,Premier League,manchester_united,Manchester United,2012/13,2012,2013,76450000.0,9650000.0,66800000.0,18,15,transfermarkt_club_page,https://www.transfermarkt.com/manchester-united/transfers/verein/985/saison_id/2012,2026-04-27T18:16:49.377637+00:00,high,,1.0,Alex Ferguson,"[""alex_ferguson_31-12-1941""]",alex_ferguson_31-12-1941,Alex Ferguson,1.0,365.0,1986-11-06,2013-06-30,1499.0,902.0,326.0,271.0,2.02,transfermarkt_manager_history_page,https://www.transfermarkt.com/manchester-united/mitarbeiterhistorie/verein/985/personalie_id/1/plus/1,2026-04-27T18:42:56.688983+00:00,high,,2.0,1.0,Champions League Participant | English Champion,English Champion,transfermarkt_achievements_page,https://www.transfermarkt.com/manchester-united/erfolge/verein/985,2026-04-28T07:46:04.827964+00:00,high,,Champions League Participant (participant) | English Champion (winner),uefa_champions_league | league_title,English Champion (winner),1.0,89.0,28.0,5.0,5.0,86.0,43.0,43.0,premier_league_raw_table,https://en.wikipedia.org/wiki/2012%E2%80%9313_Premier_League,,Raw Premier League season table CSV,medium,League table data loaded from raw Premier League CSV files.,2013-06-30,GBP,"full pounds (converted from GBP thousands disclosed in report, with debt-note borrowings disclosed in GBP millions converted to full GBP)",194442000.0,97671000.0,94323000.0,2448000.0,,,,145799000.0,320923000.0,41714000.0,9162000.0,-22684000.0,234428997.3,117757041.15,113720524.95,2951431.2,,386920814.95000005,-27348964.6,,,194442000.0,0.0,"[12, 13, 19, 20, 21, 29]","This season was extracted from the downloaded Manchester United Football Club Limited Companies House filing because that is the raw statement available in the Manchester United folder for the pre-plc gap years. The turnover note discloses Commercial, Broadcasting and Matchday directly, but the commercial line is materially narrower than the broader plc commercial segment used in later seasons.",Women's team revenue is not separately disclosed in the source used here.,The turnover note states turnover excludes transfer fees and VAT. No separate non-football revenue adjustment was identified within the club-limited turnover note used here.,medium,True,Manchester United Football Club Limited annual report and financial statements for the year ended 30 June 2013,https://find-and-update.company-information.service.gov.uk/company/00095489/filing-history,"Scanned PDF extraction. Debt is not disclosed as a single company net-debt line, so net debt has been estimated as fellow-subsidiary senior secured notes plus secured term loan less company cash at bank and in hand.",191994000.0,1.20565,1.306142,1.57475,1.442035,"ONS average sterling exchange rates: THAP (GBP/EUR) and AUSS (GBP/USD), UK trade time series (MRET), accessed 2026-08-11","ONS CPI INDEX 00: ALL ITEMS 2015=100 (D7BT), accessed 2026-08-11",Season factors use the mean of the two surrounding ONS annual averages for calendar years 2012 and 2013.,True,194442000.0,280392169.46999997,338054819.1215055,306197539.5,441547568.8728825,97671000.0,140845000.48499998,169809774.83474025,153807407.25,221795664.51375374,94323000.0,136017067.305,163988977.19627324,148535144.25,214192876.73854876,2448000.0,3530101.6799999997,4256067.090492,3854988.0,5559027.62058,191994000.0,276862067.78999996,231477566.10000002,333798752.03101355,302342551.5,435988541.25230247,145799000.0,210247260.965,175782564.35000002,253484610.1824523,229596975.25,331086874.2046337,320923000.0,462782198.305,557953357.3864233,505373494.25000006,728766266.7807988,41714000.0,60153047.989999995,50292484.1,72523522.3091435,65689121.50000001,94726012.32225251,9162000.0,13211924.67,11046165.3,15928956.9783855,14427859.5,20805478.3740825,-22684000.0,-32711121.939999998,-39438164.166961,-35721629.0,-51511839.275015,2025/26 prices,,,,0.7498328550416063,0.5023143148085291,0.4850958126330731,0.012589872558397877,True,True,True,True
premier_league,Premier League,manchester_united,Manchester United,2013/14,2013,2014,77130000.0,1800000.0,75330000.0,18,20,transfermarkt_club_page,https://www.transfermarkt.com/manchester-united/transfers/verein/985/saison_id/2013,2026-04-27T18:16:51.263689+00:00,high,,1.0,David Moyes,"[""david_moyes_25-04-1963""]",david_moyes_25-04-1963,David Moyes,0.810958904109589,296.0,2013-07-01,2014-04-22,51.0,26.0,10.0,15.0,1.73,transfermarkt_manager_history_page,https://www.transfermarkt.com/manchester-united/mitarbeiterhistorie/verein/985/personalie_id/1/plus/1,2026-04-27T18:42:56.688983+00:00,high,,2.0,1.0,Champions League Participant | English Supercup Winner,English Supercup Winner,transfermarkt_achievements_page,https://www.transfermarkt.com/manchester-united/erfolge/verein/985,2026-04-28T07:46:04.827964+00:00,high,,Champions League Participant (participant) | English Supercup Winner (winner),uefa_champions_league | super_cup,English Supercup Winner (winner),7.0,64.0,19.0,7.0,12.0,64.0,43.0,21.0,premier_league_raw_table,https://en.wikipedia.org/wiki/2013%E2%80%9314_Premier_League,,Raw Premier League season table CSV,medium,League table data loaded from raw Premier League CSV files.,2014-06-30,GBP,"full pounds (converted from GBP thousands disclosed in report, with debt-note borrowings disclosed in GBP millions converted to full GBP)",228676000.0,95845000.0,129018000.0,3813000.0,,,,165350000.0,307005000.0,55290000.0,6991000.0,-44294000.0,276549320.59999996,115910150.75,156027918.29999998,4611251.55,,371276496.75,-53566948.9,,,228676000.0,0.0,"[10, 11, 16, 17, 18, 25]","This season was extracted from the downloaded Manchester United Football Club Limited Companies House filing. The turnover note again discloses Commercial, Broadcasting and Matchday directly, but the commercial line remains materially narrower than the broader plc commercial segment used in later seasons.",Women's team revenue is not separately disclosed in the source used here.,The turnover note states turnover derives from the company's principal activity in the United Kingdom. No separate non-football revenue adjustment was identified within the club-limited turnover note used here.,medium,True,Manchester United Football Club Limited annual report and financial statements for the year ended 30 June 2014,https://find-and-update.company-information.service.gov.uk/company/00095489/filing-history,"Scanned PDF extraction. Debt is not disclosed as a single company net-debt line, so net debt has been estimated as fellow-subsidiary senior secured notes plus secured term loan less company cash at bank and in hand.",224863000.0,1.20935,1.328027,1.60605,1.413703,"ONS average sterling exchange rates: THAP (GBP/EUR) and AUSS (GBP/USD), UK trade time series (MRET), accessed 2026-08-11","ONS CPI INDEX 00: ALL ITEMS 2015=100 (D7BT), accessed 2026-08-11",Season factors use the mean of the two surrounding ONS annual averages for calendar years 2013 and 2014.,True,228676000.0,323279947.228,390958604.18018174,367265089.8,519203759.2455294,95845000.0,135496364.035,163862527.84572724,153931862.25,217613935.45841175,129018000.0,182393133.65399998,220577136.18446487,207209358.9,292932492.3050067,3813000.0,5390449.539,6518940.14998965,6123868.65,8657331.48211095,224863000.0,317889497.689,271938069.05,384439664.03019214,361141221.15,510546427.7634184,165350000.0,233755791.04999998,199966022.5,282692565.9063175,265560367.5,375423488.2158525,307005000.0,434013889.515,524874697.2849652,493065380.25,697048007.2555658,55290000.0,78163638.86999999,66864961.49999999,94527196.66743448,88798504.5,125534712.2071635,6991000.0,9883197.673,8454565.85,11952245.10584255,11227895.55,15872909.62272165,-44294000.0,-62618560.682,-75727756.3607767,-71138378.7,-100568539.3833261,2025/26 prices,,,,0.7230754429848345,0.41913012296874186,0.5641956304990466,0.016674246532211515,True,True,True,True
premier_league,Premier League,manchester_united,Manchester United,2014/15,2014,2015,195350000.0,46700000.0,148650000.0,25,26,transfermarkt_club_page,https://www.transfermarkt.com/manchester-united/transfers/verein/985/saison_id/2014,2026-04-27T18:16:53.253470+00:00,high,,1.0,Louis van Gaal,"[""louis_van_gaal_08-08-1951""]",louis_van_gaal_08-08-1951,Louis van Gaal,0.9643835616438357,352.0,2014-07-14,2016-05-23,103.0,54.0,24.0,25.0,1.81,transfermarkt_manager_history_page,https://www.transfermarkt.com/manchester-united/mitarbeiterhistorie/verein/985/personalie_id/1/plus/1,2026-04-27T18:42:56.688983+00:00,high,,,,,,,,,,,,,,4.0,70.0,20.0,10.0,8.0,62.0,37.0,25.0,premier_league_raw_table,https://en.wikipedia.org/wiki/2014%E2%80%9315_Premier_League,,Raw Premier League season table CSV,medium,League table data loaded from raw Premier League CSV files.,2015-06-30,GBP,"full pounds (converted from GBP thousands disclosed in report, with debt-note borrowings disclosed in GBP millions converted to full GBP)",182623000.0,78686000.0,99997000.0,3940000.0,,,,158289000.0,336608000.0,99534000.0,23649000.0,-81224000.0,239172211.95,103051119.89999999,130961071.05,5160021.0,,440838667.2,-106375011.6,,,182623000.0,0.0,"[10, 11, 16, 17, 18, 25]","This season was extracted from the downloaded Manchester United Football Club Limited Companies House filing. The turnover note again discloses Commercial, Broadcasting and Matchday directly, but the commercial line remains materially narrower than the broader plc commercial segment used in later seasons.",Women's team revenue is not separately disclosed in the source used here.,The turnover note states turnover derives from the company's principal activities in the United Kingdom. No separate non-football revenue adjustment was identified within the club-limited turnover note used here.,medium,True,Manchester United Football Club Limited annual report and financial statements for the year ended 30 June 2015,https://find-and-update.company-information.service.gov.uk/company/00095489/filing-history,"Scanned PDF extraction. Debt is not disclosed as a single company net-debt line, so net debt has been estimated as fellow-subsidiary senior secured notes plus secured term loan less company cash at bank and in hand.",178683000.0,1.30965,1.212652,1.58815,1.4031,"ONS average sterling exchange rates: THAP (GBP/EUR) and AUSS (GBP/USD), UK trade time series (MRET), accessed 2026-08-11","ONS CPI INDEX 00: ALL ITEMS 2015=100 (D7BT), accessed 2026-08-11",Season factors use the mean of the two surrounding ONS annual averages for calendar years 2014 and 2015.,True,182623000.0,256238331.3,335582530.587045,290032717.45,406944905.854095,78686000.0,110404326.6,144591026.33168998,124965170.89999999,175338631.28978997,99997000.0,140305790.7,183751478.790255,158810235.54999998,222826641.50020498,3940000.0,5528214.0,7240025.4651,6257311.0,8779633.064100001,178683000.0,250710117.3,234012190.95,328342505.12194496,283775406.45,398165272.789995,158289000.0,222095295.9,207303188.85,290867104.275435,251386675.35,352720644.183585,336608000.0,472294684.8,618540733.94832,534583995.2,750074803.66512,99534000.0,139656155.4,130354703.1,182900683.91961,158074922.1,221794923.19851,23649000.0,33181911.9,30971912.849999998,43456690.919834994,37558159.35,52697853.383985005,-81224000.0,-113965394.4,-149254778.77596,-128995895.6,-180994141.11635998,2025/26 prices,,,,0.8667528186482535,0.4308657726573323,0.5475597268690143,0.021574500473653373,True,True,False,True
premier_league,Premier League,manchester_united,Manchester United,2015/16,2015,2016,156000000.0,100670000.0,55330000.0,21,20,transfermarkt_club_page,https://www.transfermarkt.com/manchester-united/transfers/verein/985/saison_id/2015,2026-04-27T18:16:55.442568+00:00,high,,1.0,Louis van Gaal,"[""louis_van_gaal_08-08-1951""]",louis_van_gaal_08-08-1951,Louis van Gaal,0.8961748633879781,328.0,2014-07-14,2016-05-23,103.0,54.0,24.0,25.0,1.81,transfermarkt_manager_history_page,https://www.transfermarkt.com/manchester-united/mitarbeiterhistorie/verein/985/personalie_id/1/plus/1,2026-04-27T18:42:56.688983+00:00,high,,3.0,1.0,Champions League Participant | Europa League Participant | FA Cup Winner,FA Cup Winner,transfermarkt_achievements_page,https://www.transfermarkt.com/manchester-united/erfolge/verein/985,2026-04-28T07:46:04.827964+00:00,high,,Champions League Participant (participant) | Europa League Participant (participant) | FA Cup Winner (winner),uefa_champions_league | uefa_europa_league | fa_cup,FA Cup Winner (winner),5.0,66.0,19.0,9.0,10.0,49.0,35.0,14.0,premier_league_raw_table,https://en.wikipedia.org/wiki/2015%E2%80%9316_Premier_League,,Raw Premier League season table CSV,medium,League table data loaded from raw Premier League CSV files.,2016-06-30,GBP,"full pounds (converted from GBP thousands disclosed in report, with debt-note borrowings disclosed in GBP millions converted to full GBP)",230271000.0,94854000.0,131395000.0,4022000.0,,,,184946000.0,256539000.0,87853000.0,-9786000.0,-111741000.0,299525003.25,123381340.5,170912046.25,5231616.5,,333693104.25,-145347105.75,,,230271000.0,0.0,"[9, 10, 19, 20, 21, 25]","This season was extracted from the downloaded Manchester United Football Club Limited Companies House filing. Under the FRS 101 layout the revenue note still discloses Commercial, Broadcasting and Matchday directly, but the commercial line remains materially narrower than the broader plc commercial segment used in later seasons.",Women's team revenue is not separately disclosed in the source used here.,The revenue note states the principal activity is the operation of a professional football club and all activities support that operation. No separate non-football revenue adjustment was identified within the club-limited revenue note used here.,medium,True,Manchester United Football Club Limited annual report and financial statements for the year ended 30 June 2016,https://find-and-update.company-information.service.gov.uk/company/00095489/filing-history,"Scanned PDF extraction. Debt is not disclosed as a single company net-debt line, so net debt has been estimated as fellow-subsidiary senior secured notes plus secured term loan less company cash at bank and in hand.",226249000.0,1.30075,1.10813,1.4414,1.398206,"ONS average sterling exchange rates: THAP (GBP/EUR) and AUSS (GBP/USD), UK trade time series (MRET), accessed 2026-08-11","ONS CPI INDEX 00: ALL ITEMS 2015=100 (D7BT), accessed 2026-08-11",Season factors use the mean of the two surrounding ONS annual averages for calendar years 2015 and 2016.,True,230271000.0,321966293.82600003,418797656.6941695,331912619.4,464082215.9207964,94854000.0,132625431.92400001,172512530.575143,136722555.6,191166297.5752536,131395000.0,183717277.37,238970248.5390275,189392753.0,264810083.601118,4022000.0,5623584.532000001,7314877.579999001,5797310.8,8105834.7444248,226249000.0,316342709.294,294293386.75,411482779.1141705,326115308.6,455976381.17637163,184946000.0,258592606.87600002,240568509.5,336364333.393957,266581164.4,372735383.5510664,256539000.0,358694369.03400004,466571700.52097553,369775314.6,517022063.52560765,87853000.0,122836591.71800001,114274789.75,159779696.67718852,126631314.2,177056663.30232522,-9786000.0,-13682843.916000001,-12729139.5,-17797959.223737,-14105540.4,-19722451.2205224,-111741000.0,-156236936.646,-203225195.3422845,-161063477.4,-225199920.4815444,2025/26 prices,,,,0.8031667035796952,0.41192334249644985,0.5706102809298609,0.01746637657368926,True,True,True,True
premier_league,Premier League,manchester_united,Manchester United,2016/17,2016,2017,185000000.0,47250000.0,137750000.0,8,13,transfermarkt_club_page,https://www.transfermarkt.com/manchester-united/transfers/verein/985/saison_id/2016,2026-04-27T18:16:58.747723+00:00,high,,1.0,José Mourinho,"[""jos_mourinho_26-01-1963""]",jos_mourinho_26-01-1963,José Mourinho,1.0,365.0,2016-07-01,2018-12-18,144.0,84.0,31.0,29.0,1.97,transfermarkt_manager_history_page,https://www.transfermarkt.com/manchester-united/mitarbeiterhistorie/verein/985/personalie_id/1/plus/1,2026-04-27T18:42:56.688983+00:00,high,,4.0,3.0,English League Cup winner | English Supercup Winner | Europa League Participant | Europa League Winner,English League Cup winner | English Supercup Winner | Europa League Winner,transfermarkt_achievements_page,https://www.transfermarkt.com/manchester-united/erfolge/verein/985,2026-04-28T07:46:04.827964+00:00,high,,English League Cup winner (winner) | English Supercup Winner (winner) | Europa League Participant (participant) | Europa League Winner (winner),league_cup | super_cup | uefa_europa_league,English League Cup winner (winner) | English Supercup Winner (winner) | Europa League Winner (winner),6.0,69.0,18.0,15.0,5.0,54.0,29.0,25.0,premier_league_raw_table,https://en.wikipedia.org/wiki/2016%E2%80%9317_Premier_League,,Raw Premier League season table CSV,medium,League table data loaded from raw Premier League CSV files.,,,,,,,,,,,,,,,,,,,,,,,,,,,,,,,,,,,,,,,,,,,,,,,,,,,,,,,,,,,,,,,,,,,,,,,,,,,,,,,,,,,,,,,,,,,,,,,,,,,,,,,,,,,True,False,True,True
premier_league,Premier League,manchester_united,Manchester United,2017/18,2017,2018,198400000.0,45500000.0,152900000.0,12,10,transfermarkt_club_page,https://www.transfermarkt.com/manchester-united/transfers/verein/985/saison_id/2017,2026-04-27T18:17:01.611922+00:00,high,,1.0,José Mourinho,"[""jos_mourinho_26-01-1963""]",jos_mourinho_26-01-1963,José Mourinho,1.0,365.0,2016-07-01,2018-12-18,144.0,84.0,31.0,29.0,1.97,transfermarkt_manager_history_page,https://www.transfermarkt.com/manchester-united/mitarbeiterhistorie/verein/985/personalie_id/1/plus/1,2026-04-27T18:42:56.688983+00:00,high,,3.0,0.0,Champions League Participant | FA Cup Runner up | UEFA Super Cup runner-up,,transfermarkt_achievements_page,https://www.transfermarkt.com/manchester-united/erfolge/verein/985,2026-04-28T07:46:04.827964+00:00,high,,Champions League Participant (participant) | FA Cup Runner up (runner_up) | UEFA Super Cup runner-up,uefa_champions_league | fa_cup | other,,2.0,81.0,25.0,6.0,7.0,68.0,28.0,40.0,premier_league_raw_table,https://en.wikipedia.org/wiki/2017%E2%80%9318_Premier_League,,Raw Premier League season table CSV,medium,League table data loaded from raw Premier League CSV files.,,,,,,,,,,,,,,,,,,,,,,,,,,,,,,,,,,,,,,,,,,,,,,,,,,,,,,,,,,,,,,,,,,,,,,,,,,,,,,,,,,,,,,,,,,,,,,,,,,,,,,,,,,,True,False,True,True
premier_league,Premier League,manchester_united,Manchester United,2018/19,2018,2019,82700000.0,30550000.0,52150000.0,10,10,transfermarkt_club_page,https://www.transfermarkt.com/manchester-united/transfers/verein/985/saison_id/2018,2026-04-27T18:17:03.588990+00:00,high,,2.0,José Mourinho | Ole Gunnar Solskjaer,"[""jos_mourinho_26-01-1963"", ""ole_gunnar_solskjaer_26-02-1973""]",jos_mourinho_26-01-1963,José Mourinho,0.4684931506849315,171.0,2016-07-01,2018-12-18,144.0,84.0,31.0,29.0,1.97,transfermarkt_manager_history_page,https://www.transfermarkt.com/manchester-united/mitarbeiterhistorie/verein/985/personalie_id/1/plus/1,2026-04-27T18:42:56.688983+00:00,high,,1.0,0.0,Champions League Participant,,transfermarkt_achievements_page,https://www.transfermarkt.com/manchester-united/erfolge/verein/985,2026-04-28T07:46:04.827964+00:00,high,,Champions League Participant (participant),uefa_champions_league,,6.0,66.0,19.0,9.0,10.0,65.0,54.0,11.0,premier_league_raw_table,https://en.wikipedia.org/wiki/2018%E2%80%9319_Premier_League,,Raw Premier League season table CSV,medium,League table data loaded from raw Premier League CSV files.,,,,,,,,,,,,,,,,,,,,,,,,,,,,,,,,,,,,,,,,,,,,,,,,,,,,,,,,,,,,,,,,,,,,,,,,,,,,,,,,,,,,,,,,,,,,,,,,,,,,,,,,,,,True,False,True,True
premier_league,Premier League,manchester_united,Manchester United,2019/20,2019,2020,236800000.0,81180000.0,155620000.0,13,12,transfermarkt_club_page,https://www.transfermarkt.com/manchester-united/transfers/verein/985/saison_id/2019,2026-04-27T18:17:05.360376+00:00,high,,1.0,Ole Gunnar Solskjaer,"[""ole_gunnar_solskjaer_26-02-1973""]",ole_gunnar_solskjaer_26-02-1973,Ole Gunnar Solskjaer,1.0,366.0,2019-03-28,2021-11-21,149.0,78.0,33.0,38.0,1.79,transfermarkt_manager_history_page,https://www.transfermarkt.com/manchester-united/mitarbeiterhistorie/verein/985/personalie_id/1/plus/1,2026-04-27T18:42:56.688983+00:00,high,,1.0,0.0,Europa League Participant,,transfermarkt_achievements_page,https://www.transfermarkt.com/manchester-united/erfolge/verein/985,2026-04-28T07:46:04.827964+00:00,high,,Europa League Participant (participant),uefa_europa_league,,3.0,66.0,18.0,12.0,8.0,66.0,36.0,30.0,premier_league_raw_table,https://en.wikipedia.org/wiki/2019%E2%80%9320_Premier_League,,Raw Premier League season table CSV,medium,League table data loaded from raw Premier League CSV files.,,,,,,,,,,,,,,,,,,,,,,,,,,,,,,,,,,,,,,,,,,,,,,,,,,,,,,,,,,,,,,,,,,,,,,,,,,,,,,,,,,,,,,,,,,,,,,,,,,,,,,,,,,,True,False,True,True
premier_league,Premier League,manchester_united,Manchester United,2020/21,2020,2021,89950000.0,19500000.0,70450000.0,17,17,transfermarkt_club_page,https://www.transfermarkt.com/manchester-united/transfers/verein/985/saison_id/2020,2026-04-27T18:17:07.235529+00:00,high,,1.0,Ole Gunnar Solskjaer,"[""ole_gunnar_solskjaer_26-02-1973""]",ole_gunnar_solskjaer_26-02-1973,Ole Gunnar Solskjaer,1.0,365.0,2019-03-28,2021-11-21,149.0,78.0,33.0,38.0,1.79,transfermarkt_manager_history_page,https://www.transfermarkt.com/manchester-united/mitarbeiterhistorie/verein/985/personalie_id/1/plus/1,2026-04-27T18:42:56.688983+00:00,high,,3.0,0.0,Champions League Participant | Europa League Participant | Europa League runner-up,,transfermarkt_achievements_page,https://www.transfermarkt.com/manchester-united/erfolge/verein/985,2026-04-28T07:46:04.827964+00:00,high,,Champions League Participant (participant) | Europa League Participant (participant) | Europa League runner-up,uefa_champions_league | uefa_europa_league,,2.0,74.0,21.0,11.0,6.0,73.0,44.0,29.0,premier_league_raw_table,https://en.wikipedia.org/wiki/2020%E2%80%9321_Premier_League,,Raw Premier League season table CSV,medium,League table data loaded from raw Premier League CSV files.,,,,,,,,,,,,,,,,,,,,,,,,,,,,,,,,,,,,,,,,,,,,,,,,,,,,,,,,,,,,,,,,,,,,,,,,,,,,,,,,,,,,,,,,,,,,,,,,,,,,,,,,,,,True,False,True,True
premier_league,Premier League,manchester_united,Manchester United,2021/22,2021,2022,142000000.0,31100000.0,110900000.0,16,14,transfermarkt_club_page,https://www.transfermarkt.com/manchester-united/transfers/verein/985/saison_id/2021,2026-04-27T18:17:09.112535+00:00,high,,1.0,Ole Gunnar Solskjaer,"[""ole_gunnar_solskjaer_26-02-1973""]",ole_gunnar_solskjaer_26-02-1973,Ole Gunnar Solskjaer,0.3945205479452054,144.0,2019-03-28,2021-11-21,149.0,78.0,33.0,38.0,1.79,transfermarkt_manager_history_page,https://www.transfermarkt.com/manchester-united/mitarbeiterhistorie/verein/985/personalie_id/1/plus/1,2026-04-27T18:42:56.688983+00:00,high,,1.0,0.0,Champions League Participant,,transfermarkt_achievements_page,https://www.transfermarkt.com/manchester-united/erfolge/verein/985,2026-04-28T07:46:04.827964+00:00,high,,Champions League Participant (participant),uefa_champions_league,,6.0,58.0,16.0,10.0,12.0,57.0,57.0,0.0,premier_league_raw_table,https://en.wikipedia.org/wiki/2021%E2%80%9322_Premier_League,,Raw Premier League season table CSV,medium,League table data loaded from raw Premier League CSV files.,2022-06-30,GBP,full pounds (converted from GBP thousands disclosed in report),583201000.0,110534000.0,214847000.0,257820000.0,,,,384141000.0,514899000.0,151462000.0,21935000.0,-149623000.0,681324568.25,129131345.5,250995007.75,301198215.0,,601530756.75,-174797069.75,,,583201000.0,0.0,"[72, 161]",Manchester United plc annual report on Form 20-F provides the broader comparable consolidated revenue split and financing disclosures used elsewhere in the plc-era extractions.,Women's team revenue is not separately disclosed in the source used here.,"Commercial revenue in the plc report includes sponsorship, retail, merchandising, product licensing and related commercial activities.",high,True,Manchester United plc 2022 Annual Report on Form 20-F,https://ir.manutd.com/financial-information/annual-reports/2022.aspx,Values disclosed in GBP thousands have been converted to full GBP amounts.,325381000.0,1.16825,1.117869,1.30595,1.202829,"ONS average sterling exchange rates: THAP (GBP/EUR) and AUSS (GBP/USD), UK trade time series (MRET), accessed 2026-08-11","ONS CPI INDEX 00: ALL ITEMS 2015=100 (D7BT), accessed 2026-08-11",Season factors use the mean of the two surrounding ONS annual averages for calendar years 2021 and 2022.,True,583201000.0,701491075.629,819516949.1035792,761631345.9499999,916112270.2176924,110534000.0,132953500.68599999,155322927.1764195,144351877.29999998,173630624.22088167,214847000.0,258424202.163,301904074.1769247,280579439.65,337489086.8147698,257820000.0,310113372.78,362289947.75023496,336700029.0,404992559.182041,325381000.0,391377702.849,380126353.25,457227001.3533442,424931316.95,511119711.0356515,384141000.0,462055934.889,448772723.25,539796845.9340742,501668938.95,603421948.1682895,514899000.0,619335449.2709999,723538638.6108457,672432349.05,808821129.9754623,151462000.0,182182885.998,176945481.5,212835156.5671635,197801798.9,237921739.9690881,21935000.0,26384054.115,25625563.75,30823171.21984875,28646013.25,34456255.47148425,-149623000.0,-179970883.46699998,-210250984.61032274,-195400156.85,-235032975.26372862,2025/26 prices,,,,0.6586768541206205,0.18952985334387287,0.36839271537600243,0.44207743128012467,True,True,True,True
premier_league,Premier League,manchester_united,Manchester United,2022/23,2022,2023,243150000.0,23650000.0,219500000.0,24,19,transfermarkt_club_page,https://www.transfermarkt.com/manchester-united/transfers/verein/985/saison_id/2022,2026-04-27T18:17:11.250175+00:00,high,,1.0,Erik ten Hag,"[""erik_ten_hag_02-02-1970""]",erik_ten_hag_02-02-1970,Erik ten Hag,1.0,365.0,2022-07-01,2024-10-28,128.0,72.0,20.0,36.0,1.84,transfermarkt_manager_history_page,https://www.transfermarkt.com/manchester-united/mitarbeiterhistorie/verein/985/personalie_id/1/plus/1,2026-04-27T18:42:56.688983+00:00,high,,3.0,1.0,English League Cup winner | Europa League Participant | FA Cup Runner up,English League Cup winner,transfermarkt_achievements_page,https://www.transfermarkt.com/manchester-united/erfolge/verein/985,2026-04-28T07:46:04.827964+00:00,high,,English League Cup winner (winner) | Europa League Participant (participant) | FA Cup Runner up (runner_up),league_cup | uefa_europa_league | fa_cup,English League Cup winner (winner),3.0,75.0,23.0,6.0,9.0,58.0,43.0,15.0,premier_league_raw_table,https://en.wikipedia.org/wiki/2022%E2%80%9323_Premier_League,,Raw Premier League season table CSV,medium,League table data loaded from raw Premier League CSV files.,2023-06-30,GBP,full pounds (converted from GBP thousands disclosed in report),648401000.0,136420000.0,209095000.0,302886000.0,,,,331374000.0,537277000.0,172684000.0,20424000.0,-32574000.0,753182601.6,158465472.0,242884752.0,351832377.59999996,,624100963.1999999,-37837958.4,,,648401000.0,0.0,"[63, 148]",Manchester United plc annual report on Form 20-F provides a comparable consolidated revenue split and financing disclosures aligned to the project methodology.,Women's team revenue is not separately disclosed in the source used here.,"Commercial revenue in the plc report includes sponsorship, retail, merchandising, product licensing and related commercial activities.",high,True,Manchester United plc 2023 Annual Report on Form 20-F,https://ir.manutd.com/financial-information/annual-reports/2023.aspx,Values disclosed in GBP thousands have been converted to full GBP amounts.,345515000.0,1.1616,1.067321,1.2398,1.112688,"ONS average sterling exchange rates: THAP (GBP/EUR) and AUSS (GBP/USD), UK trade time series (MRET), accessed 2026-08-11","ONS CPI INDEX 00: ALL ITEMS 2015=100 (D7BT), accessed 2026-08-11",Season factors use the mean of the two surrounding ONS annual averages for calendar years 2022 and 2023.,True,648401000.0,721468011.8879999,838057242.6091007,803887559.8,894476041.1387422,136420000.0,151792896.95999998,176322629.10873598,169133516.0,188192833.65100798,209095000.0,232657497.35999998,270254948.93337595,259235981.0,288448765.226928,302886000.0,337017617.56799996,391479664.5669887,375518062.8,417834442.2608064,345515000.0,384450394.32,401350224.0,446577578.04211193,428369497.0,476641598.87793595,331374000.0,368715873.312,384924038.4,428300358.4392191,410837485.2,457133939.73221755,537277000.0,597821670.576,694429652.5410814,666116024.6,741179307.1801248,172684000.0,192143414.59199998,200589734.4,223193790.3900672,214093623.2,238219405.41116157,20424000.0,22725539.711999997,23724518.4,26397986.929459196,25321675.2,28175124.134937596,-32574000.0,-36244698.91199999,-42101842.25617919,-40385245.2,-44936177.7110976,2025/26 prices,,,,0.5110633697357037,0.21039449353100936,0.322477911045788,0.46712759542320254,True,True,True,True
premier_league,Premier League,manchester_united,Manchester United,2023/24,2023,2024,212700000.0,63770000.0,148930000.0,14,23,transfermarkt_club_page,https://www.transfermarkt.com/manchester-united/transfers/verein/985/saison_id/2023,2026-04-27T18:17:13.343980+00:00,high,,1.0,Erik ten Hag,"[""erik_ten_hag_02-02-1970""]",erik_ten_hag_02-02-1970,Erik ten Hag,1.0,366.0,2022-07-01,2024-10-28,128.0,72.0,20.0,36.0,1.84,transfermarkt_manager_history_page,https://www.transfermarkt.com/manchester-united/mitarbeiterhistorie/verein/985/personalie_id/1/plus/1,2026-04-27T18:42:56.688983+00:00,high,,2.0,1.0,Champions League Participant | FA Cup Winner,FA Cup Winner,transfermarkt_achievements_page,https://www.transfermarkt.com/manchester-united/erfolge/verein/985,2026-04-28T07:46:04.827964+00:00,high,,Champions League Participant (participant) | FA Cup Winner (winner),uefa_champions_league | fa_cup,FA Cup Winner (winner),8.0,60.0,18.0,6.0,14.0,57.0,58.0,-1.0,premier_league_raw_table,https://en.wikipedia.org/wiki/2023%E2%80%9324_Premier_League,,Raw Premier League season table CSV,medium,League table data loaded from raw Premier League CSV files.,2024-06-30,GBP,full pounds (converted from GBP thousands disclosed in report),661755000.0,137134000.0,221745000.0,302876000.0,,,,364719000.0,473072000.0,190123000.0,37422000.0,-130724000.0,771440891.25,159863960.5,258499233.75,353077697.0,,551483684.0,-152391503.0,,,661755000.0,0.0,"[7, 154]",Manchester United plc annual report on Form 20-F provides a comparable consolidated revenue split and financing disclosures aligned to the project methodology.,Women's team revenue is not separately disclosed in the source used here.,"Commercial revenue in the plc report includes sponsorship, retail, merchandising, product licensing and related commercial activities.",high,True,Manchester United plc 2024 Annual Report on Form 20-F,https://ir.manutd.com/financial-information/annual-reports/2024.aspx,Values disclosed in GBP thousands have been converted to full GBP amounts.,358879000.0,1.16575,1.081578,1.26085,1.061346,"ONS average sterling exchange rates: THAP (GBP/EUR) and AUSS (GBP/USD), UK trade time series (MRET), accessed 2026-08-11","ONS CPI INDEX 00: ALL ITEMS 2015=100 (D7BT), accessed 2026-08-11",Season factors use the mean of the two surrounding ONS annual averages for calendar years 2023 and 2024.,True,661755000.0,702351022.2299999,818765704.1646224,834373791.75,885559286.3786954,137134000.0,145546622.364,169670975.020833,172905403.9,183512458.8076494,221745000.0,235348168.76999998,274357127.7436275,279587183.25,296738738.59365445,302876000.0,321456231.09599996,374737601.400162,381881204.6,405308088.9773916,358879000.0,380894791.13399994,418363194.25,444028102.76446044,452492587.15000004,480251197.4013039,364719000.0,387093051.774,425171174.25,451253725.10554045,459855951.15000004,488066274.3292479,473072000.0,502093074.91199994,585315002.078664,596472831.2,633064053.5027952,190123000.0,201786285.55799997,221635887.25,235232362.38923848,239716584.55,254422238.1458043,37422000.0,39717690.011999995,43624696.5,46300897.131488994,47183528.7,50078049.4516302,-130724000.0,-138743394.50399998,-161740112.14303797,-164823355.4,-174934608.9603684,2025/26 prices,,,,0.5511390167055783,0.20722775045145106,0.3350862479316363,0.4576860016169126,True,True,True,True
premier_league,Premier League,manchester_united,Manchester United,2024/25,2024,2025,246300000.0,117200000.0,129100000.0,15,17,transfermarkt_club_page,https://www.transfermarkt.com/manchester-united/transfers/verein/985/saison_id/2024,2026-04-27T18:17:15.172655+00:00,high,,2.0,Erik ten Hag | Rúben Amorim,"[""erik_ten_hag_02-02-1970"", ""r_ben_amorim_27-01-1985""]",r_ben_amorim_27-01-1985,Rúben Amorim,0.6356164383561644,232.0,2024-11-11,2026-01-05,63.0,25.0,15.0,23.0,1.43,transfermarkt_manager_history_page,https://www.transfermarkt.com/manchester-united/mitarbeiterhistorie/verein/985/personalie_id/1/plus/1,2026-04-27T18:42:56.688983+00:00,high,,2.0,0.0,Europa League Participant | Europa League runner-up,,transfermarkt_achievements_page,https://www.transfermarkt.com/manchester-united/erfolge/verein/985,2026-04-28T07:46:04.827964+00:00,high,,Europa League Participant (participant) | Europa League runner-up,uefa_europa_league,,15.0,42.0,11.0,9.0,18.0,44.0,54.0,-10.0,premier_league_raw_table,https://en.wikipedia.org/wiki/2024%E2%80%9325_Premier_League,,Raw Premier League season table CSV,medium,League table data loaded from raw Premier League CSV files.,2025-06-30,GBP,full pounds (converted from GBP thousands disclosed in report),666514000.0,160263000.0,172977000.0,333274000.0,,,,313256000.0,550869000.0,196373000.0,48742000.0,-39664000.0,782754041.6,188212867.20000002,203144188.8,391396985.6,,646940553.6,-46581401.6,,,666514000.0,0.0,"[53, 141]",Manchester United plc annual report on Form 20-F provides a comparable consolidated revenue split and financing disclosures aligned to the project methodology.,Women's team revenue is not separately disclosed in the source used here.,"Commercial revenue in the plc report includes sponsorship, retail, merchandising, product licensing and related commercial activities.",high,True,Manchester United plc 2025 Annual Report on Form 20-F,https://ir.manutd.com/financial-information/annual-reports/2025.aspx,Values disclosed in GBP thousands have been converted to full GBP amounts.,333240000.0,1.1744,1.105586,1.2984,1.030555,"ONS average sterling exchange rates: THAP (GBP/EUR) and AUSS (GBP/USD), UK trade time series (MRET), accessed 2026-08-11","ONS CPI INDEX 00: ALL ITEMS 2015=100 (D7BT), accessed 2026-08-11",Season factors use the mean of the two surrounding ONS annual averages for calendar years 2024 and 2025.,True,666514000.0,686879335.2700001,806671091.341088,865401777.6,891844128.9145681,160263000.0,165159835.965,193963711.35729605,208085479.2,214443531.016956,172977000.0,178262312.235,209351259.48878404,224593336.8,231455786.20592403,333274000.0,343457187.07000005,403356120.49500805,432722961.6,445944811.69168806,333240000.0,343422148.20000005,391357056.00000006,403314970.8460801,432678816.0,445899317.22288007,313256000.0,322827537.08000004,367887846.40000004,379128659.5467521,406731590.4,419159274.14467204,550869000.0,567700802.2950001,666707822.2152481,715248309.6,737102721.6998281,196373000.0,202373177.01500002,230620451.20000002,237667059.08641604,254970703.2,262761333.036276,48742000.0,50231311.81,57242604.800000004,58991652.58966401,63286612.8,65220335.254104,-39664000.0,-40875933.52,-48004696.32588801,-51499737.6,-53073312.08236801,2025/26 prices,,,,0.469991628082831,0.24044956294991554,0.2595249312092469,0.5000255058408376,True,True,True,True
premier_league,Premier League,manchester_united,Manchester United,2025/26,2025,2026,246700000.0,74200000.0,172500000.0,14,15,transfermarkt_club_page,https://www.transfermarkt.com/manchester-united/transfers/verein/985/saison_id/2025,2026-04-27T18:17:16.958540+00:00,high,,2.0,Rúben Amorim | Michael Carrick,"[""r_ben_amorim_27-01-1985"", ""michael_carrick_28-07-1981""]",r_ben_amorim_27-01-1985,Rúben Amorim,0.5178082191780822,189.0,2024-11-11,2026-01-05,63.0,25.0,15.0,23.0,1.43,transfermarkt_manager_history_page,https://www.transfermarkt.com/manchester-united/mitarbeiterhistorie/verein/985/personalie_id/1/plus/1,2026-04-27T18:42:56.688983+00:00,high,,,,,,,,,,,,,,,,,,,,,,,,,,,,,,,,,,,,,,,,,,,,,,,,,,,,,,,,,,,,,,,,,,,,,,,,,,,,,,,,,,,,,,,,,,,,,,,,,,,,,,,,,,,,,,,,,,,,,,,,,,,,,,,,,,,,,,False,False,False,True
premier_league,Premier League,tottenham_hotspur,Tottenham Hotspur,1990/91,1990,1991,75000.0,1160000.0,-1085000.0,9,13,transfermarkt_club_page,https://www.transfermarkt.com/tottenham-hotspur/transfers/verein/148/saison_id/1990,2026-04-27T18:20:04.189032+00:00,high,Displayed departures sum (1160000) differs from parsed departures fee sum (1156000).,1.0,Terry Venables,"[""terry_venables_06-01-1943""]",terry_venables_06-01-1943,Terry Venables,1.0,365.0,1987-11-28,1991-06-30,164.0,66.0,46.0,52.0,1.49,transfermarkt_manager_history_page,https://www.transfermarkt.com/tottenham-hotspur/mitarbeiterhistorie/verein/148/personalie_id/1/plus/1,2026-04-27T18:43:02.173820+00:00,high,,1.0,1.0,FA Cup Winner,FA Cup Winner,transfermarkt_achievements_page,https://www.transfermarkt.com/tottenham-hotspur/erfolge/verein/148,2026-04-28T07:46:11.825063+00:00,high,,FA Cup Winner (winner),fa_cup,FA Cup Winner (winner),,,,,,,,,,,,,,,,,,,,,,,,,,,,,,,,,,,,,,,,,,,,,,,,,,,,,,,,,,,,,,,,,,,,,,,,,,,,,,,,,,,,,,,,,,,,,,,,,,,,,,,,,,,,,,,,,,,,,,,,,False,False,True,True
premier_league,Premier League,tottenham_hotspur,Tottenham Hotspur,1991/92,1991,1992,4540000.0,1470000.0,3070000.0,22,18,transfermarkt_club_page,https://www.transfermarkt.com/tottenham-hotspur/transfers/verein/148/saison_id/1991,2026-04-27T18:20:06.792740+00:00,high,Displayed arrivals sum (4540000) differs from parsed arrivals fee sum (4543000). Displayed departures sum (1470000) differs from parsed departures fee sum (1466000).,2.0,Peter Shreeves | Doug Livermore,"[""peter_shreeves_30-11-1940"", ""doug_livermore_27-12-1947""]",peter_shreeves_30-11-1940,Peter Shreeves,0.8142076502732241,298.0,1991-07-23,1992-05-15,59.0,23.0,12.0,24.0,1.37,transfermarkt_manager_history_page,https://www.transfermarkt.com/tottenham-hotspur/mitarbeiterhistorie/verein/148/personalie_id/1/plus/1,2026-04-27T18:43:02.173820+00:00,high,,1.0,1.0,English Supercup Winner,English Supercup Winner,transfermarkt_achievements_page,https://www.transfermarkt.com/tottenham-hotspur/erfolge/verein/148,2026-04-28T07:46:11.825063+00:00,high,,English Supercup Winner (winner),super_cup,English Supercup Winner (winner),,,,,,,,,,,,,,,,,,,,,,,,,,,,,,,,,,,,,,,,,,,,,,,,,,,,,,,,,,,,,,,,,,,,,,,,,,,,,,,,,,,,,,,,,,,,,,,,,,,,,,,,,,,,,,,,,,,,,,,,,False,False,True,True
premier_league,Premier League,tottenham_hotspur,Tottenham Hotspur,1992/93,1992,1993,7690000.0,10600000.0,-2910000.0,20,15,transfermarkt_club_page,https://www.transfermarkt.com/tottenham-hotspur/transfers/verein/148/saison_id/1992,2026-04-27T18:20:08.731805+00:00,high,Displayed arrivals sum (7690000) differs from parsed arrivals fee sum (7695000).,2.0,Doug Livermore | Osvaldo Ardiles,"[""doug_livermore_27-12-1947"", ""osvaldo_ardiles_03-08-1952""]",doug_livermore_27-12-1947,Doug Livermore,0.96986301369863,354.0,1992-05-27,1993-06-19,51.0,23.0,11.0,17.0,1.57,transfermarkt_manager_history_page,https://www.transfermarkt.com/tottenham-hotspur/mitarbeiterhistorie/verein/148/personalie_id/1/plus/1,2026-04-27T18:43:02.173820+00:00,high,,,,,,,,,,,,,,,,,,,,,,,,,,,,,,,,,,,,,,,,,,,,,,,,,,,,,,,,,,,,,,,,,,,,,,,,,,,,,,,,,,,,,,,,,,,,,,,,,,,,,,,,,,,,,,,,,,,,,,,,,,,,,,,,,,,,,,False,False,False,True
premier_league,Premier League,tottenham_hotspur,Tottenham Hotspur,1993/94,1993,1994,6220000.0,6320000.0,-100000.0,14,16,transfermarkt_club_page,https://www.transfermarkt.com/tottenham-hotspur/transfers/verein/148/saison_id/1993,2026-04-27T18:20:11.537706+00:00,high,Displayed arrivals sum (6220000) differs from parsed arrivals fee sum (6218000). Displayed departures sum (6320000) differs from parsed departures fee sum (6315000).,1.0,Osvaldo Ardiles,"[""osvaldo_ardiles_03-08-1952""]",osvaldo_ardiles_03-08-1952,Osvaldo Ardiles,1.0,365.0,1993-06-19,1994-11-01,65.0,21.0,16.0,28.0,1.22,transfermarkt_manager_history_page,https://www.transfermarkt.com/tottenham-hotspur/mitarbeiterhistorie/verein/148/personalie_id/1/plus/1,2026-04-27T18:43:02.173820+00:00,high,,,,,,,,,,,,,,,,,,,,,,,,,,,,,,,,,,,,,,,,,,,,,,,,,,,,,,,,,,,,,,,,,,,,,,,,,,,,,,,,,,,,,,,,,,,,,,,,,,,,,,,,,,,,,,,,,,,,,,,,,,,,,,,,,,,,,,False,False,False,True
premier_league,Premier League,tottenham_hotspur,Tottenham Hotspur,1994/95,1994,1995,9350000.0,4860000.0,4490000.0,17,22,transfermarkt_club_page,https://www.transfermarkt.com/tottenham-hotspur/transfers/verein/148/saison_id/1994,2026-04-27T18:20:13.964915+00:00,high,Displayed departures sum (4860000) differs from parsed departures fee sum (4855000).,2.0,Osvaldo Ardiles | Gerry Francis,"[""osvaldo_ardiles_03-08-1952"", ""gerry_francis_06-12-1951""]",gerry_francis_06-12-1951,Gerry Francis,0.6246575342465753,228.0,1994-11-15,1997-11-19,146.0,56.0,41.0,49.0,1.43,transfermarkt_manager_history_page,https://www.transfermarkt.com/tottenham-hotspur/mitarbeiterhistorie/verein/148/personalie_id/1/plus/1,2026-04-27T18:43:02.173820+00:00,high,,,,,,,,,,,,,,,,,,,,,,,,,,,,,,,,,,,,,,,,,,,,,,,,,,,,,,,,,,,,,,,,,,,,,,,,,,,,,,,,,,,,,,,,,,,,,,,,,,,,,,,,,,,,,,,,,,,,,,,,,,,,,,,,,,,,,,False,False,False,True
premier_league,Premier League,tottenham_hotspur,Tottenham Hotspur,1995/96,1995,1996,13370000.0,14200000.0,-830000.0,17,17,transfermarkt_club_page,https://www.transfermarkt.com/tottenham-hotspur/transfers/verein/148/saison_id/1995,2026-04-27T18:20:15.902362+00:00,high,,1.0,Gerry Francis,"[""gerry_francis_06-12-1951""]",gerry_francis_06-12-1951,Gerry Francis,1.0,366.0,1994-11-15,1997-11-19,146.0,56.0,41.0,49.0,1.43,transfermarkt_manager_history_page,https://www.transfermarkt.com/tottenham-hotspur/mitarbeiterhistorie/verein/148/personalie_id/1/plus/1,2026-04-27T18:43:02.173820+00:00,high,,,,,,,,,,,,,,,,,,,,,,,,,,,,,,,,,,,,,,,,,,,,,,,,,,,,,,,,,,,,,,,,,,,,,,,,,,,,,,,,,,,,,,,,,,,,,,,,,,,,,,,,,,,,,,,,,,,,,,,,,,,,,,,,,,,,,,False,False,False,True
premier_league,Premier League,tottenham_hotspur,Tottenham Hotspur,1996/97,1996,1997,13250000.0,7040000.0,6210000.0,17,17,transfermarkt_club_page,https://www.transfermarkt.com/tottenham-hotspur/transfers/verein/148/saison_id/1996,2026-04-27T18:20:17.753570+00:00,high,Displayed departures sum (7040000) differs from parsed departures fee sum (7037000).,1.0,Gerry Francis,"[""gerry_francis_06-12-1951""]",gerry_francis_06-12-1951,Gerry Francis,1.0,365.0,1994-11-15,1997-11-19,146.0,56.0,41.0,49.0,1.43,transfermarkt_manager_history_page,https://www.transfermarkt.com/tottenham-hotspur/mitarbeiterhistorie/verein/148/personalie_id/1/plus/1,2026-04-27T18:43:02.173820+00:00,high,,,,,,,,,,,,,,,,,,,,,,,,,,,,,,,,,,,,,,,,,,,,,,,,,,,,,,,,,,,,,,,,,,,,,,,,,,,,,,,,,,,,,,,,,,,,,,,,,,,,,,,,,,,,,,,,,,,,,,,,,,,,,,,,,,,,,,False,False,False,True
premier_league,Premier League,tottenham_hotspur,Tottenham Hotspur,1997/98,1997,1998,17700000.0,480000.0,17220000.0,14,17,transfermarkt_club_page,https://www.transfermarkt.com/tottenham-hotspur/transfers/verein/148/saison_id/1997,2026-04-27T18:20:19.577514+00:00,high,,2.0,Gerry Francis | Christian Gross,"[""gerry_francis_06-12-1951"", ""christian_gross_14-08-1954""]",christian_gross_14-08-1954,Christian Gross,0.6,219.0,1997-11-24,1998-09-05,30.0,10.0,8.0,12.0,1.27,transfermarkt_manager_history_page,https://www.transfermarkt.com/tottenham-hotspur/mitarbeiterhistorie/verein/148/personalie_id/1/plus/1,2026-04-27T18:43:02.173820+00:00,high,,,,,,,,,,,,,,,,,,,,,,,,,,,,,,,,,,,,,,,,,,,,,,,,,,,,,,,,,,,,,,,,,,,,,,,,,,,,,,,,,,,,,,,,,,,,,,,,,,,,,,,,,,,,,,,,,,,,,,,,,,,,,,,,,,,,,,False,False,False,True
premier_league,Premier League,tottenham_hotspur,Tottenham Hotspur,1998/99,1998,1999,11580000.0,825000.0,10755000.0,16,13,transfermarkt_club_page,https://www.transfermarkt.com/tottenham-hotspur/transfers/verein/148/saison_id/1998,2026-04-27T18:20:21.634539+00:00,high,,2.0,Christian Gross | George Graham,"[""christian_gross_14-08-1954"", ""george_graham_30-11-1944""]",george_graham_30-11-1944,George Graham,0.7479452054794521,273.0,1998-10-01,2001-03-16,124.0,49.0,34.0,41.0,1.46,transfermarkt_manager_history_page,https://www.transfermarkt.com/tottenham-hotspur/mitarbeiterhistorie/verein/148/personalie_id/1/plus/1,2026-04-27T18:43:02.173820+00:00,high,,1.0,1.0,English League Cup winner,English League Cup winner,transfermarkt_achievements_page,https://www.transfermarkt.com/tottenham-hotspur/erfolge/verein/148,2026-04-28T07:46:11.825063+00:00,high,,English League Cup winner (winner),league_cup,English League Cup winner (winner),,,,,,,,,,,,,,,,,,,,,,,,,,,,,,,,,,,,,,,,,,,,,,,,,,,,,,,,,,,,,,,,,,,,,,,,,,,,,,,,,,,,,,,,,,,,,,,,,,,,,,,,,,,,,,,,,,,,,,,,,False,False,True,True
premier_league,Premier League,tottenham_hotspur,Tottenham Hotspur,1999/00,1999,2000,17000000.0,2280000.0,14720000.0,15,17,transfermarkt_club_page,https://www.transfermarkt.com/tottenham-hotspur/transfers/verein/148/saison_id/1999,2026-04-27T18:20:23.623297+00:00,high,,1.0,George Graham,"[""george_graham_30-11-1944""]",george_graham_30-11-1944,George Graham,1.0,366.0,1998-10-01,2001-03-16,124.0,49.0,34.0,41.0,1.46,transfermarkt_manager_history_page,https://www.transfermarkt.com/tottenham-hotspur/mitarbeiterhistorie/verein/148/personalie_id/1/plus/1,2026-04-27T18:43:02.173820+00:00,high,,1.0,0.0,UEFA Cup Participant,,transfermarkt_achievements_page,https://www.transfermarkt.com/tottenham-hotspur/erfolge/verein/148,2026-04-28T07:46:11.825063+00:00,high,,UEFA Cup Participant (participant),fa_cup,,,,,,,,,,,,,,,,,,,,,,,,,,,,,,,,,,,,,,,,,,,,,,,,,,,,,,,,,,,,,,,,,,,,,,,,,,,,,,,,,,,,,,,,,,,,,,,,,,,,,,,,,,,,,,,,,,,,,,,,,,False,False,True,True
premier_league,Premier League,tottenham_hotspur,Tottenham Hotspur,2000/01,2000,2001,25740000.0,2460000.0,23280000.0,8,12,transfermarkt_club_page,https://www.transfermarkt.com/tottenham-hotspur/transfers/verein/148/saison_id/2000,2026-04-27T18:20:25.592194+00:00,high,Displayed departures sum (2460000) differs from parsed departures fee sum (2455000).,2.0,George Graham | Glenn Hoddle,"[""george_graham_30-11-1944"", ""glenn_hoddle_27-10-1957""]",george_graham_30-11-1944,George Graham,0.7095890410958904,259.0,1998-10-01,2001-03-16,124.0,49.0,34.0,41.0,1.46,transfermarkt_manager_history_page,https://www.transfermarkt.com/tottenham-hotspur/mitarbeiterhistorie/verein/148/personalie_id/1/plus/1,2026-04-27T18:43:02.173820+00:00,high,,,,,,,,,,,,,,,,,,,,,,,,,,,,,,,,,,,,,,,,,,,,,,,,,,,,,,,,,,,,,,,,,,,,,,,,,,,,,,,,,,,,,,,,,,,,,,,,,,,,,,,,,,,,,,,,,,,,,,,,,,,,,,,,,,,,,,False,False,False,True
premier_league,Premier League,tottenham_hotspur,Tottenham Hotspur,2001/02,2001,2002,28050000.0,9750000.0,18300000.0,10,9,transfermarkt_club_page,https://www.transfermarkt.com/tottenham-hotspur/transfers/verein/148/saison_id/2001,2026-04-27T18:20:27.472351+00:00,high,,1.0,Glenn Hoddle,"[""glenn_hoddle_27-10-1957""]",glenn_hoddle_27-10-1957,Glenn Hoddle,1.0,365.0,2001-04-02,2003-09-20,102.0,40.0,18.0,44.0,1.35,transfermarkt_manager_history_page,https://www.transfermarkt.com/tottenham-hotspur/mitarbeiterhistorie/verein/148/personalie_id/1/plus/1,2026-04-27T18:43:02.173820+00:00,high,,1.0,0.0,English League Cup runner-up,,transfermarkt_achievements_page,https://www.transfermarkt.com/tottenham-hotspur/erfolge/verein/148,2026-04-28T07:46:11.825063+00:00,high,,English League Cup runner-up,league_cup,,,,,,,,,,,,,,,,,,,,,,,,,,,,,,,,,,,,,,,,,,,,,,,,,,,,,,,,,,,,,,,,,,,,,,,,,,,,,,,,,,,,,,,,,,,,,,,,,,,,,,,,,,,,,,,,,,,,,,,,,,False,False,True,True
premier_league,Premier League,tottenham_hotspur,Tottenham Hotspur,2002/03,2002,2003,10500000.0,1350000.0,9150000.0,23,21,transfermarkt_club_page,https://www.transfermarkt.com/tottenham-hotspur/transfers/verein/148/saison_id/2002,2026-04-27T18:20:29.328983+00:00,high,,1.0,Glenn Hoddle,"[""glenn_hoddle_27-10-1957""]",glenn_hoddle_27-10-1957,Glenn Hoddle,1.0,365.0,2001-04-02,2003-09-20,102.0,40.0,18.0,44.0,1.35,transfermarkt_manager_history_page,https://www.transfermarkt.com/tottenham-hotspur/mitarbeiterhistorie/verein/148/personalie_id/1/plus/1,2026-04-27T18:43:02.173820+00:00,high,,,,,,,,,,,,,,,,,,,,,,,,,,,,,,,,,,,,,,,,,,,,,,,,,,,,,,,,,,,,,,,,,,,,,,,,,,,,,,,,,,,,,,,,,,,,,,,,,,,,,,,,,,,,,,,,,,,,,,,,,,,,,,,,,,,,,,False,False,False,True
premier_league,Premier League,tottenham_hotspur,Tottenham Hotspur,2003/04,2003,2004,29750000.0,1750000.0,28000000.0,19,23,transfermarkt_club_page,https://www.transfermarkt.com/tottenham-hotspur/transfers/verein/148/saison_id/2003,2026-04-27T18:20:31.832331+00:00,high,,1.0,Glenn Hoddle,"[""glenn_hoddle_27-10-1957""]",glenn_hoddle_27-10-1957,Glenn Hoddle,0.2240437158469945,82.0,2001-04-02,2003-09-20,102.0,40.0,18.0,44.0,1.35,transfermarkt_manager_history_page,https://www.transfermarkt.com/tottenham-hotspur/mitarbeiterhistorie/verein/148/personalie_id/1/plus/1,2026-04-27T18:43:02.173820+00:00,high,,,,,,,,,,,,,,,,,,,,,,,,,,,,,,,,,,,,,,,,,,,,,,,,,,,,,,,,,,,,,,,,,,,,,,,,,,,,,,,,,,,,,,,,,,,,,,,,,,,,,,,,,,,,,,,,,,,,,,,,,,,,,,,,,,,,,,False,False,False,True
premier_league,Premier League,tottenham_hotspur,Tottenham Hotspur,2004/05,2004,2005,48030000.0,10500000.0,37530000.0,37,34,transfermarkt_club_page,https://www.transfermarkt.com/tottenham-hotspur/transfers/verein/148/saison_id/2004,2026-04-27T18:20:34.285833+00:00,high,Displayed arrivals sum (48030000) differs from parsed arrivals fee sum (48025000).,2.0,Jacques Santini | Martin Jol,"[""jacques_santini_25-04-1952"", ""martin_jol_16-01-1956""]",martin_jol_16-01-1956,Martin Jol,0.6438356164383562,235.0,2004-11-08,2007-10-25,147.0,67.0,37.0,43.0,1.62,transfermarkt_manager_history_page,https://www.transfermarkt.com/tottenham-hotspur/mitarbeiterhistorie/verein/148/personalie_id/1/plus/1,2026-04-27T18:43:02.173820+00:00,high,,,,,,,,,,,,,,,,,,,,,,,,,,,,,,,,,,,,,,,,,,,,,,,,,,,,,,,,,,,,,,,,,,,,,,,,,,,,,,,,,,,,,,,,,,,,,,,,,,,,,,,,,,,,,,,,,,,,,,,,,,,,,,,,,,,,,,False,False,False,True
premier_league,Premier League,tottenham_hotspur,Tottenham Hotspur,2005/06,2005,2006,35610000.0,25450000.0,10160000.0,24,25,transfermarkt_club_page,https://www.transfermarkt.com/tottenham-hotspur/transfers/verein/148/saison_id/2005,2026-04-27T18:20:36.629900+00:00,high,,1.0,Martin Jol,"[""martin_jol_16-01-1956""]",martin_jol_16-01-1956,Martin Jol,1.0,365.0,2004-11-08,2007-10-25,147.0,67.0,37.0,43.0,1.62,transfermarkt_manager_history_page,https://www.transfermarkt.com/tottenham-hotspur/mitarbeiterhistorie/verein/148/personalie_id/1/plus/1,2026-04-27T18:43:02.173820+00:00,high,,,,,,,,,,,,,,,,,,,,,,,,,,,,,,,,,,,,,,,,,,,,,,,,,,,,,,,,,,,,,,,,,,,,,,,,,,,,,,,,,,,,,,,,,,,,,,,,,,,,,,,,,,,,,,,,,,,,,,,,,,,,,,,,,,,,,,False,False,False,True
premier_league,Premier League,tottenham_hotspur,Tottenham Hotspur,2006/07,2006,2007,61000000.0,38650000.0,22350000.0,19,22,transfermarkt_club_page,https://www.transfermarkt.com/tottenham-hotspur/transfers/verein/148/saison_id/2006,2026-04-27T18:20:40.535893+00:00,high,,1.0,Martin Jol,"[""martin_jol_16-01-1956""]",martin_jol_16-01-1956,Martin Jol,1.0,365.0,2004-11-08,2007-10-25,147.0,67.0,37.0,43.0,1.62,transfermarkt_manager_history_page,https://www.transfermarkt.com/tottenham-hotspur/mitarbeiterhistorie/verein/148/personalie_id/1/plus/1,2026-04-27T18:43:02.173820+00:00,high,,1.0,0.0,UEFA Cup Participant,,transfermarkt_achievements_page,https://www.transfermarkt.com/tottenham-hotspur/erfolge/verein/148,2026-04-28T07:46:11.825063+00:00,high,,UEFA Cup Participant (participant),fa_cup,,,,,,,,,,,,,,,,,,,,,,,,,,,,,,,,,,,,,,,,,,,,,,,,,,,,,,,,,,,,,,,,,,,,,,,,,,,,,,,,,,,,,,,,,,,,,,,,,,,,,,,,,,,,,,,,,,,,,,,,,,False,False,True,True
premier_league,Premier League,tottenham_hotspur,Tottenham Hotspur,2007/08,2007,2008,94150000.0,22550000.0,71600000.0,26,21,transfermarkt_club_page,https://www.transfermarkt.com/tottenham-hotspur/transfers/verein/148/saison_id/2007,2026-04-27T18:20:42.678331+00:00,high,,2.0,Martin Jol | Juande Ramos,"[""martin_jol_16-01-1956"", ""juande_ramos_25-09-1954""]",juande_ramos_25-09-1954,Juande Ramos,0.680327868852459,249.0,2007-10-26,2008-10-27,54.0,19.0,16.0,19.0,1.35,transfermarkt_manager_history_page,https://www.transfermarkt.com/tottenham-hotspur/mitarbeiterhistorie/verein/148/personalie_id/1/plus/1,2026-04-27T18:43:02.173820+00:00,high,,2.0,1.0,English League Cup winner | UEFA Cup Participant,English League Cup winner,transfermarkt_achievements_page,https://www.transfermarkt.com/tottenham-hotspur/erfolge/verein/148,2026-04-28T07:46:11.825063+00:00,high,,English League Cup winner (winner) | UEFA Cup Participant (participant),league_cup | fa_cup,English League Cup winner (winner),,,,,,,,,,,,,,,,,,,,,,,,,,,,,,,,,,,,,,,,,,,,,,,,,,,,,,,,,,,,,,,,,,,,,,,,,,,,,,,,,,,,,,,,,,,,,,,,,,,,,,,,,,,,,,,,,,,,,,,,,False,False,True,True
premier_league,Premier League,tottenham_hotspur,Tottenham Hotspur,2008/09,2008,2009,143950000.0,88050000.0,55900000.0,34,35,transfermarkt_club_page,https://www.transfermarkt.com/tottenham-hotspur/transfers/verein/148/saison_id/2008,2026-04-27T18:20:45.238522+00:00,high,,2.0,Juande Ramos | Harry Redknapp,"[""juande_ramos_25-09-1954"", ""harry_redknapp_02-03-1947""]",harry_redknapp_02-03-1947,Harry Redknapp,0.6794520547945205,248.0,2008-10-26,2012-06-14,198.0,98.0,48.0,52.0,1.73,transfermarkt_manager_history_page,https://www.transfermarkt.com/tottenham-hotspur/mitarbeiterhistorie/verein/148/personalie_id/1/plus/1,2026-04-27T18:43:02.173820+00:00,high,,1.0,0.0,UEFA Cup Participant,,transfermarkt_achievements_page,https://www.transfermarkt.com/tottenham-hotspur/erfolge/verein/148,2026-04-28T07:46:11.825063+00:00,high,,UEFA Cup Participant (participant),fa_cup,,8.0,51.0,14.0,9.0,15.0,45.0,45.0,0.0,premier_league_raw_table,https://en.wikipedia.org/wiki/2008%E2%80%9309_Premier_League,,Raw Premier League season table CSV,medium,League table data loaded from raw Premier League CSV files.,,,,,,,,,,,,,,,,,,,,,,,,,,,,,,,,,,,,,,,,,,,,,,,,,,,,,,,,,,,,,,,,,,,,,,,,,,,,,,,,,,,,,,,,,,,,,,,,,,,,,,,,,,,True,False,True,True
premier_league,Premier League,tottenham_hotspur,Tottenham Hotspur,2009/10,2009,2010,40300000.0,31700000.0,8600000.0,32,31,transfermarkt_club_page,https://www.transfermarkt.com/tottenham-hotspur/transfers/verein/148/saison_id/2009,2026-04-27T18:20:47.668976+00:00,high,,1.0,Harry Redknapp,"[""harry_redknapp_02-03-1947""]",harry_redknapp_02-03-1947,Harry Redknapp,1.0,365.0,2008-10-26,2012-06-14,198.0,98.0,48.0,52.0,1.73,transfermarkt_manager_history_page,https://www.transfermarkt.com/tottenham-hotspur/mitarbeiterhistorie/verein/148/personalie_id/1/plus/1,2026-04-27T18:43:02.173820+00:00,high,,,,,,,,,,,,,,4.0,70.0,21.0,7.0,10.0,67.0,41.0,26.0,premier_league_raw_table,https://en.wikipedia.org/wiki/2009%E2%80%9310_Premier_League,,Raw Premier League season table CSV,medium,League table data loaded from raw Premier League CSV files.,,,,,,,,,,,,,,,,,,,,,,,,,,,,,,,,,,,,,,,,,,,,,,,,,,,,,,,,,,,,,,,,,,,,,,,,,,,,,,,,,,,,,,,,,,,,,,,,,,,,,,,,,,,True,False,False,True
premier_league,Premier League,tottenham_hotspur,Tottenham Hotspur,2010/11,2010,2011,26600000.0,2940000.0,23660000.0,39,34,transfermarkt_club_page,https://www.transfermarkt.com/tottenham-hotspur/transfers/verein/148/saison_id/2010,2026-04-27T18:20:49.640872+00:00,high,Displayed departures sum (2940000) differs from parsed departures fee sum (2935000).,1.0,Harry Redknapp,"[""harry_redknapp_02-03-1947""]",harry_redknapp_02-03-1947,Harry Redknapp,1.0,365.0,2008-10-26,2012-06-14,198.0,98.0,48.0,52.0,1.73,transfermarkt_manager_history_page,https://www.transfermarkt.com/tottenham-hotspur/mitarbeiterhistorie/verein/148/personalie_id/1/plus/1,2026-04-27T18:43:02.173820+00:00,high,,1.0,0.0,Champions League Participant,,transfermarkt_achievements_page,https://www.transfermarkt.com/tottenham-hotspur/erfolge/verein/148,2026-04-28T07:46:11.825063+00:00,high,,Champions League Participant (participant),uefa_champions_league,,5.0,62.0,16.0,14.0,8.0,55.0,46.0,9.0,premier_league_raw_table,https://en.wikipedia.org/wiki/2010%E2%80%9311_Premier_League,,Raw Premier League season table CSV,medium,League table data loaded from raw Premier League CSV files.,,,,,,,,,,,,,,,,,,,,,,,,,,,,,,,,,,,,,,,,,,,,,,,,,,,,,,,,,,,,,,,,,,,,,,,,,,,,,,,,,,,,,,,,,,,,,,,,,,,,,,,,,,,True,False,True,True
premier_league,Premier League,tottenham_hotspur,Tottenham Hotspur,2011/12,2011,2012,9000000.0,43250000.0,-34250000.0,36,35,transfermarkt_club_page,https://www.transfermarkt.com/tottenham-hotspur/transfers/verein/148/saison_id/2011,2026-04-27T18:20:51.598348+00:00,high,,1.0,Harry Redknapp,"[""harry_redknapp_02-03-1947""]",harry_redknapp_02-03-1947,Harry Redknapp,0.9562841530054644,350.0,2008-10-26,2012-06-14,198.0,98.0,48.0,52.0,1.73,transfermarkt_manager_history_page,https://www.transfermarkt.com/tottenham-hotspur/mitarbeiterhistorie/verein/148/personalie_id/1/plus/1,2026-04-27T18:43:02.173820+00:00,high,,1.0,0.0,Europa League Participant,,transfermarkt_achievements_page,https://www.transfermarkt.com/tottenham-hotspur/erfolge/verein/148,2026-04-28T07:46:11.825063+00:00,high,,Europa League Participant (participant),uefa_europa_league,,4.0,69.0,20.0,9.0,9.0,66.0,41.0,25.0,premier_league_raw_table,https://en.wikipedia.org/wiki/2011%E2%80%9312_Premier_League,,Raw Premier League season table CSV,medium,League table data loaded from raw Premier League CSV files.,2012-06-30,GBP,full pounds (converted from GBP thousands disclosed in report),144156000.0,27659000.0,63561000.0,52936000.0,,,,90206000.0,70096000.0,,9200000.0,-7304000.0,172006939.20000002,33002718.8,75840985.2,63163235.2,,83638547.2,-8715132.8,,,144156000.0,0.0,"[17, 19, 21, 33]","Tottenham's revenue note mixes gate receipts with domestic prize money and separates UEFA solidarity and prize money from media and broadcasting. For comparability, UEFA solidarity and prize money has been grouped with broadcasting, while the domestic cup gate receipts and prize money line has been kept within the matchday-style bucket and should be treated as a medium-confidence mapping.",Women's team revenue is not separately disclosed in the report.,The 'Other' revenue line is included within commercial revenue because the club does not separately disclose a clearer commercial subcategory breakdown for that amount.,medium,True,Group of companies' accounts made up to 30 June 2012,https://find-and-update.company-information.service.gov.uk/company/01706358/filing-history/MzA3NTgyOTE2NmFkaXF6a2N4/document?format=pdf&download=0,"Values in the annual report were disclosed in GBP thousands and have been converted here into full GBP amounts by multiplying by 1,000. Revenue category mapping requires some reclassification because Tottenham's note does not align perfectly with the standard matchday/broadcast/commercial split.",91220000.0,1.1932,1.335945,1.59405,1.480844,"ONS average sterling exchange rates: THAP (GBP/EUR) and AUSS (GBP/USD), UK trade time series (MRET), accessed 2026-08-11","ONS CPI INDEX 00: ALL ITEMS 2015=100 (D7BT), accessed 2026-08-11",Season factors use the mean of the two surrounding ONS annual averages for calendar years 2011 and 2012.,True,144156000.0,213472547.664,254715443.87268484,229791871.79999998,340285914.60379916,27659000.0,40958664.196,48871878.1186672,44089828.949999996,65290158.6616338,63561000.0,94123925.484,112308667.88750881,101319412.05,150038243.4177702,52936000.0,78389957.984,93534897.86650881,84382630.8,124957512.5243952,91220000.0,135082589.68,108843704.0,161180546.006176,145409241.0,215328402.079404,90206000.0,133581013.86400001,107633799.2,159388865.7425248,143792874.29999998,212934815.14990917,70096000.0,103801241.024,123855640.78983681,111736528.8,165464368.2543072,,,,,,,9200000.0,13623764.8,10977440.0,16255876.15936,14665260.0,21716962.27944,-7304000.0,-10816084.576000001,-12905752.116083201,-11642941.2,-17241379.618372798,2025/26 prices,,,,0.6257526568439745,0.19186853131329948,0.4409181719803546,0.3672132967063459,True,True,True,True
premier_league,Premier League,tottenham_hotspur,Tottenham Hotspur,2012/13,2012,2013,73250000.0,72780000.0,470000.0,29,34,transfermarkt_club_page,https://www.transfermarkt.com/tottenham-hotspur/transfers/verein/148/saison_id/2012,2026-04-27T18:20:54.018875+00:00,high,,1.0,André Villas-Boas,"[""andr_villas_boas_17-10-1977""]",andr_villas_boas_17-10-1977,André Villas-Boas,0.9945205479452056,363.0,2012-07-03,2013-12-16,80.0,45.0,18.0,17.0,1.91,transfermarkt_manager_history_page,https://www.transfermarkt.com/tottenham-hotspur/mitarbeiterhistorie/verein/148/personalie_id/1/plus/1,2026-04-27T18:43:02.173820+00:00,high,,1.0,0.0,Europa League Participant,,transfermarkt_achievements_page,https://www.transfermarkt.com/tottenham-hotspur/erfolge/verein/148,2026-04-28T07:46:11.825063+00:00,high,,Europa League Participant (participant),uefa_europa_league,,5.0,72.0,21.0,9.0,8.0,66.0,46.0,20.0,premier_league_raw_table,https://en.wikipedia.org/wiki/2012%E2%80%9313_Premier_League,,Raw Premier League season table CSV,medium,League table data loaded from raw Premier League CSV files.,2013-06-30,GBP,full pounds (converted from GBP thousands disclosed in report),147392000.0,33491000.0,57347000.0,56554000.0,,,,96087000.0,54799000.0,,26343000.0,3682000.0,177703164.8,40378424.150000006,69140410.55000001,68184330.10000001,,66068414.35000001,4439203.300000001,,,147392000.0,0.0,"[16, 18, 20, 34]","Tottenham discloses match receipts, TV and media, and commercial directly in this season's revenue note.",Women's team revenue is not separately disclosed in the report.,No separate non-football commercial adjustment was identified in the revenue note.,high,True,Group of companies accounts made up to 30 June 2013,https://find-and-update.company-information.service.gov.uk/company/01706358/filing-history/MzA5Nzc5MjQzOGFkaXF6a2N4/document?format=pdf&download=0,"Values in the annual report were disclosed in GBP thousands and have been converted here into full GBP amounts by multiplying by 1,000.",90838000.0,1.20565,1.306142,1.57475,1.442035,"ONS average sterling exchange rates: THAP (GBP/EUR) and AUSS (GBP/USD), UK trade time series (MRET), accessed 2026-08-11","ONS CPI INDEX 00: ALL ITEMS 2015=100 (D7BT), accessed 2026-08-11",Season factors use the mean of the two surrounding ONS annual averages for calendar years 2012 and 2013.,True,147392000.0,212544422.72,256254183.252368,232105552.0,334704329.67832,33491000.0,48295194.184999995,58227100.86914526,52739952.25,76052857.04282875,57347000.0,82696381.145,99702891.92746927,90307188.25,130226126.20808874,56554000.0,81552847.39,98324190.4557535,89058411.5,128425346.4274025,90838000.0,130991575.33,109518834.7,157929992.7966145,143047140.5,206278983.2509175,96087000.0,138560817.045,115847291.55000001,167055849.07030427,151313003.25,218198646.64161375,54799000.0,79022075.965,95272965.88720226,86294725.25,124440014.12588374,,,,,,,26343000.0,37987528.004999995,31760437.950000003,45799663.139228255,41483639.25,59820859.725873746,3682000.0,5309572.87,6401486.530715501,5798229.5,8361249.8770325,2025/26 prices,,,,0.6519146222318715,0.22722400130264875,0.3890781046461138,0.38369789405123755,True,True,True,True
premier_league,Premier League,tottenham_hotspur,Tottenham Hotspur,2013/14,2013,2014,122550000.0,136560000.0,-14010000.0,30,28,transfermarkt_club_page,https://www.transfermarkt.com/tottenham-hotspur/transfers/verein/148/saison_id/2013,2026-04-27T18:20:56.019798+00:00,high,Displayed departures sum (136560000) differs from parsed departures fee sum (136555000).,2.0,André Villas-Boas | Tim Sherwood,"[""andr_villas_boas_17-10-1977"", ""tim_sherwood_06-02-1969""]",andr_villas_boas_17-10-1977,André Villas-Boas,0.4630136986301369,169.0,2012-07-03,2013-12-16,80.0,45.0,18.0,17.0,1.91,transfermarkt_manager_history_page,https://www.transfermarkt.com/tottenham-hotspur/mitarbeiterhistorie/verein/148/personalie_id/1/plus/1,2026-04-27T18:43:02.173820+00:00,high,,1.0,0.0,Europa League Participant,,transfermarkt_achievements_page,https://www.transfermarkt.com/tottenham-hotspur/erfolge/verein/148,2026-04-28T07:46:11.825063+00:00,high,,Europa League Participant (participant),uefa_europa_league,,6.0,69.0,21.0,6.0,11.0,55.0,51.0,4.0,premier_league_raw_table,https://en.wikipedia.org/wiki/2013%E2%80%9314_Premier_League,,Raw Premier League season table CSV,medium,League table data loaded from raw Premier League CSV files.,2014-06-30,GBP,full pounds (converted from GBP thousands disclosed in report),180541000.0,34801000.0,89512000.0,56228000.0,,,,100400000.0,-3158000.0,,103965000.0,80030000.0,218337258.35,42086589.349999994,108251337.19999999,67999331.8,,-3819127.3,96784280.5,,,180541000.0,0.0,"[17, 19, 21, 35]","Tottenham discloses match receipts, TV and media, and commercial directly in this season's revenue note.",Women's team revenue is not separately disclosed in the report.,No separate non-football commercial adjustment was identified in the revenue note.,high,True,Group of companies accounts made up to 30 June 2014,https://find-and-update.company-information.service.gov.uk/company/01706358/filing-history/MzEyMTAxOTUyNmFkaXF6a2N4/document?format=pdf&download=0,"Values in the annual report were disclosed in GBP thousands and have been converted here into full GBP amounts by multiplying by 1,000.",124313000.0,1.20935,1.328027,1.60605,1.413703,"ONS average sterling exchange rates: THAP (GBP/EUR) and AUSS (GBP/USD), UK trade time series (MRET), accessed 2026-08-11","ONS CPI INDEX 00: ALL ITEMS 2015=100 (D7BT), accessed 2026-08-11",Season factors use the mean of the two surrounding ONS annual averages for calendar years 2013 and 2014.,True,180541000.0,255231353.32299998,308664037.14117,289957873.05,409914315.0044041,34801000.0,49198278.103,59497937.62386304,55892146.05,79014894.54732314,89512000.0,126543382.93599999,153035240.15365157,143760747.6,203235000.1643628,56228000.0,79489692.284,96130859.36365539,90304979.4,127664420.2927182,124313000.0,175741661.039,150337926.54999998,212533177.7775146,199652893.65,282249894.71168596,100400000.0,141935781.2,121418739.99999999,171650036.99421996,161247420.0,227955961.39626,-3158000.0,-4464474.074,-5399111.7213918995,-5071905.9,-7170168.5865477,,,,,,,103965000.0,146975632.39499998,125730072.74999999,177744981.03689322,166972988.25,236050214.40798974,80030000.0,113138651.08999999,136824227.6956915,128532181.5,181706330.58309448,2025/26 prices,,,,0.5561063691903777,0.19275953938440574,0.495798738236744,0.3114417223788502,True,True,True,True
premier_league,Premier League,tottenham_hotspur,Tottenham Hotspur,2014/15,2014,2015,48480000.0,44150000.0,4330000.0,20,24,transfermarkt_club_page,https://www.transfermarkt.com/tottenham-hotspur/transfers/verein/148/saison_id/2014,2026-04-27T18:20:58.331968+00:00,high,,1.0,Mauricio Pochettino,"[""mauricio_pochettino_02-03-1972""]",mauricio_pochettino_02-03-1972,Mauricio Pochettino,1.0,365.0,2014-07-01,2019-11-19,293.0,160.0,60.0,73.0,1.84,transfermarkt_manager_history_page,https://www.transfermarkt.com/tottenham-hotspur/mitarbeiterhistorie/verein/148/personalie_id/1/plus/1,2026-04-27T18:43:02.173820+00:00,high,,2.0,0.0,English League Cup runner-up | Europa League Participant,,transfermarkt_achievements_page,https://www.transfermarkt.com/tottenham-hotspur/erfolge/verein/148,2026-04-28T07:46:11.825063+00:00,high,,English League Cup runner-up | Europa League Participant (participant),league_cup | uefa_europa_league,,5.0,64.0,19.0,7.0,12.0,58.0,53.0,5.0,premier_league_raw_table,https://en.wikipedia.org/wiki/2014%E2%80%9315_Premier_League,,Raw Premier League season table CSV,medium,League table data loaded from raw Premier League CSV files.,2015-06-30,GBP,full pounds (converted from GBP thousands disclosed in report),196377000.0,41248000.0,95261000.0,59868000.0,,,,100832000.0,20812000.0,,21182000.0,12053000.0,257185138.04999998,54020443.199999996,124758568.64999999,78406126.2,,27256435.8,15785211.45,,,196377000.0,0.0,"[17, 19, 21, 34]",UEFA prize money is disclosed separately from TV and media and has been grouped with broadcasting for comparability with the project taxonomy.,Women's team revenue is not separately disclosed in the report.,No separate non-football commercial adjustment was identified in the revenue note.,high,True,Group of companies accounts made up to 30 June 2015,https://find-and-update.company-information.service.gov.uk/company/01706358/filing-history/MzE0NTY1NDc5MGFkaXF6a2N4/document?format=pdf&download=0,"Values in the annual report were disclosed in GBP thousands and have been converted here into full GBP amounts by multiplying by 1,000. The report states that prior-year revenue was re-analysed to align with common industry practice.",136509000.0,1.30965,1.212652,1.58815,1.4031,"ONS average sterling exchange rates: THAP (GBP/EUR) and AUSS (GBP/USD), UK trade time series (MRET), accessed 2026-08-11","ONS CPI INDEX 00: ALL ITEMS 2015=100 (D7BT), accessed 2026-08-11",Season factors use the mean of the two surrounding ONS annual averages for calendar years 2014 and 2015.,True,196377000.0,275536568.7,360856467.19795495,311876132.55,437593401.580905,41248000.0,57875068.8,75796083.85392,65508011.199999996,91914290.51472,95261000.0,133660709.1,175048747.672815,151288757.15,212273255.15716502,59868000.0,84000790.8,110011635.67122,95079364.2,133405855.90902,136509000.0,191535777.9,178779011.85,250844831.526735,216796768.35,304187545.671885,100832000.0,141477379.2,132054628.8,185285849.66928,160136340.79999998,224687299.77648,20812000.0,29201317.2,38243505.070980005,33052577.8,46376071.911180004,,,,,,,21182000.0,29720464.2,27741006.3,38923405.93953,33640193.3,47200555.219229996,12053000.0,16911564.3,22148230.185495,19141971.95,26858100.843045,2025/26 prices,,,,0.5134613523987025,0.21004496453250635,0.485092449726801,0.3048625857406927,True,True,True,True
premier_league,Premier League,tottenham_hotspur,Tottenham Hotspur,2015/16,2015,2016,71000000.0,87250000.0,-16250000.0,11,21,transfermarkt_club_page,https://www.transfermarkt.com/tottenham-hotspur/transfers/verein/148/saison_id/2015,2026-04-27T18:21:01.727570+00:00,high,,1.0,Mauricio Pochettino,"[""mauricio_pochettino_02-03-1972""]",mauricio_pochettino_02-03-1972,Mauricio Pochettino,1.0,366.0,2014-07-01,2019-11-19,293.0,160.0,60.0,73.0,1.84,transfermarkt_manager_history_page,https://www.transfermarkt.com/tottenham-hotspur/mitarbeiterhistorie/verein/148/personalie_id/1/plus/1,2026-04-27T18:43:02.173820+00:00,high,,1.0,0.0,Europa League Participant,,transfermarkt_achievements_page,https://www.transfermarkt.com/tottenham-hotspur/erfolge/verein/148,2026-04-28T07:46:11.825063+00:00,high,,Europa League Participant (participant),uefa_europa_league,,3.0,70.0,19.0,13.0,6.0,69.0,35.0,34.0,premier_league_raw_table,https://en.wikipedia.org/wiki/2015%E2%80%9316_Premier_League,,Raw Premier League season table CSV,medium,League table data loaded from raw Premier League CSV files.,2016-06-30,GBP,full pounds (converted from GBP thousands disclosed in report),209770000.0,40782000.0,110354000.0,58634000.0,,,,100042000.0,-47560000.0,31462000.0,27109000.0,38450000.0,272858327.5,53047186.5,143542965.5,76268175.5,,-61863670.0,50013837.5,,,209770000.0,0.0,"[18, 20, 21, 35]",UEFA prize money is disclosed separately from TV and media and has been grouped with broadcasting for comparability with the project taxonomy.,Women's team revenue is not separately disclosed in the report.,No separate non-football commercial adjustment was identified in the revenue note.,high,True,Group of companies accounts made up to 30 June 2016,https://find-and-update.company-information.service.gov.uk/company/01706358/filing-history/MzE3Mjk1Mjk2OWFkaXF6a2N4/document?format=pdf&download=0,"Values in the annual report were disclosed in GBP thousands and have been converted here into full GBP amounts by multiplying by 1,000.",151136000.0,1.30075,1.10813,1.4414,1.398206,"ONS average sterling exchange rates: THAP (GBP/EUR) and AUSS (GBP/USD), UK trade time series (MRET), accessed 2026-08-11","ONS CPI INDEX 00: ALL ITEMS 2015=100 (D7BT), accessed 2026-08-11",Season factors use the mean of the two surrounding ONS annual averages for calendar years 2015 and 2016.,True,209770000.0,293301672.62,381512150.660465,302362478.0,422765030.914468,40782000.0,57021637.092,74170894.447419,58783174.8,82190987.7044088,110354000.0,154297624.924,200702635.619893,159064255.6,222404596.5654536,58634000.0,81982410.604,106638620.593153,84515047.6,118169446.64460559,151136000.0,211319262.016,196590152.0,274873530.067312,217847430.4,304595584.2698624,100042000.0,139879324.652,130129631.5,181948031.541089,144200538.8,201622058.55339283,-47560000.0,-66498677.36,-86498154.57602,-68552984.0,-95851193.54670401,31462000.0,43990357.172,40924196.5,57220457.091479,45349326.8,63407700.8277208,27109000.0,37903966.454,35262031.75,49303584.3650405,39074912.6,54634777.2467956,38450000.0,53761020.7,69929647.67552501,55421830.0,77491135.23698,2025/26 prices,,,,0.47691280926729274,0.19441292844544025,0.5260714115459789,0.2795156600085808,True,True,True,True
premier_league,Premier League,tottenham_hotspur,Tottenham Hotspur,2016/17,2016,2017,83500000.0,52300000.0,31200000.0,8,8,transfermarkt_club_page,https://www.transfermarkt.com/tottenham-hotspur/transfers/verein/148/saison_id/2016,2026-04-27T18:21:04.383490+00:00,high,,1.0,Mauricio Pochettino,"[""mauricio_pochettino_02-03-1972""]",mauricio_pochettino_02-03-1972,Mauricio Pochettino,1.0,365.0,2014-07-01,2019-11-19,293.0,160.0,60.0,73.0,1.84,transfermarkt_manager_history_page,https://www.transfermarkt.com/tottenham-hotspur/mitarbeiterhistorie/verein/148/personalie_id/1/plus/1,2026-04-27T18:43:02.173820+00:00,high,,2.0,0.0,Champions League Participant | Europa League Participant,,transfermarkt_achievements_page,https://www.transfermarkt.com/tottenham-hotspur/erfolge/verein/148,2026-04-28T07:46:11.825063+00:00,high,,Champions League Participant (participant) | Europa League Participant (participant),uefa_champions_league | uefa_europa_league,,2.0,86.0,26.0,8.0,4.0,86.0,26.0,60.0,premier_league_raw_table,https://en.wikipedia.org/wiki/2016%E2%80%9317_Premier_League,,Raw Premier League season table CSV,medium,League table data loaded from raw Premier League CSV files.,2017-06-30,GBP,full pounds (converted from GBP thousands disclosed in report),306321000.0,45336000.0,188179000.0,72806000.0,,,,126915000.0,-14565000.0,42905000.0,39964000.0,57886000.0,362163318.29999995,53600752.8,222484031.7,86078533.8,,-17220199.5,68438617.8,,,306321000.0,0.0,"[17, 19, 21, 34]",UEFA prize money is disclosed separately from TV and media and has been grouped with broadcasting for comparability with the project taxonomy.,Women's team revenue is not separately disclosed in the report.,No separate non-football commercial adjustment was identified in the revenue note.,high,True,Group of companies accounts made up to 30 June 2017,https://find-and-update.company-information.service.gov.uk/company/01706358/filing-history/MzIwMTg0ODMyMmFkaXF6a2N4/document?format=pdf&download=0,"Values in the annual report were disclosed in GBP thousands and have been converted here into full GBP amounts by multiplying by 1,000.",233515000.0,1.1823,1.117737,1.3215,1.374914,"ONS average sterling exchange rates: THAP (GBP/EUR) and AUSS (GBP/USD), UK trade time series (MRET), accessed 2026-08-11","ONS CPI INDEX 00: ALL ITEMS 2015=100 (D7BT), accessed 2026-08-11",Season factors use the mean of the two surrounding ONS annual averages for calendar years 2016 and 2017.,True,306321000.0,421165031.394,497943416.6171261,404803201.49999994,556569588.9871709,45336000.0,62333101.104,73696425.4352592,59911523.99999999,82373193.10893598,188179000.0,258729941.606,305896409.96077377,248678548.49999997,341911617.832329,72806000.0,100101988.684,118350581.2210932,96213128.99999999,132284778.04590598,233515000.0,321063042.71,276084784.5,379592835.396033,308590072.5,424284810.941265,126915000.0,174497210.31,150051604.5,206308051.749513,167718172.5,230598063.424665,-14565000.0,-20025622.41,-23676293.375343,-19247647.5,-26463860.014815,42905000.0,58990685.17,50726581.49999999,69744687.07649098,56698957.49999999,77956190.452155,39964000.0,54947063.096,47249437.199999996,64963912.698400795,52812425.99999999,72612543.88136399,57886000.0,79588271.804,94097213.75386919,76496349.0,105175901.188986,2025/26 prices,,,,0.4143202718716641,0.14800160615824579,0.6143196189618081,0.23767877487994624,True,True,True,True
premier_league,Premier League,tottenham_hotspur,Tottenham Hotspur,2017/18,2017,2018,121000000.0,103800000.0,17200000.0,15,12,transfermarkt_club_page,https://www.transfermarkt.com/tottenham-hotspur/transfers/verein/148/saison_id/2017,2026-04-27T18:21:06.200578+00:00,high,,1.0,Mauricio Pochettino,"[""mauricio_pochettino_02-03-1972""]",mauricio_pochettino_02-03-1972,Mauricio Pochettino,1.0,365.0,2014-07-01,2019-11-19,293.0,160.0,60.0,73.0,1.84,transfermarkt_manager_history_page,https://www.transfermarkt.com/tottenham-hotspur/mitarbeiterhistorie/verein/148/personalie_id/1/plus/1,2026-04-27T18:43:02.173820+00:00,high,,1.0,0.0,Champions League Participant,,transfermarkt_achievements_page,https://www.transfermarkt.com/tottenham-hotspur/erfolge/verein/148,2026-04-28T07:46:11.825063+00:00,high,,Champions League Participant (participant),uefa_champions_league,,3.0,77.0,23.0,8.0,7.0,74.0,36.0,38.0,premier_league_raw_table,https://en.wikipedia.org/wiki/2017%E2%80%9318_Premier_League,,Raw Premier League season table CSV,medium,League table data loaded from raw Premier League CSV files.,2018-06-30,GBP,full pounds (converted from GBP thousands disclosed in report),380697000.0,70951000.0,200695000.0,109051000.0,,,,147606000.0,365700000.0,,73058000.0,138909000.0,432433722.29999995,80593240.89999999,227969450.49999997,123871030.89999999,,415398629.99999994,157786733.1,,,380697000.0,0.0,"[18, 21, 10, 3, 19]","Tottenham's later accounts disclose direct revenue lines for match receipts, UEFA prize money, TV and media, and commercial. UEFA prize money is grouped into broadcasting for comparability.",Women's team revenue is not separately disclosed in the report.,Commercial revenue may include stadium and other non-football event activity where disclosed within the club's commercial line.,high,True,2017 18 group of companies accounts made up to 30 june 2018,https://find-and-update.company-information.service.gov.uk/company/01706358/filing-history/MzIzMTA1ODEzMmFkaXF6a2N4/document?format=pdf&download=0,"Values in the annual report were disclosed in GBP thousands and have been converted here into full GBP amounts by multiplying by 1,000.",271646000.0,1.1359,1.154943,1.3119,1.340755,"ONS average sterling exchange rates: THAP (GBP/EUR) and AUSS (GBP/USD), UK trade time series (MRET), accessed 2026-08-11","ONS CPI INDEX 00: ALL ITEMS 2015=100 (D7BT), accessed 2026-08-11",Season factors use the mean of the two surrounding ONS annual averages for calendar years 2017 and 2018.,True,380697000.0,510421406.23499995,579787675.3423364,499436394.3,669621842.8396965,70951000.0,95127908.005,108055790.70287949,93080616.9,124798302.5117595,200695000.0,269082824.72499996,305651180.60512745,263291770.5,353009757.75672746,109051000.0,146210673.505,166080704.03432947,143064006.9,191813782.5712095,271646000.0,364210732.72999996,308562691.4,413706971.30800694,356372387.40000004,477808060.26848704,147606000.0,197903482.53,167665655.39999998,224798565.80582696,193644311.4,259629578.731107,365700000.0,490314103.5,556947790.1656499,479761830.0,643243072.38165,,,,,,,73058000.0,97952878.78999999,82986582.19999999,111264675.01756097,95844790.2,128504381.684601,138909000.0,186242936.295,211553351.33749047,182234717.10000002,244332108.12541053,2025/26 prices,,,,0.38772567159709687,0.18637131366940113,0.5271777818054778,0.28645090452512106,True,True,True,True
premier_league,Premier League,tottenham_hotspur,Tottenham Hotspur,2018/19,2018,2019,0.0,5350000.0,-5350000.0,4,4,transfermarkt_club_page,https://www.transfermarkt.com/tottenham-hotspur/transfers/verein/148/saison_id/2018,2026-04-27T18:21:08.574441+00:00,high,,1.0,Mauricio Pochettino,"[""mauricio_pochettino_02-03-1972""]",mauricio_pochettino_02-03-1972,Mauricio Pochettino,1.0,365.0,2014-07-01,2019-11-19,293.0,160.0,60.0,73.0,1.84,transfermarkt_manager_history_page,https://www.transfermarkt.com/tottenham-hotspur/mitarbeiterhistorie/verein/148/personalie_id/1/plus/1,2026-04-27T18:43:02.173820+00:00,high,,2.0,1.0,Champions League Participant | Champions League runner-up,Champions League runner-up,transfermarkt_achievements_page,https://www.transfermarkt.com/tottenham-hotspur/erfolge/verein/148,2026-04-28T07:46:11.825063+00:00,high,,Champions League Participant (participant) | Champions League runner-up (winner),uefa_champions_league,Champions League runner-up (winner),4.0,71.0,23.0,2.0,13.0,67.0,39.0,28.0,premier_league_raw_table,https://en.wikipedia.org/wiki/2018%E2%80%9319_Premier_League,,Raw Premier League season table CSV,medium,League table data loaded from raw Premier League CSV files.,2019-06-30,GBP,full pounds (converted from GBP thousands disclosed in report),460695000.0,81675000.0,243861000.0,135159000.0,,,,178602000.0,534300000.0,47506000.0,10885000.0,87356000.0,523119172.5,92741962.5,276904165.5,153473044.5,,606697650.0,99192738.0,,,460695000.0,0.0,"[18, 20, 10, 3, 19]","Tottenham's later accounts disclose direct revenue lines for match receipts, UEFA prize money, TV and media, and commercial. UEFA prize money is grouped into broadcasting for comparability.",Women's team revenue is not separately disclosed in the report.,Commercial revenue may include stadium and other non-football event activity where disclosed within the club's commercial line.,high,True,2018 19 group of companies accounts made up to 30 june 2019,https://find-and-update.company-information.service.gov.uk/company/01706358/filing-history/MzI2MDc0Mzc4NWFkaXF6a2N4/document?format=pdf&download=0,"Values in the annual report were disclosed in GBP thousands and have been converted here into full GBP amounts by multiplying by 1,000.",325536000.0,1.1355,1.149978,1.3058,1.313149,"ONS average sterling exchange rates: THAP (GBP/EUR) and AUSS (GBP/USD), UK trade time series (MRET), accessed 2026-08-11","ONS CPI INDEX 00: ALL ITEMS 2015=100 (D7BT), accessed 2026-08-11",Season factors use the mean of the two surrounding ONS annual averages for calendar years 2018 and 2019.,True,460695000.0,604961178.555,686933418.2492025,601575531.0,789958306.957119,81675000.0,107251444.57499999,121784015.3149125,106651215.0,140048936.326035,243861000.0,320225828.289,363616428.02215946,318433693.8,418150886.57977617,135159000.0,177483905.69099998,201532974.91213048,176490622.20000002,231758484.0513078,325536000.0,427477272.86399996,369646128.0,485400443.33707196,425084908.8,558199822.9058112,178602000.0,234531037.69799998,202802571.0,266309993.30607897,233218491.60000002,306250629.0260484,534300000.0,701615510.6999999,796684412.3998499,697688940.0,916169533.87206,47506000.0,62382456.393999994,53943063.0,70835279.235387,62033334.800000004,81459011.5592852,10885000.0,14293626.864999998,12359917.5,16230413.305207498,14213633.0,18664617.960316997,87356000.0,114711444.04399998,130254844.71196198,114069464.80000001,149790203.6326552,2025/26 prices,,,,0.38767948425748056,0.17728649106241656,0.5293328557939635,0.29338065314361994,True,True,True,True
premier_league,Premier League,tottenham_hotspur,Tottenham Hotspur,2019/20,2019,2020,150500000.0,64500000.0,86000000.0,12,14,transfermarkt_club_page,https://www.transfermarkt.com/tottenham-hotspur/transfers/verein/148/saison_id/2019,2026-04-27T18:21:10.555085+00:00,high,,2.0,Mauricio Pochettino | José Mourinho,"[""mauricio_pochettino_02-03-1972"", ""jos_mourinho_26-01-1963""]",jos_mourinho_26-01-1963,José Mourinho,0.6120218579234973,224.0,2019-11-20,2021-04-19,86.0,45.0,17.0,24.0,1.77,transfermarkt_manager_history_page,https://www.transfermarkt.com/tottenham-hotspur/mitarbeiterhistorie/verein/148/personalie_id/1/plus/1,2026-04-27T18:43:02.173820+00:00,high,,1.0,0.0,Champions League Participant,,transfermarkt_achievements_page,https://www.transfermarkt.com/tottenham-hotspur/erfolge/verein/148,2026-04-28T07:46:11.825063+00:00,high,,Champions League Participant (participant),uefa_champions_league,,6.0,59.0,16.0,11.0,11.0,61.0,47.0,14.0,premier_league_raw_table,https://en.wikipedia.org/wiki/2019%E2%80%9320_Premier_League,,Raw Premier League season table CSV,medium,League table data loaded from raw Premier League CSV files.,2020-06-30,GBP,full pounds (converted from GBP thousands disclosed in report),391862000.0,94526000.0,146359000.0,161501000.0,,,,181280000.0,604600000.0,75350000.0,15397000.0,-67724000.0,443881680.49999994,107074326.5,165788157.25,182940257.75,,684860650.0,-76714361.0,,,402386000.0,10524000.0,"[19, 21, 11, 3, 24]","Tottenham's later accounts disclose direct revenue lines for match receipts, UEFA prize money, TV and media, and commercial. UEFA prize money is grouped into broadcasting for comparability. Exceptional rebates/deductions mean the category sum exceeds reported revenue; the difference is recorded explicitly.",Women's team revenue is not separately disclosed in the report.,Commercial revenue may include stadium and other non-football event activity where disclosed within the club's commercial line.,high,True,2019 20 group of companies accounts made up to 30 june 2020,https://find-and-update.company-information.service.gov.uk/company/01706358/filing-history/MzI4NTE2NTkzNWFkaXF6a2N4/document?format=pdf&download=0,"Values in the annual report were disclosed in GBP thousands and have been converted here into full GBP amounts by multiplying by 1,000.",240885000.0,1.13275,1.130126,1.28015,1.296166,"ONS average sterling exchange rates: THAP (GBP/EUR) and AUSS (GBP/USD), UK trade time series (MRET), accessed 2026-08-11","ONS CPI INDEX 00: ALL ITEMS 2015=100 (D7BT), accessed 2026-08-11",Season factors use the mean of the two surrounding ONS annual averages for calendar years 2019 and 2020.,True,391862000.0,507918201.09199995,575344342.2869629,501642139.29999995,650211485.1279237,94526000.0,122521387.316,138786101.48219898,121007458.89999999,156845753.9725774,146359000.0,189705559.59399998,214888972.6301035,187361473.85,242851572.11425906,161501000.0,209332105.16599998,237120942.1267865,206745505.14999998,267976494.42825484,240885000.0,312226946.90999997,272862483.75,353675074.1123025,308368932.75,399697326.08683646,181280000.0,234968972.48,205344920.0,266161103.57672,232065591.99999997,300795530.1202719,604600000.0,783661963.5999999,887693089.2679,773978689.9999999,1003204862.7025398,75350000.0,97666108.1,85352712.5,110631283.95027499,96459302.49999999,125027268.28421497,15397000.0,19957067.902,17440951.75,22606368.665990498,19710469.549999997,25548040.474745296,-67724000.0,-87781546.184,-99434546.439926,-86696878.6,-112373546.34744759,2025/26 prices,,,,0.4626118378408726,0.24122267532958033,0.3734962818543263,0.4121374361382324,True,True,True,True
premier_league,Premier League,tottenham_hotspur,Tottenham Hotspur,2020/21,2020,2021,110500000.0,13300000.0,97200000.0,15,11,transfermarkt_club_page,https://www.transfermarkt.com/tottenham-hotspur/transfers/verein/148/saison_id/2020,2026-04-27T18:21:13.122536+00:00,high,,1.0,José Mourinho,"[""jos_mourinho_26-01-1963""]",jos_mourinho_26-01-1963,José Mourinho,0.8027397260273973,293.0,2019-11-20,2021-04-19,86.0,45.0,17.0,24.0,1.77,transfermarkt_manager_history_page,https://www.transfermarkt.com/tottenham-hotspur/mitarbeiterhistorie/verein/148/personalie_id/1/plus/1,2026-04-27T18:43:02.173820+00:00,high,,1.0,0.0,Europa League Participant,,transfermarkt_achievements_page,https://www.transfermarkt.com/tottenham-hotspur/erfolge/verein/148,2026-04-28T07:46:11.825063+00:00,high,,Europa League Participant (participant),uefa_europa_league,,7.0,62.0,18.0,8.0,12.0,68.0,45.0,23.0,premier_league_raw_table,https://en.wikipedia.org/wiki/2020%E2%80%9321_Premier_League,,Raw Premier League season table CSV,medium,League table data loaded from raw Premier League CSV files.,2021-06-30,GBP,full pounds (converted from GBP thousands disclosed in report),360405000.0,1900000.0,208057000.0,151915000.0,,,,204875000.0,706281000.0,73812000.0,18939000.0,-80189000.0,412357380.75,2173885.0,238048416.55,173813547.25,,808091406.15,-91748244.35,,,361872000.0,1467000.0,"[23, 25, 15, 41, 24]","Tottenham's later accounts disclose direct revenue lines for match receipts, UEFA prize money, TV and media, and commercial. UEFA prize money is grouped into broadcasting for comparability. Exceptional rebates/deductions mean the category sum exceeds reported revenue; the difference is recorded explicitly.",Women's team revenue is not separately disclosed in the report.,Commercial revenue may include stadium and other non-football event activity where disclosed within the club's commercial line.,high,True,2020 21 group of companies accounts made up to 30 june 2021,https://find-and-update.company-information.service.gov.uk/company/01706358/filing-history/MzMyMTM0NDgyNWFkaXF6a2N4/document?format=pdf&download=0,"Values in the annual report were disclosed in GBP thousands and have been converted here into full GBP amounts by multiplying by 1,000.",209957000.0,1.14415,1.162173,1.3297,1.273808,"ONS average sterling exchange rates: THAP (GBP/EUR) and AUSS (GBP/USD), UK trade time series (MRET), accessed 2026-08-11","ONS CPI INDEX 00: ALL ITEMS 2015=100 (D7BT), accessed 2026-08-11",Season factors use the mean of the two surrounding ONS annual averages for calendar years 2020 and 2021.,True,360405000.0,459086772.24,525264130.458396,479230528.50000006,610447681.0475281,1900000.0,2420235.2,2769112.10408,2526430.0,3218186.74544,208057000.0,265024671.05600002,303227977.3887224,276653392.90000004,352403305.10316324,151915000.0,193510542.32000002,221405086.995428,202001375.50000003,257310968.12290406,209957000.0,267444906.256,240222301.55,305997089.49280244,279179822.90000004,355621491.84860325,204875000.0,260971414.0,234407731.25,298590443.3281,272422287.5,347013689.1958,706281000.0,899666388.048,1029353297.8851192,939141845.7,1196286396.1874256,73812000.0,94022316.096,84451999.8,107575632.9612384,98147816.4,125021473.71285121,18939000.0,24124649.712,21669056.85,27602217.967984803,25183188.3,32078546.7220464,-80189000.0,-102145389.712,-116869647.6389848,-106627313.30000001,-135822724.70004642,2025/26 prices,,,,0.568457707301508,0.005271846949959074,0.5772866636145447,0.4215119102121225,True,True,True,True
premier_league,Premier League,tottenham_hotspur,Tottenham Hotspur,2021/22,2021,2022,95900000.0,34620000.0,61280000.0,14,19,transfermarkt_club_page,https://www.transfermarkt.com/tottenham-hotspur/transfers/verein/148/saison_id/2021,2026-04-27T18:21:15.136398+00:00,high,,2.0,Nuno Espírito Santo | Antonio Conte,"[""nuno_esp_rito_santo_25-01-1974"", ""antonio_conte_31-07-1969""]",antonio_conte_31-07-1969,Antonio Conte,0.6602739726027397,241.0,2021-11-02,2023-03-26,76.0,41.0,12.0,23.0,1.78,transfermarkt_manager_history_page,https://www.transfermarkt.com/tottenham-hotspur/mitarbeiterhistorie/verein/148/personalie_id/1/plus/1,2026-04-27T18:43:02.173820+00:00,high,,1.0,0.0,Conference League participant,,transfermarkt_achievements_page,https://www.transfermarkt.com/tottenham-hotspur/erfolge/verein/148,2026-04-28T07:46:11.825063+00:00,high,,Conference League participant (participant),uefa_conference_league,,4.0,71.0,22.0,5.0,11.0,69.0,40.0,29.0,premier_league_raw_table,https://en.wikipedia.org/wiki/2021%E2%80%9322_Premier_League,,Raw Premier League season table CSV,medium,League table data loaded from raw Premier League CSV files.,2022-06-30,GBP,full pounds (converted from GBP thousands disclosed in report),443415000.0,106142000.0,154391000.0,183495000.0,,,,209180000.0,626100000.0,79893000.0,19150000.0,-61328000.0,518019573.75,124000391.5,180367285.75,214368033.75,,731441325.0,-71646436.0,,,444028000.0,613000.0,"[23, 25, 15, 3, 24]","Tottenham's later accounts disclose direct revenue lines for match receipts, UEFA prize money, TV and media, and commercial. UEFA prize money is grouped into broadcasting for comparability. Exceptional rebates/deductions mean the category sum exceeds reported revenue; the difference is recorded explicitly.",Women's team revenue is not separately disclosed in the report.,Commercial revenue may include stadium and other non-football event activity where disclosed within the club's commercial line.,high,True,2021 22 annual report 2022,https://resources.thfc.pulselive.com/thfc/document/2026/04/02/7347ba67-221e-4361-9c7d-df768809a901/AR-2022.pdf,"Values in the annual report were disclosed in GBP thousands and have been converted here into full GBP amounts by multiplying by 1,000.",260533000.0,1.16825,1.117869,1.30595,1.202829,"ONS average sterling exchange rates: THAP (GBP/EUR) and AUSS (GBP/USD), UK trade time series (MRET), accessed 2026-08-11","ONS CPI INDEX 00: ALL ITEMS 2015=100 (D7BT), accessed 2026-08-11",Season factors use the mean of the two surrounding ONS annual averages for calendar years 2021 and 2022.,True,443415000.0,533352421.03499997,623088965.8741387,579077819.25,696531594.2506582,106142000.0,127670675.718,149151266.9075535,138616144.9,166731518.9539221,154391000.0,185705972.139,216951001.95138675,201626926.45,242522714.314927,183495000.0,220713107.355,257848087.66747874,239635295.25,288240282.5502622,260533000.0,313376647.857,304367677.25,366102268.85894024,340243071.34999996,409254233.2688491,209180000.0,251607770.22,244374535.0,293940777.559515,273178621.0,328587167.51880896,626100000.0,753091236.9,879798837.508425,817655295.0,983499500.8295549,79893000.0,96097617.29699999,93334997.25,112266041.40722024,104336263.35,125498683.30901714,19150000.0,23034175.349999998,22371987.5,26909675.3526375,25008942.5,30081481.298332497,-61328000.0,-73767096.912,-86178410.96744399,-80091301.6,-96336140.21222639,2025/26 prices,,,,0.4717476855767171,0.23937394991148248,0.348186236369992,0.413822265823213,True,True,True,True
premier_league,Premier League,tottenham_hotspur,Tottenham Hotspur,2022/23,2022,2023,181700000.0,38750000.0,142950000.0,15,14,transfermarkt_club_page,https://www.transfermarkt.com/tottenham-hotspur/transfers/verein/148/saison_id/2022,2026-04-27T18:21:17.279250+00:00,high,,1.0,Antonio Conte,"[""antonio_conte_31-07-1969""]",antonio_conte_31-07-1969,Antonio Conte,0.736986301369863,269.0,2021-11-02,2023-03-26,76.0,41.0,12.0,23.0,1.78,transfermarkt_manager_history_page,https://www.transfermarkt.com/tottenham-hotspur/mitarbeiterhistorie/verein/148/personalie_id/1/plus/1,2026-04-27T18:43:02.173820+00:00,high,,1.0,0.0,Champions League Participant,,transfermarkt_achievements_page,https://www.transfermarkt.com/tottenham-hotspur/erfolge/verein/148,2026-04-28T07:46:11.825063+00:00,high,,Champions League Participant (participant),uefa_champions_league,,8.0,60.0,18.0,6.0,14.0,70.0,63.0,7.0,premier_league_raw_table,https://en.wikipedia.org/wiki/2022%E2%80%9323_Premier_League,,Raw Premier League season table CSV,medium,League table data loaded from raw Premier League CSV files.,2023-06-30,GBP,full pounds (converted from GBP thousands disclosed in report),549633000.0,117598000.0,204285000.0,227750000.0,,,,251121000.0,677400000.0,109073000.0,15510000.0,-94674000.0,638453692.8,136601836.79999998,237297456.0,264554400.0,,786867840.0,-109973318.39999999,,,549633000.0,0.0,"[29, 31, 19, 3, 30]","Tottenham's later accounts disclose direct revenue lines for match receipts, UEFA prize money, TV and media, and commercial. UEFA prize money is grouped into broadcasting for comparability.",Women's team revenue is not separately disclosed in the report.,Commercial revenue may include stadium and other non-football event activity where disclosed within the club's commercial line.,high,True,2022 23 annual report 2023,https://resources.thfc.pulselive.com/thfc/document/2026/04/02/f87e2b63-8d10-4c8c-9d87-a0d00821dea3/AR-2023.pdf,"Values in the annual report were disclosed in GBP thousands and have been converted here into full GBP amounts by multiplying by 1,000.",321883000.0,1.1616,1.067321,1.2398,1.112688,"ONS average sterling exchange rates: THAP (GBP/EUR) and AUSS (GBP/USD), UK trade time series (MRET), accessed 2026-08-11","ONS CPI INDEX 00: ALL ITEMS 2015=100 (D7BT), accessed 2026-08-11",Season factors use the mean of the two surrounding ONS annual averages for calendar years 2022 and 2023.,True,549633000.0,611570043.504,710399762.5342463,681434993.4,758224539.9362592,117598000.0,130849883.424,151995224.58531836,145798000.4,162227685.4690752,204285000.0,227305468.07999998,264038031.72172797,253272543.0,281813319.325584,227750000.0,253414691.99999997,294366506.2272,282364450.0,314183535.14159995,321883000.0,358155351.50399995,373899292.8,416033256.30704635,399070543.4,444041004.79465914,251121000.0,279419323.24799997,291702153.59999996,324573485.8848767,311339815.8,346424076.96287036,677400000.0,753734851.1999999,875538403.1539199,839840520.0,934480468.5177599,109073000.0,121364218.22399999,126699196.8,140976675.8889984,135228705.4,150467357.7541152,15510000.0,17257790.88,18016416.0,20046649.886207998,19229298.0,21396209.133024,-94674000.0,-105342623.712,-122365991.70385918,-117376825.2,-130603784.87813759,2025/26 prices,,,,0.4568885056028295,0.21395731333453413,0.37167528150602314,0.41436740515944276,True,True,True,True
premier_league,Premier League,tottenham_hotspur,Tottenham Hotspur,2023/24,2023,2024,275100000.0,120700000.0,154400000.0,27,22,transfermarkt_club_page,https://www.transfermarkt.com/tottenham-hotspur/transfers/verein/148/saison_id/2023,2026-04-27T18:21:19.848799+00:00,high,,1.0,Ange Postecoglou,"[""ange_postecoglou_27-08-1965""]",ange_postecoglou_27-08-1965,Ange Postecoglou,1.0,366.0,2023-07-01,2025-06-06,101.0,47.0,14.0,40.0,1.53,transfermarkt_manager_history_page,https://www.transfermarkt.com/tottenham-hotspur/mitarbeiterhistorie/verein/148/personalie_id/1/plus/1,2026-04-27T18:43:02.173820+00:00,high,,,,,,,,,,,,,,5.0,66.0,20.0,6.0,12.0,74.0,61.0,13.0,premier_league_raw_table,https://en.wikipedia.org/wiki/2023%E2%80%9324_Premier_League,,Raw Premier League season table CSV,medium,League table data loaded from raw Premier League CSV files.,2024-06-30,GBP,full pounds (converted from GBP thousands disclosed in report),517763000.0,105847000.0,167172000.0,244744000.0,,,,221929000.0,772500000.0,136287000.0,82305000.0,-26030000.0,603582217.25,123391140.25,194880759.0,285310318.0,,900541875.0,-30344472.5,,,517763000.0,0.0,"[30, 32, 20, 3, 34]","Tottenham's later accounts disclose direct revenue lines for match receipts, UEFA prize money, TV and media, and commercial. UEFA prize money is grouped into broadcasting for comparability.",Women's team revenue is not separately disclosed in the report.,Commercial revenue may include stadium and other non-football event activity where disclosed within the club's commercial line.,high,True,2023 24 annual report 2024,https://resources.thfc.pulselive.com/thfc/document/2026/04/02/9a0ff60a-6e59-4bce-844b-6091a6273e9b/AR-2024.pdf,"Values in the annual report were disclosed in GBP thousands and have been converted here into full GBP amounts by multiplying by 1,000.",273019000.0,1.16575,1.081578,1.26085,1.061346,"ONS average sterling exchange rates: THAP (GBP/EUR) and AUSS (GBP/USD), UK trade time series (MRET), accessed 2026-08-11","ONS CPI INDEX 00: ALL ITEMS 2015=100 (D7BT), accessed 2026-08-11",Season factors use the mean of the two surrounding ONS annual averages for calendar years 2023 and 2024.,True,517763000.0,549525688.9979999,640609571.9494184,652821478.5500001,692869464.9731283,105847000.0,112340290.06199999,130960693.13977648,133457189.95,141644254.72467268,167172000.0,177427333.512,206835914.04161397,210778816.20000002,223709253.4586052,244744000.0,259758065.42399997,302812964.76802796,308585472.40000004,327515956.7898504,273019000.0,289767623.574,318271899.25,337796607.18139046,344236006.15000004,365353508.1832779,221929000.0,235543456.434,258713731.75,274584784.33793545,279819179.65,296984967.04480886,772500000.0,819889784.9999999,955786516.8637499,974006625.0,1033758035.4172499,136287000.0,144647662.302,158876570.25,168623012.32855648,171837463.95000002,182379005.0134767,82305000.0,87354082.52999999,95947053.75,101833021.70934749,103774259.25,110140394.95795049,-26030000.0,-27626836.38,-32205984.509984996,-32819925.5,-34833296.64972299,2025/26 prices,,,,0.4286304737882004,0.204431371109948,0.3228735927441706,0.47269503614588143,True,True,False,True
premier_league,Premier League,tottenham_hotspur,Tottenham Hotspur,2024/25,2024,2025,185350000.0,56300000.0,129050000.0,17,17,transfermarkt_club_page,https://www.transfermarkt.com/tottenham-hotspur/transfers/verein/148/saison_id/2024,2026-04-27T18:21:22.005080+00:00,high,,1.0,Ange Postecoglou,"[""ange_postecoglou_27-08-1965""]",ange_postecoglou_27-08-1965,Ange Postecoglou,0.9342465753424658,341.0,2023-07-01,2025-06-06,101.0,47.0,14.0,40.0,1.53,transfermarkt_manager_history_page,https://www.transfermarkt.com/tottenham-hotspur/mitarbeiterhistorie/verein/148/personalie_id/1/plus/1,2026-04-27T18:43:02.173820+00:00,high,,2.0,1.0,Europa League Participant | Europa League Winner,Europa League Winner,transfermarkt_achievements_page,https://www.transfermarkt.com/tottenham-hotspur/erfolge/verein/148,2026-04-28T07:46:11.825063+00:00,high,,Europa League Participant (participant) | Europa League Winner (winner),uefa_europa_league,Europa League Winner (winner),17.0,38.0,11.0,5.0,22.0,64.0,65.0,-1.0,premier_league_raw_table,https://en.wikipedia.org/wiki/2024%E2%80%9325_Premier_League,,Raw Premier League season table CSV,medium,League table data loaded from raw Premier League CSV files.,2025-06-30,GBP,full pounds (converted from GBP thousands disclosed in report),564881000.0,126473000.0,161709000.0,276699000.0,,,,255811000.0,831200000.0,141851000.0,52565000.0,-120628000.0,663396246.4000001,148529891.20000002,189911049.60000002,324955305.6,,976161280.0000001,-141665523.20000002,,,564881000.0,0.0,"[33, 35, 23, 3, 34]","Tottenham's later accounts disclose direct revenue lines for match receipts, UEFA prize money, TV and media, and commercial. UEFA prize money is grouped into broadcasting for comparability.",Women's team revenue is not separately disclosed in the report.,Commercial revenue may include stadium and other non-football event activity where disclosed within the club's commercial line.,high,True,2024 25 annual report 2025,https://resources.thfc.pulselive.com/thfc/document/2026/04/02/7909b5bc-9c0d-439a-bca9-c2f27b9c9f4d/AR-2025.pdf,"Values in the annual report were disclosed in GBP thousands and have been converted here into full GBP amounts by multiplying by 1,000.",288182000.0,1.1744,1.105586,1.2984,1.030555,"ONS average sterling exchange rates: THAP (GBP/EUR) and AUSS (GBP/USD), UK trade time series (MRET), accessed 2026-08-11","ONS CPI INDEX 00: ALL ITEMS 2015=100 (D7BT), accessed 2026-08-11",Season factors use the mean of the two surrounding ONS annual averages for calendar years 2024 and 2025.,True,564881000.0,582140938.955,683666318.7087522,733441490.4,755851795.1391721,126473000.0,130337382.51500002,153068222.02561602,164212543.2,169230057.45747602,161709000.0,166650018.495,195713781.72052804,209962965.6,216378384.01390803,276699000.0,285153537.94500005,334884314.96260804,359265981.6,370243353.6677881,288182000.0,296987401.01000005,338440940.8,348782003.74614406,374175508.8,385608441.47138405,255811000.0,263627305.10500002,300424438.40000004,309603907.1153121,332145002.4,342293692.948332,831200000.0,856597316.0000001,1005987887.9104003,1079230080.0,1112205955.0944002,141851000.0,146185257.305,166589814.4,171679966.17899203,184179338.4,189806938.08481202,52565000.0,54171123.575,61732336.00000001,63618567.52648001,68250396.0,70335786.84978001,-120628000.0,-124313788.54,-145994113.26137602,-156623395.2,-161409023.040336,2025/26 prices,,,,0.4528582126146923,0.22389317396053326,0.28627091369686714,0.48983591234259954,True,True,True,True
premier_league,Premier League,tottenham_hotspur,Tottenham Hotspur,2025/26,2025,2026,265600000.00000003,82700000.0,182900000.00000003,20,20,transfermarkt_club_page,https://www.transfermarkt.com/tottenham-hotspur/transfers/verein/148/saison_id/2025,2026-04-27T18:21:24.079089+00:00,high,,3.0,Thomas Frank | Igor Tudor | Roberto De Zerbi,"[""thomas_frank_09-10-1973"", ""igor_tudor_16-04-1978"", ""roberto_de_zerbi_06-06-1979""]",thomas_frank_09-10-1973,Thomas Frank,0.6191780821917808,226.0,2025-07-01,2026-02-11,38.0,13.0,10.0,15.0,1.29,transfermarkt_manager_history_page,https://www.transfermarkt.com/tottenham-hotspur/mitarbeiterhistorie/verein/148/personalie_id/1/plus/1,2026-04-27T18:43:02.173820+00:00,high,Manager spell appears ongoing on the collection date. Ongoing manager spell; overlap calculated through the collection date or season end.,1.0,0.0,UEFA Super Cup runner-up,,transfermarkt_achievements_page,https://www.transfermarkt.com/tottenham-hotspur/erfolge/verein/148,2026-04-28T07:46:11.825063+00:00,high,,UEFA Super Cup runner-up,other,,,,,,,,,,,,,,,,,,,,,,,,,,,,,,,,,,,,,,,,,,,,,,,,,,,,,,,,,,,,,,,,,,,,,,,,,,,,,,,,,,,,,,,,,,,,,,,,,,,,,,,,,,,,,,,,,,,,,,,,,,False,False,True,True
