club_id,club_name,season,financial_year_end,currency_original,gbp_to_eur_rate,eur_to_usd_rate,gbp_to_usd_rate,inflation_adjustment_to_2025_26,real_price_basis_label,economic_factors_complete,fx_source,inflation_source,economic_factor_notes,turnover_original,turnover_gbp,turnover_eur,turnover_usd,turnover_gbp_real_2025_26,turnover_eur_real_2025_26,turnover_usd_real_2025_26,gate_and_matchday_income_original,gate_and_matchday_income_gbp,gate_and_matchday_income_eur,gate_and_matchday_income_usd,gate_and_matchday_income_gbp_real_2025_26,gate_and_matchday_income_eur_real_2025_26,gate_and_matchday_income_usd_real_2025_26,tv_and_broadcasting_original,tv_and_broadcasting_gbp,tv_and_broadcasting_eur,tv_and_broadcasting_usd,tv_and_broadcasting_gbp_real_2025_26,tv_and_broadcasting_eur_real_2025_26,tv_and_broadcasting_usd_real_2025_26,commercial_income_original,commercial_income_gbp,commercial_income_eur,commercial_income_usd,commercial_income_gbp_real_2025_26,commercial_income_eur_real_2025_26,commercial_income_usd_real_2025_26,sporting_revenue_original,sporting_revenue_gbp,sporting_revenue_eur,sporting_revenue_usd,sporting_revenue_gbp_real_2025_26,sporting_revenue_eur_real_2025_26,sporting_revenue_usd_real_2025_26,wage_bill_original,wage_bill_gbp,wage_bill_eur,wage_bill_usd,wage_bill_gbp_real_2025_26,wage_bill_eur_real_2025_26,wage_bill_usd_real_2025_26,wages_as_proportion_of_turnover,net_debt_original,net_debt_gbp,net_debt_eur,net_debt_usd,net_debt_gbp_real_2025_26,net_debt_eur_real_2025_26,net_debt_usd_real_2025_26,profit_loss_before_tax_original,profit_loss_before_tax_gbp,total_revenue_eur,total_revenue_gbp,total_revenue_usd,total_revenue_gbp_real_2025_26,total_revenue_eur_real_2025_26,total_revenue_usd_real_2025_26,matchday_revenue_eur,matchday_revenue_gbp,matchday_revenue_usd,matchday_revenue_gbp_real_2025_26,matchday_revenue_eur_real_2025_26,matchday_revenue_usd_real_2025_26,broadcast_revenue_eur,broadcast_revenue_gbp,broadcast_revenue_usd,broadcast_revenue_gbp_real_2025_26,broadcast_revenue_eur_real_2025_26,broadcast_revenue_usd_real_2025_26,commercial_revenue_eur,commercial_revenue_gbp,commercial_revenue_usd,commercial_revenue_gbp_real_2025_26,commercial_revenue_eur_real_2025_26,commercial_revenue_usd_real_2025_26,other_revenue_eur,staff_costs_eur,staff_costs_usd,staff_costs_gbp_real_2025_26,staff_costs_eur_real_2025_26,staff_costs_usd_real_2025_26,profit_loss_before_tax_eur,profit_loss_before_tax_usd,profit_loss_before_tax_gbp_real_2025_26,profit_loss_before_tax_eur_real_2025_26,profit_loss_before_tax_usd_real_2025_26,matchday_share,broadcast_share,commercial_share,confidence_level,requires_manual_review,source_url,source_document,notes
arsenal,Arsenal,2008/09,2009-05-31,GBP,1.19105,1.435414,1.70965,1.638179,2025/26 prices,True,"ONS average sterling exchange rates: THAP (GBP/EUR) and AUSS (GBP/USD), UK trade time series (MRET), accessed 2026-08-11","ONS CPI INDEX 00: ALL ITEMS 2015=100 (D7BT), accessed 2026-08-11",Season factors use the mean of the two surrounding ONS annual averages for calendar years 2008 and 2009.,221463000,221463000.0,263773506.14999998,378624217.95,362796035.87700003,432108218.53130084,620254242.737113,100086000,100086000.0,119207430.3,171112029.89999998,163958783.394,195283108.9614237,280312134.02955204,73239000,73239000.0,87231310.95,125213056.35,119978591.781,142900501.74076006,205121399.43838665,48138000,48138000.0,57334764.9,82299131.69999999,78858660.702,93924607.8291171,134820709.26917428,173325000.0,173325000.0,206438741.25,296325086.25,283937375.175,338183610.7021838,485433533.4679388,103978000,103978000.0,123842996.89999999,177765987.7,170334576.062,202876996.8186451,291212507.96439826,0.46950506405133136,1999000.0,1999000.0,2380908.9499999997,3417590.3499999996,3274719.821,3900355.04280205,5598624.7419726495,28000.0,28000.0,263773506.14999998,221463000.0,378624217.95,362796035.87700003,432108218.53130084,620254242.737113,119207430.3,100086000.0,171112029.89999998,163958783.394,195283108.9614237,280312134.02955204,87231310.95,73239000.0,125213056.35,119978591.781,142900501.74076006,205121399.43838665,57334764.9,48138000.0,82299131.69999999,78858660.702,93924607.8291171,134820709.26917428,,123842996.89999999,177765987.7,170334576.062,202876996.8186451,291212507.96439826,33349.4,47870.2,45869.012,54632.2867426,78419.9563658,0.4519310223378172,0.3307053548448273,0.2173636228173555,high,True,https://find-and-update.company-information.service.gov.uk/company/04250459/filing-history/MzAwNDAyMzEzNWFkaXF6a2N4/document?format=pdf&download=0,Group of companies' accounts made up to 31 May 2009,"Values in the annual report were disclosed in GBP thousands and have been converted here into full GBP amounts by multiplying by 1,000. Missing fields in raw extraction: net_debt_eur, profit_loss_before_tax_eur."
arsenal,Arsenal,2009/10,2010-05-31,GBP,1.14485,1.359348,1.55625,1.594432,2025/26 prices,True,"ONS average sterling exchange rates: THAP (GBP/EUR) and AUSS (GBP/USD), UK trade time series (MRET), accessed 2026-08-11","ONS CPI INDEX 00: ALL ITEMS 2015=100 (D7BT), accessed 2026-08-11",Season factors use the mean of the two surrounding ONS annual averages for calendar years 2009 and 2010.,222486000,222486000.0,254713097.1,346243837.5,354738797.952,406122712.83534724,552062254.3128,93929000,93929000.0,107534615.64999999,146177006.25,149763403.328,171456632.30006078,233069296.42920002,84584000,84584000.0,96835992.39999999,131633849.99999999,134863436.28800002,154398405.03431678,209881222.7232,43973000,43973000.0,50342489.05,68432981.25,70111958.33600001,80267675.5009696,109111735.1604,178513000.0,178513000.0,204370608.04999998,277810856.25,284626839.616,325855037.3343776,442950519.1524,110733000,110733000.0,126772675.05,172328231.25,176556238.65600002,202130409.8253216,274765646.4084,0.49770772093524984,2000000.0,2000000.0,2289700.0,3112500.0,3188864.0,3650770.9504,4962669.600000001,28000.0,28000.0,254713097.1,222486000.0,346243837.5,354738797.952,406122712.83534724,552062254.3128,107534615.64999999,93929000.0,146177006.25,149763403.328,171456632.30006078,233069296.42920002,96835992.39999999,84584000.0,131633849.99999999,134863436.28800002,154398405.03431678,209881222.7232,50342489.05,43973000.0,68432981.25,70111958.33600001,80267675.5009696,109111735.1604,,126772675.05,172328231.25,176556238.65600002,202130409.8253216,274765646.4084,32055.8,43575.0,44644.096000000005,51110.793305600004,69477.3744,0.4221793730841491,0.3801767302212274,0.19764389669462348,high,True,https://find-and-update.company-information.service.gov.uk/company/04250459/filing-history/MzAyNzE0NjA3NmFkaXF6a2N4/document?format=pdf&download=0,Group of companies' accounts made up to 31 May 2010,"Values in the annual report were disclosed in GBP thousands and have been converted here into full GBP amounts by multiplying by 1,000. Missing fields in raw extraction: net_debt_eur, profit_loss_before_tax_eur."
arsenal,Arsenal,2010/11,2011-05-31,GBP,1.15955,1.357854,1.5745,1.53512,2025/26 prices,True,"ONS average sterling exchange rates: THAP (GBP/EUR) and AUSS (GBP/USD), UK trade time series (MRET), accessed 2026-08-11","ONS CPI INDEX 00: ALL ITEMS 2015=100 (D7BT), accessed 2026-08-11",Season factors use the mean of the two surrounding ONS annual averages for calendar years 2010 and 2011.,224675000,224675000.0,260521896.25000003,353750787.5,344903086.0,399932373.37130004,543049908.9070001,93108000,93108000.0,107963381.4,146598546.0,142931952.96,165736746.05476803,225046359.93552,85244000,85244000.0,98844680.2,134216678.0,130859769.28,151738445.468624,206038706.73136002,46323000,46323000.0,53713834.650000006,72935563.5,71111363.76,82457181.847908,111964842.24012001,178352000.0,178352000.0,206808061.60000002,280815224.0,273791722.24,317475191.523392,431085066.66688,124401000,124401000.0,144249179.55,195869374.5,190970463.12,221439800.510796,300682994.18244,0.5536931122732837,-133468000.0,-133468000.0,-154762819.4,-210145366.0,-204889396.16,-237579499.317328,-322598354.25392,14776000.0,14776000.0,260521896.25000003,224675000.0,353750787.5,344903086.0,399932373.37130004,543049908.9070001,107963381.4,93108000.0,146598546.0,142931952.96,165736746.05476803,225046359.93552,98844680.2,85244000.0,134216678.0,130859769.28,151738445.468624,206038706.73136002,53713834.650000006,46323000.0,72935563.5,71111363.76,82457181.847908,111964842.24012001,,144249179.55,195869374.5,190970463.12,221439800.510796,300682994.18244,17133510.8,23264812.0,22682933.12,26301995.099296004,35714278.19744,0.41441192834093693,0.37941025926338046,0.20617781239568264,high,True,https://find-and-update.company-information.service.gov.uk/company/04250459/filing-history/MzA0ODAzNDA0NmFkaXF6a2N4/document?format=pdf&download=0,Group of companies' accounts made up to 31 May 2011,"Values in the annual report were disclosed in GBP thousands and have been converted here into full GBP amounts by multiplying by 1,000. Missing fields in raw extraction: net_debt_original, profit_loss_before_tax_original, net_debt_eur, profit_loss_before_tax_eur. Net debt computed as total debt less cash and short-term deposits from the downloaded annual report. Profit before tax taken from the segmental analysis page as group profit on ordinary activities before taxation."
arsenal,Arsenal,2011/12,2012-05-31,GBP,1.1932,1.335945,1.59405,1.480844,2025/26 prices,True,"ONS average sterling exchange rates: THAP (GBP/EUR) and AUSS (GBP/USD), UK trade time series (MRET), accessed 2026-08-11","ONS CPI INDEX 00: ALL ITEMS 2015=100 (D7BT), accessed 2026-08-11",Season factors use the mean of the two surrounding ONS annual averages for calendar years 2011 and 2012.,232428000,232428000.0,277333089.6,370501853.4,344189609.232,410687041.73562247,548655446.5962696,95212000,95212000.0,113606958.4,151772688.6,140994118.928,168234182.70488963,224751675.2771784,84701000,84701000.0,101065233.2,135017629.05,125428967.64400001,149661844.19282082,199940045.87291822,52515000,52515000.0,62660898.0,83711535.75,77766522.66,92791014.83791201,123963725.446173,179913000.0,179913000.0,214672191.6,286790317.65,266423086.572,317896026.8977104,424691721.1500966,143448000,143448000.0,171162153.6,228663284.4,212424110.11200002,253464448.1856384,338614652.7240336,0.6171717693221127,101016000.0,101016000.0,120532291.2,161024554.79999998,149588937.504,178489520.2297728,238452245.82825118,36588000.0,36588000.0,277333089.6,232428000.0,370501853.4,344189609.232,410687041.73562247,548655446.5962696,113606958.4,95212000.0,151772688.6,140994118.928,168234182.70488963,224751675.2771784,101065233.2,84701000.0,135017629.05,125428967.64400001,149661844.19282082,199940045.87291822,62660898.0,52515000.0,83711535.75,77766522.66,92791014.83791201,123963725.446173,,171162153.6,228663284.4,212424110.11200002,253464448.1856384,338614652.7240336,43656801.6,58323101.4,54181120.272,64648912.7085504,86367414.7695816,0.4096408350112723,0.36441822844063537,0.2259409365480923,high,True,https://find-and-update.company-information.service.gov.uk/company/04250459/filing-history/MzA2NzUwNTA2M2FkaXF6a2N4/document?format=pdf&download=0,Group of companies' accounts made up to 31 May 2012,"Values in the annual report were disclosed in GBP thousands and have been converted here into full GBP amounts by multiplying by 1,000. Net debt has been computed from statement debt and cash disclosures because it was not presented as a single line item. Net debt computed from total debt less cash and short-term deposits from the downloaded annual report."
arsenal,Arsenal,2012/13,2013-05-31,GBP,1.20565,1.306142,1.57475,1.442035,2025/26 prices,True,"ONS average sterling exchange rates: THAP (GBP/EUR) and AUSS (GBP/USD), UK trade time series (MRET), accessed 2026-08-11","ONS CPI INDEX 00: ALL ITEMS 2015=100 (D7BT), accessed 2026-08-11",Season factors use the mean of the two surrounding ONS annual averages for calendar years 2012 and 2013.,241227000,241227000.0,290835332.55,379872218.25,347857776.945,419394728.7737393,547789034.2441387,92780000,92780000.0,111860207.00000001,146105305.0,133792007.3,161306333.60124502,210688963.495675,86025000,86025000.0,103716041.25000001,135467868.75,124051060.875,149562161.54394376,195349408.11290625,62422000,62422000.0,75259084.30000001,98299044.5,90014708.77,108526233.62855051,141750662.6355575,178805000.0,178805000.0,215576248.25000003,281573173.75,257843068.17499998,310868495.1451888,406038371.60858124,154490000,154490000.0,186260868.50000003,243283127.5,222779987.15,268594691.50739753,350822784.7644625,0.6404341139258872,121264000.0,121264000.0,146201941.60000002,190960484.0,174866932.23999998,210828316.85515603,275371701.54494,6654000.0,6654000.0,290835332.55,241227000.0,379872218.25,347857776.945,419394728.7737393,547789034.2441387,111860207.00000001,92780000.0,146105305.0,133792007.3,161306333.60124502,210688963.495675,103716041.25000001,86025000.0,135467868.75,124051060.875,149562161.54394376,195349408.11290625,75259084.30000001,62422000.0,98299044.5,90014708.77,108526233.62855051,141750662.6355575,,186260868.50000003,243283127.5,222779987.15,268594691.50739753,350822784.7644625,8022395.100000001,10478386.5,9595300.89,11568574.5180285,15110200.076527499,0.3846169790280524,0.35661430934348143,0.25876871162846615,high,True,https://find-and-update.company-information.service.gov.uk/company/04250459/filing-history/MzA4ODY5MjM1MGFkaXF6a2N4/document?format=pdf&download=0,Group of companies' accounts made up to 31 May 2013,"Values in the annual report were disclosed in GBP thousands and have been converted here into full GBP amounts by multiplying by 1,000. Missing fields in raw extraction: net_debt_eur, profit_loss_before_tax_eur. Net debt computed from creditors due after more than one year and cash/short-term deposits from the downloaded annual report."
arsenal,Arsenal,2013/14,2014-05-31,GBP,1.20935,1.328027,1.60605,1.413703,2025/26 prices,True,"ONS average sterling exchange rates: THAP (GBP/EUR) and AUSS (GBP/USD), UK trade time series (MRET), accessed 2026-08-11","ONS CPI INDEX 00: ALL ITEMS 2015=100 (D7BT), accessed 2026-08-11",Season factors use the mean of the two surrounding ONS annual averages for calendar years 2013 and 2014.,298145000,298145000.0,360561655.75,478835777.25,421488480.935,509727094.41874224,676931574.8056567,100229000,100229000.0,121211941.14999999,160972785.45,141694037.987,171357684.83957842,227567709.70902133,120762000,120762000.0,146043524.7,193949810.1,170721601.686,206462168.99896407,274187428.3878003,77154000,77154000.0,93306189.89999999,123913181.7,109072841.262,131907240.58019967,175176436.7088351,220991000.0,220991000.0,267255465.85,354922595.55,312415639.673,377819853.8385425,501755138.09682167,166403000,166403000.0,201239468.04999998,267251538.15,235244420.309,284492839.70068914,377814301.23726946,0.5581277566284861,32577000.0,32577000.0,39396994.949999996,52320290.85,46054202.631,55695649.95179984,73965352.13551755,20593000.0,20593000.0,360561655.75,298145000.0,478835777.25,421488480.935,509727094.41874224,676931574.8056567,121211941.14999999,100229000.0,160972785.45,141694037.987,171357684.83957842,227567709.70902133,146043524.7,120762000.0,193949810.1,170721601.686,206462168.99896407,274187428.3878003,93306189.89999999,77154000.0,123913181.7,109072841.262,131907240.58019967,175176436.7088351,,201239468.04999998,267251538.15,235244420.309,284492839.70068914,377814301.23726946,24904144.549999997,33073387.65,29112385.878999997,35207063.86276864,46755947.340967946,0.33617535091985445,0.40504452531486357,0.258780123765282,high,True,https://find-and-update.company-information.service.gov.uk/company/04250459/filing-history/MzExMDUwMTE2MGFkaXF6a2N4/document?format=pdf&download=0,Group of companies' accounts made up to 31 May 2014,"Values in the annual report were disclosed in GBP thousands and have been converted here into full GBP amounts by multiplying by 1,000. Missing fields in raw extraction: net_debt_eur, profit_loss_before_tax_eur. Net debt taken from the analysis of changes in net debt note. Profit before tax verified from the tax note and standard-rate reconciliation."
arsenal,Arsenal,2014/15,2015-05-31,GBP,1.30965,1.212652,1.58815,1.4031,2025/26 prices,True,"ONS average sterling exchange rates: THAP (GBP/EUR) and AUSS (GBP/USD), UK trade time series (MRET), accessed 2026-08-11","ONS CPI INDEX 00: ALL ITEMS 2015=100 (D7BT), accessed 2026-08-11",Season factors use the mean of the two surrounding ONS annual averages for calendar years 2014 and 2015.,328532000,328532000.0,430261933.8,521758095.8,460963249.2,603700519.31478,732078784.21698,100401000,100401000.0,131490169.64999999,159451848.15,140872643.1,184493857.035915,223726888.139265,124844000,124844000.0,163501944.6,198270998.6,175168616.4,229409578.46826,278194038.13566,103287000,103287000.0,135269819.55,164035249.04999998,144921989.7,189797083.81060502,230157857.942055,225245000.0,225245000.0,294992114.25,357722846.75,316041259.5,413903435.504175,501920926.274925,192213000,192213000.0,251731755.45,305263075.95,269694060.3,353204826.071895,428314621.86544496,0.5850662949119112,5681000.0,5681000.0,7440121.649999999,9022280.15,7971011.1,10439234.687114999,12659161.278465,24714000.0,24714000.0,430261933.8,328532000.0,521758095.8,460963249.2,603700519.31478,732078784.21698,131490169.64999999,100401000.0,159451848.15,140872643.1,184493857.035915,223726888.139265,163501944.6,124844000.0,198270998.6,175168616.4,229409578.46826,278194038.13566,135269819.55,103287000.0,164035249.04999998,144921989.7,189797083.81060502,230157857.942055,,251731755.45,305263075.95,269694060.3,353204826.071895,428314621.86544496,32366690.099999998,39249539.1,34676213.4,45413702.87931,55071028.31121,0.30560493346158063,0.38000560067208067,0.31438946586633876,high,True,https://find-and-update.company-information.service.gov.uk/company/04250459/filing-history/MzEzNTE5MDEzMWFkaXF6a2N4/document?format=pdf&download=0,Group of companies' accounts made up to 31 May 2015,"Values in the annual report were disclosed in GBP thousands and have been converted here into full GBP amounts by multiplying by 1,000. Missing fields in raw extraction: net_debt_eur, profit_loss_before_tax_eur. Net debt taken from the analysis of changes in net debt note. Profit before tax verified from the tax note and standard-rate reconciliation."
arsenal,Arsenal,2015/16,2016-05-31,GBP,1.30075,1.10813,1.4414,1.398206,2025/26 prices,True,"ONS average sterling exchange rates: THAP (GBP/EUR) and AUSS (GBP/USD), UK trade time series (MRET), accessed 2026-08-11","ONS CPI INDEX 00: ALL ITEMS 2015=100 (D7BT), accessed 2026-08-11",Season factors use the mean of the two surrounding ONS annual averages for calendar years 2015 and 2016.,347393000,347393000.0,451871444.75,500732270.2,485726976.958,631809365.2781185,700126864.5872612,99907000,99907000.0,129954030.25,144005949.8,139690566.842,181702504.8197315,201349983.04605883,140579000,140579000.0,182858134.25,202630570.6,196558401.27400002,255673340.45715553,283319279.5963436,106907000,106907000.0,139059280.25,154095749.8,149478008.842,194433520.00123152,215457601.94485882,240486000.0,240486000.0,312812164.5,346636520.4,336248968.116,437375845.276887,484669262.6424024,195387000,195387000.0,254149640.25,281630821.8,273191275.722,355353551.8953915,393777904.8256908,0.562437930528249,6142000.0,6142000.0,7989206.5,8853078.8,8587781.252,11170556.463539,12378427.896632802,18192000.0,18192000.0,451871444.75,347393000.0,500732270.2,485726976.958,631809365.2781185,700126864.5872612,129954030.25,99907000.0,144005949.8,139690566.842,181702504.8197315,201349983.04605883,182858134.25,140579000.0,202630570.6,196558401.27400002,255673340.45715553,283319279.5963436,139059280.25,106907000.0,154095749.8,149478008.842,194433520.00123152,215457601.94485882,,254149640.25,281630821.8,273191275.722,355353551.8953915,393777904.8256908,23663244.0,26221948.8,25436163.552,33086089.740264002,36663686.1438528,0.28759071138451264,0.4046684878509354,0.30774080076455196,high,True,https://find-and-update.company-information.service.gov.uk/company/04250459/filing-history/MzE2Njc3MDIwNGFkaXF6a2N4/document?format=pdf&download=0,Group of companies' accounts made up to 31 May 2016,"Values in the annual report were disclosed in GBP thousands and have been converted here into full GBP amounts by multiplying by 1,000. Missing fields in raw extraction: net_debt_eur, profit_loss_before_tax_eur. Net debt taken from the analysis of changes in net debt note. Profit before tax verified from the tax note and standard-rate reconciliation."
arsenal,Arsenal,2016/17,2017-05-31,GBP,1.1823,1.117737,1.3215,1.374914,2025/26 prices,True,"ONS average sterling exchange rates: THAP (GBP/EUR) and AUSS (GBP/USD), UK trade time series (MRET), accessed 2026-08-11","ONS CPI INDEX 00: ALL ITEMS 2015=100 (D7BT), accessed 2026-08-11",Season factors use the mean of the two surrounding ONS annual averages for calendar years 2016 and 2017.,415867000,415867000.0,491679554.09999996,549568240.5,571781360.438,676017102.4458474,755609067.818817,99996000,99996000.0,118225270.8,132144713.99999999,137485900.344,162549579.97671118,181687617.30459598,198637000,198637000.0,234848525.1,262498795.49999997,273108792.218,322896525.0393414,360913268.916087,117234000,117234000.0,138605758.2,154924731.0,161186667.876,190570997.4297948,213008181.59813398,298633000.0,298633000.0,353073795.9,394643509.49999994,410594692.562,485446105.01605254,542600886.2206829,199395000,199395000.0,235744708.49999997,263500492.49999997,274150977.03,324128700.14256895,362290516.14514494,0.4794681953605359,47352000.0,47352000.0,55984269.599999994,62575667.99999999,65104927.728,76973556.0528144,86036161.99255198,44607000.0,44607000.0,491679554.09999996,415867000.0,549568240.5,571781360.438,676017102.4458474,755609067.818817,118225270.8,99996000.0,132144713.99999999,137485900.344,162549579.97671118,181687617.30459598,234848525.1,198637000.0,262498795.49999997,273108792.218,322896525.0393414,360913268.916087,138605758.2,117234000.0,154924731.0,161186667.876,190570997.4297948,213008181.59813398,,235744708.49999997,263500492.49999997,274150977.03,324128700.14256895,362290516.14514494,52738856.099999994,58948150.49999999,61330788.798,72511391.5958754,81048637.39655699,0.2404518752389586,0.47764549723829974,0.28190262752274164,high,True,https://find-and-update.company-information.service.gov.uk/company/04250459/filing-history/MzE5MTg1NjI2OWFkaXF6a2N4/document?format=pdf&download=0,Group of companies' accounts made up to 31 May 2017,"Values in the annual report were disclosed in GBP thousands and have been converted here into full GBP amounts by multiplying by 1,000. Missing fields in raw extraction: net_debt_eur, profit_loss_before_tax_eur. Net debt taken from the analysis of changes in net debt note. Profit before tax taken from the segmental analysis / group disclosure."
arsenal,Arsenal,2017/18,2018-05-31,GBP,1.1359,1.154943,1.3119,1.340755,2025/26 prices,True,"ONS average sterling exchange rates: THAP (GBP/EUR) and AUSS (GBP/USD), UK trade time series (MRET), accessed 2026-08-11","ONS CPI INDEX 00: ALL ITEMS 2015=100 (D7BT), accessed 2026-08-11",Season factors use the mean of the two surrounding ONS annual averages for calendar years 2017 and 2018.,385920000,385920000.0,438366527.99999994,506288448.0,517424169.59999996,587742114.24864,678808768.09824,98905000,98905000.0,112346189.49999999,129753469.5,132607373.27499999,150628715.30307248,173967612.9994725,180097000,180097000.0,204572182.29999998,236269254.3,241465953.23499998,274281176.27963644,316779184.0489965,106918000,106918000.0,121448156.19999999,140265724.20000002,143350843.09,162832222.665931,188061971.049771,279002000.0,279002000.0,316918371.79999995,366022723.8,374073326.51,424909891.5827089,490746797.048469,240060000,240060000.0,272684154.0,314934714.0,321861645.29999995,365602642.89627,422250292.46906996,0.6220460199004975,0.0,0.0,0.0,0.0,0.0,0.0,0.0,2018000.0,2018000.0,438366527.99999994,385920000.0,506288448.0,517424169.59999996,587742114.24864,678808768.09824,112346189.49999999,98905000.0,129753469.5,132607373.27499999,150628715.30307248,173967612.9994725,204572182.29999998,180097000.0,236269254.3,241465953.23499998,274281176.27963644,316779184.0489965,121448156.19999999,106918000.0,140265724.20000002,143350843.09,162832222.665931,188061971.049771,,272684154.0,314934714.0,321861645.29999995,365602642.89627,422250292.46906996,2292246.1999999997,2647414.2,2705643.59,3073340.5538809993,3549533.825721,0.2562836857379768,0.46666925787728025,0.277047056384743,high,True,https://find-and-update.company-information.service.gov.uk/company/04250459/filing-history/MzIyNTM1MjYxN2FkaXF6a2N4/document?format=pdf&download=0,Group of companies' accounts made up to 31 May 2018,"Values in the annual report were disclosed in GBP thousands and have been converted here into full GBP amounts by multiplying by 1,000. Missing fields in raw extraction: net_debt_eur, profit_loss_before_tax_eur."
arsenal,Arsenal,2018/19,2019-05-31,GBP,1.1355,1.149978,1.3058,1.313149,2025/26 prices,True,"ONS average sterling exchange rates: THAP (GBP/EUR) and AUSS (GBP/USD), UK trade time series (MRET), accessed 2026-08-11","ONS CPI INDEX 00: ALL ITEMS 2015=100 (D7BT), accessed 2026-08-11",Season factors use the mean of the two surrounding ONS annual averages for calendar years 2018 and 2019.,390148000,390148000.0,443013054.0,509455258.40000004,512322456.052,581742148.8470459,668990663.1127017,96244000,96244000.0,109285062.0,125675415.2,126382712.35599999,143507569.880238,165030545.7944648,183025000,183025000.0,207824887.5,238994045.0,240339095.725,272905043.1957375,313834791.197705,110879000,110879000.0,125903104.5,144785798.20000002,145600647.971,165329535.77107048,190125326.1205318,279269000.0,279269000.0,317109949.5,364669460.20000005,366721808.081,416412613.0759755,478865336.9921698,234922000,234922000.0,266753931.0,306761147.6,308487589.37799996,350287657.738719,402823094.2097924,0.6021355998236566,21715000.0,21715000.0,24657382.5,28355447.0,28515030.534999996,32378817.172492497,37234926.872603,-32215000.0,-32215000.0,443013054.0,390148000.0,509455258.40000004,512322456.052,581742148.8470459,668990663.1127017,109285062.0,96244000.0,125675415.2,126382712.35599999,143507569.880238,165030545.7944648,207824887.5,183025000.0,238994045.0,240339095.725,272905043.1957375,313834791.197705,125903104.5,110879000.0,144785798.20000002,145600647.971,165329535.77107048,190125326.1205318,,266753931.0,306761147.6,308487589.37799996,350287657.738719,402823094.2097924,-36580132.5,-42066347.0,-42303095.035,-48035164.412242495,-55239381.496703,0.24668587305330286,0.4691168479653875,0.28419727898130964,high,True,https://find-and-update.company-information.service.gov.uk/company/04250459/filing-history/MzI1ODcyNTM1MWFkaXF6a2N4/document?format=pdf&download=0,Group of companies' accounts made up to 31 May 2019,"Values in the annual report were disclosed in GBP thousands and have been converted here into full GBP amounts by multiplying by 1,000. Missing fields in raw extraction: net_debt_original, profit_loss_before_tax_original, net_debt_eur, profit_loss_before_tax_eur. Net debt computed as total debt less cash and short-term deposits from the downloaded annual report. Profit before tax verified from the tax note."
arsenal,Arsenal,2019/20,2020-05-31,GBP,1.13275,1.130126,1.28015,1.296166,2025/26 prices,True,"ONS average sterling exchange rates: THAP (GBP/EUR) and AUSS (GBP/USD), UK trade time series (MRET), accessed 2026-08-11","ONS CPI INDEX 00: ALL ITEMS 2015=100 (D7BT), accessed 2026-08-11",Season factors use the mean of the two surrounding ONS annual averages for calendar years 2019 and 2020.,339968000,339968000.0,385098752.0,435210035.2,440654962.68799996,499151908.984832,564104450.4850432,78743000,78743000.0,89196133.25,100802851.44999999,102063999.338,115612995.25011949,130657228.75254068,118948000,118948000.0,134738347.0,152271282.2,154176353.368,174643264.277602,197368858.76404518,142277000,142277000.0,161164271.75,182135901.54999998,184414609.982,208895649.4571105,236078362.96845725,197691000.0,197691000.0,223934480.24999997,253074133.64999998,256240352.706,290256259.52772146,328026087.5165858,234478000,234478000.0,265604954.49999997,300167011.7,303922411.348,344268111.454447,389066274.8871422,0.6897060899849398,-94109000.0,-94109000.0,-106601969.75,-120473636.35,-121980886.094,-138173848.7229785,-156153831.33323407,-54022000.0,-54022000.0,385098752.0,339968000.0,435210035.2,440654962.68799996,499151908.984832,564104450.4850432,89196133.25,78743000.0,100802851.44999999,102063999.338,115612995.25011949,130657228.75254068,134738347.0,118948000.0,152271282.2,154176353.368,174643264.277602,197368858.76404518,161164271.75,142277000.0,182135901.54999998,184414609.982,208895649.4571105,236078362.96845725,,265604954.49999997,300167011.7,303922411.348,344268111.454447,389066274.8871422,-61193420.49999999,-69156263.3,-70021479.652,-79316831.07580298,-89637997.17650779,0.23161885824548192,0.3498799887048193,0.4185011530496988,high,True,https://find-and-update.company-information.service.gov.uk/company/04250459/filing-history/MzI5NDA2NjY3MWFkaXF6a2N4/document?format=pdf&download=0,Group of companies' accounts made up to 31 May 2020,"Values in the annual report were disclosed in GBP thousands and have been converted here into full GBP amounts by multiplying by 1,000. Missing fields in raw extraction: net_debt_original, profit_loss_before_tax_original, net_debt_eur, profit_loss_before_tax_eur. Net debt computed as total debt less cash and short-term deposits from the downloaded annual report. Profit before tax verified from the tax note."
arsenal,Arsenal,2020/21,2021-05-31,GBP,1.14415,1.162173,1.3297,1.273808,2025/26 prices,True,"ONS average sterling exchange rates: THAP (GBP/EUR) and AUSS (GBP/USD), UK trade time series (MRET), accessed 2026-08-11","ONS CPI INDEX 00: ALL ITEMS 2015=100 (D7BT), accessed 2026-08-11",Season factors use the mean of the two surrounding ONS annual averages for calendar years 2020 and 2021.,324519000,324519000.0,371298413.85,431512914.3,413374898.352,472962889.94944084,549664602.3386544,3763000,3763000.0,4305436.45,5003661.100000001,4793339.504000001,5484299.3935016,6373703.538468801,184376000,184376000.0,210953800.4,245164767.20000002,234859623.808,268714638.5799232,312292841.77749765,136380000,136380000.0,156039177.0,181344486.0,173721935.04000002,198763951.976016,230998057.022688,188139000.0,188139000.0,215259236.85,250168428.3,239652963.312,274198937.9734248,318666545.3159664,244438000,244438000.0,279673737.7,325029208.6,311367079.904,356250644.4721616,414024806.14834887,0.7532317060018058,-2466000.0,-2466000.0,-2821473.9,-3279040.2,-3141210.528,-3594016.0256112,-4176867.6390816006,-127204000.0,-127204000.0,371298413.85,324519000.0,431512914.3,413374898.352,472962889.94944084,549664602.3386544,4305436.45,3763000.0,5003661.100000001,4793339.504000001,5484299.3935016,6373703.538468801,210953800.4,184376000.0,245164767.20000002,234859623.808,268714638.5799232,312292841.77749765,156039177.0,136380000.0,181344486.0,173721935.04000002,198763951.976016,230998057.022688,,279673737.7,325029208.6,311367079.904,356250644.4721616,414024806.14834887,-145540456.6,-169143158.8,-162033472.83200002,-185390597.9407328,-215455908.82471043,0.011595623060591214,0.5681516336485691,0.42025274329083967,high,True,https://find-and-update.company-information.service.gov.uk/company/04250459/filing-history/MzMzMjQ0NzAzOGFkaXF6a2N4/document?format=pdf&download=0,Group of companies' accounts made up to 31 May 2021,"Values in the annual report were disclosed in GBP thousands and have been converted here into full GBP amounts by multiplying by 1,000. Missing fields in raw extraction: net_debt_original, profit_loss_before_tax_original, net_debt_eur, profit_loss_before_tax_eur. Net debt computed as total debt less cash and short-term deposits from the downloaded annual report. Profit before tax verified from the tax note."
arsenal,Arsenal,2021/22,2022-05-31,GBP,1.16825,1.117869,1.30595,1.202829,2025/26 prices,True,"ONS average sterling exchange rates: THAP (GBP/EUR) and AUSS (GBP/USD), UK trade time series (MRET), accessed 2026-08-11","ONS CPI INDEX 00: ALL ITEMS 2015=100 (D7BT), accessed 2026-08-11",Season factors use the mean of the two surrounding ONS annual averages for calendar years 2021 and 2022.,324519000,324519000.0,379119321.75,423805588.04999995,390340864.251,456015714.66123074,509765651.66859335,3763000,3763000.0,4396124.75,4914289.85,4526245.527,5287786.33691775,5911050.345985649,184376000,184376000.0,215397262.0,240785837.2,221772799.704,259086073.25419798,289624187.77343875,136380000,136380000.0,159325935.0,178105461.0,164041819.01999998,191641855.070115,214230413.54916897,188139000.0,188139000.0,219793386.75,245700127.04999998,226299045.23099998,264373859.59111574,295535238.1194244,244438000,244438000.0,285564693.5,319223806.09999996,294017115.102,343485494.7179115,383971651.4674568,0.7532317060018058,-13188000.0,-13188000.0,-15406881.0,-17222868.599999998,-15862908.852,-18531843.266349,-20716165.815269396,-45481000.0,-45481000.0,379119321.75,324519000.0,423805588.04999995,390340864.251,456015714.66123074,509765651.66859335,4396124.75,3763000.0,4914289.85,4526245.527,5287786.33691775,5911050.345985649,215397262.0,184376000.0,240785837.2,221772799.704,259086073.25419798,289624187.77343875,159325935.0,136380000.0,178105461.0,164041819.01999998,191641855.070115,214230413.54916897,,285564693.5,319223806.09999996,294017115.102,343485494.7179115,383971651.4674568,-53133178.25,-59395911.949999996,-54705865.749,-63910127.66126925,-71443125.37490654,0.011595623060591214,0.5681516336485691,0.42025274329083967,high,True,https://find-and-update.company-information.service.gov.uk/company/04250459/filing-history/MzM2OTcwMjYwNWFkaXF6a2N4/document?download=0&format=pdf,Group of companies' accounts made up to 31 May 2022,"Values in the annual report were disclosed in GBP thousands and have been converted here into full GBP amounts by multiplying by 1,000. Missing fields in raw extraction: net_debt_original, profit_loss_before_tax_original, net_debt_eur, profit_loss_before_tax_eur. Net debt computed as total debt less cash and short-term deposits from the downloaded annual report. Profit before tax verified from the tax note."
arsenal,Arsenal,2022/23,2023-05-31,GBP,1.1616,1.067321,1.2398,1.112688,2025/26 prices,True,"ONS average sterling exchange rates: THAP (GBP/EUR) and AUSS (GBP/USD), UK trade time series (MRET), accessed 2026-08-11","ONS CPI INDEX 00: ALL ITEMS 2015=100 (D7BT), accessed 2026-08-11",Season factors use the mean of the two surrounding ONS annual averages for calendar years 2022 and 2023.,463100000,463100000.0,537936960.0,574151380.0,515285812.79999995,598556000.1484799,638851350.70944,102604000,102604000.0,119184806.39999999,127208439.2,114166239.55199999,132615503.86360317,141543303.7965696,191194000,191194000.0,222090950.4,237042321.2,212739269.47199997,247117935.41867518,263754146.29138556,169302000,169302000.0,196661203.2,209900619.6,188380303.776,218822560.86620158,233553900.6214848,293798000.0,293798000.0,341275756.8,364250760.4,326905509.024,379733439.28227836,405297450.0879551,234766000,234766000.0,272704185.59999996,291062886.8,261221311.008,303434674.86689276,323862181.3877184,0.5069445044266897,-25531000.0,-25531000.0,-29656809.599999998,-31653333.8,-28408037.327999998,-32998776.160204794,-35220284.6792544,-52124000.0,-52124000.0,537936960.0,463100000.0,574151380.0,515285812.79999995,598556000.1484799,638851350.70944,119184806.39999999,102604000.0,127208439.2,114166239.55199999,132615503.86360317,141543303.7965696,222090950.4,191194000.0,237042321.2,212739269.47199997,247117935.41867518,263754146.29138556,196661203.2,169302000.0,209900619.6,188380303.776,218822560.86620158,233553900.6214848,,272704185.59999996,291062886.8,261221311.008,303434674.86689276,323862181.3877184,-60547238.4,-64623335.2,-57997749.31199999,-67370185.60081919,-71905609.5970176,0.22155905851867846,0.4128568343770244,0.3655841071042971,high,True,https://find-and-update.company-information.service.gov.uk/company/04250459/filing-history/MzQxMjE5NjQ0MGFkaXF6a2N4/document?download=0&format=pdf,Group of companies' accounts made up to 31 May 2023,"Values in the annual report were disclosed in GBP thousands and have been converted here into full GBP amounts by multiplying by 1,000. Missing fields in raw extraction: net_debt_original, profit_loss_before_tax_original, net_debt_eur, profit_loss_before_tax_eur. Net debt computed as total debt less cash and short-term deposits from the downloaded annual report. Profit before tax verified from the tax note."
arsenal,Arsenal,2023/24,2024-05-31,GBP,1.16575,1.081578,1.26085,1.061346,2025/26 prices,True,"ONS average sterling exchange rates: THAP (GBP/EUR) and AUSS (GBP/USD), UK trade time series (MRET), accessed 2026-08-11","ONS CPI INDEX 00: ALL ITEMS 2015=100 (D7BT), accessed 2026-08-11",Season factors use the mean of the two surrounding ONS annual averages for calendar years 2023 and 2024.,611972000,611972000.0,713406359.0,771604896.2,649514034.3119999,757170985.4992139,818939770.1622852,131652000,131652000.0,153473319.0,165993424.20000002,139728323.59199998,162888293.227374,176176456.8009732,262052000,262052000.0,305487119.0,330408264.2,278127841.992,324227531.802174,350677489.57561314,218268000,218268000.0,254445921.0,275203207.8,231657868.728,270055160.469666,292085823.7856988,393704000.0,393704000.0,458960438.0,496401688.40000004,417856165.58399993,487115825.0295479,526853946.3765864,327822000,327822000.0,382158496.5,413334368.7,347932568.41199994,405602391.62628895,438690778.88227016,0.5356813710431196,-49097000.0,-49097000.0,-57234827.75,-61903952.45,-52108904.56199999,-60745955.49315149,-65701512.3169977,-17687000.0,-17687000.0,713406359.0,611972000.0,771604896.2,649514034.3119999,757170985.4992139,818939770.1622852,153473319.0,131652000.0,165993424.20000002,139728323.59199998,162888293.227374,176176456.8009732,305487119.0,262052000.0,330408264.2,278127841.992,324227531.802174,350677489.57561314,254445921.0,218268000.0,275203207.8,231657868.728,270055160.469666,292085823.7856988,,382158496.5,413334368.7,347932568.41199994,405602391.62628895,438690778.88227016,-20618620.25,-22300653.95,-18772026.702,-21883490.127856497,-23668709.8672167,0.21512748949298333,0.4282091337512174,0.3566633767557993,high,True,https://find-and-update.company-information.service.gov.uk/company/04250459/filing-history/MzQ1NTk1NjAxMGFkaXF6a2N4/document?download=0&format=pdf,Group of companies' accounts made up to 31 May 2024,"Values in the annual report were disclosed in GBP thousands and have been converted here into full GBP amounts by multiplying by 1,000. Broadcasting and total revenue were adjusted to exclude separately disclosed women's UEFA revenue. Missing fields in raw extraction: net_debt_original, profit_loss_before_tax_original, net_debt_eur, profit_loss_before_tax_eur. Net debt computed as total debt less cash from the downloaded annual report. Profit before tax verified from the tax note."
arsenal,Arsenal,2024/25,2025-05-31,GBP,1.1744,1.105586,1.2984,1.030555,2025/26 prices,True,"ONS average sterling exchange rates: THAP (GBP/EUR) and AUSS (GBP/USD), UK trade time series (MRET), accessed 2026-08-11","ONS CPI INDEX 00: ALL ITEMS 2015=100 (D7BT), accessed 2026-08-11",Season factors use the mean of the two surrounding ONS annual averages for calendar years 2024 and 2025.,688431000,688431000.0,808493366.4000001,893858810.4,709466009.205,833196881.2103522,921170666.3517721,153854000,153854000.0,180686137.60000002,199764033.6,158555008.97000003,186207002.53436804,205867823.64664802,271384000,271384000.0,318713369.6,352364985.6,279676138.12,328451656.6081281,363131497.73500806,263193000,263193000.0,309093859.20000005,341729791.2,271234862.115,318538222.0678561,352171344.970116,425238000.0,425238000.0,499399507.20000005,552129019.2,438231147.09000003,514658659.1424961,568999321.381656,346804000,346804000.0,407286617.6,450290313.6,357400596.22,419731260.20076805,464048934.1320481,0.5037599991865561,-37776000.0,-37776000.0,-44364134.400000006,-49048358.4,-38930245.68000001,-45719680.52659201,-50547030.990912005,-1348000.0,-1348000.0,808493366.4000001,688431000.0,893858810.4,709466009.205,833196881.2103522,921170666.3517721,180686137.60000002,153854000.0,199764033.6,158555008.97000003,186207002.53436804,205867823.64664802,318713369.6,271384000.0,352364985.6,279676138.12,328451656.6081281,363131497.73500806,309093859.20000005,263193000.0,341729791.2,271234862.115,318538222.0678561,352171344.970116,,407286617.6,450290313.6,357400596.22,419731260.20076805,464048934.1320481,-1583091.2000000002,-1750243.2,-1389188.1400000001,-1631462.5516160005,-1803721.880976,0.22348499704400296,0.39420653631228114,0.3823084666437159,medium,True,https://find-and-update.company-information.service.gov.uk/company/04250459/filing-history/MzUwNzE0ODU1NmFkaXF6a2N4/document?download=0&format=pdf,Group of companies' accounts made up to 31 May 2025,"Values in the annual report were disclosed in GBP thousands and have been converted here into full GBP amounts by multiplying by 1,000. Broadcasting and total revenue were adjusted to exclude separately disclosed women's UEFA revenue. Missing fields in raw extraction: net_debt_original, profit_loss_before_tax_original, net_debt_eur, profit_loss_before_tax_eur. Net debt computed as total debt less cash from the downloaded annual report. Profit before tax verified from the tax note."
chelsea,Chelsea,2011/12,2012-06-30,GBP,1.1932,1.335945,1.59405,1.480844,2025/26 prices,True,"ONS average sterling exchange rates: THAP (GBP/EUR) and AUSS (GBP/USD), UK trade time series (MRET), accessed 2026-08-11","ONS CPI INDEX 00: ALL ITEMS 2015=100 (D7BT), accessed 2026-08-11",Season factors use the mean of the two surrounding ONS annual averages for calendar years 2011 and 2012.,255738000,255738000.0,305146581.6,407659158.9,378708082.87200004,451874484.48287046,603679619.5021116,77742000,77742000.0,92761754.4,123924635.1,115123774.24800001,137365687.43271363,183513052.3400244,112815000,112815000.0,134610858.0,179832750.75,167061415.86,199337681.404152,266304249.951633,66977000,66977000.0,79916956.4,106764686.85,99182488.588,118344545.38320161,158101845.9337014,190557000.0,190557000.0,227372612.4,303757385.84999996,282185190.108,336703368.8368656,449817302.2916574,171036000,171036000.0,204080155.20000002,272639935.8,253277634.384,302210873.34698886,403737213.08981526,0.6687938436994111,18146000.0,18146000.0,21651807.2,28925631.3,26871395.224,32062948.7812768,42834347.556817204,1378000.0,1378000.0,305146581.6,255738000.0,407659158.9,378708082.87200004,451874484.48287046,603679619.5021116,92761754.4,77742000.0,123924635.1,115123774.24800001,137365687.43271363,183513052.3400244,134610858.0,112815000.0,179832750.75,167061415.86,199337681.404152,266304249.951633,79916956.4,66977000.0,106764686.85,99182488.588,118344545.38320161,158101845.9337014,,204080155.20000002,272639935.8,253277634.384,302210873.34698886,403737213.08981526,1644229.6,2196600.9,2040603.0320000001,2434847.5377824004,3252823.2631596,0.3039908030875349,0.4411350679210755,0.26189694140096503,medium,True,https://find-and-update.company-information.service.gov.uk/company/02536231/filing-history/MzA3MDcyNjIxOGFkaXF6a2N4/document?format=pdf&download=0,Group of companies' accounts made up to 30 June 2012,"Values in the annual report were disclosed in GBP thousands and have been converted here into full GBP amounts by multiplying by 1,000. Broadcasting, matchday, and commercial are disclosed before deducting Chelsea Digital Media joint-venture turnover of GBP 1,796,000, so the category sum exceeds reported group turnover. Net debt taken from the analysis of net debt note in the downloaded annual report."
chelsea,Chelsea,2012/13,2013-06-30,GBP,1.20565,1.306142,1.57475,1.442035,2025/26 prices,True,"ONS average sterling exchange rates: THAP (GBP/EUR) and AUSS (GBP/USD), UK trade time series (MRET), accessed 2026-08-11","ONS CPI INDEX 00: ALL ITEMS 2015=100 (D7BT), accessed 2026-08-11",Season factors use the mean of the two surrounding ONS annual averages for calendar years 2012 and 2013.,255772000,255772000.0,308371511.8,402776957.0,368832176.02,444682513.018513,580818469.187495,70693000,70693000.0,85231015.45,111323801.75,101941780.255,122906107.36444075,160532818.45656124,105435000,105435000.0,127117707.75000001,166033766.25,152040960.225,183308183.69527125,239426502.11431873,79644000,79644000.0,96022788.60000001,125419389.00000001,114849435.53999999,138468221.958801,180859148.61661503,176128000.0,176128000.0,212348723.20000002,277357568.0,253982740.48,306214291.059712,399959320.57088,176568000,176568000.0,212879209.20000002,278050458.0,254617235.88,306979270.438722,400958492.20203,0.690333578343212,28113000.0,28113000.0,33894438.45,44270946.75,40539929.955,48876966.550245754,63840254.696636245,-50712000.0,-50712000.0,308371511.8,255772000.0,402776957.0,368832176.02,444682513.018513,580818469.187495,85231015.45,70693000.0,111323801.75,101941780.255,122906107.36444075,160532818.45656124,127117707.75000001,105435000.0,166033766.25,152040960.225,183308183.69527125,239426502.11431873,96022788.60000001,79644000.0,125419389.00000001,114849435.53999999,138468221.958801,180859148.61661503,,212879209.20000002,278050458.0,254617235.88,306979270.438722,400958492.20203,-61140922.800000004,-79858722.0,-73128478.92,-88167350.609898,-115159072.17927,0.27639069170980407,0.41222260450713916,0.3113867037830568,high,True,https://find-and-update.company-information.service.gov.uk/company/02536231/filing-history/MzA5MjAwODY1MmFkaXF6a2N4/document?format=pdf&download=0,Group of companies' accounts made up to 30 June 2013,"Values in the annual report were disclosed in GBP thousands and have been converted here into full GBP amounts by multiplying by 1,000. Missing fields in raw extraction: net_debt_eur, profit_loss_before_tax_eur. Net debt taken from the analysis of net debt note. Profit before tax taken from the taxation note."
chelsea,Chelsea,2013/14,2014-06-30,GBP,1.20935,1.328027,1.60605,1.413703,2025/26 prices,True,"ONS average sterling exchange rates: THAP (GBP/EUR) and AUSS (GBP/USD), UK trade time series (MRET), accessed 2026-08-11","ONS CPI INDEX 00: ALL ITEMS 2015=100 (D7BT), accessed 2026-08-11",Season factors use the mean of the two surrounding ONS annual averages for calendar years 2013 and 2014.,319843000,319843000.0,386802132.04999995,513683850.15,452163008.62899995,546823334.485481,726196400.0086054,71019000,71019000.0,85886827.64999999,114060064.95,100399773.357,121418465.90928793,161247056.00000983,139858000,139858000.0,169137272.29999998,224618940.9,197717674.174,239109869.26232687,317544470.6071527,108966000,108966000.0,131778032.1,175004844.3,154045561.098,186294999.3138663,247404873.40144292,210877000.0,210877000.0,255024099.95,338679005.85,298117447.53099996,360528335.1716148,478791526.60716254,190581000,190581000.0,230479132.35,306082615.05,269424931.44299996,325829040.840592,432709911.14403015,0.5958579678154594,25004000.0,25004000.0,30238587.4,40157674.2,35348229.812,42748381.7231422,56771024.4895626,19068000.0,19068000.0,386802132.04999995,319843000.0,513683850.15,452163008.62899995,546823334.485481,726196400.0086054,85886827.64999999,71019000.0,114060064.95,100399773.357,121418465.90928793,161247056.00000983,169137272.29999998,139858000.0,224618940.9,197717674.174,239109869.26232687,317544470.6071527,131778032.1,108966000.0,175004844.3,154045561.098,186294999.3138663,247404873.40144292,,230479132.35,306082615.05,269424931.44299996,325829040.840592,432709911.14403015,23059885.799999997,30624161.4,26956488.803999998,32599829.735117394,43293468.8436642,0.22204331500142258,0.43727078597937113,0.3406858990192063,high,True,https://find-and-update.company-information.service.gov.uk/company/02536231/filing-history/MzExNDY3NzI3MmFkaXF6a2N4/document?format=pdf&download=0,Group of companies' accounts made up to 30 June 2014,"Values in the annual report were disclosed in GBP thousands and have been converted here into full GBP amounts by multiplying by 1,000. Missing fields in raw extraction: net_debt_eur, profit_loss_before_tax_eur. Net debt taken from the analysis of net debt note. Profit before tax taken from the taxation note."
chelsea,Chelsea,2014/15,2015-06-30,GBP,1.30965,1.212652,1.58815,1.4031,2025/26 prices,True,"ONS average sterling exchange rates: THAP (GBP/EUR) and AUSS (GBP/USD), UK trade time series (MRET), accessed 2026-08-11","ONS CPI INDEX 00: ALL ITEMS 2015=100 (D7BT), accessed 2026-08-11",Season factors use the mean of the two surrounding ONS annual averages for calendar years 2014 and 2015.,314287000,314287000.0,411605969.55,499134899.05,440976089.7,577524335.875605,700336176.8570551,70778000,70778000.0,92694407.7,112406080.7,99308611.8,130059523.44387001,157716971.83017,135565000,135565000.0,177542702.25,215297554.75,190211251.5,249110165.526975,302083999.069725,107944000,107944000.0,141368859.6,171431263.6,151456226.4,198354646.90476,240535205.95716,206343000.0,206343000.0,270237109.95,327703635.45,289519863.3,379169688.970845,459800970.899895,215647000,215647000.0,282422093.55,342479783.05,302574305.7,396266439.46000504,480533383.597455,0.6861467384906152,5330000.0,5330000.0,6980434.5,8464839.5,7478523.0,9794247.64695,11877016.30245,-22656000.0,-22656000.0,411605969.55,314287000.0,499134899.05,440976089.7,577524335.875605,700336176.8570551,92694407.7,70778000.0,112406080.7,99308611.8,130059523.44387001,157716971.83017,177542702.25,135565000.0,215297554.75,190211251.5,249110165.526975,302083999.069725,141368859.6,107944000.0,171431263.6,151456226.4,198354646.90476,240535205.95716,,282422093.55,342479783.05,302574305.7,396266439.46000504,480533383.597455,-29671430.4,-35981126.4,-31788633.6,-41631983.99424,-50485118.45184,0.22520180599261186,0.43134141723965674,0.3434567767677314,high,True,https://find-and-update.company-information.service.gov.uk/company/02536231/filing-history/MzEzODU4Mjg2MWFkaXF6a2N4/document?format=pdf&download=0,Group of companies' accounts made up to 30 June 2015,"Values in the annual report were disclosed in GBP thousands and have been converted here into full GBP amounts by multiplying by 1,000. Missing fields in raw extraction: net_debt_eur, profit_loss_before_tax_eur. Net debt taken from the analysis of net debt note. Profit before tax taken from the taxation note."
chelsea,Chelsea,2015/16,2016-06-30,GBP,1.30075,1.10813,1.4414,1.398206,2025/26 prices,True,"ONS average sterling exchange rates: THAP (GBP/EUR) and AUSS (GBP/USD), UK trade time series (MRET), accessed 2026-08-11","ONS CPI INDEX 00: ALL ITEMS 2015=100 (D7BT), accessed 2026-08-11",Season factors use the mean of the two surrounding ONS annual averages for calendar years 2015 and 2016.,329122000,329122000.0,428105441.5,474396450.8,460180355.132,598579596.9379491,663303963.8872648,69675000,69675000.0,90629756.25,100429545.0,97420003.05,126719068.96728751,140421192.39627,142933000,142933000.0,185920099.75,206023626.2,199849778.198,259954598.9910485,288063470.2945972,116514000,116514000.0,151555585.5,167943279.6,162910573.884,211905928.979613,234819301.1963976,212608000.0,212608000.0,276549856.0,306453171.2,297269781.248,386673667.958336,428484662.6908672,222406000,222406000.0,289294604.5,320576008.4,310969403.63600004,404493451.779527,448231298.4009304,0.6757554949228554,-27127000.0,-27127000.0,-35285445.25,-39100857.8,-37929134.162,-49336321.261221506,-54671053.981106795,-69789000.0,-69789000.0,428105441.5,329122000.0,474396450.8,460180355.132,598579596.9379491,663303963.8872648,90629756.25,69675000.0,100429545.0,97420003.05,126719068.96728751,140421192.39627,185920099.75,142933000.0,206023626.2,199849778.198,259954598.9910485,288063470.2945972,151555585.5,116514000.0,167943279.6,162910573.884,211905928.979613,234819301.1963976,,289294604.5,320576008.4,310969403.63600004,404493451.779527,448231298.4009304,-90778041.75,-100593864.6,-97579398.53400001,-126926402.6431005,-140650945.0469076,0.2116996129094986,0.4342857663723482,0.35401462071815315,high,True,https://find-and-update.company-information.service.gov.uk/company/02536231/filing-history/MzE2NjMwNjg5MWFkaXF6a2N4/document?format=pdf&download=0,Group of companies' accounts made up to 30 June 2016,"Values in the annual report were disclosed in GBP thousands and have been converted here into full GBP amounts by multiplying by 1,000. Missing fields in raw extraction: net_debt_original, profit_loss_before_tax_original, net_debt_eur, profit_loss_before_tax_eur. Net debt inferred as net cash because the balance sheet shows cash at bank and in hand but no separately disclosed year-end borrowings. Profit before tax taken from the group profit and loss account."
chelsea,Chelsea,2016/17,2017-06-30,GBP,1.1823,1.117737,1.3215,1.374914,2025/26 prices,True,"ONS average sterling exchange rates: THAP (GBP/EUR) and AUSS (GBP/USD), UK trade time series (MRET), accessed 2026-08-11","ONS CPI INDEX 00: ALL ITEMS 2015=100 (D7BT), accessed 2026-08-11",Season factors use the mean of the two surrounding ONS annual averages for calendar years 2016 and 2017.,361308000,361308000.0,427174448.4,477468521.99999994,496767427.51199996,587328129.5474375,656478155.4571079,65519000,65519000.0,77463113.69999999,86583358.5,90082990.366,106505119.50972179,119044671.768669,162446000,162446000.0,192059905.79999998,214672388.99999997,223349279.644,264065853.32310116,295156073.04954594,133343000,133343000.0,157651428.89999998,176212774.5,183335157.502,216757156.71461457,242277410.638893,227965000.0,227965000.0,269523019.5,301255747.5,313432270.01,370570972.832823,414200744.818215,219659000,219659000.0,259702835.7,290279368.5,302012234.326,357069064.6436298,399109167.66180897,0.6079549857739104,-32986000.0,-32986000.0,-38999347.8,-43590999.0,-45352913.203999996,-53620749.281089194,-59933874.799086,15646000.0,15646000.0,427174448.4,361308000.0,477468521.99999994,496767427.51199996,587328129.5474375,656478155.4571079,77463113.69999999,65519000.0,86583358.5,90082990.366,106505119.50972179,119044671.768669,192059905.79999998,162446000.0,214672388.99999997,223349279.644,264065853.32310116,295156073.04954594,157651428.89999998,133343000.0,176212774.5,183335157.502,216757156.71461457,242277410.638893,,259702835.7,290279368.5,302012234.326,357069064.6436298,399109167.66180897,18498265.799999997,20676189.0,21511904.444,25433524.624141194,28427981.722746,0.18133835951598082,0.4496053228824161,0.36905631760160307,high,True,https://find-and-update.company-information.service.gov.uk/company/02536231/filing-history/MzE5NDY3NTc5NGFkaXF6a2N4/document?format=pdf&download=0,Group of companies' accounts made up to 30 June 2017,"Values in the annual report were disclosed in GBP thousands and have been converted here into full GBP amounts by multiplying by 1,000. Missing fields in raw extraction: net_debt_original, profit_loss_before_tax_original, net_debt_eur, profit_loss_before_tax_eur. Net debt inferred as net cash because the balance sheet shows cash at bank and in hand but no separately disclosed year-end borrowings. Profit before tax taken from the group profit and loss account."
chelsea,Chelsea,2017/18,2018-06-30,GBP,1.1359,1.154943,1.3119,1.340755,2025/26 prices,True,"ONS average sterling exchange rates: THAP (GBP/EUR) and AUSS (GBP/USD), UK trade time series (MRET), accessed 2026-08-11","ONS CPI INDEX 00: ALL ITEMS 2015=100 (D7BT), accessed 2026-08-11",Season factors use the mean of the two surrounding ONS annual averages for calendar years 2017 and 2018.,443449000,443449000.0,503713719.09999996,581760743.1,594556463.995,675356687.4519204,779998625.1150405,73938000,73938000.0,83986174.19999999,96999262.2,99132743.19,112604882.98952098,130052245.790961,204141000,204141000.0,231883761.89999998,267812577.9,273703066.455,310899313.1862345,359071052.8823145,165370000,165370000.0,187843782.99999997,216948903.0,221720654.35,251852491.27616495,290875326.441765,278079000.0,278079000.0,315869936.09999996,364811840.1,372835809.645,423504196.17575544,489123298.67327553,244084000,244084000.0,277255015.59999996,320213799.6,327256843.41999996,371731048.44077796,429328252.882698,0.550421807242772,-31679000.0,-31679000.0,-35984176.099999994,-41559680.1,-42473777.644999996,-48245964.02695549,-55721348.8924755,67461000.0,67461000.0,503713719.09999996,443449000.0,581760743.1,594556463.995,675356687.4519204,779998625.1150405,83986174.19999999,73938000.0,96999262.2,99132743.19,112604882.98952098,130052245.790961,231883761.89999998,204141000.0,267812577.9,273703066.455,310899313.1862345,359071052.8823145,187843782.99999997,165370000.0,216948903.0,221720654.35,251852491.27616495,290875326.441765,,277255015.59999996,320213799.6,327256843.41999996,371731048.44077796,429328252.882698,76628949.89999999,88502085.9,90448673.05499999,102740647.72317448,118659614.1808545,0.16673394234737252,0.4603483151388322,0.3729177425137953,high,True,https://find-and-update.company-information.service.gov.uk/company/02536231/filing-history/MzIyMzk3MDA5OGFkaXF6a2N4/document?format=pdf&download=0,Group of companies' accounts made up to 30 June 2018,"Values in the annual report were disclosed in GBP thousands and have been converted here into full GBP amounts by multiplying by 1,000. Missing fields in raw extraction: net_debt_original, profit_loss_before_tax_original, net_debt_eur, profit_loss_before_tax_eur. Net debt inferred as net cash because the balance sheet shows cash at bank and in hand but no separately disclosed year-end borrowings. Profit before tax taken from the group profit and loss account."
chelsea,Chelsea,2018/19,2019-06-30,GBP,1.1355,1.149978,1.3058,1.313149,2025/26 prices,True,"ONS average sterling exchange rates: THAP (GBP/EUR) and AUSS (GBP/USD), UK trade time series (MRET), accessed 2026-08-11","ONS CPI INDEX 00: ALL ITEMS 2015=100 (D7BT), accessed 2026-08-11",Season factors use the mean of the two surrounding ONS annual averages for calendar years 2018 and 2019.,446741000,446741000.0,507274405.5,583354397.8000001,586637497.4089999,666126878.3079195,766031244.1166723,66623000,66623000.0,75650416.5,86996313.4,87485925.82699999,99340268.77655849,114239121.9448966,200188000,200188000.0,227313474.0,261405490.4,262876672.012,298496461.069626,343264358.31326956,179930000,179930000.0,204310515.0,234952594.0,236274899.57,268290148.46173498,308527763.85850596,266811000.0,266811000.0,302963890.5,348401803.8,350362597.839,397836729.8461845,457503480.2581662,285550000,285550000.0,324242025.0,372871190.0,374969696.95,425778090.88672495,489635430.27730995,0.6391846729984487,-36580000.0,-36580000.0,-41536590.0,-47766164.0,-48034990.419999994,-54543731.62191,-62724090.490435995,-101786000.0,-101786000.0,507274405.5,446741000.0,583354397.8000001,586637497.4089999,666126878.3079195,766031244.1166723,75650416.5,66623000.0,86996313.4,87485925.82699999,99340268.77655849,114239121.9448966,227313474.0,200188000.0,261405490.4,262876672.012,298496461.069626,343264358.31326956,204310515.0,179930000.0,234952594.0,236274899.57,268290148.46173498,308527763.85850596,,324242025.0,372871190.0,374969696.95,425778090.88672495,489635430.27730995,-115578003.0,-132912158.80000001,-133660184.114,-151771139.061447,-174533468.4160612,0.14913115205454613,0.44810751643569763,0.40276133150975624,high,True,https://find-and-update.company-information.service.gov.uk/company/02536231/filing-history/MzI1MzY5NTU2NWFkaXF6a2N4/document?format=pdf&download=0,Group of companies' accounts made up to 30 June 2019,"Values in the annual report were disclosed in GBP thousands and have been converted here into full GBP amounts by multiplying by 1,000. Missing fields in raw extraction: net_debt_original, profit_loss_before_tax_original, net_debt_eur, profit_loss_before_tax_eur. Net debt inferred as net cash because the balance sheet shows cash at bank and in hand but no separately disclosed year-end borrowings. Profit before tax taken from the group profit and loss account."
chelsea,Chelsea,2019/20,2020-06-30,GBP,1.13275,1.130126,1.28015,1.296166,2025/26 prices,True,"ONS average sterling exchange rates: THAP (GBP/EUR) and AUSS (GBP/USD), UK trade time series (MRET), accessed 2026-08-11","ONS CPI INDEX 00: ALL ITEMS 2015=100 (D7BT), accessed 2026-08-11",Season factors use the mean of the two surrounding ONS annual averages for calendar years 2019 and 2020.,407402000,407402000.0,461484615.49999994,521535670.29999995,528060620.732,598160668.1341729,675996803.6300697,54469000,54469000.0,61699759.74999999,69728490.35,70600865.854,79973130.79611848,90379698.42299809,182546000,182546000.0,206778981.5,233686261.89999998,236609918.63599998,268019885.334929,302896187.3418754,170387000,170387000.0,193005874.25,218120918.04999998,220849836.24199998,250167652.0031255,282720917.8651963,237015000.0,237015000.0,268478741.25,303414752.25,307210784.49,347993016.1310475,393275885.7648735,283480000,283480000.0,321111970.0,362896922.0,367437137.68,416214417.70702,470374651.801052,0.6958237809338197,-17077000.0,-17077000.0,-19343971.75,-21861121.549999997,-22134626.781999998,-25072998.4873105,-28335642.474977296,35652000.0,35652000.0,461484615.49999994,407402000.0,521535670.29999995,528060620.732,598160668.1341729,675996803.6300697,61699759.74999999,54469000.0,69728490.35,70600865.854,79973130.79611848,90379698.42299809,206778981.5,182546000.0,233686261.89999998,236609918.63599998,268019885.334929,302896187.3418754,193005874.25,170387000.0,218120918.04999998,220849836.24199998,250167652.0031255,282720917.8651963,,321111970.0,362896922.0,367437137.68,416214417.70702,470374651.801052,40384803.0,45639907.8,46210910.232,52345408.565298,59156896.733494796,0.13369841090618112,0.4480734017015135,0.4182281873923054,high,True,https://find-and-update.company-information.service.gov.uk/company/02536231/filing-history/MzI5MTA2NDMxM2FkaXF6a2N4/document?format=pdf&download=0,Group of companies' accounts made up to 30 June 2020,"Values in the annual report were disclosed in GBP thousands and have been converted here into full GBP amounts by multiplying by 1,000. Missing fields in raw extraction: net_debt_original, profit_loss_before_tax_original, net_debt_eur, profit_loss_before_tax_eur. Net debt inferred as net cash because the balance sheet shows cash at bank and in hand but no separately disclosed year-end borrowings. Profit before tax taken from the group profit and loss account."
chelsea,Chelsea,2020/21,2021-06-30,GBP,1.14415,1.162173,1.3297,1.273808,2025/26 prices,True,"ONS average sterling exchange rates: THAP (GBP/EUR) and AUSS (GBP/USD), UK trade time series (MRET), accessed 2026-08-11","ONS CPI INDEX 00: ALL ITEMS 2015=100 (D7BT), accessed 2026-08-11",Season factors use the mean of the two surrounding ONS annual averages for calendar years 2020 and 2021.,434863000,434863000.0,497548501.45,578237331.1,553931968.304,633781261.5350217,736563338.2538289,7654000,7654000.0,8757324.1,10177523.8,9749726.432,11155149.4971728,12964211.2366304,273606000,273606000.0,313046304.9,363813898.20000005,348521511.648,398760887.5520592,463429054.0383457,153603000,153603000.0,175744872.45,204245909.10000002,195660730.224,223865224.4857896,260170072.97885284,281260000.0,281260000.0,321803629.0,373991422.0,358271238.08000004,409916037.049232,476393265.274976,332905000,332905000.0,380893255.75,442663778.50000006,424057052.24,485184876.320396,563868662.3635281,0.7655399516629375,-17077000.0,-17077000.0,-19538649.55,-22707286.900000002,-21752819.216000002,-24888488.1059864,-28924723.711515203,35652000.0,35652000.0,497548501.45,434863000.0,578237331.1,553931968.304,633781261.5350217,736563338.2538289,8757324.1,7654000.0,10177523.8,9749726.432,11155149.4971728,12964211.2366304,313046304.9,273606000.0,363813898.20000005,348521511.648,398760887.5520592,463429054.0383457,175744872.45,153603000.0,204245909.10000002,195660730.224,223865224.4857896,260170072.97885284,,380893255.75,442663778.50000006,424057052.24,485184876.320396,563868662.3635281,40791235.8,47406464.400000006,45413802.816,51960202.4919264,60386733.60443521,0.017600945585161305,0.6291774650867055,0.35322158932813325,high,True,https://find-and-update.company-information.service.gov.uk/company/02536231/filing-history/MzMyNDMxMTA2NmFkaXF6a2N4/document?format=pdf&download=0,Group of companies' accounts made up to 30 June 2021,"Values in the annual report were disclosed in GBP thousands and have been converted here into full GBP amounts by multiplying by 1,000. Missing fields in raw extraction: net_debt_original, profit_loss_before_tax_original, net_debt_eur, profit_loss_before_tax_eur. Net debt inferred as net cash because the balance sheet shows cash at bank and in hand but no separately disclosed year-end borrowings. Profit before tax taken from the group profit and loss account."
chelsea,Chelsea,2021/22,2022-06-30,GBP,1.16825,1.117869,1.30595,1.202829,2025/26 prices,True,"ONS average sterling exchange rates: THAP (GBP/EUR) and AUSS (GBP/USD), UK trade time series (MRET), accessed 2026-08-11","ONS CPI INDEX 00: ALL ITEMS 2015=100 (D7BT), accessed 2026-08-11",Season factors use the mean of the two surrounding ONS annual averages for calendar years 2021 and 2022.,481278000,481278000.0,562253023.5,628525004.1,578895135.462,676294242.0034815,756008102.1565989,69163000,69163000.0,80799674.75,90323419.85,83191262.12699999,97188191.97986774,108643628.77475564,235016000,235016000.0,274557442.0,306919145.2,282684060.264,330245653.403418,369171248.50177073,177099000,177099000.0,206895906.75,231282439.04999998,213019813.07099998,248860396.62019575,278193224.8800724,304179000.0,304179000.0,355357116.75,397242565.05,365875322.391,427433845.3832857,477814877.27652645,340249000,340249000.0,397495894.25,444348181.54999995,409261364.421,478119588.98483324,534474878.8656049,0.7069697763039241,-16366000.0,-16366000.0,-19119579.5,-21373177.7,-19685499.413999997,-22997584.6904055,-25708277.9597133,-155939000.0,-155939000.0,562253023.5,481278000.0,628525004.1,578895135.462,676294242.0034815,756008102.1565989,80799674.75,69163000.0,90323419.85,83191262.12699999,97188191.97986774,108643628.77475564,274557442.0,235016000.0,306919145.2,282684060.264,330245653.403418,369171248.50177073,206895906.75,177099000.0,231282439.04999998,213019813.07099998,248860396.62019575,278193224.8800724,,397495894.25,444348181.54999995,409261364.421,478119588.98483324,534474878.8656049,-182175736.75,-203648537.04999998,-187567951.431,-219126259.25926575,-244954366.17131442,0.14370696354290036,0.4883165239217251,0.36797651253537456,high,True,https://find-and-update.company-information.service.gov.uk/company/02536231/filing-history/MzM3NDg3MzQ5MGFkaXF6a2N4/document?download=0&format=pdf,Group of companies' accounts made up to 30 June 2022,"Values in the annual report were disclosed in GBP thousands and have been converted here into full GBP amounts by multiplying by 1,000. Missing fields in raw extraction: net_debt_original, profit_loss_before_tax_original, net_debt_eur, profit_loss_before_tax_eur. Net debt inferred as net cash because the balance sheet shows cash at bank and in hand but no separately disclosed year-end borrowings. Profit before tax taken from the group profit and loss account."
chelsea,Chelsea,2022/23,2023-06-30,GBP,1.1616,1.067321,1.2398,1.112688,2025/26 prices,True,"ONS average sterling exchange rates: THAP (GBP/EUR) and AUSS (GBP/USD), UK trade time series (MRET), accessed 2026-08-11","ONS CPI INDEX 00: ALL ITEMS 2015=100 (D7BT), accessed 2026-08-11",Season factors use the mean of the two surrounding ONS annual averages for calendar years 2022 and 2023.,512467000,512467000.0,595281667.1999999,635356586.6,570215881.296,662362767.7134335,706953649.6307808,76481000,76481000.0,88840329.6,94821143.8,85099490.92799999,98851568.66196479,105506348.85253438,225902000,225902000.0,262407763.2,280073299.6,251358444.57599998,291977969.2194816,311634199.5853248,210084000,210084000.0,244033574.4,260462143.2,233757945.79199997,271533229.8319872,289813101.1929216,302383000.0,302383000.0,351248092.8,374894443.4,336457935.50399995,390829537.88144636,417140548.4378591,403962000,403962000.0,469242259.2,500832087.6,449483669.85599995,522120230.90472955,557269853.8874688,0.7882692934374311,-54184000.0,-54184000.0,-62940134.4,-67177323.2,-60289886.59199999,-70032732.2652672,-74747401.3967616,-121355000.0,-121355000.0,595281667.1999999,512467000.0,635356586.6,570215881.296,662362767.7134335,706953649.6307808,88840329.6,76481000.0,94821143.8,85099490.92799999,98851568.66196479,105506348.85253438,262407763.2,225902000.0,280073299.6,251358444.57599998,291977969.2194816,311634199.5853248,244033574.4,210084000.0,260462143.2,233757945.79199997,271533229.8319872,289813101.1929216,,469242259.2,500832087.6,449483669.85599995,522120230.90472955,557269853.8874688,-140965968.0,-150455929.0,-135030252.23999998,-156851141.001984,-167410506.727152,0.1492408291655853,0.440812774285954,0.40994639654846066,high,True,https://find-and-update.company-information.service.gov.uk/company/02536231/filing-history/MzQxNzE0MTU2NWFkaXF6a2N4/document?download=0&format=pdf,Group of companies' accounts made up to 30 June 2023,"Values in the annual report were disclosed in GBP thousands and have been converted here into full GBP amounts by multiplying by 1,000. Missing fields in raw extraction: net_debt_original, profit_loss_before_tax_original, net_debt_eur, profit_loss_before_tax_eur. Net debt inferred as net cash because the balance sheet shows cash at bank and in hand but no separately disclosed year-end borrowings. Profit before tax taken from the group profit and loss account."
chelsea,Chelsea,2023/24,2024-06-30,GBP,1.16575,1.081578,1.26085,1.061346,2025/26 prices,True,"ONS average sterling exchange rates: THAP (GBP/EUR) and AUSS (GBP/USD), UK trade time series (MRET), accessed 2026-08-11","ONS CPI INDEX 00: ALL ITEMS 2015=100 (D7BT), accessed 2026-08-11",Season factors use the mean of the two surrounding ONS annual averages for calendar years 2023 and 2024.,468486000,468486000.0,546137554.5,590690573.1,497225742.15599996,579640908.9183569,626927076.9973925,80120000,80120000.0,93399890.0,101019302.0,85035041.52,99129599.65193999,107216432.10049199,163101000,163101000.0,190134990.75,205645895.85,173106593.94599998,201799011.89254948,218261448.97681406,225265000,225265000.0,262602673.75,284025375.25,239084106.68999997,278712297.37386745,301449195.92008644,243221000.0,243221000.0,283534880.75,306665197.85,258141635.466,300928611.54448944,325477881.0773061,338021000,338021000.0,394047980.75,426193777.85,358757236.266,418221248.17708945,452339061.34598607,0.7215178255059916,-87889000.0,-87889000.0,-102456601.75,-110814845.65,-93280638.594,-108741904.44095549,-117612893.17124489,-90100000.0,-90100000.0,546137554.5,468486000.0,590690573.1,497225742.15599996,579640908.9183569,626927076.9973925,93399890.0,80120000.0,101019302.0,85035041.52,99129599.65193999,107216432.10049199,190134990.75,163101000.0,205645895.85,173106593.94599998,201799011.89254948,218261448.97681406,262602673.75,225265000.0,284025375.25,239084106.68999997,278712297.37386745,301449195.92008644,,394047980.75,426193777.85,358757236.266,418221248.17708945,452339061.34598607,-105034075.0,-113602585.0,-95627274.6,-111477495.36494999,-120571649.17941,0.17101898455877015,0.3481448751937091,0.48083614024752075,high,True,https://find-and-update.company-information.service.gov.uk/company/02536231/filing-history/MzQ2MTE3NTE4OWFkaXF6a2N4/document?download=0&format=pdf,Group of companies' accounts made up to 30 June 2024,"Values in the annual report were disclosed in GBP thousands and have been converted here into full GBP amounts by multiplying by 1,000. Missing fields in raw extraction: net_debt_original, profit_loss_before_tax_original, net_debt_eur, profit_loss_before_tax_eur. Net debt inferred as net cash because the balance sheet shows cash at bank and in hand but no separately disclosed year-end borrowings. Profit before tax taken from the group profit and loss account."
chelsea,Chelsea,2024/25,2025-06-30,GBP,1.1744,1.105586,1.2984,1.030555,2025/26 prices,True,"ONS average sterling exchange rates: THAP (GBP/EUR) and AUSS (GBP/USD), UK trade time series (MRET), accessed 2026-08-11","ONS CPI INDEX 00: ALL ITEMS 2015=100 (D7BT), accessed 2026-08-11",Season factors use the mean of the two surrounding ONS annual averages for calendar years 2024 and 2025.,490857000,490857000.0,576462460.8000001,637328728.8,505855135.63500005,594076271.2897441,656802308.108484,86762000,86762000.0,101893292.80000001,112651780.8,89413012.91000001,105006642.36150402,116093855.962344,203230000,203230000.0,238673312.00000003,263873832.0,209439692.65000004,245965975.04816005,271936496.93676,200865000,200865000.0,235895856.00000003,260803116.0,207002430.07500002,243103653.88008004,268771955.20938003,289992000.0,289992000.0,340566604.8,376525612.8,298852705.56,350972617.40966403,388030352.89910406,359265000,359265000.0,421920816.00000006,466469676.0,370242342.07500005,434812606.5328801,480722656.95018005,0.7319137752950452,-49009000.0,-49009000.0,-57556169.60000001,-63633285.6,-50506469.995000005,-59314798.36212801,-65577600.641508006,-262444000.0,-262444000.0,576462460.8000001,490857000.0,637328728.8,505855135.63500005,594076271.2897441,656802308.108484,101893292.80000001,86762000.0,112651780.8,89413012.91000001,105006642.36150402,116093855.962344,238673312.00000003,203230000.0,263873832.0,209439692.65000004,245965975.04816005,271936496.93676,235895856.00000003,200865000.0,260803116.0,207002430.07500002,243103653.88008004,268771955.20938003,,421920816.00000006,466469676.0,370242342.07500005,434812606.5328801,480722656.95018005,-308214233.6,-340757289.6,-270462976.42,-317631719.50764805,-351169128.5837281,0.17675616320028031,0.41403097032333247,0.4092128664763872,high,True,https://find-and-update.company-information.service.gov.uk/company/02536231/filing-history/MzUxNDEyMjMwN2FkaXF6a2N4/document?download=0&format=pdf,Group of companies' accounts made up to 30 June 2025,"Values in the annual report were disclosed in GBP thousands and have been converted here into full GBP amounts by multiplying by 1,000. Missing fields in raw extraction: net_debt_original, profit_loss_before_tax_original, net_debt_eur, profit_loss_before_tax_eur. Net debt inferred as net cash because the balance sheet shows cash at bank and in hand but no separately disclosed year-end borrowings. Profit before tax taken from the group profit and loss account."
liverpool,Liverpool,2011/12,2012-05-31,GBP,1.1932,1.335945,1.59405,1.480844,2025/26 prices,True,"ONS average sterling exchange rates: THAP (GBP/EUR) and AUSS (GBP/USD), UK trade time series (MRET), accessed 2026-08-11","ONS CPI INDEX 00: ALL ITEMS 2015=100 (D7BT), accessed 2026-08-11",Season factors use the mean of the two surrounding ONS annual averages for calendar years 2011 and 2012.,168998000,168998000.0,201648413.6,269391261.9,250259674.312,298609843.3890784,398926433.8370436,42327000,42327000.0,50504576.4,67471354.35,62679683.988000005,74789398.9344816,99914550.2610714,62774000,62774000.0,74901936.8,100064894.7,92958501.256,110918083.6986592,148180498.9271268,63897000,63897000.0,76241900.4,101855012.85,94621489.068,112902360.7559376,150831384.6488454,105101000.0,105101000.0,125406513.2,167536249.04999998,155638185.24400002,185707482.6331408,248095049.18819818,109231000,109231000.0,130334429.2,174119675.54999998,161754070.96400002,193004957.4742448,257844076.82016417,0.6463449271589012,87170000.0,87170000.0,104011244.0,138953338.5,129085171.48,154024426.609936,205768217.597694,-40522000.0,-40522000.0,201648413.6,168998000.0,269391261.9,250259674.312,298609843.3890784,398926433.8370436,50504576.4,42327000.0,67471354.35,62679683.988000005,74789398.9344816,99914550.2610714,74901936.8,62774000.0,100064894.7,92958501.256,110918083.6986592,148180498.9271268,76241900.4,63897000.0,101855012.85,94621489.068,112902360.7559376,150831384.6488454,,130334429.2,174119675.54999998,161754070.96400002,193004957.4742448,257844076.82016417,-48350850.4,-64594094.1,-60006760.568,-71600066.7097376,-95653776.6834204,0.25045858530870185,0.3714481828187316,0.37809323187256655,high,True,https://find-and-update.company-information.service.gov.uk/company/00035668/filing-history/MzA3MzkyNTQ5NmFkaXF6a2N4/document?format=pdf&download=0,Full accounts made up to 31 May 2012,"Values in the annual report were disclosed in GBP thousands and have been converted here into full GBP amounts by multiplying by 1,000. This season covers a 10 month reporting period after Liverpool changed its financial year end."
liverpool,Liverpool,2012/13,2013-05-31,GBP,1.20565,1.306142,1.57475,1.442035,2025/26 prices,True,"ONS average sterling exchange rates: THAP (GBP/EUR) and AUSS (GBP/USD), UK trade time series (MRET), accessed 2026-08-11","ONS CPI INDEX 00: ALL ITEMS 2015=100 (D7BT), accessed 2026-08-11",Season factors use the mean of the two surrounding ONS annual averages for calendar years 2012 and 2013.,206115000,206115000.0,248502549.75000003,324579596.25,297225044.025,358349374.32874125,468055138.0783687,39611000,39611000.0,47757002.150000006,62377422.25000001,57120448.385,68867268.59537525,89950426.09427875,68797000,68797000.0,82945103.05000001,108338075.75,99207681.895,119609741.67670676,156227297.06415126,97707000,97707000.0,117800444.55000001,153864098.25,140896913.745,169872364.05665925,221877414.91993874,108408000.0,108408000.0,130702105.20000002,170715498.0,156328130.28,188477010.27208203,246177723.15842998,130843000,130843000.0,157750862.95000002,206045014.25,188680185.505,227482265.65410328,297124122.12399876,0.634805812289256,73287000.0,73287000.0,88358471.55000001,115408703.25,105682419.045,127416008.52160427,166423389.39111376,-49850000.0,-49850000.0,248502549.75000003,206115000.0,324579596.25,297225044.025,358349374.32874125,468055138.0783687,47757002.150000006,39611000.0,62377422.25000001,57120448.385,68867268.59537525,89950426.09427875,82945103.05000001,68797000.0,108338075.75,99207681.895,119609741.67670676,156227297.06415126,117800444.55000001,97707000.0,153864098.25,140896913.745,169872364.05665925,221877414.91993874,,157750862.95000002,206045014.25,188680185.505,227482265.65410328,297124122.12399876,-60101652.50000001,-78501287.5,-71885444.75,-86668686.4628375,-113201604.1200625,0.19217912330495113,0.3337796860975669,0.474041190597482,medium,True,https://find-and-update.company-information.service.gov.uk/company/00035668/filing-history,Full accounts made up to 31 May 2013,"Values in the annual report were disclosed in GBP thousands and have been converted here into full GBP amounts by multiplying by 1,000. Liverpool net debt is estimated here as bank loans plus the current group loan less cash, based on the debt-related note disclosures available in the scanned statement."
liverpool,Liverpool,2013/14,2014-05-31,GBP,1.20935,1.328027,1.60605,1.413703,2025/26 prices,True,"ONS average sterling exchange rates: THAP (GBP/EUR) and AUSS (GBP/USD), UK trade time series (MRET), accessed 2026-08-11","ONS CPI INDEX 00: ALL ITEMS 2015=100 (D7BT), accessed 2026-08-11",Season factors use the mean of the two surrounding ONS annual averages for calendar years 2013 and 2014.,255647000,255647000.0,309166699.45,410581864.35,361408930.84099996,437069890.5125633,580440813.3771881,50949000,50949000.0,61615173.15,81826641.45,72026754.147,87105555.12767445,115678568.49778935,100854000,100854000.0,121967784.89999999,161976566.7,142577602.362,172426223.41648468,228986758.27349007,103844000,103844000.0,125583741.39999999,166778656.2,146804574.332,177538111.96840417,235775486.60590857,151803000.0,151803000.0,183582958.04999998,243803208.15,214604356.509,259531778.5441591,344665326.77127945,143749000,143749000.0,173842853.14999998,230868081.45,203218392.547,245762163.0267144,326378899.35010934,0.5622948831787582,126315000.0,126315000.0,152759045.25,202868205.75,178571894.445,215955920.54706073,286795391.0733922,413000.0,413000.0,309166699.45,255647000.0,410581864.35,361408930.84099996,437069890.5125633,580440813.3771881,61615173.15,50949000.0,81826641.45,72026754.147,87105555.12767445,115678568.49778935,121967784.89999999,100854000.0,161976566.7,142577602.362,172426223.41648468,228986758.27349007,125583741.39999999,103844000.0,166778656.2,146804574.332,177538111.96840417,235775486.60590857,,173842853.14999998,230868081.45,203218392.547,245762163.0267144,326378899.35010934,499461.55,663298.65,583859.3389999999,706090.29161965,937707.2914009499,0.1992943394602714,0.3945049228037098,0.4062007377360188,medium,True,https://find-and-update.company-information.service.gov.uk/company/00035668/filing-history,Full accounts made up to 31 May 2014,"Values in the annual report were disclosed in GBP thousands and have been converted here into full GBP amounts by multiplying by 1,000. Liverpool net debt is estimated here as bank loans plus the current parent undertaking loan less cash, based on the debt-related note disclosures available in the scanned statement."
liverpool,Liverpool,2014/15,2015-05-31,GBP,1.30965,1.212652,1.58815,1.4031,2025/26 prices,True,"ONS average sterling exchange rates: THAP (GBP/EUR) and AUSS (GBP/USD), UK trade time series (MRET), accessed 2026-08-11","ONS CPI INDEX 00: ALL ITEMS 2015=100 (D7BT), accessed 2026-08-11",Season factors use the mean of the two surrounding ONS annual averages for calendar years 2014 and 2015.,297947000,297947000.0,390206288.55,473184528.05,418049435.7,547498443.4645051,663925211.306955,58956000,58956000.0,77211725.4,93630971.39999999,82721163.6,108335771.90874001,131373615.97133999,122641000,122641000.0,160616785.65,194772304.15,172077587.1,225361411.945515,273285019.952865,116350000,116350000.0,152377777.5,184781252.5,163250685.0,213801259.61025,259266575.38275,181597000.0,181597000.0,237828511.04999998,288403275.55,254798750.7,333697183.85425496,404658635.924205,166085000,166085000.0,217513220.25,263767892.75,233033863.5,305192799.332775,370092730.317525,0.5574313552410328,110214000.0,110214000.0,144341765.1,175036364.1,154641263.4,202525930.61181,245593522.46871,59508000.0,59508000.0,390206288.55,297947000.0,473184528.05,418049435.7,547498443.4645051,663925211.306955,77211725.4,58956000.0,93630971.39999999,82721163.6,108335771.90874001,131373615.97133999,160616785.65,122641000.0,194772304.15,172077587.1,225361411.945515,273285019.952865,152377777.5,116350000.0,184781252.5,163250685.0,213801259.61025,259266575.38275,,217513220.25,263767892.75,233033863.5,305192799.332775,370092730.317525,77934652.2,94507630.2,83495674.8,109350110.50182,132603655.93362,0.19787411855128598,0.4116201874830087,0.39050569396570534,medium,True,https://find-and-update.company-information.service.gov.uk/company/00035668/filing-history,Full accounts made up to 31 May 2015,"Values in the annual report were disclosed in GBP thousands and have been converted here into full GBP amounts by multiplying by 1,000. Liverpool net debt is estimated here as current bank loan plus current parent undertaking loan less cash, based on the debt-related note disclosures available in the scanned statement. This season also clearly discloses profit on disposal of players' registrations in the profit and loss account."
liverpool,Liverpool,2015/16,2016-05-31,GBP,1.30075,1.10813,1.4414,1.398206,2025/26 prices,True,"ONS average sterling exchange rates: THAP (GBP/EUR) and AUSS (GBP/USD), UK trade time series (MRET), accessed 2026-08-11","ONS CPI INDEX 00: ALL ITEMS 2015=100 (D7BT), accessed 2026-08-11",Season factors use the mean of the two surrounding ONS annual averages for calendar years 2015 and 2016.,301765000,301765000.0,392520823.75,434964071.0,421929633.59000003,548824970.8921925,608169373.856626,62449000,62449000.0,81230536.75,90013988.6,87316566.494,113577023.86707051,125858098.9444516,123636000,123636000.0,160819527.0,178208930.4,172868597.016,224858827.568562,249172795.73886243,115680000,115680000.0,150470760.0,166741152.0,161744470.08,210389119.45656002,233138479.173312,186085000.0,186085000.0,242050063.75,268222919.0,260185163.51000002,338435851.4356325,375030894.683314,208258000,208258000.0,270891593.5,300183081.2,291187585.148,378762251.381261,419717785.2323272,0.6901330505525823,155043000.0,155043000.0,201672182.25,223478980.2,216782052.858,281979255.2550435,312469650.9895212,59974000.0,59974000.0,392520823.75,301765000.0,434964071.0,421929633.59000003,548824970.8921925,608169373.856626,81230536.75,62449000.0,90013988.6,87316566.494,113577023.86707051,125858098.9444516,160819527.0,123636000.0,178208930.4,172868597.016,224858827.568562,249172795.73886243,150470760.0,115680000.0,166741152.0,161744470.08,210389119.45656002,233138479.173312,,270891593.5,300183081.2,291187585.148,378762251.381261,419717785.2323272,78011180.5,86446523.6,83856006.64400001,109075700.642183,120870047.9766616,0.20694580219707387,0.40970954219342864,0.38334465560949743,medium,True,https://find-and-update.company-information.service.gov.uk/company/00035668/filing-history,Full accounts made up to 31 May 2016,"Values in the annual report were disclosed in GBP thousands and have been converted here into full GBP amounts by multiplying by 1,000. Liverpool net debt is estimated here from the interest-bearing loans and borrowings note less cash at bank and in hand, which is more reliable for this season than the broader creditor subtotal."
liverpool,Liverpool,2016/17,2017-05-31,GBP,1.1823,1.117737,1.3215,1.374914,2025/26 prices,True,"ONS average sterling exchange rates: THAP (GBP/EUR) and AUSS (GBP/USD), UK trade time series (MRET), accessed 2026-08-11","ONS CPI INDEX 00: ALL ITEMS 2015=100 (D7BT), accessed 2026-08-11",Season factors use the mean of the two surrounding ONS annual averages for calendar years 2016 and 2017.,364246000,364246000.0,430648045.79999995,481351088.99999994,500806924.844,592104027.2430611,661816351.1813459,73524000,73524000.0,86927425.19999999,97161965.99999999,101089176.936,119517733.89143278,133589347.32092397,154281000,154281000.0,182406426.29999998,203882341.49999997,212123106.834,250793149.20983818,280320685.68113095,136441000,136441000.0,161314194.29999998,180306781.5,187594641.074,221793144.14179018,247906318.17929098,227805000.0,227805000.0,269333851.5,301044307.5,313212283.77,370310883.101271,413910033.002055,207526000,207526000.0,245357989.79999998,274245609.0,285330402.764,337346135.1878772,377064127.252626,0.5697413286624973,177606000.0,177606000.0,209983573.79999998,234706328.99999997,244192975.884,288709355.3876532,322701017.63070595,39797000.0,39797000.0,430648045.79999995,364246000.0,481351088.99999994,500806924.844,592104027.2430611,661816351.1813459,86927425.19999999,73524000.0,97161965.99999999,101089176.936,119517733.89143278,133589347.32092397,182406426.29999998,154281000.0,203882341.49999997,212123106.834,250793149.20983818,280320685.68113095,161314194.29999998,136441000.0,180306781.5,187594641.074,221793144.14179018,247906318.17929098,,245357989.79999998,274245609.0,285330402.764,337346135.1878772,377064127.252626,47051993.099999994,52591735.49999999,54717452.458,64692444.04109339,72309113.423247,0.20185259412594786,0.42356264722193243,0.3745847586521197,medium,True,https://find-and-update.company-information.service.gov.uk/company/00035668/filing-history,Full accounts made up to 31 May 2017,"Values in the annual report were disclosed in GBP thousands and have been converted here into full GBP amounts by multiplying by 1,000. Liverpool net debt is estimated here from the interest-bearing loans and borrowings note less cash at bank and in hand. The staff and turnover notes remain in the deeper post-2015 section of the statement."
liverpool,Liverpool,2017/18,2018-05-31,GBP,1.1359,1.154943,1.3119,1.340755,2025/26 prices,True,"ONS average sterling exchange rates: THAP (GBP/EUR) and AUSS (GBP/USD), UK trade time series (MRET), accessed 2026-08-11","ONS CPI INDEX 00: ALL ITEMS 2015=100 (D7BT), accessed 2026-08-11",Season factors use the mean of the two surrounding ONS annual averages for calendar years 2017 and 2018.,455089000,455089000.0,516935595.09999996,597031259.1,610162852.1949999,693083983.8083004,800472645.7946205,80743000,80743000.0,91715973.69999999,105926741.7,108256580.96499999,122968650.31814347,142021808.5679835,220058000,220058000.0,249963882.2,288694090.2,295043863.78999996,335140324.879061,387068044.906101,154288000,154288000.0,175255739.2,202410427.20000002,206862407.44,234975008.61109596,271382792.320536,300801000.0,300801000.0,341679855.9,394620831.90000004,403300444.755,458108975.1972044,529089853.4740845,263615000,263615000.0,299440278.5,345836518.5,353443129.325,401476050.60026747,463682041.3614675,0.5792603205087357,145605000.0,145605000.0,165392719.5,191019199.5,195220631.77499998,221751115.6332225,256109946.8256225,125135000.0,125135000.0,516935595.09999996,455089000.0,597031259.1,610162852.1949999,693083983.8083004,800472645.7946205,91715973.69999999,80743000.0,105926741.7,108256580.96499999,122968650.31814347,142021808.5679835,249963882.2,220058000.0,288694090.2,295043863.78999996,335140324.879061,387068044.906101,175255739.2,154288000.0,202410427.20000002,206862407.44,234975008.61109596,271382792.320536,,299440278.5,345836518.5,353443129.325,401476050.60026747,463682041.3614675,142140846.5,164164606.5,167775376.92499998,190576050.6491075,220104516.9879075,0.17742243824834264,0.48354937166136736,0.33902819009029,medium,True,https://find-and-update.company-information.service.gov.uk/company/00035668/filing-history,Group of companies accounts made up to 31 May 2018,"Values in the annual report were disclosed in GBP thousands and have been converted here into full GBP amounts by multiplying by 1,000. Liverpool net debt is estimated here from the dedicated interest-bearing loans and borrowings note less cash at bank and in hand from the consolidated balance sheet."
liverpool,Liverpool,2018/19,2019-05-31,GBP,1.1355,1.149978,1.3058,1.313149,2025/26 prices,True,"ONS average sterling exchange rates: THAP (GBP/EUR) and AUSS (GBP/USD), UK trade time series (MRET), accessed 2026-08-11","ONS CPI INDEX 00: ALL ITEMS 2015=100 (D7BT), accessed 2026-08-11",Season factors use the mean of the two surrounding ONS annual averages for calendar years 2018 and 2019.,533022000,533022000.0,605246481.0,696020127.6,699937306.278,794778811.2786689,913978134.5378124,84208000,84208000.0,95618184.0,109958806.4,110577650.992,125560922.70141599,144392296.6653536,260785000,260785000.0,296121367.5,340533053.0,342449561.965,388851477.6112575,447170638.01389694,188029000,188029000.0,213506929.5,245528268.20000002,246910093.32099998,280366410.9659955,322415199.8585618,344993000.0,344993000.0,391739551.5,450491859.40000004,453027212.95699996,514412400.31267345,591562934.6792506,309917000,309917000.0,351910753.5,404689618.6,406967198.63299996,462111254.04777145,531417767.9749714,0.5814337869731456,91775000.0,91775000.0,104210512.5,119839795.0,120514249.475,136843930.27886248,157367506.96445498,41905000.0,41905000.0,605246481.0,533022000.0,696020127.6,699937306.278,794778811.2786689,913978134.5378124,95618184.0,84208000.0,109958806.4,110577650.992,125560922.70141599,144392296.6653536,296121367.5,260785000.0,340533053.0,342449561.965,388851477.6112575,447170638.01389694,213506929.5,188029000.0,245528268.20000002,246910093.32099998,280366410.9659955,322415199.8585618,,351910753.5,404689618.6,406967198.63299996,462111254.04777145,531417767.9749714,47583127.5,54719549.0,55027508.845,62483736.293497495,71854921.04980099,0.1579822221221638,0.48925747905339745,0.35276029882443877,medium,True,https://find-and-update.company-information.service.gov.uk/company/00035668/filing-history,Group of companies accounts made up to 31 May 2019,"Values in the annual report were disclosed in GBP thousands and have been converted here into full GBP amounts by multiplying by 1,000. Liverpool net debt is estimated here from the dedicated interest-bearing loans and borrowings note less cash at bank and in hand from the consolidated balance sheet."
liverpool,Liverpool,2019/20,2020-05-31,GBP,1.13275,1.130126,1.28015,1.296166,2025/26 prices,True,"ONS average sterling exchange rates: THAP (GBP/EUR) and AUSS (GBP/USD), UK trade time series (MRET), accessed 2026-08-11","ONS CPI INDEX 00: ALL ITEMS 2015=100 (D7BT), accessed 2026-08-11",Season factors use the mean of the two surrounding ONS annual averages for calendar years 2019 and 2020.,489860000,489860000.0,554888915.0,627094279.0,634939876.76,719228145.39989,812818283.234314,70854000,70854000.0,80259868.5,90703748.1,91838545.764,104030112.71417099,117567114.35978459,201585000,201585000.0,228345408.74999997,258059037.74999997,261287623.10999998,295973555.0778524,334487350.72426647,217421000,217421000.0,246283637.74999997,278331493.15,281813707.886,319224477.60786647,360763818.15026283,272439000.0,272439000.0,308605277.25,348762785.84999996,353126168.87399995,400003667.7920235,452054465.084051,325572000,325572000.0,368791683.0,416780995.79999995,421995356.95199996,478015240.58737797,540217356.2021027,0.6646225452170008,184334000.0,184334000.0,208804338.5,235975170.1,238927463.44399998,270645084.216191,305862992.3278366,-46317000.0,-46317000.0,554888915.0,489860000.0,627094279.0,634939876.76,719228145.39989,812818283.234314,80259868.5,70854000.0,90703748.1,91838545.764,104030112.71417099,117567114.35978459,228345408.74999997,201585000.0,258059037.74999997,261287623.10999998,295973555.0778524,334487350.72426647,246283637.74999997,217421000.0,278331493.15,281813707.886,319224477.60786647,360763818.15026283,,368791683.0,416780995.79999995,421995356.95199996,478015240.58737797,540217356.2021027,-52465581.75,-59292707.55,-60034520.621999994,-68004103.2345705,-76853191.57425329,0.1446413260931695,0.4115155350508308,0.4438431388559997,medium,True,https://find-and-update.company-information.service.gov.uk/company/00035668/filing-history,Group of companies' accounts made up to 31 May 2020,"Values in the annual report were disclosed in GBP thousands and have been converted here into full GBP amounts by multiplying by 1,000. The 2019/20 report has COVID-related disruption but still uses the direct Liverpool turnover split. Net debt is estimated from the intercompany loan and secured bank borrowings less cash."
liverpool,Liverpool,2020/21,2021-05-31,GBP,1.14415,1.162173,1.3297,1.273808,2025/26 prices,True,"ONS average sterling exchange rates: THAP (GBP/EUR) and AUSS (GBP/USD), UK trade time series (MRET), accessed 2026-08-11","ONS CPI INDEX 00: ALL ITEMS 2015=100 (D7BT), accessed 2026-08-11",Season factors use the mean of the two surrounding ONS annual averages for calendar years 2020 and 2021.,487365000,487365000.0,557618664.75,648049240.5,620809435.9200001,710299116.1078681,825490306.942824,3636000,3636000.0,4160129.4,4834789.2,4631565.888,5299206.1107552005,6158593.1612736005,266147000,266147000.0,304512090.05,353895665.90000004,339020177.776,387889936.40241045,450795130.3887473,217582000,217582000.0,248946445.3,289318785.40000004,277157692.256,317109973.5947024,368536583.39280325,269783000.0,269783000.0,308672219.45,358730455.1,343651743.66400003,393189142.5131656,456953723.5500209,314354000,314354000.0,359668129.1,417996513.8,400426640.032,458148140.1926128,532447303.25055045,0.645007335364665,166724000.0,166724000.0,190757264.6,221692902.8,212374364.992,242988129.7055968,282394193.1298624,-4762000.0,-4762000.0,557618664.75,487365000.0,648049240.5,620809435.9200001,710299116.1078681,825490306.942824,4160129.4,3636000.0,4834789.2,4631565.888,5299206.1107552005,6158593.1612736005,304512090.05,266147000.0,353895665.90000004,339020177.776,387889936.40241045,450795130.3887473,248946445.3,217582000.0,289318785.40000004,277157692.256,317109973.5947024,368536583.39280325,,359668129.1,417996513.8,400426640.032,458148140.1926128,532447303.25055045,-5448442.3,-6332031.4,-6065873.696,-6940269.3892784,-8065792.253571201,0.0074605275307008095,0.5460937900752003,0.4464456823940989,medium,True,https://find-and-update.company-information.service.gov.uk/company/00035668/filing-history,Group of companies' accounts made up to 31 May 2021,"Values in the annual report were disclosed in GBP thousands and have been converted here into full GBP amounts by multiplying by 1,000. Matchday revenue was heavily suppressed in the COVID period. The long-term bank borrowing figure OCRs weakly in note 15 and was corroborated with the creditors note."
liverpool,Liverpool,2021/22,2022-05-31,GBP,1.16825,1.117869,1.30595,1.202829,2025/26 prices,True,"ONS average sterling exchange rates: THAP (GBP/EUR) and AUSS (GBP/USD), UK trade time series (MRET), accessed 2026-08-11","ONS CPI INDEX 00: ALL ITEMS 2015=100 (D7BT), accessed 2026-08-11",Season factors use the mean of the two surrounding ONS annual averages for calendar years 2021 and 2022.,594271000,594271000.0,694257095.75,776088212.4499999,714806392.6589999,835072568.2238767,933501408.4930209,86767000,86767000.0,101365547.75,113313363.64999999,104365863.843,121925420.43458474,136296599.88576582,260841000,260841000.0,304727498.25,340645303.95,313747119.189,366535071.99254924,409738050.30487454,246663000,246663000.0,288164049.75,322129544.84999996,296693409.627,346612075.79674274,387466758.30238056,347608000.0,347608000.0,406093046.0,453958667.59999996,418112983.03199995,488460492.427134,546034650.1906403,366092000,366092000.0,427686979.0,478097847.4,440346074.26799995,514434301.263591,575069955.6902945,0.6160354451083765,144992000.0,144992000.0,169386904.0,189352302.4,174400582.368,203743480.351416,227758440.5434896,7469000.0,7469000.0,694257095.75,594271000.0,776088212.4499999,714806392.6589999,835072568.2238767,933501408.4930209,101365547.75,86767000.0,113313363.64999999,104365863.843,121925420.43458474,136296599.88576582,304727498.25,260841000.0,340645303.95,313747119.189,366535071.99254924,409738050.30487454,288164049.75,246663000.0,322129544.84999996,296693409.627,346612075.79674274,387466758.30238056,,427686979.0,478097847.4,440346074.26799995,514434301.263591,575069955.6902945,8725659.25,9754140.549999999,8983929.800999999,10495475.990018249,11732563.123615948,0.14600577850845825,0.43892601187000546,0.4150682096215363,medium,True,https://find-and-update.company-information.service.gov.uk/company/00035668/filing-history,Group of companies' accounts made up to 31 May 2022,"Values in the annual report were disclosed in GBP thousands and have been converted here into full GBP amounts by multiplying by 1,000. The statement carries a restatement note in the accounting policies section, but the turnover and cost lines used here are the face primary-statement figures. Net debt is estimated from the current intercompany loan plus secured bank loans less cash."
liverpool,Liverpool,2022/23,2023-05-31,GBP,1.1616,1.067321,1.2398,1.112688,2025/26 prices,True,"ONS average sterling exchange rates: THAP (GBP/EUR) and AUSS (GBP/USD), UK trade time series (MRET), accessed 2026-08-11","ONS CPI INDEX 00: ALL ITEMS 2015=100 (D7BT), accessed 2026-08-11",Season factors use the mean of the two surrounding ONS annual averages for calendar years 2022 and 2023.,593836000,593836000.0,689799897.6,736237872.8,660754191.168,767532068.4607488,819203046.2100862,79760000,79760000.0,92649216.0,98886448.0,88747994.88,103089670.852608,110029764.052224,241553000,241553000.0,280587964.8,299477409.4,268773124.464,312206861.3773824,333224919.71046716,272523000,272523000.0,316562716.8,337874015.4,303233071.824,352235536.23075837,375948362.44739515,321313000.0,321313000.0,373237180.8,398363857.4,357521119.344,415296532.22999036,443254683.76269114,372881000,372881000.0,433138569.59999996,462297863.8,414900214.12799996,481948088.7310847,514393285.4758944,0.6279191561306489,193413000.0,193413000.0,224668540.79999998,239793437.4,215208324.144,249985989.32567036,266815280.27373117,-9005000.0,-9005000.0,689799897.6,593836000.0,736237872.8,660754191.168,767532068.4607488,819203046.2100862,92649216.0,79760000.0,98886448.0,88747994.88,103089670.852608,110029764.052224,280587964.8,241553000.0,299477409.4,268773124.464,312206861.3773824,333224919.71046716,316562716.8,272523000.0,337874015.4,303233071.824,352235536.23075837,375948362.44739515,,433138569.59999996,462297863.8,414900214.12799996,481948088.7310847,514393285.4758944,-10460208.0,-11164399.0,-10019755.44,-11638947.919103999,-12422492.794511998,0.13431317737557172,0.4067671882472602,0.4589196343771681,medium,True,https://find-and-update.company-information.service.gov.uk/company/00035668/filing-history,Group of companies' accounts made up to 31 May 2023,"Values in the annual report were disclosed in GBP thousands and have been converted here into full GBP amounts by multiplying by 1,000. The turnover note needed a cropped OCR pass because the row order was scrambled in the full-page OCR. Net debt is estimated from the intercompany loan plus secured bank loans less cash."
liverpool,Liverpool,2023/24,2024-05-31,GBP,1.16575,1.081578,1.26085,1.061346,2025/26 prices,True,"ONS average sterling exchange rates: THAP (GBP/EUR) and AUSS (GBP/USD), UK trade time series (MRET), accessed 2026-08-11","ONS CPI INDEX 00: ALL ITEMS 2015=100 (D7BT), accessed 2026-08-11",Season factors use the mean of the two surrounding ONS annual averages for calendar years 2023 and 2024.,613764000,613764000.0,715495383.0,773864339.4,651415966.344,759388162.765518,821337821.1648324,101661000,101661000.0,118511310.75,128179271.85000001,107897495.70599999,125781505.61926949,136042557.46091008,203705000,203705000.0,237469103.75,256841449.25,216201486.92999998,252036883.38864747,272597644.7956905,308398000,308398000.0,359514968.5,388843618.3,327316983.70799994,381569773.75760096,412697618.9082318,305366000.0,305366000.0,355980414.5,385020721.1,324098982.636,377818389.007917,408640202.25660056,386086000,386086000.0,450079754.5,486796533.1,409770831.756,477690347.11955696,516659553.2195526,0.6290463435457276,306791000.0,306791000.0,357641608.25,386817432.35,325611400.686,379581490.34970444,410547134.5549431,-57104000.0,-57104000.0,715495383.0,613764000.0,773864339.4,651415966.344,759388162.765518,821337821.1648324,118511310.75,101661000.0,128179271.85000001,107897495.70599999,125781505.61926949,136042557.46091008,237469103.75,203705000.0,256841449.25,216201486.92999998,252036883.38864747,272597644.7956905,359514968.5,308398000.0,388843618.3,327316983.70799994,381569773.75760096,412697618.9082318,,450079754.5,486796533.1,409770831.756,477690347.11955696,516659553.2195526,-66568988.0,-71999578.4,-60607101.984,-70652729.13784799,-76416464.5365264,0.16563532563004674,0.3318946696124243,0.5024700047575289,medium,True,https://find-and-update.company-information.service.gov.uk/company/00035668/filing-history,Group of companies' accounts made up to 31 May 2024,"Values in the annual report were disclosed in GBP thousands and have been converted here into full GBP amounts by multiplying by 1,000. The turnover note required a crop to recover the full current-year split cleanly. Net debt is estimated from the interest-bearing loan note less cash."
liverpool,Liverpool,2024/25,2025-05-31,GBP,1.1744,1.105586,1.2984,1.030555,2025/26 prices,True,"ONS average sterling exchange rates: THAP (GBP/EUR) and AUSS (GBP/USD), UK trade time series (MRET), accessed 2026-08-11","ONS CPI INDEX 00: ALL ITEMS 2015=100 (D7BT), accessed 2026-08-11",Season factors use the mean of the two surrounding ONS annual averages for calendar years 2024 and 2025.,702722000,702722000.0,825276716.8000001,912414244.8,724193670.71,850493046.8818241,940293062.049864,115591000,115591000.0,135750070.4,150083354.4,119122883.00500001,139897913.80107203,154669151.29369202,263659000,263659000.0,309641129.6,342334845.6,271715100.745,319102214.31492805,352794886.8073081,323472000,323472000.0,379885516.8,419996044.8,333355686.96000004,391492918.7658241,432829023.94886404,379250000.0,379250000.0,445391200.00000006,492418200.0,390837983.75000006,459000128.1160001,507464038.1010001,427727000,427727000.0,502322588.8000001,555360736.8,440796198.4850001,517671055.5007841,572329784.112924,0.6086717080154029,282715000.0,282715000.0,332020496.00000006,367077156.0,291353356.82500005,342165382.2552801,378293198.50158006,15212000.0,15212000.0,825276716.8000001,702722000.0,912414244.8,724193670.71,850493046.8818241,940293062.049864,135750070.4,115591000.0,150083354.4,119122883.00500001,139897913.80107203,154669151.29369202,309641129.6,263659000.0,342334845.6,271715100.745,319102214.31492805,352794886.8073081,379885516.8,323472000.0,419996044.8,333355686.96000004,391492918.7658241,432829023.94886404,,502322588.8000001,555360736.8,440796198.4850001,517671055.5007841,572329784.112924,17864972.8,19751260.8,15676802.660000002,18410837.043904003,20354760.573744003,0.16449036745683215,0.3751967349819701,0.46031289756119775,medium,True,https://find-and-update.company-information.service.gov.uk/company/00035668/filing-history,Group of companies' accounts made up to 31 May 2025,"Values in the annual report were disclosed in GBP thousands and have been converted here into full GBP amounts by multiplying by 1,000. The 2024/25 profit and loss account introduces other operating income, but that line is not included in the project revenue total. Net debt is estimated from the interest-bearing loan note less cash."
manchester_city,Manchester City,2011/12,2012-05-31,GBP,1.1932,1.335945,1.59405,1.480844,2025/26 prices,True,"ONS average sterling exchange rates: THAP (GBP/EUR) and AUSS (GBP/USD), UK trade time series (MRET), accessed 2026-08-11","ONS CPI INDEX 00: ALL ITEMS 2015=100 (D7BT), accessed 2026-08-11",Season factors use the mean of the two surrounding ONS annual averages for calendar years 2011 and 2012.,231140000,231140000.0,275796248.0,368448717.0,342282282.16,408411219.073312,545615071.877148,21871000,21871000.0,26096477.2,34863467.55,32387539.124,38644811.6827568,51627356.740612194,88153000,88153000.0,105184159.60000001,140520289.65,130540841.132,155761331.63870242,208088627.8064646,121116000,121116000.0,144515611.20000002,193064959.79999998,179353901.904,214005075.75185284,285899087.3300712,110024000.0,110024000.0,131280636.8,175383757.2,162928380.256,194406143.3214592,259715984.5470768,201789000,201789000.0,240774634.8,321661755.45,298818029.916,356549673.29577124,476330880.5875998,0.8730163537250152,26078000.0,26078000.0,31116269.6,41569635.9,38617449.832,46078341.1395424,61558145.9046996,-95296000.0,-95296000.0,275796248.0,231140000.0,368448717.0,342282282.16,408411219.073312,545615071.877148,26096477.2,21871000.0,34863467.55,32387539.124,38644811.6827568,51627356.740612194,105184159.60000001,88153000.0,140520289.65,130540841.132,155761331.63870242,208088627.8064646,144515611.20000002,121116000.0,193064959.79999998,179353901.904,214005075.75185284,285899087.3300712,,240774634.8,321661755.45,298818029.916,356549673.29577124,476330880.5875998,-113707187.2,-151906588.79999998,-141118509.824,-168382605.9219968,-224949960.58494717,0.09462230682703124,0.3813835770528684,0.5239941161201004,high,True,https://find-and-update.company-information.service.gov.uk/company/00040946/filing-history/MzA3MzkyODE1NmFkaXF6a2N4/document?format=pdf&download=0,Full accounts made up to 31 May 2012,"Values in the annual report were disclosed in GBP thousands and have been converted here into full GBP amounts by multiplying by 1,000. Net debt has been computed from statement borrowings and cash because the report did not present a single net debt line."
manchester_city,Manchester City,2012/13,2013-05-31,GBP,1.20565,1.306142,1.57475,1.442035,2025/26 prices,True,"ONS average sterling exchange rates: THAP (GBP/EUR) and AUSS (GBP/USD), UK trade time series (MRET), accessed 2026-08-11","ONS CPI INDEX 00: ALL ITEMS 2015=100 (D7BT), accessed 2026-08-11",Season factors use the mean of the two surrounding ONS annual averages for calendar years 2012 and 2013.,271000000,271000000.0,326731150.00000006,426757250.0,390791485.0,471157753.8902501,615398891.00375,39615000,39615000.0,47761824.75000001,62383721.25000001,57126216.525,68874222.95336626,89959509.47274376,88394000,88394000.0,106572226.10000001,139198451.5,127467241.78999999,153680880.0641135,200729039.0088025,142991000,142991000.0,172397099.15,225175077.25,206198026.685,248602650.87277025,324710342.52220374,128009000.0,128009000.0,154334050.85000002,201582172.75,184593458.315,222555103.01747978,290688548.4815462,233106000,233106000.0,281044248.90000004,367083673.5,336147010.71,405275643.46251154,529347505.1155725,0.860169741697417,53569000.0,53569000.0,64585464.85000001,84357782.75,77248372.91499999,93134500.80496976,121646875.24789624,-79368000.0,-79368000.0,326731150.00000006,271000000.0,426757250.0,390791485.0,471157753.8902501,615398891.00375,47761824.75000001,39615000.0,62383721.25000001,57126216.525,68874222.95336626,89959509.47274376,106572226.10000001,88394000.0,139198451.5,127467241.78999999,153680880.0641135,200729039.0088025,172397099.15,142991000.0,225175077.25,206198026.685,248602650.87277025,324710342.52220374,,281044248.90000004,367083673.5,336147010.71,405275643.46251154,529347505.1155725,-95690029.2,-124984758.00000001,-114451433.88,-137988371.257422,-180232395.50253,0.1461808118081181,0.3261771217712177,0.5276420664206642,high,True,https://find-and-update.company-information.service.gov.uk/company/00040946/filing-history/MzA5NTYzMTUzOGFkaXF6a2N4/document?format=pdf&download=0,Full accounts made up to 31 May 2013,"Values in the annual report were disclosed in GBP thousands and have been converted here into full GBP amounts by multiplying by 1,000. Net debt has been computed from financial liabilities in the financial instruments note less cash at bank and in hand from the balance sheet."
manchester_city,Manchester City,2013/14,2014-05-31,GBP,1.20935,1.328027,1.60605,1.413703,2025/26 prices,True,"ONS average sterling exchange rates: THAP (GBP/EUR) and AUSS (GBP/USD), UK trade time series (MRET), accessed 2026-08-11","ONS CPI INDEX 00: ALL ITEMS 2015=100 (D7BT), accessed 2026-08-11",Season factors use the mean of the two surrounding ONS annual averages for calendar years 2013 and 2014.,346512000,346512000.0,419054287.2,556515597.6,489865053.936,592418302.9775015,786747769.8739128,47457000,47457000.0,57392122.949999996,76218314.85,67090103.271,81135416.39078385,107750060.35838954,133239000,133239000.0,161132584.64999998,213988495.95,188360374.017,227793618.3174589,302516178.6900028,165816000,165816000.0,200529579.6,266308786.79999998,234414576.648,283489268.2692588,376481530.82552034,180696000.0,180696000.0,218524707.6,290206810.8,255450477.288,308929034.7082428,410266239.0483924,205044000,205044000.0,247969961.39999998,329310916.2,289871317.932,350555878.34106416,465547830.1646886,0.5917370826984347,45914000.0,45914000.0,55526095.9,73740179.7,64908759.541999996,78497408.35211769,104246713.2624291,-22929000.0,-22929000.0,419054287.2,346512000.0,556515597.6,489865053.936,592418302.9775015,786747769.8739128,57392122.949999996,47457000.0,76218314.85,67090103.271,81135416.39078385,107750060.35838954,161132584.64999998,133239000.0,213988495.95,188360374.017,227793618.3174589,302516178.6900028,200529579.6,165816000.0,266308786.79999998,234414576.648,283489268.2692588,376481530.82552034,,247969961.39999998,329310916.2,289871317.932,350555878.34106416,465547830.1646886,-27729186.15,-36825120.45,-32414796.086999997,-39200833.64781345,-52059783.25552635,0.13695629588585675,0.3845148219975066,0.47852888211663663,high,True,https://find-and-update.company-information.service.gov.uk/company/00040946/filing-history/MzExMzg5ODI4M2FkaXF6a2N4/document?format=pdf&download=0,Full accounts made up to 31 May 2014,"Values in the annual report were disclosed in GBP thousands and have been converted here into full GBP amounts by multiplying by 1,000. Net debt has been computed from financial liabilities in the financial instruments note less cash at bank and in hand from the balance sheet."
manchester_city,Manchester City,2014/15,2015-05-31,GBP,1.30965,1.212652,1.58815,1.4031,2025/26 prices,True,"ONS average sterling exchange rates: THAP (GBP/EUR) and AUSS (GBP/USD), UK trade time series (MRET), accessed 2026-08-11","ONS CPI INDEX 00: ALL ITEMS 2015=100 (D7BT), accessed 2026-08-11",Season factors use the mean of the two surrounding ONS annual averages for calendar years 2014 and 2015.,351766000,351766000.0,460690341.9,558657172.9,493562874.6,646394618.71989,783851879.29599,43330000,43330000.0,56747134.5,68814539.5,60796323.0,79621904.41695,96553680.37245,135426000,135426000.0,177360660.9,215076801.9,190016220.6,248854743.30879,301774260.74589,173010000,173010000.0,226582546.5,274765831.5,242750331.0,317917970.99415,385523938.17765,178756000.0,178756000.0,234107795.4,283891341.4,250812543.6,328476647.72574,398327941.11833996,193821000,193821000.0,253837672.65,307816821.15,271950245.1,356159638.495215,431897781.755565,0.5509941267774601,-7752000.0,-7752000.0,-10152406.8,-12311338.799999999,-10876831.2,-14244841.981080001,-17274039.47028,10369000.0,10369000.0,460690341.9,351766000.0,558657172.9,493562874.6,646394618.71989,783851879.29599,56747134.5,43330000.0,68814539.5,60796323.0,79621904.41695,96553680.37245,177360660.9,135426000.0,215076801.9,190016220.6,248854743.30879,301774260.74589,226582546.5,173010000.0,274765831.5,242750331.0,317917970.99415,385523938.17765,,253837672.65,307816821.15,271950245.1,356159638.495215,431897781.755565,13579760.85,16467527.35,14548743.9,19053762.448635,23105587.624785,0.12317847660092221,0.3849888846562772,0.4918326387428006,high,True,https://find-and-update.company-information.service.gov.uk/company/00040946/filing-history,Full accounts made up to 31 May 2015,"Values in the annual report were disclosed in GBP thousands and have been converted here into full GBP amounts by multiplying by 1,000. Net debt has been computed from financial liabilities in the financial instruments note less cash at bank and in hand from the balance sheet."
manchester_city,Manchester City,2015/16,2016-05-31,GBP,1.30075,1.10813,1.4414,1.398206,2025/26 prices,True,"ONS average sterling exchange rates: THAP (GBP/EUR) and AUSS (GBP/USD), UK trade time series (MRET), accessed 2026-08-11","ONS CPI INDEX 00: ALL ITEMS 2015=100 (D7BT), accessed 2026-08-11",Season factors use the mean of the two surrounding ONS annual averages for calendar years 2015 and 2016.,391774000,391774000.0,509600030.5,564703043.6,547780757.444,712525820.245283,789571183.7797817,52523000,52523000.0,68319292.25,75706652.2,73437973.738,95524444.3397035,105853495.34595321,161381000,161381000.0,209916335.75,232614573.4,225643882.486,293506280.14366454,325243092.2153204,177870000,177870000.0,231364402.5,256381818.0,248698901.22,323495095.761915,358474596.218508,213904000.0,213904000.0,278235628.0,308321225.6,299081856.22400004,389030724.48336804,431096587.56127363,197584000,197584000.0,257007388.0,284797577.6,276263134.304,359349271.94592804,398205681.7857857,0.5043315789205001,10852000.0,10852000.0,14115739.0,15642072.8,15173331.512,19736710.964234002,21870840.0413968,19589000.0,19589000.0,509600030.5,391774000.0,564703043.6,547780757.444,712525820.245283,789571183.7797817,68319292.25,52523000.0,75706652.2,73437973.738,95524444.3397035,105853495.34595321,209916335.75,161381000.0,232614573.4,225643882.486,293506280.14366454,325243092.2153204,231364402.5,177870000.0,256381818.0,248698901.22,323495095.761915,358474596.218508,,257007388.0,284797577.6,276263134.304,359349271.94592804,398205681.7857857,25480391.75,28235584.6,27389457.334000003,35626836.6272005,39479163.80122761,0.13406453720767586,0.41192371111916565,0.4540117516731585,high,True,https://find-and-update.company-information.service.gov.uk/company/00040946/filing-history,Full accounts made up to 31 May 2016,"Values in the annual report were disclosed in GBP thousands and have been converted here into full GBP amounts by multiplying by 1,000. Net debt has been computed from the borrowings note less cash at bank and in hand from the balance sheet."
manchester_city,Manchester City,2016/17,2017-06-30,GBP,1.1823,1.117737,1.3215,1.374914,2025/26 prices,True,"ONS average sterling exchange rates: THAP (GBP/EUR) and AUSS (GBP/USD), UK trade time series (MRET), accessed 2026-08-11","ONS CPI INDEX 00: ALL ITEMS 2015=100 (D7BT), accessed 2026-08-11",Season factors use the mean of the two surrounding ONS annual averages for calendar years 2016 and 2017.,473375000,473375000.0,559671262.5,625565062.5,650849914.75,769499854.208925,860098162.3421249,51868000,51868000.0,61323536.4,68543562.0,71314039.352,84314588.7258696,94241503.003668,203494000,203494000.0,240590956.2,268917321.0,279786749.516,330791873.9527668,369738189.485394,218013000,218013000.0,257756769.89999998,288104179.5,299749125.88199997,354393391.5302886,396118469.853063,255362000.0,255362000.0,301914492.59999996,337460883.0,351100788.868,415106462.6786363,463979692.489062,264133000,264133000.0,312284445.9,349051759.5,363160159.562,429364256.65015256,479916150.861183,0.5579783469764985,47616000.0,47616000.0,56296396.8,62924543.99999999,65467905.024,77402704.10987519,86515836.48921598,104000.0,104000.0,559671262.5,473375000.0,625565062.5,650849914.75,769499854.208925,860098162.3421249,61323536.4,51868000.0,68543562.0,71314039.352,84314588.7258696,94241503.003668,240590956.2,203494000.0,268917321.0,279786749.516,330791873.9527668,369738189.485394,257756769.89999998,218013000.0,288104179.5,299749125.88199997,354393391.5302886,396118469.853063,,312284445.9,349051759.5,363160159.562,429364256.65015256,479916150.861183,122959.2,137436.0,142991.05599999998,169058.3255088,188962.680504,0.10957063638764193,0.4298790599419065,0.4605503036704515,high,True,https://find-and-update.company-information.service.gov.uk/company/00040946/filing-history,Full accounts made up to 30 June 2017,"Values in the annual report were disclosed in GBP thousands and have been converted here into full GBP amounts by multiplying by 1,000. This filing covers a 13 month period ended 30 June 2017. Net debt has been computed from the borrowings note less cash at bank and in hand from the balance sheet."
manchester_city,Manchester City,2017/18,2018-06-30,GBP,1.1359,1.154943,1.3119,1.340755,2025/26 prices,True,"ONS average sterling exchange rates: THAP (GBP/EUR) and AUSS (GBP/USD), UK trade time series (MRET), accessed 2026-08-11","ONS CPI INDEX 00: ALL ITEMS 2015=100 (D7BT), accessed 2026-08-11",Season factors use the mean of the two surrounding ONS annual averages for calendar years 2017 and 2018.,500456000,500456000.0,568467970.4,656548226.4,670988884.28,762176273.653652,880270317.2869319,56621000,56621000.0,64315793.9,74281089.9,75914888.85499999,86231722.2503945,99592742.6888745,211520000,211520000.0,240265567.99999997,277493088.0,283596497.59999996,322137261.6238399,372050245.20144,232315000,232315000.0,263886608.49999997,304774048.5,311477497.825,353807289.77941746,408627329.3966175,268141000.0,268141000.0,304581361.9,351774177.90000004,359511386.455,408368983.87423444,471642987.8903145,259634000,259634000.0,294918260.59999996,340613844.6,348105583.66999996,395413132.49075294,456679715.216673,0.5187948590885113,38102000.0,38102000.0,43280061.8,49986013.800000004,51085447.01,58027959.25865899,67018997.932419,10438000.0,10438000.0,568467970.4,500456000.0,656548226.4,670988884.28,762176273.653652,880270317.2869319,64315793.9,56621000.0,74281089.9,75914888.85499999,86231722.2503945,99592742.6888745,240265567.99999997,211520000.0,277493088.0,283596497.59999996,322137261.6238399,372050245.20144,263886608.49999997,232315000.0,304774048.5,311477497.825,353807289.77941746,408627329.3966175,,294918260.59999996,340613844.6,348105583.66999996,395413132.49075294,456679715.216673,11856524.2,13693612.200000001,13994800.69,15896694.103770997,18359779.025211,0.11313881739853254,0.4226545390603769,0.46420664354109054,high,True,https://find-and-update.company-information.service.gov.uk/company/00040946/filing-history/MzIzMTA0NjA0N2FkaXF6a2N4/document?format=pdf&download=0,Full accounts made up to 30 June 2018,"Values in the annual report were disclosed in GBP thousands and have been converted here into full GBP amounts by multiplying by 1,000. The prior period covered 13 months, so the comparative season is not fully comparable. Net debt has been computed from borrowings in the finance lease note less cash at bank and in hand from the balance sheet."
manchester_city,Manchester City,2018/19,2019-06-30,GBP,1.1355,1.149978,1.3058,1.313149,2025/26 prices,True,"ONS average sterling exchange rates: THAP (GBP/EUR) and AUSS (GBP/USD), UK trade time series (MRET), accessed 2026-08-11","ONS CPI INDEX 00: ALL ITEMS 2015=100 (D7BT), accessed 2026-08-11",Season factors use the mean of the two surrounding ONS annual averages for calendar years 2018 and 2019.,535169000,535169000.0,607684399.5,698823680.2,702756637.181,797980161.5190254,917659616.8309498,55007000,55007000.0,62460448.5,71828140.60000001,72232387.043,82019875.48732649,94321051.00074941,253176000,253176000.0,287481348.0,330597220.8,332457811.224,377505844.644852,434123409.8962992,226986000,226986000.0,257742603.0,296398318.8,298066438.914,338454441.38684696,389215155.9339012,308183000.0,308183000.0,349941796.5,402425361.40000004,404690198.26699996,459525720.1321785,528444460.8970486,315257000,315257000.0,357974323.5,411662590.6,413979414.293,470073624.92970145,540574319.1837994,0.5890793375550527,-64282000.0,-64282000.0,-72992211.0,-83939435.60000001,-84411844.01799999,-95849648.88243899,-110224985.9187044,10079000.0,10079000.0,607684399.5,535169000.0,698823680.2,702756637.181,797980161.5190254,917659616.8309498,62460448.5,55007000.0,71828140.60000001,72232387.043,82019875.48732649,94321051.00074941,287481348.0,253176000.0,330597220.8,332457811.224,377505844.644852,434123409.8962992,257742603.0,226986000.0,296398318.8,298066438.914,338454441.38684696,389215155.9339012,,357974323.5,411662590.6,413979414.293,470073624.92970145,540574319.1837994,11444704.5,13161158.200000001,13235228.771,15028602.269470498,17282561.7291718,0.10278435410122784,0.47307672903325865,0.4241389168655135,high,True,https://find-and-update.company-information.service.gov.uk/company/00040946/filing-history/MzI2NjY0NzkxMmFkaXF6a2N4/document?format=pdf&download=0,Full accounts made up to 30 June 2019,"Values in the annual report were disclosed in GBP thousands and have been converted here into full GBP amounts by multiplying by 1,000. Net debt has been computed from finance lease borrowings less cash at bank and in hand from the balance sheet."
manchester_city,Manchester City,2019/20,2020-06-30,GBP,1.13275,1.130126,1.28015,1.296166,2025/26 prices,True,"ONS average sterling exchange rates: THAP (GBP/EUR) and AUSS (GBP/USD), UK trade time series (MRET), accessed 2026-08-11","ONS CPI INDEX 00: ALL ITEMS 2015=100 (D7BT), accessed 2026-08-11",Season factors use the mean of the two surrounding ONS annual averages for calendar years 2019 and 2020.,478359000,478359000.0,541861157.25,612371273.8499999,620032671.594,702342008.7481035,793734824.5410589,41694000,41694000.0,47228878.5,53374574.099999994,54042345.203999996,61216466.529831,69182308.2129006,190324000,190324000.0,215589511.0,243643268.6,246691497.78399998,279439794.11482596,315802120.8881876,246341000,246341000.0,279042767.75,315353431.15,319298828.606,361685748.1034465,408750395.43997085,232018000.0,232018000.0,262818389.49999997,297017842.7,300733842.988,340656260.64465696,384984429.10108817,351412000,351412000.0,398061943.0,449860071.79999995,455488286.39199996,515954356.41053796,583093329.8247187,0.7346198148252672,47333000.0,47333000.0,53616455.75,60593339.949999996,61351425.278,69495826.9836545,78539027.0696317,-125120000.0,-125120000.0,541861157.25,478359000.0,612371273.8499999,620032671.594,702342008.7481035,793734824.5410589,47228878.5,41694000.0,53374574.099999994,54042345.203999996,61216466.529831,69182308.2129006,215589511.0,190324000.0,243643268.6,246691497.78399998,279439794.11482596,315802120.8881876,279042767.75,246341000.0,315353431.15,319298828.606,361685748.1034465,408750395.43997085,,398061943.0,449860071.79999995,455488286.39199996,515954356.41053796,583093329.8247187,-141729680.0,-160172368.0,-162176289.92,-183705192.40688,-207609977.54108799,0.08716047989062607,0.39786854642642866,0.5149709736829452,high,True,https://find-and-update.company-information.service.gov.uk/company/00040946/filing-history/MzMwNTY0NzkwNmFkaXF6a2N4/document?format=pdf&download=0,Full accounts made up to 30 June 2020,"Values in the annual report were disclosed in GBP thousands and have been converted here into full GBP amounts by multiplying by 1,000. COVID-19 materially affected this season and delayed the completion of football competitions. Net debt has been computed from lease liabilities less cash at bank and in hand from the balance sheet."
manchester_city,Manchester City,2020/21,2021-06-30,GBP,1.14415,1.162173,1.3297,1.273808,2025/26 prices,True,"ONS average sterling exchange rates: THAP (GBP/EUR) and AUSS (GBP/USD), UK trade time series (MRET), accessed 2026-08-11","ONS CPI INDEX 00: ALL ITEMS 2015=100 (D7BT), accessed 2026-08-11",Season factors use the mean of the two surrounding ONS annual averages for calendar years 2020 and 2021.,569849000,569849000.0,651992733.35,757728215.3000001,725878214.992,830513559.6830969,965200262.4748626,732000,732000.0,837517.8,973340.4,932427.456,1066836.8737824,1239848.7882432002,297448000,297448000.0,340325129.2,395516605.6,378891641.984,433508872.1759936,503812216.3461248,271669000,271669000.0,310830086.35,361238269.3,346054145.552,395937850.63332087,460148197.34049445,298180000.0,298180000.0,341162647.0,396489946.00000006,379824069.44,434575709.049776,505052065.1343681,354689000,354689000.0,405817419.35,471629963.3,451805685.712,516933475.30738485,600766020.2912464,0.6224262918773219,19613000.0,19613000.0,22440213.95,26079406.1,24983196.304,28584524.0512216,33220156.125428803,5048000.0,5048000.0,651992733.35,569849000.0,757728215.3000001,725878214.992,830513559.6830969,965200262.4748626,837517.8,732000.0,973340.4,932427.456,1066836.8737824,1239848.7882432002,340325129.2,297448000.0,395516605.6,378891641.984,433508872.1759936,503812216.3461248,310830086.35,271669000.0,361238269.3,346054145.552,395937850.63332087,460148197.34049445,,405817419.35,471629963.3,451805685.712,516933475.30738485,600766020.2912464,5775669.2,6712325.600000001,6430182.784,7357093.632313601,8550214.047884801,0.0012845508196030878,0.5219768745755454,0.4767385746048515,high,True,https://find-and-update.company-information.service.gov.uk/company/00040946/filing-history/MzMzMTg5NTkwN2FkaXF6a2N4/document?format=pdf&download=0,Full accounts made up to 30 June 2021,"Values in the annual report were disclosed in GBP thousands and have been converted here into full GBP amounts by multiplying by 1,000. Matchday revenue was almost eliminated by pandemic restrictions. Net debt has been computed from lease liabilities less cash at bank and in hand from the balance sheet."
manchester_city,Manchester City,2021/22,2022-06-30,GBP,1.16825,1.117869,1.30595,1.202829,2025/26 prices,True,"ONS average sterling exchange rates: THAP (GBP/EUR) and AUSS (GBP/USD), UK trade time series (MRET), accessed 2026-08-11","ONS CPI INDEX 00: ALL ITEMS 2015=100 (D7BT), accessed 2026-08-11",Season factors use the mean of the two surrounding ONS annual averages for calendar years 2021 and 2022.,613014000,613014000.0,716153605.5,800565633.3,737351016.606,861410325.1499594,962943560.1366056,54482000,54482000.0,63648596.5,71150767.89999999,65532529.577999994,76558377.6794985,85582207.00238909,249060000,249060000.0,290964345.0,325259907.0,299576590.74,349980352.132005,391232048.67690295,309472000,309472000.0,361540664.0,404154958.4,372241896.288,434871595.338456,486129304.45731354,303542000.0,303542000.0,354612941.5,396410674.9,365109120.31799996,426538729.81150347,476814255.679292,353881000,353881000.0,413421478.25,462150891.95,425658329.349,497275343.2619692,555888495.2133265,0.5772804536274865,-13450000.0,-13450000.0,-15712962.5,-17565027.5,-16178050.049999999,-18900006.970912497,-21127724.4627975,41726000.0,41726000.0,716153605.5,613014000.0,800565633.3,737351016.606,861410325.1499594,962943560.1366056,63648596.5,54482000.0,71150767.89999999,65532529.577999994,76558377.6794985,85582207.00238909,290964345.0,249060000.0,325259907.0,299576590.74,349980352.132005,391232048.67690295,361540664.0,309472000.0,404154958.4,372241896.288,434871595.338456,486129304.45731354,,413421478.25,462150891.95,425658329.349,497275343.2619692,555888495.2133265,48746399.5,54492069.699999996,50189242.853999995,58633582.9641855,65544641.70518129,0.0888756211114265,0.4062876214898844,0.504836757398689,high,True,https://find-and-update.company-information.service.gov.uk/company/00040946/filing-history/MzM3NDk5MzUyNmFkaXF6a2N4/document?download=0&format=pdf,Full accounts made up to 30 June 2022,"Values in the annual report were disclosed in GBP thousands and have been converted here into full GBP amounts by multiplying by 1,000. The report cautions that comparisons with the prior year should be read carefully because the prior year remained affected by COVID-19 disruption. Net debt has been computed from lease liabilities less cash at bank and in hand from the balance sheet."
manchester_city,Manchester City,2022/23,2023-06-30,GBP,1.1616,1.067321,1.2398,1.112688,2025/26 prices,True,"ONS average sterling exchange rates: THAP (GBP/EUR) and AUSS (GBP/USD), UK trade time series (MRET), accessed 2026-08-11","ONS CPI INDEX 00: ALL ITEMS 2015=100 (D7BT), accessed 2026-08-11",Season factors use the mean of the two surrounding ONS annual averages for calendar years 2022 and 2023.,712768000,712768000.0,827951308.8,883689766.4,793088400.384,921251485.8860543,983270998.7960831,71914000,71914000.0,83535302.39999999,89158977.2,80017844.83199999,92948728.55685118,99206124.0227136,299410000,299410000.0,347794656.0,371208518.0,333149914.08,386986940.19532794,413039263.476384,341444000,341444000.0,396621350.4,423322271.2,379920641.47199994,441315817.13387513,471025611.29698557,371324000.0,371324000.0,431329958.4,460367495.2,413167758.91199994,479935668.75217915,512245387.4990975,422895000,422895000.0,491234832.0,524305221.0,470550191.75999993,546591102.748416,583388127.744048,0.5933136728921613,-15425000.0,-15425000.0,-17917680.0,-19123915.0,-17163212.4,-19936787.52384,-21278950.733519997,80371000.0,80371000.0,827951308.8,712768000.0,883689766.4,793088400.384,921251485.8860543,983270998.7960831,83535302.39999999,71914000.0,89158977.2,80017844.83199999,92948728.55685118,99206124.0227136,347794656.0,299410000.0,371208518.0,333149914.08,386986940.19532794,413039263.476384,396621350.4,341444000.0,423322271.2,379920641.47199994,441315817.13387513,471025611.29698557,,491234832.0,524305221.0,470550191.75999993,546591102.748416,583388127.744048,93358953.6,99643965.8,89427847.248,103879387.36327678,110872645.01807038,0.10089397952770046,0.4200665574212086,0.47903946305109096,high,True,https://find-and-update.company-information.service.gov.uk/company/00040946/filing-history/MzQxNjQwNDE4NmFkaXF6a2N4/document?download=0&format=pdf,Full accounts made up to 30 June 2023,"Values in the annual report were disclosed in GBP thousands and have been converted here into full GBP amounts by multiplying by 1,000. Net debt has been computed from lease liabilities less cash at bank and in hand from the balance sheet."
manchester_city,Manchester City,2023/24,2024-06-30,GBP,1.16575,1.081578,1.26085,1.061346,2025/26 prices,True,"ONS average sterling exchange rates: THAP (GBP/EUR) and AUSS (GBP/USD), UK trade time series (MRET), accessed 2026-08-11","ONS CPI INDEX 00: ALL ITEMS 2015=100 (D7BT), accessed 2026-08-11",Season factors use the mean of the two surrounding ONS annual averages for calendar years 2023 and 2024.,715019000,715019000.0,833533399.25,901531706.15,758882555.5739999,884667339.1603904,956837070.1954778,75607000,75607000.0,88138860.25,95329085.95,80245187.022,93545826.7708965,101177144.0566887,294731000,294731000.0,343582663.25,371611581.35,312811567.926,364660085.30973446,394408465.4194971,344681000,344681000.0,401811875.75,434591038.85,365825800.626,426461427.0797595,461251460.7192921,370338000.0,370338000.0,431721523.5,466940667.3,393056754.94799995,458205912.08063096,495585609.47618574,412573000,412573000.0,480956974.75,520192667.05,437882703.25799996,510461761.3230134,552104406.4028493,0.5770098416965144,9577000.0,9577000.0,11164387.75,12075160.450000001,10164510.641999999,11849278.2809115,12815923.2429657,73757000.0,73757000.0,833533399.25,715019000.0,901531706.15,758882555.5739999,884667339.1603904,956837070.1954778,88138860.25,75607000.0,95329085.95,80245187.022,93545826.7708965,101177144.0566887,343582663.25,294731000.0,371611581.35,312811567.926,364660085.30973446,394408465.4194971,401811875.75,344681000.0,434591038.85,365825800.626,426461427.0797595,461251460.7192921,,480956974.75,520192667.05,437882703.25799996,510461761.3230134,552104406.4028493,85982222.75,92996513.45,78281696.92199999,91256888.18682149,98701477.5641037,0.1057412460368186,0.41220023523850413,0.48205851872467725,high,True,https://find-and-update.company-information.service.gov.uk/company/00040946/filing-history/MzQ1NzU3NzIwNWFkaXF6a2N4/document?download=0&format=pdf,Full accounts made up to 30 June 2024,"Values in the annual report were disclosed in GBP thousands and have been converted here into full GBP amounts by multiplying by 1,000. Net debt has been computed from lease liabilities less cash at bank and in hand from the balance sheet."
manchester_city,Manchester City,2024/25,2025-06-30,GBP,1.1744,1.105586,1.2984,1.030555,2025/26 prices,True,"ONS average sterling exchange rates: THAP (GBP/EUR) and AUSS (GBP/USD), UK trade time series (MRET), accessed 2026-08-11","ONS CPI INDEX 00: ALL ITEMS 2015=100 (D7BT), accessed 2026-08-11",Season factors use the mean of the two surrounding ONS annual averages for calendar years 2024 and 2025.,694094000,694094000.0,815143993.6,901211649.6,715302042.1700001,840050718.3244481,928748171.5535281,75084000,75084000.0,88178649.60000001,97489065.6,77378191.62,90872948.23852801,100467843.999408,278627000,278627000.0,327219548.8,361769296.8,287140447.985,337217742.11358404,372823157.66372406,340383000,340383000.0,399745795.20000005,441953287.2,350783402.56500006,411960027.9723361,455457169.89039606,353711000.0,353711000.0,415398198.40000004,459258362.4,364518639.605,428090690.35211205,473291001.663132,408403000,408403000.0,479628483.20000005,530270455.2,420881753.665,494283531.5041761,546472868.958636,0.5883972487876282,-104058000.0,-104058000.0,-122205715.20000002,-135108907.2,-107237492.19000001,-125939710.82793604,-139237159.859496,-9916000.0,-9916000.0,815143993.6,694094000.0,901211649.6,715302042.1700001,840050718.3244481,928748171.5535281,88178649.60000001,75084000.0,97489065.6,77378191.62,90872948.23852801,100467843.999408,327219548.8,278627000.0,361769296.8,287140447.985,337217742.11358404,372823157.66372406,399745795.20000005,340383000.0,441953287.2,350783402.56500006,411960027.9723361,455457169.89039606,,479628483.20000005,530270455.2,420881753.665,494283531.5041761,546472868.958636,-11645350.4,-12874934.4,-10218983.38,-12001174.081472002,-13268328.020592002,0.10817554970940535,0.4014254553417837,0.49039899494881095,high,True,https://find-and-update.company-information.service.gov.uk/company/00040946/filing-history/MzUwODQ0MDY0MmFkaXF6a2N4/document?download=0&format=pdf,Full accounts made up to 30 June 2025,"Values in the annual report were disclosed in GBP thousands and have been converted here into full GBP amounts by multiplying by 1,000. Apart from Club World Cup related income derived in the USA, the revenue note states that revenue originated in the United Kingdom. Net debt has been computed from lease liabilities less cash at bank and in hand from the balance sheet."
manchester_united,Manchester United,2011/12,2012-06-30,GBP,1.1932,1.335945,1.59405,1.480844,2025/26 prices,True,"ONS average sterling exchange rates: THAP (GBP/EUR) and AUSS (GBP/USD), UK trade time series (MRET), accessed 2026-08-11","ONS CPI INDEX 00: ALL ITEMS 2015=100 (D7BT), accessed 2026-08-11",Season factors use the mean of the two surrounding ONS annual averages for calendar years 2011 and 2012.,320300000,320300000.0,382181960.0,510574215.0,474314333.2,565951862.37424,756080762.83746,98700000,98700000.0,117768840.0,157332735.0,146159302.8,174397280.10096002,232985236.62834,104000000,104000000.0,124092800.0,165781200.0,154007776.0,183762078.32320002,245496095.3328,117600000,117600000.0,140320320.0,187460280.0,174147254.4,207792503.95008,277599430.87632,202700000.0,202700000.0,241861640.0,323113935.0,300167078.8,358159358.42416,478481331.96114004,161700000,161700000.0,192940440.0,257757885.0,239452474.8,285714692.93136,381699217.45494,0.5048392132375897,366272000.0,366272000.0,437035750.40000004,583855881.6,542391693.568,647181768.7653377,864599479.1320704,-4664000.0,-4664000.0,382181960.0,320300000.0,510574215.0,474314333.2,565951862.37424,756080762.83746,117768840.0,98700000.0,157332735.0,146159302.8,174397280.10096002,232985236.62834,124092800.0,104000000.0,165781200.0,154007776.0,183762078.32320002,245496095.3328,140320320.0,117600000.0,187460280.0,174147254.4,207792503.95008,277599430.87632,,192940440.0,257757885.0,239452474.8,285714692.93136,381699217.45494,-5565084.8,-7434649.2,-6906656.416,-8241022.4355712,-11009555.659924801,0.30814861067748983,0.3246955978769903,0.36715579144551985,high,True,https://ir.manutd.com/~/media/Files/M/Manutd-IR/Annual%20Reports/manchester-united-plc-20f-20131024.pdf,Manchester United plc 2012 Annual Report on Form 20-F,Values in the annual report were disclosed in GBP millions or GBP thousands and have been converted here into full GBP amounts. This source was chosen because it provides the comparable consolidated sector revenue and debt view required for the project.
manchester_united,Manchester United,2012/13,2013-06-30,GBP,1.20565,1.306142,1.57475,1.442035,2025/26 prices,True,"ONS average sterling exchange rates: THAP (GBP/EUR) and AUSS (GBP/USD), UK trade time series (MRET), accessed 2026-08-11","ONS CPI INDEX 00: ALL ITEMS 2015=100 (D7BT), accessed 2026-08-11",Season factors use the mean of the two surrounding ONS annual averages for calendar years 2012 and 2013.,194442000,194442000.0,234428997.3,306197539.5,280392169.46999997,338054819.1215055,441547568.8728825,97671000,97671000.0,117757041.15,153807407.25,140845000.48499998,169809774.83474025,221795664.51375374,94323000,94323000.0,113720524.95,148535144.25,136017067.305,163988977.19627324,214192876.73854876,2448000,2448000.0,2951431.2,3854988.0,3530101.6799999997,4256067.090492,5559027.62058,191994000.0,191994000.0,231477566.10000002,302342551.5,276862067.78999996,333798752.03101355,435988541.25230247,145799000,145799000.0,175782564.35000002,229596975.25,210247260.965,253484610.1824523,331086874.2046337,0.7498328550416062,320923000.0,320923000.0,386920814.95000005,505373494.25000006,462782198.305,557953357.3864233,728766266.7807988,-22684000.0,-22684000.0,234428997.3,194442000.0,306197539.5,280392169.46999997,338054819.1215055,441547568.8728825,117757041.15,97671000.0,153807407.25,140845000.48499998,169809774.83474025,221795664.51375374,113720524.95,94323000.0,148535144.25,136017067.305,163988977.19627324,214192876.73854876,2951431.2,2448000.0,3854988.0,3530101.6799999997,4256067.090492,5559027.62058,,175782564.35000002,229596975.25,210247260.965,253484610.1824523,331086874.2046337,-27348964.6,-35721629.0,-32711121.939999998,-39438164.166961,-51511839.275015,0.5023143148085291,0.4850958126330731,0.012589872558397877,medium,True,https://find-and-update.company-information.service.gov.uk/company/00095489/filing-history,Manchester United Football Club Limited annual report and financial statements for the year ended 30 June 2013,"Scanned PDF extraction. Debt is not disclosed as a single company net-debt line, so net debt has been estimated as fellow-subsidiary senior secured notes plus secured term loan less company cash at bank and in hand."
manchester_united,Manchester United,2013/14,2014-06-30,GBP,1.20935,1.328027,1.60605,1.413703,2025/26 prices,True,"ONS average sterling exchange rates: THAP (GBP/EUR) and AUSS (GBP/USD), UK trade time series (MRET), accessed 2026-08-11","ONS CPI INDEX 00: ALL ITEMS 2015=100 (D7BT), accessed 2026-08-11",Season factors use the mean of the two surrounding ONS annual averages for calendar years 2013 and 2014.,228676000,228676000.0,276549320.59999996,367265089.8,323279947.228,390958604.18018174,519203759.2455294,95845000,95845000.0,115910150.75,153931862.25,135496364.035,163862527.84572724,217613935.45841175,129018000,129018000.0,156027918.29999998,207209358.9,182393133.65399998,220577136.18446487,292932492.3050067,3813000,3813000.0,4611251.55,6123868.65,5390449.539,6518940.14998965,8657331.48211095,224863000.0,224863000.0,271938069.05,361141221.15,317889497.689,384439664.03019214,510546427.7634184,165350000,165350000.0,199966022.5,265560367.5,233755791.04999998,282692565.9063175,375423488.2158525,0.7230754429848344,307005000.0,307005000.0,371276496.75,493065380.25,434013889.515,524874697.2849652,697048007.2555658,-44294000.0,-44294000.0,276549320.59999996,228676000.0,367265089.8,323279947.228,390958604.18018174,519203759.2455294,115910150.75,95845000.0,153931862.25,135496364.035,163862527.84572724,217613935.45841175,156027918.29999998,129018000.0,207209358.9,182393133.65399998,220577136.18446487,292932492.3050067,4611251.55,3813000.0,6123868.65,5390449.539,6518940.14998965,8657331.48211095,,199966022.5,265560367.5,233755791.04999998,282692565.9063175,375423488.2158525,-53566948.9,-71138378.7,-62618560.682,-75727756.3607767,-100568539.3833261,0.4191301229687418,0.5641956304990466,0.016674246532211515,medium,True,https://find-and-update.company-information.service.gov.uk/company/00095489/filing-history,Manchester United Football Club Limited annual report and financial statements for the year ended 30 June 2014,"Scanned PDF extraction. Debt is not disclosed as a single company net-debt line, so net debt has been estimated as fellow-subsidiary senior secured notes plus secured term loan less company cash at bank and in hand."
manchester_united,Manchester United,2014/15,2015-06-30,GBP,1.30965,1.212652,1.58815,1.4031,2025/26 prices,True,"ONS average sterling exchange rates: THAP (GBP/EUR) and AUSS (GBP/USD), UK trade time series (MRET), accessed 2026-08-11","ONS CPI INDEX 00: ALL ITEMS 2015=100 (D7BT), accessed 2026-08-11",Season factors use the mean of the two surrounding ONS annual averages for calendar years 2014 and 2015.,182623000,182623000.0,239172211.95,290032717.45,256238331.3,335582530.587045,406944905.854095,78686000,78686000.0,103051119.89999999,124965170.89999999,110404326.6,144591026.33168998,175338631.28978997,99997000,99997000.0,130961071.05,158810235.54999998,140305790.7,183751478.790255,222826641.50020498,3940000,3940000.0,5160021.0,6257311.0,5528214.0,7240025.4651,8779633.064100001,178683000.0,178683000.0,234012190.95,283775406.45,250710117.3,328342505.12194496,398165272.789995,158289000,158289000.0,207303188.85,251386675.35,222095295.9,290867104.275435,352720644.183585,0.8667528186482535,336608000.0,336608000.0,440838667.2,534583995.2,472294684.8,618540733.94832,750074803.66512,-81224000.0,-81224000.0,239172211.95,182623000.0,290032717.45,256238331.3,335582530.587045,406944905.854095,103051119.89999999,78686000.0,124965170.89999999,110404326.6,144591026.33168998,175338631.28978997,130961071.05,99997000.0,158810235.54999998,140305790.7,183751478.790255,222826641.50020498,5160021.0,3940000.0,6257311.0,5528214.0,7240025.4651,8779633.064100001,,207303188.85,251386675.35,222095295.9,290867104.275435,352720644.183585,-106375011.6,-128995895.6,-113965394.4,-149254778.77596,-180994141.11635998,0.43086577265733234,0.5475597268690143,0.021574500473653373,medium,True,https://find-and-update.company-information.service.gov.uk/company/00095489/filing-history,Manchester United Football Club Limited annual report and financial statements for the year ended 30 June 2015,"Scanned PDF extraction. Debt is not disclosed as a single company net-debt line, so net debt has been estimated as fellow-subsidiary senior secured notes plus secured term loan less company cash at bank and in hand."
manchester_united,Manchester United,2015/16,2016-06-30,GBP,1.30075,1.10813,1.4414,1.398206,2025/26 prices,True,"ONS average sterling exchange rates: THAP (GBP/EUR) and AUSS (GBP/USD), UK trade time series (MRET), accessed 2026-08-11","ONS CPI INDEX 00: ALL ITEMS 2015=100 (D7BT), accessed 2026-08-11",Season factors use the mean of the two surrounding ONS annual averages for calendar years 2015 and 2016.,230271000,230271000.0,299525003.25,331912619.4,321966293.82600003,418797656.6941695,464082215.9207964,94854000,94854000.0,123381340.5,136722555.6,132625431.92400001,172512530.575143,191166297.5752536,131395000,131395000.0,170912046.25,189392753.0,183717277.37,238970248.5390275,264810083.601118,4022000,4022000.0,5231616.5,5797310.8,5623584.532000001,7314877.579999001,8105834.7444248,226249000.0,226249000.0,294293386.75,326115308.6,316342709.294,411482779.1141705,455976381.17637163,184946000,184946000.0,240568509.5,266581164.4,258592606.87600002,336364333.393957,372735383.5510664,0.8031667035796952,256539000.0,256539000.0,333693104.25,369775314.6,358694369.03400004,466571700.52097553,517022063.52560765,-111741000.0,-111741000.0,299525003.25,230271000.0,331912619.4,321966293.82600003,418797656.6941695,464082215.9207964,123381340.5,94854000.0,136722555.6,132625431.92400001,172512530.575143,191166297.5752536,170912046.25,131395000.0,189392753.0,183717277.37,238970248.5390275,264810083.601118,5231616.5,4022000.0,5797310.8,5623584.532000001,7314877.579999001,8105834.7444248,,240568509.5,266581164.4,258592606.87600002,336364333.393957,372735383.5510664,-145347105.75,-161063477.4,-156236936.646,-203225195.3422845,-225199920.4815444,0.41192334249644985,0.5706102809298609,0.01746637657368926,medium,True,https://find-and-update.company-information.service.gov.uk/company/00095489/filing-history,Manchester United Football Club Limited annual report and financial statements for the year ended 30 June 2016,"Scanned PDF extraction. Debt is not disclosed as a single company net-debt line, so net debt has been estimated as fellow-subsidiary senior secured notes plus secured term loan less company cash at bank and in hand."
manchester_united,Manchester United,2021/22,2022-06-30,GBP,1.16825,1.117869,1.30595,1.202829,2025/26 prices,True,"ONS average sterling exchange rates: THAP (GBP/EUR) and AUSS (GBP/USD), UK trade time series (MRET), accessed 2026-08-11","ONS CPI INDEX 00: ALL ITEMS 2015=100 (D7BT), accessed 2026-08-11",Season factors use the mean of the two surrounding ONS annual averages for calendar years 2021 and 2022.,583201000,583201000.0,681324568.25,761631345.9499999,701491075.629,819516949.1035792,916112270.2176924,110534000,110534000.0,129131345.5,144351877.29999998,132953500.68599999,155322927.1764195,173630624.22088167,214847000,214847000.0,250995007.75,280579439.65,258424202.163,301904074.1769247,337489086.8147698,257820000,257820000.0,301198215.0,336700029.0,310113372.78,362289947.75023496,404992559.182041,325381000.0,325381000.0,380126353.25,424931316.95,391377702.849,457227001.3533442,511119711.0356515,384141000,384141000.0,448772723.25,501668938.95,462055934.889,539796845.9340742,603421948.1682895,0.6586768541206205,514899000.0,514899000.0,601530756.75,672432349.05,619335449.2709999,723538638.6108457,808821129.9754623,-149623000.0,-149623000.0,681324568.25,583201000.0,761631345.9499999,701491075.629,819516949.1035792,916112270.2176924,129131345.5,110534000.0,144351877.29999998,132953500.68599999,155322927.1764195,173630624.22088167,250995007.75,214847000.0,280579439.65,258424202.163,301904074.1769247,337489086.8147698,301198215.0,257820000.0,336700029.0,310113372.78,362289947.75023496,404992559.182041,,448772723.25,501668938.95,462055934.889,539796845.9340742,603421948.1682895,-174797069.75,-195400156.85,-179970883.46699998,-210250984.61032274,-235032975.26372862,0.18952985334387287,0.36839271537600243,0.44207743128012467,high,True,https://ir.manutd.com/financial-information/annual-reports/2022.aspx,Manchester United plc 2022 Annual Report on Form 20-F,Values disclosed in GBP thousands have been converted to full GBP amounts.
manchester_united,Manchester United,2022/23,2023-06-30,GBP,1.1616,1.067321,1.2398,1.112688,2025/26 prices,True,"ONS average sterling exchange rates: THAP (GBP/EUR) and AUSS (GBP/USD), UK trade time series (MRET), accessed 2026-08-11","ONS CPI INDEX 00: ALL ITEMS 2015=100 (D7BT), accessed 2026-08-11",Season factors use the mean of the two surrounding ONS annual averages for calendar years 2022 and 2023.,648401000,648401000.0,753182601.6,803887559.8,721468011.8879999,838057242.6091007,894476041.1387422,136420000,136420000.0,158465472.0,169133516.0,151792896.95999998,176322629.10873598,188192833.65100798,209095000,209095000.0,242884752.0,259235981.0,232657497.35999998,270254948.93337595,288448765.226928,302886000,302886000.0,351832377.59999996,375518062.8,337017617.56799996,391479664.5669887,417834442.2608064,345515000.0,345515000.0,401350224.0,428369497.0,384450394.32,446577578.04211193,476641598.87793595,331374000,331374000.0,384924038.4,410837485.2,368715873.312,428300358.4392191,457133939.73221755,0.5110633697357037,537277000.0,537277000.0,624100963.1999999,666116024.6,597821670.576,694429652.5410814,741179307.1801248,-32574000.0,-32574000.0,753182601.6,648401000.0,803887559.8,721468011.8879999,838057242.6091007,894476041.1387422,158465472.0,136420000.0,169133516.0,151792896.95999998,176322629.10873598,188192833.65100798,242884752.0,209095000.0,259235981.0,232657497.35999998,270254948.93337595,288448765.226928,351832377.59999996,302886000.0,375518062.8,337017617.56799996,391479664.5669887,417834442.2608064,,384924038.4,410837485.2,368715873.312,428300358.4392191,457133939.73221755,-37837958.4,-40385245.2,-36244698.91199999,-42101842.25617919,-44936177.7110976,0.21039449353100936,0.32247791104578805,0.4671275954232026,high,True,https://ir.manutd.com/financial-information/annual-reports/2023.aspx,Manchester United plc 2023 Annual Report on Form 20-F,Values disclosed in GBP thousands have been converted to full GBP amounts.
manchester_united,Manchester United,2023/24,2024-06-30,GBP,1.16575,1.081578,1.26085,1.061346,2025/26 prices,True,"ONS average sterling exchange rates: THAP (GBP/EUR) and AUSS (GBP/USD), UK trade time series (MRET), accessed 2026-08-11","ONS CPI INDEX 00: ALL ITEMS 2015=100 (D7BT), accessed 2026-08-11",Season factors use the mean of the two surrounding ONS annual averages for calendar years 2023 and 2024.,661755000,661755000.0,771440891.25,834373791.75,702351022.2299999,818765704.1646224,885559286.3786954,137134000,137134000.0,159863960.5,172905403.9,145546622.364,169670975.020833,183512458.8076494,221745000,221745000.0,258499233.75,279587183.25,235348168.76999998,274357127.7436275,296738738.59365445,302876000,302876000.0,353077697.0,381881204.6,321456231.09599996,374737601.400162,405308088.9773916,358879000.0,358879000.0,418363194.25,452492587.15000004,380894791.13399994,444028102.76446044,480251197.4013039,364719000,364719000.0,425171174.25,459855951.15000004,387093051.774,451253725.10554045,488066274.3292479,0.5511390167055783,473072000.0,473072000.0,551483684.0,596472831.2,502093074.91199994,585315002.078664,633064053.5027952,-130724000.0,-130724000.0,771440891.25,661755000.0,834373791.75,702351022.2299999,818765704.1646224,885559286.3786954,159863960.5,137134000.0,172905403.9,145546622.364,169670975.020833,183512458.8076494,258499233.75,221745000.0,279587183.25,235348168.76999998,274357127.7436275,296738738.59365445,353077697.0,302876000.0,381881204.6,321456231.09599996,374737601.400162,405308088.9773916,,425171174.25,459855951.15000004,387093051.774,451253725.10554045,488066274.3292479,-152391503.0,-164823355.4,-138743394.50399998,-161740112.14303797,-174934608.9603684,0.20722775045145106,0.3350862479316363,0.4576860016169126,high,True,https://ir.manutd.com/financial-information/annual-reports/2024.aspx,Manchester United plc 2024 Annual Report on Form 20-F,Values disclosed in GBP thousands have been converted to full GBP amounts.
manchester_united,Manchester United,2024/25,2025-06-30,GBP,1.1744,1.105586,1.2984,1.030555,2025/26 prices,True,"ONS average sterling exchange rates: THAP (GBP/EUR) and AUSS (GBP/USD), UK trade time series (MRET), accessed 2026-08-11","ONS CPI INDEX 00: ALL ITEMS 2015=100 (D7BT), accessed 2026-08-11",Season factors use the mean of the two surrounding ONS annual averages for calendar years 2024 and 2025.,666514000,666514000.0,782754041.6,865401777.6,686879335.2700001,806671091.341088,891844128.9145681,160263000,160263000.0,188212867.20000002,208085479.2,165159835.965,193963711.35729605,214443531.016956,172977000,172977000.0,203144188.8,224593336.8,178262312.235,209351259.48878404,231455786.20592403,333274000,333274000.0,391396985.6,432722961.6,343457187.07000005,403356120.49500805,445944811.69168806,333240000.0,333240000.0,391357056.00000006,432678816.0,343422148.20000005,403314970.8460801,445899317.22288007,313256000,313256000.0,367887846.40000004,406731590.4,322827537.08000004,379128659.5467521,419159274.14467204,0.46999162808283096,550869000.0,550869000.0,646940553.6,715248309.6,567700802.2950001,666707822.2152481,737102721.6998281,-39664000.0,-39664000.0,782754041.6,666514000.0,865401777.6,686879335.2700001,806671091.341088,891844128.9145681,188212867.20000002,160263000.0,208085479.2,165159835.965,193963711.35729605,214443531.016956,203144188.8,172977000.0,224593336.8,178262312.235,209351259.48878404,231455786.20592403,391396985.6,333274000.0,432722961.6,343457187.07000005,403356120.49500805,445944811.69168806,,367887846.40000004,406731590.4,322827537.08000004,379128659.5467521,419159274.14467204,-46581401.6,-51499737.6,-40875933.52,-48004696.32588801,-53073312.08236801,0.24044956294991554,0.2595249312092469,0.5000255058408376,high,True,https://ir.manutd.com/financial-information/annual-reports/2025.aspx,Manchester United plc 2025 Annual Report on Form 20-F,Values disclosed in GBP thousands have been converted to full GBP amounts.
tottenham_hotspur,Tottenham Hotspur,2011/12,2012-06-30,GBP,1.1932,1.335945,1.59405,1.480844,2025/26 prices,True,"ONS average sterling exchange rates: THAP (GBP/EUR) and AUSS (GBP/USD), UK trade time series (MRET), accessed 2026-08-11","ONS CPI INDEX 00: ALL ITEMS 2015=100 (D7BT), accessed 2026-08-11",Season factors use the mean of the two surrounding ONS annual averages for calendar years 2011 and 2012.,144156000,144156000.0,172006939.20000002,229791871.79999998,213472547.664,254715443.87268484,340285914.60379916,27659000,27659000.0,33002718.8,44089828.949999996,40958664.196,48871878.1186672,65290158.6616338,63561000,63561000.0,75840985.2,101319412.05,94123925.484,112308667.88750881,150038243.4177702,52936000,52936000.0,63163235.2,84382630.8,78389957.984,93534897.86650881,124957512.5243952,91220000.0,91220000.0,108843704.0,145409241.0,135082589.68,161180546.006176,215328402.079404,90206000,90206000.0,107633799.2,143792874.29999998,133581013.86400001,159388865.7425248,212934815.14990917,0.6257526568439746,70096000.0,70096000.0,83638547.2,111736528.8,103801241.024,123855640.78983681,165464368.2543072,-7304000.0,-7304000.0,172006939.20000002,144156000.0,229791871.79999998,213472547.664,254715443.87268484,340285914.60379916,33002718.8,27659000.0,44089828.949999996,40958664.196,48871878.1186672,65290158.6616338,75840985.2,63561000.0,101319412.05,94123925.484,112308667.88750881,150038243.4177702,63163235.2,52936000.0,84382630.8,78389957.984,93534897.86650881,124957512.5243952,,107633799.2,143792874.29999998,133581013.86400001,159388865.7425248,212934815.14990917,-8715132.8,-11642941.2,-10816084.576000001,-12905752.116083201,-17241379.618372798,0.19186853131329948,0.4409181719803546,0.3672132967063459,medium,True,https://find-and-update.company-information.service.gov.uk/company/01706358/filing-history/MzA3NTgyOTE2NmFkaXF6a2N4/document?format=pdf&download=0,Group of companies' accounts made up to 30 June 2012,"Values in the annual report were disclosed in GBP thousands and have been converted here into full GBP amounts by multiplying by 1,000. Revenue category mapping requires some reclassification because Tottenham's note does not align perfectly with the standard matchday/broadcast/commercial split."
tottenham_hotspur,Tottenham Hotspur,2012/13,2013-06-30,GBP,1.20565,1.306142,1.57475,1.442035,2025/26 prices,True,"ONS average sterling exchange rates: THAP (GBP/EUR) and AUSS (GBP/USD), UK trade time series (MRET), accessed 2026-08-11","ONS CPI INDEX 00: ALL ITEMS 2015=100 (D7BT), accessed 2026-08-11",Season factors use the mean of the two surrounding ONS annual averages for calendar years 2012 and 2013.,147392000,147392000.0,177703164.8,232105552.0,212544422.72,256254183.252368,334704329.67832,33491000,33491000.0,40378424.150000006,52739952.25,48295194.184999995,58227100.86914526,76052857.04282875,57347000,57347000.0,69140410.55000001,90307188.25,82696381.145,99702891.92746927,130226126.20808874,56554000,56554000.0,68184330.10000001,89058411.5,81552847.39,98324190.4557535,128425346.4274025,90838000.0,90838000.0,109518834.7,143047140.5,130991575.33,157929992.7966145,206278983.2509175,96087000,96087000.0,115847291.55000001,151313003.25,138560817.045,167055849.07030427,218198646.64161375,0.6519146222318715,54799000.0,54799000.0,66068414.35000001,86294725.25,79022075.965,95272965.88720226,124440014.12588374,3682000.0,3682000.0,177703164.8,147392000.0,232105552.0,212544422.72,256254183.252368,334704329.67832,40378424.150000006,33491000.0,52739952.25,48295194.184999995,58227100.86914526,76052857.04282875,69140410.55000001,57347000.0,90307188.25,82696381.145,99702891.92746927,130226126.20808874,68184330.10000001,56554000.0,89058411.5,81552847.39,98324190.4557535,128425346.4274025,,115847291.55000001,151313003.25,138560817.045,167055849.07030427,218198646.64161375,4439203.300000001,5798229.5,5309572.87,6401486.530715501,8361249.8770325,0.22722400130264872,0.38907810464611375,0.3836978940512375,high,True,https://find-and-update.company-information.service.gov.uk/company/01706358/filing-history/MzA5Nzc5MjQzOGFkaXF6a2N4/document?format=pdf&download=0,Group of companies accounts made up to 30 June 2013,"Values in the annual report were disclosed in GBP thousands and have been converted here into full GBP amounts by multiplying by 1,000."
tottenham_hotspur,Tottenham Hotspur,2013/14,2014-06-30,GBP,1.20935,1.328027,1.60605,1.413703,2025/26 prices,True,"ONS average sterling exchange rates: THAP (GBP/EUR) and AUSS (GBP/USD), UK trade time series (MRET), accessed 2026-08-11","ONS CPI INDEX 00: ALL ITEMS 2015=100 (D7BT), accessed 2026-08-11",Season factors use the mean of the two surrounding ONS annual averages for calendar years 2013 and 2014.,180541000,180541000.0,218337258.35,289957873.05,255231353.32299998,308664037.14117,409914315.0044041,34801000,34801000.0,42086589.349999994,55892146.05,49198278.103,59497937.62386304,79014894.54732314,89512000,89512000.0,108251337.19999999,143760747.6,126543382.93599999,153035240.15365157,203235000.1643628,56228000,56228000.0,67999331.8,90304979.4,79489692.284,96130859.36365539,127664420.2927182,124313000.0,124313000.0,150337926.54999998,199652893.65,175741661.039,212533177.7775146,282249894.71168596,100400000,100400000.0,121418739.99999999,161247420.0,141935781.2,171650036.99421996,227955961.39626,0.5561063691903778,-3158000.0,-3158000.0,-3819127.3,-5071905.9,-4464474.074,-5399111.7213918995,-7170168.5865477,80030000.0,80030000.0,218337258.35,180541000.0,289957873.05,255231353.32299998,308664037.14117,409914315.0044041,42086589.349999994,34801000.0,55892146.05,49198278.103,59497937.62386304,79014894.54732314,108251337.19999999,89512000.0,143760747.6,126543382.93599999,153035240.15365157,203235000.1643628,67999331.8,56228000.0,90304979.4,79489692.284,96130859.36365539,127664420.2927182,,121418739.99999999,161247420.0,141935781.2,171650036.99421996,227955961.39626,96784280.5,128532181.5,113138651.08999999,136824227.6956915,181706330.58309448,0.19275953938440576,0.49579873823674403,0.31144172237885026,high,True,https://find-and-update.company-information.service.gov.uk/company/01706358/filing-history/MzEyMTAxOTUyNmFkaXF6a2N4/document?format=pdf&download=0,Group of companies accounts made up to 30 June 2014,"Values in the annual report were disclosed in GBP thousands and have been converted here into full GBP amounts by multiplying by 1,000."
tottenham_hotspur,Tottenham Hotspur,2014/15,2015-06-30,GBP,1.30965,1.212652,1.58815,1.4031,2025/26 prices,True,"ONS average sterling exchange rates: THAP (GBP/EUR) and AUSS (GBP/USD), UK trade time series (MRET), accessed 2026-08-11","ONS CPI INDEX 00: ALL ITEMS 2015=100 (D7BT), accessed 2026-08-11",Season factors use the mean of the two surrounding ONS annual averages for calendar years 2014 and 2015.,196377000,196377000.0,257185138.04999998,311876132.55,275536568.7,360856467.19795495,437593401.580905,41248000,41248000.0,54020443.199999996,65508011.199999996,57875068.8,75796083.85392,91914290.51472,95261000,95261000.0,124758568.64999999,151288757.15,133660709.1,175048747.672815,212273255.15716502,59868000,59868000.0,78406126.2,95079364.2,84000790.8,110011635.67122,133405855.90902,136509000.0,136509000.0,178779011.85,216796768.35,191535777.9,250844831.526735,304187545.671885,100832000,100832000.0,132054628.8,160136340.79999998,141477379.2,185285849.66928,224687299.77648,0.5134613523987025,20812000.0,20812000.0,27256435.8,33052577.8,29201317.2,38243505.070980005,46376071.911180004,12053000.0,12053000.0,257185138.04999998,196377000.0,311876132.55,275536568.7,360856467.19795495,437593401.580905,54020443.199999996,41248000.0,65508011.199999996,57875068.8,75796083.85392,91914290.51472,124758568.64999999,95261000.0,151288757.15,133660709.1,175048747.672815,212273255.15716502,78406126.2,59868000.0,95079364.2,84000790.8,110011635.67122,133405855.90902,,132054628.8,160136340.79999998,141477379.2,185285849.66928,224687299.77648,15785211.45,19141971.95,16911564.3,22148230.185495,26858100.843045,0.21004496453250635,0.485092449726801,0.30486258574069264,high,True,https://find-and-update.company-information.service.gov.uk/company/01706358/filing-history/MzE0NTY1NDc5MGFkaXF6a2N4/document?format=pdf&download=0,Group of companies accounts made up to 30 June 2015,"Values in the annual report were disclosed in GBP thousands and have been converted here into full GBP amounts by multiplying by 1,000. The report states that prior-year revenue was re-analysed to align with common industry practice."
tottenham_hotspur,Tottenham Hotspur,2015/16,2016-06-30,GBP,1.30075,1.10813,1.4414,1.398206,2025/26 prices,True,"ONS average sterling exchange rates: THAP (GBP/EUR) and AUSS (GBP/USD), UK trade time series (MRET), accessed 2026-08-11","ONS CPI INDEX 00: ALL ITEMS 2015=100 (D7BT), accessed 2026-08-11",Season factors use the mean of the two surrounding ONS annual averages for calendar years 2015 and 2016.,209770000,209770000.0,272858327.5,302362478.0,293301672.62,381512150.660465,422765030.914468,40782000,40782000.0,53047186.5,58783174.8,57021637.092,74170894.447419,82190987.7044088,110354000,110354000.0,143542965.5,159064255.6,154297624.924,200702635.619893,222404596.5654536,58634000,58634000.0,76268175.5,84515047.6,81982410.604,106638620.593153,118169446.64460559,151136000.0,151136000.0,196590152.0,217847430.4,211319262.016,274873530.067312,304595584.2698624,100042000,100042000.0,130129631.5,144200538.8,139879324.652,181948031.541089,201622058.55339283,0.47691280926729274,-47560000.0,-47560000.0,-61863670.0,-68552984.0,-66498677.36,-86498154.57602,-95851193.54670401,38450000.0,38450000.0,272858327.5,209770000.0,302362478.0,293301672.62,381512150.660465,422765030.914468,53047186.5,40782000.0,58783174.8,57021637.092,74170894.447419,82190987.7044088,143542965.5,110354000.0,159064255.6,154297624.924,200702635.619893,222404596.5654536,76268175.5,58634000.0,84515047.6,81982410.604,106638620.593153,118169446.64460559,,130129631.5,144200538.8,139879324.652,181948031.541089,201622058.55339283,50013837.5,55421830.0,53761020.7,69929647.67552501,77491135.23698,0.19441292844544025,0.5260714115459789,0.2795156600085808,high,True,https://find-and-update.company-information.service.gov.uk/company/01706358/filing-history/MzE3Mjk1Mjk2OWFkaXF6a2N4/document?format=pdf&download=0,Group of companies accounts made up to 30 June 2016,"Values in the annual report were disclosed in GBP thousands and have been converted here into full GBP amounts by multiplying by 1,000."
tottenham_hotspur,Tottenham Hotspur,2016/17,2017-06-30,GBP,1.1823,1.117737,1.3215,1.374914,2025/26 prices,True,"ONS average sterling exchange rates: THAP (GBP/EUR) and AUSS (GBP/USD), UK trade time series (MRET), accessed 2026-08-11","ONS CPI INDEX 00: ALL ITEMS 2015=100 (D7BT), accessed 2026-08-11",Season factors use the mean of the two surrounding ONS annual averages for calendar years 2016 and 2017.,306321000,306321000.0,362163318.29999995,404803201.49999994,421165031.394,497943416.6171261,556569588.9871709,45336000,45336000.0,53600752.8,59911523.99999999,62333101.104,73696425.4352592,82373193.10893598,188179000,188179000.0,222484031.7,248678548.49999997,258729941.606,305896409.96077377,341911617.832329,72806000,72806000.0,86078533.8,96213128.99999999,100101988.684,118350581.2210932,132284778.04590598,233515000.0,233515000.0,276084784.5,308590072.5,321063042.71,379592835.396033,424284810.941265,126915000,126915000.0,150051604.5,167718172.5,174497210.31,206308051.749513,230598063.424665,0.41432027187166404,-14565000.0,-14565000.0,-17220199.5,-19247647.5,-20025622.41,-23676293.375343,-26463860.014815,57886000.0,57886000.0,362163318.29999995,306321000.0,404803201.49999994,421165031.394,497943416.6171261,556569588.9871709,53600752.8,45336000.0,59911523.99999999,62333101.104,73696425.4352592,82373193.10893598,222484031.7,188179000.0,248678548.49999997,258729941.606,305896409.96077377,341911617.832329,86078533.8,72806000.0,96213128.99999999,100101988.684,118350581.2210932,132284778.04590598,,150051604.5,167718172.5,174497210.31,206308051.749513,230598063.424665,68438617.8,76496349.0,79588271.804,94097213.75386919,105175901.188986,0.14800160615824576,0.6143196189618081,0.2376787748799462,high,True,https://find-and-update.company-information.service.gov.uk/company/01706358/filing-history/MzIwMTg0ODMyMmFkaXF6a2N4/document?format=pdf&download=0,Group of companies accounts made up to 30 June 2017,"Values in the annual report were disclosed in GBP thousands and have been converted here into full GBP amounts by multiplying by 1,000."
tottenham_hotspur,Tottenham Hotspur,2017/18,2018-06-30,GBP,1.1359,1.154943,1.3119,1.340755,2025/26 prices,True,"ONS average sterling exchange rates: THAP (GBP/EUR) and AUSS (GBP/USD), UK trade time series (MRET), accessed 2026-08-11","ONS CPI INDEX 00: ALL ITEMS 2015=100 (D7BT), accessed 2026-08-11",Season factors use the mean of the two surrounding ONS annual averages for calendar years 2017 and 2018.,380697000,380697000.0,432433722.29999995,499436394.3,510421406.23499995,579787675.3423364,669621842.8396965,70951000,70951000.0,80593240.89999999,93080616.9,95127908.005,108055790.70287949,124798302.5117595,200695000,200695000.0,227969450.49999997,263291770.5,269082824.72499996,305651180.60512745,353009757.75672746,109051000,109051000.0,123871030.89999999,143064006.9,146210673.505,166080704.03432947,191813782.5712095,271646000.0,271646000.0,308562691.4,356372387.40000004,364210732.72999996,413706971.30800694,477808060.26848704,147606000,147606000.0,167665655.39999998,193644311.4,197903482.53,224798565.80582696,259629578.731107,0.3877256715970969,365700000.0,365700000.0,415398629.99999994,479761830.0,490314103.5,556947790.1656499,643243072.38165,138909000.0,138909000.0,432433722.29999995,380697000.0,499436394.3,510421406.23499995,579787675.3423364,669621842.8396965,80593240.89999999,70951000.0,93080616.9,95127908.005,108055790.70287949,124798302.5117595,227969450.49999997,200695000.0,263291770.5,269082824.72499996,305651180.60512745,353009757.75672746,123871030.89999999,109051000.0,143064006.9,146210673.505,166080704.03432947,191813782.5712095,,167665655.39999998,193644311.4,197903482.53,224798565.80582696,259629578.731107,157786733.1,182234717.10000002,186242936.295,211553351.33749047,244332108.12541053,0.18637131366940113,0.5271777818054778,0.286450904525121,high,True,https://find-and-update.company-information.service.gov.uk/company/01706358/filing-history/MzIzMTA1ODEzMmFkaXF6a2N4/document?format=pdf&download=0,2017 18 group of companies accounts made up to 30 june 2018,"Values in the annual report were disclosed in GBP thousands and have been converted here into full GBP amounts by multiplying by 1,000."
tottenham_hotspur,Tottenham Hotspur,2018/19,2019-06-30,GBP,1.1355,1.149978,1.3058,1.313149,2025/26 prices,True,"ONS average sterling exchange rates: THAP (GBP/EUR) and AUSS (GBP/USD), UK trade time series (MRET), accessed 2026-08-11","ONS CPI INDEX 00: ALL ITEMS 2015=100 (D7BT), accessed 2026-08-11",Season factors use the mean of the two surrounding ONS annual averages for calendar years 2018 and 2019.,460695000,460695000.0,523119172.5,601575531.0,604961178.555,686933418.2492025,789958306.957119,81675000,81675000.0,92741962.5,106651215.0,107251444.57499999,121784015.3149125,140048936.326035,243861000,243861000.0,276904165.5,318433693.8,320225828.289,363616428.02215946,418150886.57977617,135159000,135159000.0,153473044.5,176490622.20000002,177483905.69099998,201532974.91213048,231758484.0513078,325536000.0,325536000.0,369646128.0,425084908.8,427477272.86399996,485400443.33707196,558199822.9058112,178602000,178602000.0,202802571.0,233218491.60000002,234531037.69799998,266309993.30607897,306250629.0260484,0.38767948425748056,534300000.0,534300000.0,606697650.0,697688940.0,701615510.6999999,796684412.3998499,916169533.87206,87356000.0,87356000.0,523119172.5,460695000.0,601575531.0,604961178.555,686933418.2492025,789958306.957119,92741962.5,81675000.0,106651215.0,107251444.57499999,121784015.3149125,140048936.326035,276904165.5,243861000.0,318433693.8,320225828.289,363616428.02215946,418150886.57977617,153473044.5,135159000.0,176490622.20000002,177483905.69099998,201532974.91213048,231758484.0513078,,202802571.0,233218491.60000002,234531037.69799998,266309993.30607897,306250629.0260484,99192738.0,114069464.80000001,114711444.04399998,130254844.71196198,149790203.6326552,0.17728649106241656,0.5293328557939635,0.29338065314361994,high,True,https://find-and-update.company-information.service.gov.uk/company/01706358/filing-history/MzI2MDc0Mzc4NWFkaXF6a2N4/document?format=pdf&download=0,2018 19 group of companies accounts made up to 30 june 2019,"Values in the annual report were disclosed in GBP thousands and have been converted here into full GBP amounts by multiplying by 1,000."
tottenham_hotspur,Tottenham Hotspur,2019/20,2020-06-30,GBP,1.13275,1.130126,1.28015,1.296166,2025/26 prices,True,"ONS average sterling exchange rates: THAP (GBP/EUR) and AUSS (GBP/USD), UK trade time series (MRET), accessed 2026-08-11","ONS CPI INDEX 00: ALL ITEMS 2015=100 (D7BT), accessed 2026-08-11",Season factors use the mean of the two surrounding ONS annual averages for calendar years 2019 and 2020.,391862000,391862000.0,443881680.49999994,501642139.29999995,507918201.09199995,575344342.2869629,650211485.1279237,94526000,94526000.0,107074326.5,121007458.89999999,122521387.316,138786101.48219898,156845753.9725774,146359000,146359000.0,165788157.25,187361473.85,189705559.59399998,214888972.6301035,242851572.11425906,161501000,161501000.0,182940257.75,206745505.14999998,209332105.16599998,237120942.1267865,267976494.42825484,240885000.0,240885000.0,272862483.75,308368932.75,312226946.90999997,353675074.1123025,399697326.08683646,181280000,181280000.0,205344920.0,232065591.99999997,234968972.48,266161103.57672,300795530.1202719,0.46261183784087256,604600000.0,604600000.0,684860650.0,773978689.9999999,783661963.5999999,887693089.2679,1003204862.7025398,-67724000.0,-67724000.0,443881680.49999994,391862000.0,501642139.29999995,507918201.09199995,575344342.2869629,650211485.1279237,107074326.5,94526000.0,121007458.89999999,122521387.316,138786101.48219898,156845753.9725774,165788157.25,146359000.0,187361473.85,189705559.59399998,214888972.6301035,242851572.11425906,182940257.75,161501000.0,206745505.14999998,209332105.16599998,237120942.1267865,267976494.42825484,,205344920.0,232065591.99999997,234968972.48,266161103.57672,300795530.1202719,-76714361.0,-86696878.6,-87781546.184,-99434546.439926,-112373546.34744759,0.2412226753295803,0.37349628185432626,0.41213743613823234,high,True,https://find-and-update.company-information.service.gov.uk/company/01706358/filing-history/MzI4NTE2NTkzNWFkaXF6a2N4/document?format=pdf&download=0,2019 20 group of companies accounts made up to 30 june 2020,"Values in the annual report were disclosed in GBP thousands and have been converted here into full GBP amounts by multiplying by 1,000."
tottenham_hotspur,Tottenham Hotspur,2020/21,2021-06-30,GBP,1.14415,1.162173,1.3297,1.273808,2025/26 prices,True,"ONS average sterling exchange rates: THAP (GBP/EUR) and AUSS (GBP/USD), UK trade time series (MRET), accessed 2026-08-11","ONS CPI INDEX 00: ALL ITEMS 2015=100 (D7BT), accessed 2026-08-11",Season factors use the mean of the two surrounding ONS annual averages for calendar years 2020 and 2021.,360405000,360405000.0,412357380.75,479230528.50000006,459086772.24,525264130.458396,610447681.0475281,1900000,1900000.0,2173885.0,2526430.0,2420235.2,2769112.10408,3218186.74544,208057000,208057000.0,238048416.55,276653392.90000004,265024671.05600002,303227977.3887224,352403305.10316324,151915000,151915000.0,173813547.25,202001375.50000003,193510542.32000002,221405086.995428,257310968.12290406,209957000.0,209957000.0,240222301.55,279179822.90000004,267444906.256,305997089.49280244,355621491.84860325,204875000,204875000.0,234407731.25,272422287.5,260971414.0,298590443.3281,347013689.1958,0.568457707301508,706281000.0,706281000.0,808091406.15,939141845.7,899666388.048,1029353297.8851192,1196286396.1874256,-80189000.0,-80189000.0,412357380.75,360405000.0,479230528.50000006,459086772.24,525264130.458396,610447681.0475281,2173885.0,1900000.0,2526430.0,2420235.2,2769112.10408,3218186.74544,238048416.55,208057000.0,276653392.90000004,265024671.05600002,303227977.3887224,352403305.10316324,173813547.25,151915000.0,202001375.50000003,193510542.32000002,221405086.995428,257310968.12290406,,234407731.25,272422287.5,260971414.0,298590443.3281,347013689.1958,-91748244.35,-106627313.30000001,-102145389.712,-116869647.6389848,-135822724.70004642,0.005271846949959074,0.5772866636145447,0.4215119102121225,high,True,https://find-and-update.company-information.service.gov.uk/company/01706358/filing-history/MzMyMTM0NDgyNWFkaXF6a2N4/document?format=pdf&download=0,2020 21 group of companies accounts made up to 30 june 2021,"Values in the annual report were disclosed in GBP thousands and have been converted here into full GBP amounts by multiplying by 1,000."
tottenham_hotspur,Tottenham Hotspur,2021/22,2022-06-30,GBP,1.16825,1.117869,1.30595,1.202829,2025/26 prices,True,"ONS average sterling exchange rates: THAP (GBP/EUR) and AUSS (GBP/USD), UK trade time series (MRET), accessed 2026-08-11","ONS CPI INDEX 00: ALL ITEMS 2015=100 (D7BT), accessed 2026-08-11",Season factors use the mean of the two surrounding ONS annual averages for calendar years 2021 and 2022.,443415000,443415000.0,518019573.75,579077819.25,533352421.03499997,623088965.8741387,696531594.2506582,106142000,106142000.0,124000391.5,138616144.9,127670675.718,149151266.9075535,166731518.9539221,154391000,154391000.0,180367285.75,201626926.45,185705972.139,216951001.95138675,242522714.314927,183495000,183495000.0,214368033.75,239635295.25,220713107.355,257848087.66747874,288240282.5502622,260533000.0,260533000.0,304367677.25,340243071.34999996,313376647.857,366102268.85894024,409254233.2688491,209180000,209180000.0,244374535.0,273178621.0,251607770.22,293940777.559515,328587167.51880896,0.4717476855767171,626100000.0,626100000.0,731441325.0,817655295.0,753091236.9,879798837.508425,983499500.8295549,-61328000.0,-61328000.0,518019573.75,443415000.0,579077819.25,533352421.03499997,623088965.8741387,696531594.2506582,124000391.5,106142000.0,138616144.9,127670675.718,149151266.9075535,166731518.9539221,180367285.75,154391000.0,201626926.45,185705972.139,216951001.95138675,242522714.314927,214368033.75,183495000.0,239635295.25,220713107.355,257848087.66747874,288240282.5502622,,244374535.0,273178621.0,251607770.22,293940777.559515,328587167.51880896,-71646436.0,-80091301.6,-73767096.912,-86178410.96744399,-96336140.21222639,0.23937394991148248,0.348186236369992,0.413822265823213,high,True,https://resources.thfc.pulselive.com/thfc/document/2026/04/02/7347ba67-221e-4361-9c7d-df768809a901/AR-2022.pdf,2021 22 annual report 2022,"Values in the annual report were disclosed in GBP thousands and have been converted here into full GBP amounts by multiplying by 1,000."
tottenham_hotspur,Tottenham Hotspur,2022/23,2023-06-30,GBP,1.1616,1.067321,1.2398,1.112688,2025/26 prices,True,"ONS average sterling exchange rates: THAP (GBP/EUR) and AUSS (GBP/USD), UK trade time series (MRET), accessed 2026-08-11","ONS CPI INDEX 00: ALL ITEMS 2015=100 (D7BT), accessed 2026-08-11",Season factors use the mean of the two surrounding ONS annual averages for calendar years 2022 and 2023.,549633000,549633000.0,638453692.8,681434993.4,611570043.504,710399762.5342463,758224539.9362592,117598000,117598000.0,136601836.79999998,145798000.4,130849883.424,151995224.58531836,162227685.4690752,204285000,204285000.0,237297456.0,253272543.0,227305468.07999998,264038031.72172797,281813319.325584,227750000,227750000.0,264554400.0,282364450.0,253414691.99999997,294366506.2272,314183535.14159995,321883000.0,321883000.0,373899292.8,399070543.4,358155351.50399995,416033256.30704635,444041004.79465914,251121000,251121000.0,291702153.59999996,311339815.8,279419323.24799997,324573485.8848767,346424076.96287036,0.4568885056028295,677400000.0,677400000.0,786867840.0,839840520.0,753734851.1999999,875538403.1539199,934480468.5177599,-94674000.0,-94674000.0,638453692.8,549633000.0,681434993.4,611570043.504,710399762.5342463,758224539.9362592,136601836.79999998,117598000.0,145798000.4,130849883.424,151995224.58531836,162227685.4690752,237297456.0,204285000.0,253272543.0,227305468.07999998,264038031.72172797,281813319.325584,264554400.0,227750000.0,282364450.0,253414691.99999997,294366506.2272,314183535.14159995,,291702153.59999996,311339815.8,279419323.24799997,324573485.8848767,346424076.96287036,-109973318.39999999,-117376825.2,-105342623.712,-122365991.70385918,-130603784.87813759,0.21395731333453413,0.37167528150602314,0.41436740515944276,high,True,https://resources.thfc.pulselive.com/thfc/document/2026/04/02/f87e2b63-8d10-4c8c-9d87-a0d00821dea3/AR-2023.pdf,2022 23 annual report 2023,"Values in the annual report were disclosed in GBP thousands and have been converted here into full GBP amounts by multiplying by 1,000."
tottenham_hotspur,Tottenham Hotspur,2023/24,2024-06-30,GBP,1.16575,1.081578,1.26085,1.061346,2025/26 prices,True,"ONS average sterling exchange rates: THAP (GBP/EUR) and AUSS (GBP/USD), UK trade time series (MRET), accessed 2026-08-11","ONS CPI INDEX 00: ALL ITEMS 2015=100 (D7BT), accessed 2026-08-11",Season factors use the mean of the two surrounding ONS annual averages for calendar years 2023 and 2024.,517763000,517763000.0,603582217.25,652821478.5500001,549525688.9979999,640609571.9494184,692869464.9731283,105847000,105847000.0,123391140.25,133457189.95,112340290.06199999,130960693.13977648,141644254.72467268,167172000,167172000.0,194880759.0,210778816.20000002,177427333.512,206835914.04161397,223709253.4586052,244744000,244744000.0,285310318.0,308585472.40000004,259758065.42399997,302812964.76802796,327515956.7898504,273019000.0,273019000.0,318271899.25,344236006.15000004,289767623.574,337796607.18139046,365353508.1832779,221929000,221929000.0,258713731.75,279819179.65,235543456.434,274584784.33793545,296984967.04480886,0.4286304737882004,772500000.0,772500000.0,900541875.0,974006625.0,819889784.9999999,955786516.8637499,1033758035.4172499,-26030000.0,-26030000.0,603582217.25,517763000.0,652821478.5500001,549525688.9979999,640609571.9494184,692869464.9731283,123391140.25,105847000.0,133457189.95,112340290.06199999,130960693.13977648,141644254.72467268,194880759.0,167172000.0,210778816.20000002,177427333.512,206835914.04161397,223709253.4586052,285310318.0,244744000.0,308585472.40000004,259758065.42399997,302812964.76802796,327515956.7898504,,258713731.75,279819179.65,235543456.434,274584784.33793545,296984967.04480886,-30344472.5,-32819925.5,-27626836.38,-32205984.509984996,-34833296.64972299,0.204431371109948,0.3228735927441706,0.47269503614588143,high,True,https://resources.thfc.pulselive.com/thfc/document/2026/04/02/9a0ff60a-6e59-4bce-844b-6091a6273e9b/AR-2024.pdf,2023 24 annual report 2024,"Values in the annual report were disclosed in GBP thousands and have been converted here into full GBP amounts by multiplying by 1,000."
tottenham_hotspur,Tottenham Hotspur,2024/25,2025-06-30,GBP,1.1744,1.105586,1.2984,1.030555,2025/26 prices,True,"ONS average sterling exchange rates: THAP (GBP/EUR) and AUSS (GBP/USD), UK trade time series (MRET), accessed 2026-08-11","ONS CPI INDEX 00: ALL ITEMS 2015=100 (D7BT), accessed 2026-08-11",Season factors use the mean of the two surrounding ONS annual averages for calendar years 2024 and 2025.,564881000,564881000.0,663396246.4000001,733441490.4,582140938.955,683666318.7087522,755851795.1391721,126473000,126473000.0,148529891.20000002,164212543.2,130337382.51500002,153068222.02561602,169230057.45747602,161709000,161709000.0,189911049.60000002,209962965.6,166650018.495,195713781.72052804,216378384.01390803,276699000,276699000.0,324955305.6,359265981.6,285153537.94500005,334884314.96260804,370243353.6677881,288182000.0,288182000.0,338440940.8,374175508.8,296987401.01000005,348782003.74614406,385608441.47138405,255811000,255811000.0,300424438.40000004,332145002.4,263627305.10500002,309603907.1153121,342293692.948332,0.4528582126146923,831200000.0,831200000.0,976161280.0000001,1079230080.0,856597316.0000001,1005987887.9104003,1112205955.0944002,-120628000.0,-120628000.0,663396246.4000001,564881000.0,733441490.4,582140938.955,683666318.7087522,755851795.1391721,148529891.20000002,126473000.0,164212543.2,130337382.51500002,153068222.02561602,169230057.45747602,189911049.60000002,161709000.0,209962965.6,166650018.495,195713781.72052804,216378384.01390803,324955305.6,276699000.0,359265981.6,285153537.94500005,334884314.96260804,370243353.6677881,,300424438.40000004,332145002.4,263627305.10500002,309603907.1153121,342293692.948332,-141665523.20000002,-156623395.2,-124313788.54,-145994113.26137602,-161409023.040336,0.2238931739605333,0.28627091369686714,0.4898359123425996,high,True,https://resources.thfc.pulselive.com/thfc/document/2026/04/02/7909b5bc-9c0d-439a-bca9-c2f27b9c9f4d/AR-2025.pdf,2024 25 annual report 2025,"Values in the annual report were disclosed in GBP thousands and have been converted here into full GBP amounts by multiplying by 1,000."
