league_key,league_name,club_id,club_name,achievement_season_label,assigned_season,assigned_season_start_year,assigned_season_end_year,achievement_name,achievement_category,achievement_result,is_major_trophy,assignment_method,assignment_confidence,source_name,source_endpoint,collected_at_utc,notes
premier_league,Premier League,arsenal,Arsenal,1903/04,1903/04,1903,1904,Promoted to 1st league,other,other,False,season_label_preserved,medium,transfermarkt_achievements_page,https://www.transfermarkt.com/arsenal/erfolge/verein/11,2026-04-28T07:46:00.357727+00:00,Assigned season derived from achievement season label '1903/04' using method 'season_label_preserved'.
premier_league,Premier League,arsenal,Arsenal,1912/13,1912/13,1912,1913,Relegated from 1st league,other,other,False,season_label_preserved,medium,transfermarkt_achievements_page,https://www.transfermarkt.com/arsenal/erfolge/verein/11,2026-04-28T07:46:00.357727+00:00,Assigned season derived from achievement season label '1912/13' using method 'season_label_preserved'.
premier_league,Premier League,arsenal,Arsenal,1914/15,1914/15,1914,1915,Promoted to 1st league,other,other,False,season_label_preserved,medium,transfermarkt_achievements_page,https://www.transfermarkt.com/arsenal/erfolge/verein/11,2026-04-28T07:46:00.357727+00:00,Assigned season derived from achievement season label '1914/15' using method 'season_label_preserved'.
premier_league,Premier League,arsenal,Arsenal,1926/27,1926/27,1926,1927,FA Cup Runner up,fa_cup,runner_up,False,season_label_preserved,medium,transfermarkt_achievements_page,https://www.transfermarkt.com/arsenal/erfolge/verein/11,2026-04-28T07:46:00.357727+00:00,Assigned season derived from achievement season label '1926/27' using method 'season_label_preserved'.
premier_league,Premier League,arsenal,Arsenal,1929/30,1929/30,1929,1930,FA Cup Winner,fa_cup,winner,True,season_label_preserved,medium,transfermarkt_achievements_page,https://www.transfermarkt.com/arsenal/erfolge/verein/11,2026-04-28T07:46:00.357727+00:00,Assigned season derived from achievement season label '1929/30' using method 'season_label_preserved'.
premier_league,Premier League,arsenal,Arsenal,30/31,1930/31,1930,1931,English Champion,league_title,winner,True,season_label_expanded_fallback,medium,transfermarkt_achievements_page,https://www.transfermarkt.com/arsenal/erfolge/verein/11,2026-04-28T07:46:00.357727+00:00,Assigned season derived from achievement season label '30/31' using method 'season_label_expanded_fallback'.
premier_league,Premier League,arsenal,Arsenal,30/31,1930/31,1930,1931,English Supercup Winner,super_cup,winner,True,season_label_expanded_fallback,medium,transfermarkt_achievements_page,https://www.transfermarkt.com/arsenal/erfolge/verein/11,2026-04-28T07:46:00.357727+00:00,Assigned season derived from achievement season label '30/31' using method 'season_label_expanded_fallback'.
premier_league,Premier League,arsenal,Arsenal,31/32,1931/32,1931,1932,English Supercup Winner,super_cup,winner,True,season_label_expanded_fallback,medium,transfermarkt_achievements_page,https://www.transfermarkt.com/arsenal/erfolge/verein/11,2026-04-28T07:46:00.357727+00:00,Assigned season derived from achievement season label '31/32' using method 'season_label_expanded_fallback'.
premier_league,Premier League,arsenal,Arsenal,31/32,1931/32,1931,1932,FA Cup Runner up,fa_cup,runner_up,False,season_label_expanded_fallback,medium,transfermarkt_achievements_page,https://www.transfermarkt.com/arsenal/erfolge/verein/11,2026-04-28T07:46:00.357727+00:00,Assigned season derived from achievement season label '31/32' using method 'season_label_expanded_fallback'.
premier_league,Premier League,arsenal,Arsenal,32/33,1932/33,1932,1933,English Champion,league_title,winner,True,season_label_expanded_fallback,medium,transfermarkt_achievements_page,https://www.transfermarkt.com/arsenal/erfolge/verein/11,2026-04-28T07:46:00.357727+00:00,Assigned season derived from achievement season label '32/33' using method 'season_label_expanded_fallback'.
premier_league,Premier League,arsenal,Arsenal,33/34,1933/34,1933,1934,English Champion,league_title,winner,True,season_label_expanded_fallback,medium,transfermarkt_achievements_page,https://www.transfermarkt.com/arsenal/erfolge/verein/11,2026-04-28T07:46:00.357727+00:00,Assigned season derived from achievement season label '33/34' using method 'season_label_expanded_fallback'.
premier_league,Premier League,arsenal,Arsenal,33/34,1933/34,1933,1934,English Supercup Winner,super_cup,winner,True,season_label_expanded_fallback,medium,transfermarkt_achievements_page,https://www.transfermarkt.com/arsenal/erfolge/verein/11,2026-04-28T07:46:00.357727+00:00,Assigned season derived from achievement season label '33/34' using method 'season_label_expanded_fallback'.
premier_league,Premier League,arsenal,Arsenal,34/35,1934/35,1934,1935,English Champion,league_title,winner,True,season_label_expanded_fallback,medium,transfermarkt_achievements_page,https://www.transfermarkt.com/arsenal/erfolge/verein/11,2026-04-28T07:46:00.357727+00:00,Assigned season derived from achievement season label '34/35' using method 'season_label_expanded_fallback'.
premier_league,Premier League,arsenal,Arsenal,34/35,1934/35,1934,1935,English Supercup Winner,super_cup,winner,True,season_label_expanded_fallback,medium,transfermarkt_achievements_page,https://www.transfermarkt.com/arsenal/erfolge/verein/11,2026-04-28T07:46:00.357727+00:00,Assigned season derived from achievement season label '34/35' using method 'season_label_expanded_fallback'.
premier_league,Premier League,arsenal,Arsenal,35/36,1935/36,1935,1936,FA Cup Winner,fa_cup,winner,True,season_label_expanded_fallback,medium,transfermarkt_achievements_page,https://www.transfermarkt.com/arsenal/erfolge/verein/11,2026-04-28T07:46:00.357727+00:00,Assigned season derived from achievement season label '35/36' using method 'season_label_expanded_fallback'.
premier_league,Premier League,arsenal,Arsenal,37/38,1937/38,1937,1938,English Champion,league_title,winner,True,season_label_expanded_fallback,medium,transfermarkt_achievements_page,https://www.transfermarkt.com/arsenal/erfolge/verein/11,2026-04-28T07:46:00.357727+00:00,Assigned season derived from achievement season label '37/38' using method 'season_label_expanded_fallback'.
premier_league,Premier League,arsenal,Arsenal,38/39,1938/39,1938,1939,English Supercup Winner,super_cup,winner,True,season_label_expanded_fallback,medium,transfermarkt_achievements_page,https://www.transfermarkt.com/arsenal/erfolge/verein/11,2026-04-28T07:46:00.357727+00:00,Assigned season derived from achievement season label '38/39' using method 'season_label_expanded_fallback'.
premier_league,Premier League,arsenal,Arsenal,47/48,1947/48,1947,1948,English Champion,league_title,winner,True,season_label_expanded_fallback,medium,transfermarkt_achievements_page,https://www.transfermarkt.com/arsenal/erfolge/verein/11,2026-04-28T07:46:00.357727+00:00,Assigned season derived from achievement season label '47/48' using method 'season_label_expanded_fallback'.
premier_league,Premier League,arsenal,Arsenal,48/49,1948/49,1948,1949,English Supercup Winner,super_cup,winner,True,season_label_expanded_fallback,medium,transfermarkt_achievements_page,https://www.transfermarkt.com/arsenal/erfolge/verein/11,2026-04-28T07:46:00.357727+00:00,Assigned season derived from achievement season label '48/49' using method 'season_label_expanded_fallback'.
premier_league,Premier League,arsenal,Arsenal,49/50,1949/50,1949,1950,FA Cup Winner,fa_cup,winner,True,season_label_expanded_fallback,medium,transfermarkt_achievements_page,https://www.transfermarkt.com/arsenal/erfolge/verein/11,2026-04-28T07:46:00.357727+00:00,Assigned season derived from achievement season label '49/50' using method 'season_label_expanded_fallback'.
premier_league,Premier League,arsenal,Arsenal,51/52,1951/52,1951,1952,FA Cup Runner up,fa_cup,runner_up,False,season_label_expanded_fallback,medium,transfermarkt_achievements_page,https://www.transfermarkt.com/arsenal/erfolge/verein/11,2026-04-28T07:46:00.357727+00:00,Assigned season derived from achievement season label '51/52' using method 'season_label_expanded_fallback'.
premier_league,Premier League,arsenal,Arsenal,52/53,1952/53,1952,1953,English Champion,league_title,winner,True,season_label_expanded_fallback,medium,transfermarkt_achievements_page,https://www.transfermarkt.com/arsenal/erfolge/verein/11,2026-04-28T07:46:00.357727+00:00,Assigned season derived from achievement season label '52/53' using method 'season_label_expanded_fallback'.
premier_league,Premier League,arsenal,Arsenal,53/54,1953/54,1953,1954,English Supercup Winner,super_cup,winner,True,season_label_expanded_fallback,medium,transfermarkt_achievements_page,https://www.transfermarkt.com/arsenal/erfolge/verein/11,2026-04-28T07:46:00.357727+00:00,Assigned season derived from achievement season label '53/54' using method 'season_label_expanded_fallback'.
premier_league,Premier League,arsenal,Arsenal,67/68,1967/68,1967,1968,English League Cup runner-up,league_cup,other,False,season_label_expanded_fallback,medium,transfermarkt_achievements_page,https://www.transfermarkt.com/arsenal/erfolge/verein/11,2026-04-28T07:46:00.357727+00:00,Assigned season derived from achievement season label '67/68' using method 'season_label_expanded_fallback'.
premier_league,Premier League,arsenal,Arsenal,68/69,1968/69,1968,1969,English League Cup runner-up,league_cup,other,False,season_label_expanded_fallback,medium,transfermarkt_achievements_page,https://www.transfermarkt.com/arsenal/erfolge/verein/11,2026-04-28T07:46:00.357727+00:00,Assigned season derived from achievement season label '68/69' using method 'season_label_expanded_fallback'.
premier_league,Premier League,arsenal,Arsenal,69/70,1969/70,1969,1970,Inter-Cities Fairs Cup winner,other,winner,True,season_label_expanded_fallback,medium,transfermarkt_achievements_page,https://www.transfermarkt.com/arsenal/erfolge/verein/11,2026-04-28T07:46:00.357727+00:00,Assigned season derived from achievement season label '69/70' using method 'season_label_expanded_fallback'.
premier_league,Premier League,arsenal,Arsenal,70/71,1970/71,1970,1971,English Champion,league_title,winner,True,season_label_expanded_fallback,medium,transfermarkt_achievements_page,https://www.transfermarkt.com/arsenal/erfolge/verein/11,2026-04-28T07:46:00.357727+00:00,Assigned season derived from achievement season label '70/71' using method 'season_label_expanded_fallback'.
premier_league,Premier League,arsenal,Arsenal,70/71,1970/71,1970,1971,FA Cup Winner,fa_cup,winner,True,season_label_expanded_fallback,medium,transfermarkt_achievements_page,https://www.transfermarkt.com/arsenal/erfolge/verein/11,2026-04-28T07:46:00.357727+00:00,Assigned season derived from achievement season label '70/71' using method 'season_label_expanded_fallback'.
premier_league,Premier League,arsenal,Arsenal,71/72,1971/72,1971,1972,FA Cup Runner up,fa_cup,runner_up,False,season_label_expanded_fallback,medium,transfermarkt_achievements_page,https://www.transfermarkt.com/arsenal/erfolge/verein/11,2026-04-28T07:46:00.357727+00:00,Assigned season derived from achievement season label '71/72' using method 'season_label_expanded_fallback'.
premier_league,Premier League,arsenal,Arsenal,77/78,1977/78,1977,1978,FA Cup Runner up,fa_cup,runner_up,False,season_label_expanded_fallback,medium,transfermarkt_achievements_page,https://www.transfermarkt.com/arsenal/erfolge/verein/11,2026-04-28T07:46:00.357727+00:00,Assigned season derived from achievement season label '77/78' using method 'season_label_expanded_fallback'.
premier_league,Premier League,arsenal,Arsenal,78/79,1978/79,1978,1979,FA Cup Winner,fa_cup,winner,True,season_label_expanded_fallback,medium,transfermarkt_achievements_page,https://www.transfermarkt.com/arsenal/erfolge/verein/11,2026-04-28T07:46:00.357727+00:00,Assigned season derived from achievement season label '78/79' using method 'season_label_expanded_fallback'.
premier_league,Premier League,arsenal,Arsenal,79/80,1979/80,1979,1980,Cup Winners Cup Runner Up,other,runner_up,False,season_label_expanded_fallback,medium,transfermarkt_achievements_page,https://www.transfermarkt.com/arsenal/erfolge/verein/11,2026-04-28T07:46:00.357727+00:00,Assigned season derived from achievement season label '79/80' using method 'season_label_expanded_fallback'.
premier_league,Premier League,arsenal,Arsenal,79/80,1979/80,1979,1980,FA Cup Runner up,fa_cup,runner_up,False,season_label_expanded_fallback,medium,transfermarkt_achievements_page,https://www.transfermarkt.com/arsenal/erfolge/verein/11,2026-04-28T07:46:00.357727+00:00,Assigned season derived from achievement season label '79/80' using method 'season_label_expanded_fallback'.
premier_league,Premier League,arsenal,Arsenal,86/87,1986/87,1986,1987,English League Cup winner,league_cup,winner,True,season_label_expanded_fallback,medium,transfermarkt_achievements_page,https://www.transfermarkt.com/arsenal/erfolge/verein/11,2026-04-28T07:46:00.357727+00:00,Assigned season derived from achievement season label '86/87' using method 'season_label_expanded_fallback'.
premier_league,Premier League,arsenal,Arsenal,87/88,1987/88,1987,1988,English League Cup runner-up,league_cup,other,False,season_label_expanded_fallback,medium,transfermarkt_achievements_page,https://www.transfermarkt.com/arsenal/erfolge/verein/11,2026-04-28T07:46:00.357727+00:00,Assigned season derived from achievement season label '87/88' using method 'season_label_expanded_fallback'.
premier_league,Premier League,arsenal,Arsenal,88/89,1988/89,1988,1989,English Champion,league_title,winner,True,season_label_expanded_fallback,medium,transfermarkt_achievements_page,https://www.transfermarkt.com/arsenal/erfolge/verein/11,2026-04-28T07:46:00.357727+00:00,Assigned season derived from achievement season label '88/89' using method 'season_label_expanded_fallback'.
premier_league,Premier League,arsenal,Arsenal,90/91,1990/91,1990,1991,English Champion,league_title,winner,True,season_label_expanded,high,transfermarkt_achievements_page,https://www.transfermarkt.com/arsenal/erfolge/verein/11,2026-04-28T07:46:00.357727+00:00,
premier_league,Premier League,arsenal,Arsenal,91/92,1991/92,1991,1992,English Supercup Winner,super_cup,winner,True,season_label_expanded,high,transfermarkt_achievements_page,https://www.transfermarkt.com/arsenal/erfolge/verein/11,2026-04-28T07:46:00.357727+00:00,
premier_league,Premier League,arsenal,Arsenal,92/93,1992/93,1992,1993,English League Cup winner,league_cup,winner,True,season_label_expanded,high,transfermarkt_achievements_page,https://www.transfermarkt.com/arsenal/erfolge/verein/11,2026-04-28T07:46:00.357727+00:00,
premier_league,Premier League,arsenal,Arsenal,92/93,1992/93,1992,1993,FA Cup Winner,fa_cup,winner,True,season_label_expanded,high,transfermarkt_achievements_page,https://www.transfermarkt.com/arsenal/erfolge/verein/11,2026-04-28T07:46:00.357727+00:00,
premier_league,Premier League,arsenal,Arsenal,93/94,1993/94,1993,1994,Cup Winners Cup Winner,other,winner,True,season_label_expanded,high,transfermarkt_achievements_page,https://www.transfermarkt.com/arsenal/erfolge/verein/11,2026-04-28T07:46:00.357727+00:00,
premier_league,Premier League,arsenal,Arsenal,94/95,1994/95,1994,1995,Cup Winners Cup Runner Up,other,runner_up,False,season_label_expanded,high,transfermarkt_achievements_page,https://www.transfermarkt.com/arsenal/erfolge/verein/11,2026-04-28T07:46:00.357727+00:00,
premier_league,Premier League,arsenal,Arsenal,94/95,1994/95,1994,1995,UEFA Super Cup runner-up,other,other,False,season_label_expanded,high,transfermarkt_achievements_page,https://www.transfermarkt.com/arsenal/erfolge/verein/11,2026-04-28T07:46:00.357727+00:00,
premier_league,Premier League,arsenal,Arsenal,97/98,1997/98,1997,1998,English Champion,league_title,winner,True,season_label_expanded,high,transfermarkt_achievements_page,https://www.transfermarkt.com/arsenal/erfolge/verein/11,2026-04-28T07:46:00.357727+00:00,
premier_league,Premier League,arsenal,Arsenal,97/98,1997/98,1997,1998,FA Cup Winner,fa_cup,winner,True,season_label_expanded,high,transfermarkt_achievements_page,https://www.transfermarkt.com/arsenal/erfolge/verein/11,2026-04-28T07:46:00.357727+00:00,
premier_league,Premier League,arsenal,Arsenal,98/99,1998/99,1998,1999,Champions League Participant,uefa_champions_league,participant,False,season_label_expanded,high,transfermarkt_achievements_page,https://www.transfermarkt.com/arsenal/erfolge/verein/11,2026-04-28T07:46:00.357727+00:00,
premier_league,Premier League,arsenal,Arsenal,98/99,1998/99,1998,1999,English Supercup Winner,super_cup,winner,True,season_label_expanded,high,transfermarkt_achievements_page,https://www.transfermarkt.com/arsenal/erfolge/verein/11,2026-04-28T07:46:00.357727+00:00,
premier_league,Premier League,arsenal,Arsenal,99/00,1999/00,1999,2000,Champions League Participant,uefa_champions_league,participant,False,season_label_expanded,high,transfermarkt_achievements_page,https://www.transfermarkt.com/arsenal/erfolge/verein/11,2026-04-28T07:46:00.357727+00:00,
premier_league,Premier League,arsenal,Arsenal,99/00,1999/00,1999,2000,English Supercup Winner,super_cup,winner,True,season_label_expanded,high,transfermarkt_achievements_page,https://www.transfermarkt.com/arsenal/erfolge/verein/11,2026-04-28T07:46:00.357727+00:00,
premier_league,Premier League,arsenal,Arsenal,99/00,1999/00,1999,2000,UEFA Cup runner-up,fa_cup,other,False,season_label_expanded,high,transfermarkt_achievements_page,https://www.transfermarkt.com/arsenal/erfolge/verein/11,2026-04-28T07:46:00.357727+00:00,
premier_league,Premier League,arsenal,Arsenal,00/01,2000/01,2000,2001,Champions League Participant,uefa_champions_league,participant,False,season_label_expanded,high,transfermarkt_achievements_page,https://www.transfermarkt.com/arsenal/erfolge/verein/11,2026-04-28T07:46:00.357727+00:00,
premier_league,Premier League,arsenal,Arsenal,00/01,2000/01,2000,2001,FA Cup Runner up,fa_cup,runner_up,False,season_label_expanded,high,transfermarkt_achievements_page,https://www.transfermarkt.com/arsenal/erfolge/verein/11,2026-04-28T07:46:00.357727+00:00,
premier_league,Premier League,arsenal,Arsenal,01/02,2001/02,2001,2002,Champions League Participant,uefa_champions_league,participant,False,season_label_expanded,high,transfermarkt_achievements_page,https://www.transfermarkt.com/arsenal/erfolge/verein/11,2026-04-28T07:46:00.357727+00:00,
premier_league,Premier League,arsenal,Arsenal,01/02,2001/02,2001,2002,English Champion,league_title,winner,True,season_label_expanded,high,transfermarkt_achievements_page,https://www.transfermarkt.com/arsenal/erfolge/verein/11,2026-04-28T07:46:00.357727+00:00,
premier_league,Premier League,arsenal,Arsenal,01/02,2001/02,2001,2002,FA Cup Winner,fa_cup,winner,True,season_label_expanded,high,transfermarkt_achievements_page,https://www.transfermarkt.com/arsenal/erfolge/verein/11,2026-04-28T07:46:00.357727+00:00,
premier_league,Premier League,arsenal,Arsenal,02/03,2002/03,2002,2003,Champions League Participant,uefa_champions_league,participant,False,season_label_expanded,high,transfermarkt_achievements_page,https://www.transfermarkt.com/arsenal/erfolge/verein/11,2026-04-28T07:46:00.357727+00:00,
premier_league,Premier League,arsenal,Arsenal,02/03,2002/03,2002,2003,English Supercup Winner,super_cup,winner,True,season_label_expanded,high,transfermarkt_achievements_page,https://www.transfermarkt.com/arsenal/erfolge/verein/11,2026-04-28T07:46:00.357727+00:00,
premier_league,Premier League,arsenal,Arsenal,02/03,2002/03,2002,2003,FA Cup Winner,fa_cup,winner,True,season_label_expanded,high,transfermarkt_achievements_page,https://www.transfermarkt.com/arsenal/erfolge/verein/11,2026-04-28T07:46:00.357727+00:00,
premier_league,Premier League,arsenal,Arsenal,03/04,2003/04,2003,2004,Champions League Participant,uefa_champions_league,participant,False,season_label_expanded,high,transfermarkt_achievements_page,https://www.transfermarkt.com/arsenal/erfolge/verein/11,2026-04-28T07:46:00.357727+00:00,
premier_league,Premier League,arsenal,Arsenal,03/04,2003/04,2003,2004,English Champion,league_title,winner,True,season_label_expanded,high,transfermarkt_achievements_page,https://www.transfermarkt.com/arsenal/erfolge/verein/11,2026-04-28T07:46:00.357727+00:00,
premier_league,Premier League,arsenal,Arsenal,04/05,2004/05,2004,2005,Champions League Participant,uefa_champions_league,participant,False,season_label_expanded,high,transfermarkt_achievements_page,https://www.transfermarkt.com/arsenal/erfolge/verein/11,2026-04-28T07:46:00.357727+00:00,
premier_league,Premier League,arsenal,Arsenal,04/05,2004/05,2004,2005,English Supercup Winner,super_cup,winner,True,season_label_expanded,high,transfermarkt_achievements_page,https://www.transfermarkt.com/arsenal/erfolge/verein/11,2026-04-28T07:46:00.357727+00:00,
premier_league,Premier League,arsenal,Arsenal,04/05,2004/05,2004,2005,FA Cup Winner,fa_cup,winner,True,season_label_expanded,high,transfermarkt_achievements_page,https://www.transfermarkt.com/arsenal/erfolge/verein/11,2026-04-28T07:46:00.357727+00:00,
premier_league,Premier League,arsenal,Arsenal,05/06,2005/06,2005,2006,Champions League Participant,uefa_champions_league,participant,False,season_label_expanded,high,transfermarkt_achievements_page,https://www.transfermarkt.com/arsenal/erfolge/verein/11,2026-04-28T07:46:00.357727+00:00,
premier_league,Premier League,arsenal,Arsenal,05/06,2005/06,2005,2006,Champions League runner-up,uefa_champions_league,winner,True,season_label_expanded,high,transfermarkt_achievements_page,https://www.transfermarkt.com/arsenal/erfolge/verein/11,2026-04-28T07:46:00.357727+00:00,
premier_league,Premier League,arsenal,Arsenal,06/07,2006/07,2006,2007,Champions League Participant,uefa_champions_league,participant,False,season_label_expanded,high,transfermarkt_achievements_page,https://www.transfermarkt.com/arsenal/erfolge/verein/11,2026-04-28T07:46:00.357727+00:00,
premier_league,Premier League,arsenal,Arsenal,06/07,2006/07,2006,2007,English League Cup runner-up,league_cup,other,False,season_label_expanded,high,transfermarkt_achievements_page,https://www.transfermarkt.com/arsenal/erfolge/verein/11,2026-04-28T07:46:00.357727+00:00,
premier_league,Premier League,arsenal,Arsenal,07/08,2007/08,2007,2008,Champions League Participant,uefa_champions_league,participant,False,season_label_expanded,high,transfermarkt_achievements_page,https://www.transfermarkt.com/arsenal/erfolge/verein/11,2026-04-28T07:46:00.357727+00:00,
premier_league,Premier League,arsenal,Arsenal,08/09,2008/09,2008,2009,Champions League Participant,uefa_champions_league,participant,False,season_label_expanded,high,transfermarkt_achievements_page,https://www.transfermarkt.com/arsenal/erfolge/verein/11,2026-04-28T07:46:00.357727+00:00,
premier_league,Premier League,arsenal,Arsenal,09/10,2009/10,2009,2010,Champions League Participant,uefa_champions_league,participant,False,season_label_expanded,high,transfermarkt_achievements_page,https://www.transfermarkt.com/arsenal/erfolge/verein/11,2026-04-28T07:46:00.357727+00:00,
premier_league,Premier League,arsenal,Arsenal,10/11,2010/11,2010,2011,Champions League Participant,uefa_champions_league,participant,False,season_label_expanded,high,transfermarkt_achievements_page,https://www.transfermarkt.com/arsenal/erfolge/verein/11,2026-04-28T07:46:00.357727+00:00,
premier_league,Premier League,arsenal,Arsenal,10/11,2010/11,2010,2011,English League Cup runner-up,league_cup,other,False,season_label_expanded,high,transfermarkt_achievements_page,https://www.transfermarkt.com/arsenal/erfolge/verein/11,2026-04-28T07:46:00.357727+00:00,
premier_league,Premier League,arsenal,Arsenal,11/12,2011/12,2011,2012,Champions League Participant,uefa_champions_league,participant,False,season_label_expanded,high,transfermarkt_achievements_page,https://www.transfermarkt.com/arsenal/erfolge/verein/11,2026-04-28T07:46:00.357727+00:00,
premier_league,Premier League,arsenal,Arsenal,12/13,2012/13,2012,2013,Champions League Participant,uefa_champions_league,participant,False,season_label_expanded,high,transfermarkt_achievements_page,https://www.transfermarkt.com/arsenal/erfolge/verein/11,2026-04-28T07:46:00.357727+00:00,
premier_league,Premier League,arsenal,Arsenal,13/14,2013/14,2013,2014,Champions League Participant,uefa_champions_league,participant,False,season_label_expanded,high,transfermarkt_achievements_page,https://www.transfermarkt.com/arsenal/erfolge/verein/11,2026-04-28T07:46:00.357727+00:00,
premier_league,Premier League,arsenal,Arsenal,13/14,2013/14,2013,2014,FA Cup Winner,fa_cup,winner,True,season_label_expanded,high,transfermarkt_achievements_page,https://www.transfermarkt.com/arsenal/erfolge/verein/11,2026-04-28T07:46:00.357727+00:00,
premier_league,Premier League,arsenal,Arsenal,14/15,2014/15,2014,2015,Champions League Participant,uefa_champions_league,participant,False,season_label_expanded,high,transfermarkt_achievements_page,https://www.transfermarkt.com/arsenal/erfolge/verein/11,2026-04-28T07:46:00.357727+00:00,
premier_league,Premier League,arsenal,Arsenal,14/15,2014/15,2014,2015,English Supercup Winner,super_cup,winner,True,season_label_expanded,high,transfermarkt_achievements_page,https://www.transfermarkt.com/arsenal/erfolge/verein/11,2026-04-28T07:46:00.357727+00:00,
premier_league,Premier League,arsenal,Arsenal,14/15,2014/15,2014,2015,FA Cup Winner,fa_cup,winner,True,season_label_expanded,high,transfermarkt_achievements_page,https://www.transfermarkt.com/arsenal/erfolge/verein/11,2026-04-28T07:46:00.357727+00:00,
premier_league,Premier League,arsenal,Arsenal,15/16,2015/16,2015,2016,Champions League Participant,uefa_champions_league,participant,False,season_label_expanded,high,transfermarkt_achievements_page,https://www.transfermarkt.com/arsenal/erfolge/verein/11,2026-04-28T07:46:00.357727+00:00,
premier_league,Premier League,arsenal,Arsenal,15/16,2015/16,2015,2016,English Supercup Winner,super_cup,winner,True,season_label_expanded,high,transfermarkt_achievements_page,https://www.transfermarkt.com/arsenal/erfolge/verein/11,2026-04-28T07:46:00.357727+00:00,
premier_league,Premier League,arsenal,Arsenal,16/17,2016/17,2016,2017,Champions League Participant,uefa_champions_league,participant,False,season_label_expanded,high,transfermarkt_achievements_page,https://www.transfermarkt.com/arsenal/erfolge/verein/11,2026-04-28T07:46:00.357727+00:00,
premier_league,Premier League,arsenal,Arsenal,16/17,2016/17,2016,2017,FA Cup Winner,fa_cup,winner,True,season_label_expanded,high,transfermarkt_achievements_page,https://www.transfermarkt.com/arsenal/erfolge/verein/11,2026-04-28T07:46:00.357727+00:00,
premier_league,Premier League,arsenal,Arsenal,17/18,2017/18,2017,2018,English League Cup runner-up,league_cup,other,False,season_label_expanded,high,transfermarkt_achievements_page,https://www.transfermarkt.com/arsenal/erfolge/verein/11,2026-04-28T07:46:00.357727+00:00,
premier_league,Premier League,arsenal,Arsenal,17/18,2017/18,2017,2018,English Supercup Winner,super_cup,winner,True,season_label_expanded,high,transfermarkt_achievements_page,https://www.transfermarkt.com/arsenal/erfolge/verein/11,2026-04-28T07:46:00.357727+00:00,
premier_league,Premier League,arsenal,Arsenal,17/18,2017/18,2017,2018,Europa League Participant,uefa_europa_league,participant,False,season_label_expanded,high,transfermarkt_achievements_page,https://www.transfermarkt.com/arsenal/erfolge/verein/11,2026-04-28T07:46:00.357727+00:00,
premier_league,Premier League,arsenal,Arsenal,18/19,2018/19,2018,2019,Europa League Participant,uefa_europa_league,participant,False,season_label_expanded,high,transfermarkt_achievements_page,https://www.transfermarkt.com/arsenal/erfolge/verein/11,2026-04-28T07:46:00.357727+00:00,
premier_league,Premier League,arsenal,Arsenal,18/19,2018/19,2018,2019,Europa League runner-up,uefa_europa_league,other,False,season_label_expanded,high,transfermarkt_achievements_page,https://www.transfermarkt.com/arsenal/erfolge/verein/11,2026-04-28T07:46:00.357727+00:00,
premier_league,Premier League,arsenal,Arsenal,19/20,2019/20,2019,2020,Europa League Participant,uefa_europa_league,participant,False,season_label_expanded,high,transfermarkt_achievements_page,https://www.transfermarkt.com/arsenal/erfolge/verein/11,2026-04-28T07:46:00.357727+00:00,
premier_league,Premier League,arsenal,Arsenal,19/20,2019/20,2019,2020,FA Cup Winner,fa_cup,winner,True,season_label_expanded,high,transfermarkt_achievements_page,https://www.transfermarkt.com/arsenal/erfolge/verein/11,2026-04-28T07:46:00.357727+00:00,
premier_league,Premier League,arsenal,Arsenal,20/21,2020/21,2020,2021,English Supercup Winner,super_cup,winner,True,season_label_expanded,high,transfermarkt_achievements_page,https://www.transfermarkt.com/arsenal/erfolge/verein/11,2026-04-28T07:46:00.357727+00:00,
premier_league,Premier League,arsenal,Arsenal,20/21,2020/21,2020,2021,Europa League Participant,uefa_europa_league,participant,False,season_label_expanded,high,transfermarkt_achievements_page,https://www.transfermarkt.com/arsenal/erfolge/verein/11,2026-04-28T07:46:00.357727+00:00,
premier_league,Premier League,arsenal,Arsenal,22/23,2022/23,2022,2023,Europa League Participant,uefa_europa_league,participant,False,season_label_expanded,high,transfermarkt_achievements_page,https://www.transfermarkt.com/arsenal/erfolge/verein/11,2026-04-28T07:46:00.357727+00:00,
premier_league,Premier League,arsenal,Arsenal,23/24,2023/24,2023,2024,Champions League Participant,uefa_champions_league,participant,False,season_label_expanded,high,transfermarkt_achievements_page,https://www.transfermarkt.com/arsenal/erfolge/verein/11,2026-04-28T07:46:00.357727+00:00,
premier_league,Premier League,arsenal,Arsenal,23/24,2023/24,2023,2024,English Supercup Winner,super_cup,winner,True,season_label_expanded,high,transfermarkt_achievements_page,https://www.transfermarkt.com/arsenal/erfolge/verein/11,2026-04-28T07:46:00.357727+00:00,
premier_league,Premier League,arsenal,Arsenal,24/25,2024/25,2024,2025,Champions League Participant,uefa_champions_league,participant,False,season_label_expanded,high,transfermarkt_achievements_page,https://www.transfermarkt.com/arsenal/erfolge/verein/11,2026-04-28T07:46:00.357727+00:00,
premier_league,Premier League,chelsea,Chelsea,1906/07,1906/07,1906,1907,Promoted to 1st league,other,other,False,season_label_preserved,medium,transfermarkt_achievements_page,https://www.transfermarkt.com/chelsea/erfolge/verein/631,2026-04-28T07:46:07.184658+00:00,Assigned season derived from achievement season label '1906/07' using method 'season_label_preserved'.
premier_league,Premier League,chelsea,Chelsea,1909/10,1909/10,1909,1910,Relegated from 1st league,other,other,False,season_label_preserved,medium,transfermarkt_achievements_page,https://www.transfermarkt.com/chelsea/erfolge/verein/631,2026-04-28T07:46:07.184658+00:00,Assigned season derived from achievement season label '1909/10' using method 'season_label_preserved'.
premier_league,Premier League,chelsea,Chelsea,1911/12,1911/12,1911,1912,Promoted to 1st league,other,other,False,season_label_preserved,medium,transfermarkt_achievements_page,https://www.transfermarkt.com/chelsea/erfolge/verein/631,2026-04-28T07:46:07.184658+00:00,Assigned season derived from achievement season label '1911/12' using method 'season_label_preserved'.
premier_league,Premier League,chelsea,Chelsea,1914/15,1914/15,1914,1915,FA Cup Runner up,fa_cup,runner_up,False,season_label_preserved,medium,transfermarkt_achievements_page,https://www.transfermarkt.com/chelsea/erfolge/verein/631,2026-04-28T07:46:07.184658+00:00,Assigned season derived from achievement season label '1914/15' using method 'season_label_preserved'.
premier_league,Premier League,chelsea,Chelsea,1923/24,1923/24,1923,1924,Relegated from 1st league,other,other,False,season_label_preserved,medium,transfermarkt_achievements_page,https://www.transfermarkt.com/chelsea/erfolge/verein/631,2026-04-28T07:46:07.184658+00:00,Assigned season derived from achievement season label '1923/24' using method 'season_label_preserved'.
premier_league,Premier League,chelsea,Chelsea,1929/30,1929/30,1929,1930,Promoted to 1st league,other,other,False,season_label_preserved,medium,transfermarkt_achievements_page,https://www.transfermarkt.com/chelsea/erfolge/verein/631,2026-04-28T07:46:07.184658+00:00,Assigned season derived from achievement season label '1929/30' using method 'season_label_preserved'.
premier_league,Premier League,chelsea,Chelsea,54/55,1954/55,1954,1955,English Champion,league_title,winner,True,season_label_expanded_fallback,medium,transfermarkt_achievements_page,https://www.transfermarkt.com/chelsea/erfolge/verein/631,2026-04-28T07:46:07.184658+00:00,Assigned season derived from achievement season label '54/55' using method 'season_label_expanded_fallback'.
premier_league,Premier League,chelsea,Chelsea,55/56,1955/56,1955,1956,English Supercup Winner,super_cup,winner,True,season_label_expanded_fallback,medium,transfermarkt_achievements_page,https://www.transfermarkt.com/chelsea/erfolge/verein/631,2026-04-28T07:46:07.184658+00:00,Assigned season derived from achievement season label '55/56' using method 'season_label_expanded_fallback'.
premier_league,Premier League,chelsea,Chelsea,61/62,1961/62,1961,1962,Relegated from 1st league,other,other,False,season_label_expanded_fallback,medium,transfermarkt_achievements_page,https://www.transfermarkt.com/chelsea/erfolge/verein/631,2026-04-28T07:46:07.184658+00:00,Assigned season derived from achievement season label '61/62' using method 'season_label_expanded_fallback'.
premier_league,Premier League,chelsea,Chelsea,62/63,1962/63,1962,1963,Promoted to 1st league,other,other,False,season_label_expanded_fallback,medium,transfermarkt_achievements_page,https://www.transfermarkt.com/chelsea/erfolge/verein/631,2026-04-28T07:46:07.184658+00:00,Assigned season derived from achievement season label '62/63' using method 'season_label_expanded_fallback'.
premier_league,Premier League,chelsea,Chelsea,64/65,1964/65,1964,1965,English League Cup winner,league_cup,winner,True,season_label_expanded_fallback,medium,transfermarkt_achievements_page,https://www.transfermarkt.com/chelsea/erfolge/verein/631,2026-04-28T07:46:07.184658+00:00,Assigned season derived from achievement season label '64/65' using method 'season_label_expanded_fallback'.
premier_league,Premier League,chelsea,Chelsea,66/67,1966/67,1966,1967,FA Cup Runner up,fa_cup,runner_up,False,season_label_expanded_fallback,medium,transfermarkt_achievements_page,https://www.transfermarkt.com/chelsea/erfolge/verein/631,2026-04-28T07:46:07.184658+00:00,Assigned season derived from achievement season label '66/67' using method 'season_label_expanded_fallback'.
premier_league,Premier League,chelsea,Chelsea,69/70,1969/70,1969,1970,FA Cup Winner,fa_cup,winner,True,season_label_expanded_fallback,medium,transfermarkt_achievements_page,https://www.transfermarkt.com/chelsea/erfolge/verein/631,2026-04-28T07:46:07.184658+00:00,Assigned season derived from achievement season label '69/70' using method 'season_label_expanded_fallback'.
premier_league,Premier League,chelsea,Chelsea,70/71,1970/71,1970,1971,Cup Winners Cup Winner,other,winner,True,season_label_expanded_fallback,medium,transfermarkt_achievements_page,https://www.transfermarkt.com/chelsea/erfolge/verein/631,2026-04-28T07:46:07.184658+00:00,Assigned season derived from achievement season label '70/71' using method 'season_label_expanded_fallback'.
premier_league,Premier League,chelsea,Chelsea,71/72,1971/72,1971,1972,English League Cup runner-up,league_cup,other,False,season_label_expanded_fallback,medium,transfermarkt_achievements_page,https://www.transfermarkt.com/chelsea/erfolge/verein/631,2026-04-28T07:46:07.184658+00:00,Assigned season derived from achievement season label '71/72' using method 'season_label_expanded_fallback'.
premier_league,Premier League,chelsea,Chelsea,74/75,1974/75,1974,1975,Relegated from 1st league,other,other,False,season_label_expanded_fallback,medium,transfermarkt_achievements_page,https://www.transfermarkt.com/chelsea/erfolge/verein/631,2026-04-28T07:46:07.184658+00:00,Assigned season derived from achievement season label '74/75' using method 'season_label_expanded_fallback'.
premier_league,Premier League,chelsea,Chelsea,76/77,1976/77,1976,1977,Promoted to 1st league,other,other,False,season_label_expanded_fallback,medium,transfermarkt_achievements_page,https://www.transfermarkt.com/chelsea/erfolge/verein/631,2026-04-28T07:46:07.184658+00:00,Assigned season derived from achievement season label '76/77' using method 'season_label_expanded_fallback'.
premier_league,Premier League,chelsea,Chelsea,78/79,1978/79,1978,1979,Relegated from 1st league,other,other,False,season_label_expanded_fallback,medium,transfermarkt_achievements_page,https://www.transfermarkt.com/chelsea/erfolge/verein/631,2026-04-28T07:46:07.184658+00:00,Assigned season derived from achievement season label '78/79' using method 'season_label_expanded_fallback'.
premier_league,Premier League,chelsea,Chelsea,83/84,1983/84,1983,1984,English 2nd tier champion,league_title,winner,True,season_label_expanded_fallback,medium,transfermarkt_achievements_page,https://www.transfermarkt.com/chelsea/erfolge/verein/631,2026-04-28T07:46:07.184658+00:00,Assigned season derived from achievement season label '83/84' using method 'season_label_expanded_fallback'.
premier_league,Premier League,chelsea,Chelsea,83/84,1983/84,1983,1984,Promoted to 1st league,other,other,False,season_label_expanded_fallback,medium,transfermarkt_achievements_page,https://www.transfermarkt.com/chelsea/erfolge/verein/631,2026-04-28T07:46:07.184658+00:00,Assigned season derived from achievement season label '83/84' using method 'season_label_expanded_fallback'.
premier_league,Premier League,chelsea,Chelsea,87/88,1987/88,1987,1988,Relegated from 1st league,other,other,False,season_label_expanded_fallback,medium,transfermarkt_achievements_page,https://www.transfermarkt.com/chelsea/erfolge/verein/631,2026-04-28T07:46:07.184658+00:00,Assigned season derived from achievement season label '87/88' using method 'season_label_expanded_fallback'.
premier_league,Premier League,chelsea,Chelsea,88/89,1988/89,1988,1989,English 2nd tier champion,league_title,winner,True,season_label_expanded_fallback,medium,transfermarkt_achievements_page,https://www.transfermarkt.com/chelsea/erfolge/verein/631,2026-04-28T07:46:07.184658+00:00,Assigned season derived from achievement season label '88/89' using method 'season_label_expanded_fallback'.
premier_league,Premier League,chelsea,Chelsea,88/89,1988/89,1988,1989,Promoted to 1st league,other,other,False,season_label_expanded_fallback,medium,transfermarkt_achievements_page,https://www.transfermarkt.com/chelsea/erfolge/verein/631,2026-04-28T07:46:07.184658+00:00,Assigned season derived from achievement season label '88/89' using method 'season_label_expanded_fallback'.
premier_league,Premier League,chelsea,Chelsea,93/94,1993/94,1993,1994,FA Cup Runner up,fa_cup,runner_up,False,season_label_expanded,high,transfermarkt_achievements_page,https://www.transfermarkt.com/chelsea/erfolge/verein/631,2026-04-28T07:46:07.184658+00:00,
premier_league,Premier League,chelsea,Chelsea,96/97,1996/97,1996,1997,FA Cup Winner,fa_cup,winner,True,season_label_expanded,high,transfermarkt_achievements_page,https://www.transfermarkt.com/chelsea/erfolge/verein/631,2026-04-28T07:46:07.184658+00:00,
premier_league,Premier League,chelsea,Chelsea,97/98,1997/98,1997,1998,Cup Winners Cup Winner,other,winner,True,season_label_expanded,high,transfermarkt_achievements_page,https://www.transfermarkt.com/chelsea/erfolge/verein/631,2026-04-28T07:46:07.184658+00:00,
premier_league,Premier League,chelsea,Chelsea,97/98,1997/98,1997,1998,English League Cup winner,league_cup,winner,True,season_label_expanded,high,transfermarkt_achievements_page,https://www.transfermarkt.com/chelsea/erfolge/verein/631,2026-04-28T07:46:07.184658+00:00,
premier_league,Premier League,chelsea,Chelsea,98/99,1998/99,1998,1999,UEFA Supercup Winner,super_cup,winner,True,season_label_expanded,high,transfermarkt_achievements_page,https://www.transfermarkt.com/chelsea/erfolge/verein/631,2026-04-28T07:46:07.184658+00:00,
premier_league,Premier League,chelsea,Chelsea,99/00,1999/00,1999,2000,Champions League Participant,uefa_champions_league,participant,False,season_label_expanded,high,transfermarkt_achievements_page,https://www.transfermarkt.com/chelsea/erfolge/verein/631,2026-04-28T07:46:07.184658+00:00,
premier_league,Premier League,chelsea,Chelsea,99/00,1999/00,1999,2000,FA Cup Winner,fa_cup,winner,True,season_label_expanded,high,transfermarkt_achievements_page,https://www.transfermarkt.com/chelsea/erfolge/verein/631,2026-04-28T07:46:07.184658+00:00,
premier_league,Premier League,chelsea,Chelsea,00/01,2000/01,2000,2001,English Supercup Winner,super_cup,winner,True,season_label_expanded,high,transfermarkt_achievements_page,https://www.transfermarkt.com/chelsea/erfolge/verein/631,2026-04-28T07:46:07.184658+00:00,
premier_league,Premier League,chelsea,Chelsea,00/01,2000/01,2000,2001,UEFA Cup Participant,fa_cup,participant,False,season_label_expanded,high,transfermarkt_achievements_page,https://www.transfermarkt.com/chelsea/erfolge/verein/631,2026-04-28T07:46:07.184658+00:00,
premier_league,Premier League,chelsea,Chelsea,01/02,2001/02,2001,2002,FA Cup Runner up,fa_cup,runner_up,False,season_label_expanded,high,transfermarkt_achievements_page,https://www.transfermarkt.com/chelsea/erfolge/verein/631,2026-04-28T07:46:07.184658+00:00,
premier_league,Premier League,chelsea,Chelsea,01/02,2001/02,2001,2002,UEFA Cup Participant,fa_cup,participant,False,season_label_expanded,high,transfermarkt_achievements_page,https://www.transfermarkt.com/chelsea/erfolge/verein/631,2026-04-28T07:46:07.184658+00:00,
premier_league,Premier League,chelsea,Chelsea,02/03,2002/03,2002,2003,UEFA Cup Participant,fa_cup,participant,False,season_label_expanded,high,transfermarkt_achievements_page,https://www.transfermarkt.com/chelsea/erfolge/verein/631,2026-04-28T07:46:07.184658+00:00,
premier_league,Premier League,chelsea,Chelsea,03/04,2003/04,2003,2004,Champions League Participant,uefa_champions_league,participant,False,season_label_expanded,high,transfermarkt_achievements_page,https://www.transfermarkt.com/chelsea/erfolge/verein/631,2026-04-28T07:46:07.184658+00:00,
premier_league,Premier League,chelsea,Chelsea,04/05,2004/05,2004,2005,Champions League Participant,uefa_champions_league,participant,False,season_label_expanded,high,transfermarkt_achievements_page,https://www.transfermarkt.com/chelsea/erfolge/verein/631,2026-04-28T07:46:07.184658+00:00,
premier_league,Premier League,chelsea,Chelsea,04/05,2004/05,2004,2005,English Champion,league_title,winner,True,season_label_expanded,high,transfermarkt_achievements_page,https://www.transfermarkt.com/chelsea/erfolge/verein/631,2026-04-28T07:46:07.184658+00:00,
premier_league,Premier League,chelsea,Chelsea,04/05,2004/05,2004,2005,English League Cup winner,league_cup,winner,True,season_label_expanded,high,transfermarkt_achievements_page,https://www.transfermarkt.com/chelsea/erfolge/verein/631,2026-04-28T07:46:07.184658+00:00,
premier_league,Premier League,chelsea,Chelsea,05/06,2005/06,2005,2006,Champions League Participant,uefa_champions_league,participant,False,season_label_expanded,high,transfermarkt_achievements_page,https://www.transfermarkt.com/chelsea/erfolge/verein/631,2026-04-28T07:46:07.184658+00:00,
premier_league,Premier League,chelsea,Chelsea,05/06,2005/06,2005,2006,English Champion,league_title,winner,True,season_label_expanded,high,transfermarkt_achievements_page,https://www.transfermarkt.com/chelsea/erfolge/verein/631,2026-04-28T07:46:07.184658+00:00,
premier_league,Premier League,chelsea,Chelsea,05/06,2005/06,2005,2006,English Supercup Winner,super_cup,winner,True,season_label_expanded,high,transfermarkt_achievements_page,https://www.transfermarkt.com/chelsea/erfolge/verein/631,2026-04-28T07:46:07.184658+00:00,
premier_league,Premier League,chelsea,Chelsea,06/07,2006/07,2006,2007,Champions League Participant,uefa_champions_league,participant,False,season_label_expanded,high,transfermarkt_achievements_page,https://www.transfermarkt.com/chelsea/erfolge/verein/631,2026-04-28T07:46:07.184658+00:00,
premier_league,Premier League,chelsea,Chelsea,06/07,2006/07,2006,2007,English League Cup winner,league_cup,winner,True,season_label_expanded,high,transfermarkt_achievements_page,https://www.transfermarkt.com/chelsea/erfolge/verein/631,2026-04-28T07:46:07.184658+00:00,
premier_league,Premier League,chelsea,Chelsea,06/07,2006/07,2006,2007,FA Cup Winner,fa_cup,winner,True,season_label_expanded,high,transfermarkt_achievements_page,https://www.transfermarkt.com/chelsea/erfolge/verein/631,2026-04-28T07:46:07.184658+00:00,
premier_league,Premier League,chelsea,Chelsea,07/08,2007/08,2007,2008,Champions League Participant,uefa_champions_league,participant,False,season_label_expanded,high,transfermarkt_achievements_page,https://www.transfermarkt.com/chelsea/erfolge/verein/631,2026-04-28T07:46:07.184658+00:00,
premier_league,Premier League,chelsea,Chelsea,07/08,2007/08,2007,2008,Champions League runner-up,uefa_champions_league,winner,True,season_label_expanded,high,transfermarkt_achievements_page,https://www.transfermarkt.com/chelsea/erfolge/verein/631,2026-04-28T07:46:07.184658+00:00,
premier_league,Premier League,chelsea,Chelsea,07/08,2007/08,2007,2008,English League Cup runner-up,league_cup,other,False,season_label_expanded,high,transfermarkt_achievements_page,https://www.transfermarkt.com/chelsea/erfolge/verein/631,2026-04-28T07:46:07.184658+00:00,
premier_league,Premier League,chelsea,Chelsea,08/09,2008/09,2008,2009,Champions League Participant,uefa_champions_league,participant,False,season_label_expanded,high,transfermarkt_achievements_page,https://www.transfermarkt.com/chelsea/erfolge/verein/631,2026-04-28T07:46:07.184658+00:00,
premier_league,Premier League,chelsea,Chelsea,08/09,2008/09,2008,2009,FA Cup Winner,fa_cup,winner,True,season_label_expanded,high,transfermarkt_achievements_page,https://www.transfermarkt.com/chelsea/erfolge/verein/631,2026-04-28T07:46:07.184658+00:00,
premier_league,Premier League,chelsea,Chelsea,09/10,2009/10,2009,2010,Champions League Participant,uefa_champions_league,participant,False,season_label_expanded,high,transfermarkt_achievements_page,https://www.transfermarkt.com/chelsea/erfolge/verein/631,2026-04-28T07:46:07.184658+00:00,
premier_league,Premier League,chelsea,Chelsea,09/10,2009/10,2009,2010,English Champion,league_title,winner,True,season_label_expanded,high,transfermarkt_achievements_page,https://www.transfermarkt.com/chelsea/erfolge/verein/631,2026-04-28T07:46:07.184658+00:00,
premier_league,Premier League,chelsea,Chelsea,09/10,2009/10,2009,2010,English Supercup Winner,super_cup,winner,True,season_label_expanded,high,transfermarkt_achievements_page,https://www.transfermarkt.com/chelsea/erfolge/verein/631,2026-04-28T07:46:07.184658+00:00,
premier_league,Premier League,chelsea,Chelsea,09/10,2009/10,2009,2010,FA Cup Winner,fa_cup,winner,True,season_label_expanded,high,transfermarkt_achievements_page,https://www.transfermarkt.com/chelsea/erfolge/verein/631,2026-04-28T07:46:07.184658+00:00,
premier_league,Premier League,chelsea,Chelsea,10/11,2010/11,2010,2011,Champions League Participant,uefa_champions_league,participant,False,season_label_expanded,high,transfermarkt_achievements_page,https://www.transfermarkt.com/chelsea/erfolge/verein/631,2026-04-28T07:46:07.184658+00:00,
premier_league,Premier League,chelsea,Chelsea,11/12,2011/12,2011,2012,Champions League Participant,uefa_champions_league,participant,False,season_label_expanded,high,transfermarkt_achievements_page,https://www.transfermarkt.com/chelsea/erfolge/verein/631,2026-04-28T07:46:07.184658+00:00,
premier_league,Premier League,chelsea,Chelsea,11/12,2011/12,2011,2012,FA Cup Winner,fa_cup,winner,True,season_label_expanded,high,transfermarkt_achievements_page,https://www.transfermarkt.com/chelsea/erfolge/verein/631,2026-04-28T07:46:07.184658+00:00,
premier_league,Premier League,chelsea,Chelsea,11/12,2011/12,2011,2012,UEFA Champions League winner,uefa_champions_league,winner,True,season_label_expanded,high,transfermarkt_achievements_page,https://www.transfermarkt.com/chelsea/erfolge/verein/631,2026-04-28T07:46:07.184658+00:00,
premier_league,Premier League,chelsea,Chelsea,12/13,2012/13,2012,2013,Champions League Participant,uefa_champions_league,participant,False,season_label_expanded,high,transfermarkt_achievements_page,https://www.transfermarkt.com/chelsea/erfolge/verein/631,2026-04-28T07:46:07.184658+00:00,
premier_league,Premier League,chelsea,Chelsea,12/13,2012/13,2012,2013,Europa League Participant,uefa_europa_league,participant,False,season_label_expanded,high,transfermarkt_achievements_page,https://www.transfermarkt.com/chelsea/erfolge/verein/631,2026-04-28T07:46:07.184658+00:00,
premier_league,Premier League,chelsea,Chelsea,12/13,2012/13,2012,2013,Europa League Winner,uefa_europa_league,winner,True,season_label_expanded,high,transfermarkt_achievements_page,https://www.transfermarkt.com/chelsea/erfolge/verein/631,2026-04-28T07:46:07.184658+00:00,
premier_league,Premier League,chelsea,Chelsea,12/13,2012/13,2012,2013,FIFA Club World Cup Participant,club_world_cup,participant,False,season_label_expanded,high,transfermarkt_achievements_page,https://www.transfermarkt.com/chelsea/erfolge/verein/631,2026-04-28T07:46:07.184658+00:00,
premier_league,Premier League,chelsea,Chelsea,12/13,2012/13,2012,2013,FIFA Club World Cup runner-up,club_world_cup,other,False,season_label_expanded,high,transfermarkt_achievements_page,https://www.transfermarkt.com/chelsea/erfolge/verein/631,2026-04-28T07:46:07.184658+00:00,
premier_league,Premier League,chelsea,Chelsea,12/13,2012/13,2012,2013,UEFA Super Cup runner-up,other,other,False,season_label_expanded,high,transfermarkt_achievements_page,https://www.transfermarkt.com/chelsea/erfolge/verein/631,2026-04-28T07:46:07.184658+00:00,
premier_league,Premier League,chelsea,Chelsea,13/14,2013/14,2013,2014,Champions League Participant,uefa_champions_league,participant,False,season_label_expanded,high,transfermarkt_achievements_page,https://www.transfermarkt.com/chelsea/erfolge/verein/631,2026-04-28T07:46:07.184658+00:00,
premier_league,Premier League,chelsea,Chelsea,13/14,2013/14,2013,2014,UEFA Super Cup runner-up,other,other,False,season_label_expanded,high,transfermarkt_achievements_page,https://www.transfermarkt.com/chelsea/erfolge/verein/631,2026-04-28T07:46:07.184658+00:00,
premier_league,Premier League,chelsea,Chelsea,14/15,2014/15,2014,2015,Champions League Participant,uefa_champions_league,participant,False,season_label_expanded,high,transfermarkt_achievements_page,https://www.transfermarkt.com/chelsea/erfolge/verein/631,2026-04-28T07:46:07.184658+00:00,
premier_league,Premier League,chelsea,Chelsea,14/15,2014/15,2014,2015,English Champion,league_title,winner,True,season_label_expanded,high,transfermarkt_achievements_page,https://www.transfermarkt.com/chelsea/erfolge/verein/631,2026-04-28T07:46:07.184658+00:00,
premier_league,Premier League,chelsea,Chelsea,14/15,2014/15,2014,2015,English League Cup winner,league_cup,winner,True,season_label_expanded,high,transfermarkt_achievements_page,https://www.transfermarkt.com/chelsea/erfolge/verein/631,2026-04-28T07:46:07.184658+00:00,
premier_league,Premier League,chelsea,Chelsea,15/16,2015/16,2015,2016,Champions League Participant,uefa_champions_league,participant,False,season_label_expanded,high,transfermarkt_achievements_page,https://www.transfermarkt.com/chelsea/erfolge/verein/631,2026-04-28T07:46:07.184658+00:00,
premier_league,Premier League,chelsea,Chelsea,16/17,2016/17,2016,2017,English Champion,league_title,winner,True,season_label_expanded,high,transfermarkt_achievements_page,https://www.transfermarkt.com/chelsea/erfolge/verein/631,2026-04-28T07:46:07.184658+00:00,
premier_league,Premier League,chelsea,Chelsea,17/18,2017/18,2017,2018,Champions League Participant,uefa_champions_league,participant,False,season_label_expanded,high,transfermarkt_achievements_page,https://www.transfermarkt.com/chelsea/erfolge/verein/631,2026-04-28T07:46:07.184658+00:00,
premier_league,Premier League,chelsea,Chelsea,17/18,2017/18,2017,2018,FA Cup Winner,fa_cup,winner,True,season_label_expanded,high,transfermarkt_achievements_page,https://www.transfermarkt.com/chelsea/erfolge/verein/631,2026-04-28T07:46:07.184658+00:00,
premier_league,Premier League,chelsea,Chelsea,18/19,2018/19,2018,2019,Europa League Participant,uefa_europa_league,participant,False,season_label_expanded,high,transfermarkt_achievements_page,https://www.transfermarkt.com/chelsea/erfolge/verein/631,2026-04-28T07:46:07.184658+00:00,
premier_league,Premier League,chelsea,Chelsea,18/19,2018/19,2018,2019,Europa League Winner,uefa_europa_league,winner,True,season_label_expanded,high,transfermarkt_achievements_page,https://www.transfermarkt.com/chelsea/erfolge/verein/631,2026-04-28T07:46:07.184658+00:00,
premier_league,Premier League,chelsea,Chelsea,19/20,2019/20,2019,2020,Champions League Participant,uefa_champions_league,participant,False,season_label_expanded,high,transfermarkt_achievements_page,https://www.transfermarkt.com/chelsea/erfolge/verein/631,2026-04-28T07:46:07.184658+00:00,
premier_league,Premier League,chelsea,Chelsea,19/20,2019/20,2019,2020,UEFA Super Cup runner-up,other,other,False,season_label_expanded,high,transfermarkt_achievements_page,https://www.transfermarkt.com/chelsea/erfolge/verein/631,2026-04-28T07:46:07.184658+00:00,
premier_league,Premier League,chelsea,Chelsea,20/21,2020/21,2020,2021,Champions League Participant,uefa_champions_league,participant,False,season_label_expanded,high,transfermarkt_achievements_page,https://www.transfermarkt.com/chelsea/erfolge/verein/631,2026-04-28T07:46:07.184658+00:00,
premier_league,Premier League,chelsea,Chelsea,20/21,2020/21,2020,2021,FA Cup Runner up,fa_cup,runner_up,False,season_label_expanded,high,transfermarkt_achievements_page,https://www.transfermarkt.com/chelsea/erfolge/verein/631,2026-04-28T07:46:07.184658+00:00,
premier_league,Premier League,chelsea,Chelsea,20/21,2020/21,2020,2021,UEFA Champions League winner,uefa_champions_league,winner,True,season_label_expanded,high,transfermarkt_achievements_page,https://www.transfermarkt.com/chelsea/erfolge/verein/631,2026-04-28T07:46:07.184658+00:00,
premier_league,Premier League,chelsea,Chelsea,21/22,2021/22,2021,2022,Champions League Participant,uefa_champions_league,participant,False,season_label_expanded,high,transfermarkt_achievements_page,https://www.transfermarkt.com/chelsea/erfolge/verein/631,2026-04-28T07:46:07.184658+00:00,
premier_league,Premier League,chelsea,Chelsea,21/22,2021/22,2021,2022,FIFA Club World Cup Participant,club_world_cup,participant,False,season_label_expanded,high,transfermarkt_achievements_page,https://www.transfermarkt.com/chelsea/erfolge/verein/631,2026-04-28T07:46:07.184658+00:00,
premier_league,Premier League,chelsea,Chelsea,21/22,2021/22,2021,2022,UEFA Supercup Winner,super_cup,winner,True,season_label_expanded,high,transfermarkt_achievements_page,https://www.transfermarkt.com/chelsea/erfolge/verein/631,2026-04-28T07:46:07.184658+00:00,
premier_league,Premier League,chelsea,Chelsea,22/23,2022/23,2022,2023,Champions League Participant,uefa_champions_league,participant,False,season_label_expanded,high,transfermarkt_achievements_page,https://www.transfermarkt.com/chelsea/erfolge/verein/631,2026-04-28T07:46:07.184658+00:00,
premier_league,Premier League,chelsea,Chelsea,2022,2022/23,2022,2023,FIFA Club World Cup winner,club_world_cup,winner,True,calendar_year_mapped_to_start_year_season,medium,transfermarkt_achievements_page,https://www.transfermarkt.com/chelsea/erfolge/verein/631,2026-04-28T07:46:07.184658+00:00,Assigned season derived from achievement season label '2022' using method 'calendar_year_mapped_to_start_year_season'.
premier_league,Premier League,chelsea,Chelsea,24/25,2024/25,2024,2025,Conference League participant,uefa_conference_league,participant,False,season_label_expanded,high,transfermarkt_achievements_page,https://www.transfermarkt.com/chelsea/erfolge/verein/631,2026-04-28T07:46:07.184658+00:00,
premier_league,Premier League,chelsea,Chelsea,24/25,2024/25,2024,2025,Conference League winner,uefa_conference_league,winner,True,season_label_expanded,high,transfermarkt_achievements_page,https://www.transfermarkt.com/chelsea/erfolge/verein/631,2026-04-28T07:46:07.184658+00:00,
premier_league,Premier League,chelsea,Chelsea,24/25,2024/25,2024,2025,FIFA Club World Cup Participant,club_world_cup,participant,False,season_label_expanded,high,transfermarkt_achievements_page,https://www.transfermarkt.com/chelsea/erfolge/verein/631,2026-04-28T07:46:07.184658+00:00,
premier_league,Premier League,chelsea,Chelsea,2025,2025/26,2025,2026,FIFA Club World Cup winner,club_world_cup,winner,True,calendar_year_mapped_to_start_year_season,medium,transfermarkt_achievements_page,https://www.transfermarkt.com/chelsea/erfolge/verein/631,2026-04-28T07:46:07.184658+00:00,Assigned season derived from achievement season label '2025' using method 'calendar_year_mapped_to_start_year_season'.
premier_league,Premier League,liverpool,Liverpool,1893/94,1893/94,1893,1894,English 2nd tier champion,league_title,winner,True,season_label_preserved,medium,transfermarkt_achievements_page,https://www.transfermarkt.com/liverpool/erfolge/verein/31,2026-04-28T07:46:09.255073+00:00,Assigned season derived from achievement season label '1893/94' using method 'season_label_preserved'.
premier_league,Premier League,liverpool,Liverpool,1893/94,1893/94,1893,1894,Promoted to 1st league,other,other,False,season_label_preserved,medium,transfermarkt_achievements_page,https://www.transfermarkt.com/liverpool/erfolge/verein/31,2026-04-28T07:46:09.255073+00:00,Assigned season derived from achievement season label '1893/94' using method 'season_label_preserved'.
premier_league,Premier League,liverpool,Liverpool,1894/95,1894/95,1894,1895,Relegated from 1st league,other,other,False,season_label_preserved,medium,transfermarkt_achievements_page,https://www.transfermarkt.com/liverpool/erfolge/verein/31,2026-04-28T07:46:09.255073+00:00,Assigned season derived from achievement season label '1894/95' using method 'season_label_preserved'.
premier_league,Premier League,liverpool,Liverpool,1895/96,1895/96,1895,1896,English 2nd tier champion,league_title,winner,True,season_label_preserved,medium,transfermarkt_achievements_page,https://www.transfermarkt.com/liverpool/erfolge/verein/31,2026-04-28T07:46:09.255073+00:00,Assigned season derived from achievement season label '1895/96' using method 'season_label_preserved'.
premier_league,Premier League,liverpool,Liverpool,1895/96,1895/96,1895,1896,Promoted to 1st league,other,other,False,season_label_preserved,medium,transfermarkt_achievements_page,https://www.transfermarkt.com/liverpool/erfolge/verein/31,2026-04-28T07:46:09.255073+00:00,Assigned season derived from achievement season label '1895/96' using method 'season_label_preserved'.
premier_league,Premier League,liverpool,Liverpool,1900/01,1900/01,1900,1901,English Champion,league_title,winner,True,season_label_preserved,medium,transfermarkt_achievements_page,https://www.transfermarkt.com/liverpool/erfolge/verein/31,2026-04-28T07:46:09.255073+00:00,Assigned season derived from achievement season label '1900/01' using method 'season_label_preserved'.
premier_league,Premier League,liverpool,Liverpool,1903/04,1903/04,1903,1904,Relegated from 1st league,other,other,False,season_label_preserved,medium,transfermarkt_achievements_page,https://www.transfermarkt.com/liverpool/erfolge/verein/31,2026-04-28T07:46:09.255073+00:00,Assigned season derived from achievement season label '1903/04' using method 'season_label_preserved'.
premier_league,Premier League,liverpool,Liverpool,1904/05,1904/05,1904,1905,English 2nd tier champion,league_title,winner,True,season_label_preserved,medium,transfermarkt_achievements_page,https://www.transfermarkt.com/liverpool/erfolge/verein/31,2026-04-28T07:46:09.255073+00:00,Assigned season derived from achievement season label '1904/05' using method 'season_label_preserved'.
premier_league,Premier League,liverpool,Liverpool,1904/05,1904/05,1904,1905,Promoted to 1st league,other,other,False,season_label_preserved,medium,transfermarkt_achievements_page,https://www.transfermarkt.com/liverpool/erfolge/verein/31,2026-04-28T07:46:09.255073+00:00,Assigned season derived from achievement season label '1904/05' using method 'season_label_preserved'.
premier_league,Premier League,liverpool,Liverpool,1905/06,1905/06,1905,1906,English Champion,league_title,winner,True,season_label_preserved,medium,transfermarkt_achievements_page,https://www.transfermarkt.com/liverpool/erfolge/verein/31,2026-04-28T07:46:09.255073+00:00,Assigned season derived from achievement season label '1905/06' using method 'season_label_preserved'.
premier_league,Premier League,liverpool,Liverpool,1913/14,1913/14,1913,1914,FA Cup Runner up,fa_cup,runner_up,False,season_label_preserved,medium,transfermarkt_achievements_page,https://www.transfermarkt.com/liverpool/erfolge/verein/31,2026-04-28T07:46:09.255073+00:00,Assigned season derived from achievement season label '1913/14' using method 'season_label_preserved'.
premier_league,Premier League,liverpool,Liverpool,1921/22,1921/22,1921,1922,English Champion,league_title,winner,True,season_label_preserved,medium,transfermarkt_achievements_page,https://www.transfermarkt.com/liverpool/erfolge/verein/31,2026-04-28T07:46:09.255073+00:00,Assigned season derived from achievement season label '1921/22' using method 'season_label_preserved'.
premier_league,Premier League,liverpool,Liverpool,1922/23,1922/23,1922,1923,English Champion,league_title,winner,True,season_label_preserved,medium,transfermarkt_achievements_page,https://www.transfermarkt.com/liverpool/erfolge/verein/31,2026-04-28T07:46:09.255073+00:00,Assigned season derived from achievement season label '1922/23' using method 'season_label_preserved'.
premier_league,Premier League,liverpool,Liverpool,46/47,1946/47,1946,1947,English Champion,league_title,winner,True,season_label_expanded_fallback,medium,transfermarkt_achievements_page,https://www.transfermarkt.com/liverpool/erfolge/verein/31,2026-04-28T07:46:09.255073+00:00,Assigned season derived from achievement season label '46/47' using method 'season_label_expanded_fallback'.
premier_league,Premier League,liverpool,Liverpool,49/50,1949/50,1949,1950,FA Cup Runner up,fa_cup,runner_up,False,season_label_expanded_fallback,medium,transfermarkt_achievements_page,https://www.transfermarkt.com/liverpool/erfolge/verein/31,2026-04-28T07:46:09.255073+00:00,Assigned season derived from achievement season label '49/50' using method 'season_label_expanded_fallback'.
premier_league,Premier League,liverpool,Liverpool,53/54,1953/54,1953,1954,Relegated from 1st league,other,other,False,season_label_expanded_fallback,medium,transfermarkt_achievements_page,https://www.transfermarkt.com/liverpool/erfolge/verein/31,2026-04-28T07:46:09.255073+00:00,Assigned season derived from achievement season label '53/54' using method 'season_label_expanded_fallback'.
premier_league,Premier League,liverpool,Liverpool,61/62,1961/62,1961,1962,English 2nd tier champion,league_title,winner,True,season_label_expanded_fallback,medium,transfermarkt_achievements_page,https://www.transfermarkt.com/liverpool/erfolge/verein/31,2026-04-28T07:46:09.255073+00:00,Assigned season derived from achievement season label '61/62' using method 'season_label_expanded_fallback'.
premier_league,Premier League,liverpool,Liverpool,61/62,1961/62,1961,1962,Promoted to 1st league,other,other,False,season_label_expanded_fallback,medium,transfermarkt_achievements_page,https://www.transfermarkt.com/liverpool/erfolge/verein/31,2026-04-28T07:46:09.255073+00:00,Assigned season derived from achievement season label '61/62' using method 'season_label_expanded_fallback'.
premier_league,Premier League,liverpool,Liverpool,63/64,1963/64,1963,1964,English Champion,league_title,winner,True,season_label_expanded_fallback,medium,transfermarkt_achievements_page,https://www.transfermarkt.com/liverpool/erfolge/verein/31,2026-04-28T07:46:09.255073+00:00,Assigned season derived from achievement season label '63/64' using method 'season_label_expanded_fallback'.
premier_league,Premier League,liverpool,Liverpool,64/65,1964/65,1964,1965,English Supercup Winner,super_cup,winner,True,season_label_expanded_fallback,medium,transfermarkt_achievements_page,https://www.transfermarkt.com/liverpool/erfolge/verein/31,2026-04-28T07:46:09.255073+00:00,Assigned season derived from achievement season label '64/65' using method 'season_label_expanded_fallback'.
premier_league,Premier League,liverpool,Liverpool,64/65,1964/65,1964,1965,FA Cup Winner,fa_cup,winner,True,season_label_expanded_fallback,medium,transfermarkt_achievements_page,https://www.transfermarkt.com/liverpool/erfolge/verein/31,2026-04-28T07:46:09.255073+00:00,Assigned season derived from achievement season label '64/65' using method 'season_label_expanded_fallback'.
premier_league,Premier League,liverpool,Liverpool,65/66,1965/66,1965,1966,Cup Winners Cup Runner Up,other,runner_up,False,season_label_expanded_fallback,medium,transfermarkt_achievements_page,https://www.transfermarkt.com/liverpool/erfolge/verein/31,2026-04-28T07:46:09.255073+00:00,Assigned season derived from achievement season label '65/66' using method 'season_label_expanded_fallback'.
premier_league,Premier League,liverpool,Liverpool,65/66,1965/66,1965,1966,English Champion,league_title,winner,True,season_label_expanded_fallback,medium,transfermarkt_achievements_page,https://www.transfermarkt.com/liverpool/erfolge/verein/31,2026-04-28T07:46:09.255073+00:00,Assigned season derived from achievement season label '65/66' using method 'season_label_expanded_fallback'.
premier_league,Premier League,liverpool,Liverpool,65/66,1965/66,1965,1966,English Supercup Winner,super_cup,winner,True,season_label_expanded_fallback,medium,transfermarkt_achievements_page,https://www.transfermarkt.com/liverpool/erfolge/verein/31,2026-04-28T07:46:09.255073+00:00,Assigned season derived from achievement season label '65/66' using method 'season_label_expanded_fallback'.
premier_league,Premier League,liverpool,Liverpool,66/67,1966/67,1966,1967,English Supercup Winner,super_cup,winner,True,season_label_expanded_fallback,medium,transfermarkt_achievements_page,https://www.transfermarkt.com/liverpool/erfolge/verein/31,2026-04-28T07:46:09.255073+00:00,Assigned season derived from achievement season label '66/67' using method 'season_label_expanded_fallback'.
premier_league,Premier League,liverpool,Liverpool,70/71,1970/71,1970,1971,FA Cup Runner up,fa_cup,runner_up,False,season_label_expanded_fallback,medium,transfermarkt_achievements_page,https://www.transfermarkt.com/liverpool/erfolge/verein/31,2026-04-28T07:46:09.255073+00:00,Assigned season derived from achievement season label '70/71' using method 'season_label_expanded_fallback'.
premier_league,Premier League,liverpool,Liverpool,72/73,1972/73,1972,1973,English Champion,league_title,winner,True,season_label_expanded_fallback,medium,transfermarkt_achievements_page,https://www.transfermarkt.com/liverpool/erfolge/verein/31,2026-04-28T07:46:09.255073+00:00,Assigned season derived from achievement season label '72/73' using method 'season_label_expanded_fallback'.
premier_league,Premier League,liverpool,Liverpool,72/73,1972/73,1972,1973,UEFA Cup Participant,fa_cup,participant,False,season_label_expanded_fallback,medium,transfermarkt_achievements_page,https://www.transfermarkt.com/liverpool/erfolge/verein/31,2026-04-28T07:46:09.255073+00:00,Assigned season derived from achievement season label '72/73' using method 'season_label_expanded_fallback'.
premier_league,Premier League,liverpool,Liverpool,72/73,1972/73,1972,1973,UEFA Cup Winner,fa_cup,winner,True,season_label_expanded_fallback,medium,transfermarkt_achievements_page,https://www.transfermarkt.com/liverpool/erfolge/verein/31,2026-04-28T07:46:09.255073+00:00,Assigned season derived from achievement season label '72/73' using method 'season_label_expanded_fallback'.
premier_league,Premier League,liverpool,Liverpool,73/74,1973/74,1973,1974,FA Cup Winner,fa_cup,winner,True,season_label_expanded_fallback,medium,transfermarkt_achievements_page,https://www.transfermarkt.com/liverpool/erfolge/verein/31,2026-04-28T07:46:09.255073+00:00,Assigned season derived from achievement season label '73/74' using method 'season_label_expanded_fallback'.
premier_league,Premier League,liverpool,Liverpool,74/75,1974/75,1974,1975,English Supercup Winner,super_cup,winner,True,season_label_expanded_fallback,medium,transfermarkt_achievements_page,https://www.transfermarkt.com/liverpool/erfolge/verein/31,2026-04-28T07:46:09.255073+00:00,Assigned season derived from achievement season label '74/75' using method 'season_label_expanded_fallback'.
premier_league,Premier League,liverpool,Liverpool,75/76,1975/76,1975,1976,English Champion,league_title,winner,True,season_label_expanded_fallback,medium,transfermarkt_achievements_page,https://www.transfermarkt.com/liverpool/erfolge/verein/31,2026-04-28T07:46:09.255073+00:00,Assigned season derived from achievement season label '75/76' using method 'season_label_expanded_fallback'.
premier_league,Premier League,liverpool,Liverpool,75/76,1975/76,1975,1976,UEFA Cup Participant,fa_cup,participant,False,season_label_expanded_fallback,medium,transfermarkt_achievements_page,https://www.transfermarkt.com/liverpool/erfolge/verein/31,2026-04-28T07:46:09.255073+00:00,Assigned season derived from achievement season label '75/76' using method 'season_label_expanded_fallback'.
premier_league,Premier League,liverpool,Liverpool,75/76,1975/76,1975,1976,UEFA Cup Winner,fa_cup,winner,True,season_label_expanded_fallback,medium,transfermarkt_achievements_page,https://www.transfermarkt.com/liverpool/erfolge/verein/31,2026-04-28T07:46:09.255073+00:00,Assigned season derived from achievement season label '75/76' using method 'season_label_expanded_fallback'.
premier_league,Premier League,liverpool,Liverpool,76/77,1976/77,1976,1977,English Champion,league_title,winner,True,season_label_expanded_fallback,medium,transfermarkt_achievements_page,https://www.transfermarkt.com/liverpool/erfolge/verein/31,2026-04-28T07:46:09.255073+00:00,Assigned season derived from achievement season label '76/77' using method 'season_label_expanded_fallback'.
premier_league,Premier League,liverpool,Liverpool,76/77,1976/77,1976,1977,English Supercup Winner,super_cup,winner,True,season_label_expanded_fallback,medium,transfermarkt_achievements_page,https://www.transfermarkt.com/liverpool/erfolge/verein/31,2026-04-28T07:46:09.255073+00:00,Assigned season derived from achievement season label '76/77' using method 'season_label_expanded_fallback'.
premier_league,Premier League,liverpool,Liverpool,76/77,1976/77,1976,1977,European Champion Clubs' Cup winner,league_title,winner,True,season_label_expanded_fallback,medium,transfermarkt_achievements_page,https://www.transfermarkt.com/liverpool/erfolge/verein/31,2026-04-28T07:46:09.255073+00:00,Assigned season derived from achievement season label '76/77' using method 'season_label_expanded_fallback'.
premier_league,Premier League,liverpool,Liverpool,76/77,1976/77,1976,1977,FA Cup Runner up,fa_cup,runner_up,False,season_label_expanded_fallback,medium,transfermarkt_achievements_page,https://www.transfermarkt.com/liverpool/erfolge/verein/31,2026-04-28T07:46:09.255073+00:00,Assigned season derived from achievement season label '76/77' using method 'season_label_expanded_fallback'.
premier_league,Premier League,liverpool,Liverpool,77/78,1977/78,1977,1978,English League Cup runner-up,league_cup,other,False,season_label_expanded_fallback,medium,transfermarkt_achievements_page,https://www.transfermarkt.com/liverpool/erfolge/verein/31,2026-04-28T07:46:09.255073+00:00,Assigned season derived from achievement season label '77/78' using method 'season_label_expanded_fallback'.
premier_league,Premier League,liverpool,Liverpool,77/78,1977/78,1977,1978,English Supercup Winner,super_cup,winner,True,season_label_expanded_fallback,medium,transfermarkt_achievements_page,https://www.transfermarkt.com/liverpool/erfolge/verein/31,2026-04-28T07:46:09.255073+00:00,Assigned season derived from achievement season label '77/78' using method 'season_label_expanded_fallback'.
premier_league,Premier League,liverpool,Liverpool,77/78,1977/78,1977,1978,European Champion Clubs' Cup winner,league_title,winner,True,season_label_expanded_fallback,medium,transfermarkt_achievements_page,https://www.transfermarkt.com/liverpool/erfolge/verein/31,2026-04-28T07:46:09.255073+00:00,Assigned season derived from achievement season label '77/78' using method 'season_label_expanded_fallback'.
premier_league,Premier League,liverpool,Liverpool,77/78,1977/78,1977,1978,UEFA Supercup Winner,super_cup,winner,True,season_label_expanded_fallback,medium,transfermarkt_achievements_page,https://www.transfermarkt.com/liverpool/erfolge/verein/31,2026-04-28T07:46:09.255073+00:00,Assigned season derived from achievement season label '77/78' using method 'season_label_expanded_fallback'.
premier_league,Premier League,liverpool,Liverpool,78/79,1978/79,1978,1979,English Champion,league_title,winner,True,season_label_expanded_fallback,medium,transfermarkt_achievements_page,https://www.transfermarkt.com/liverpool/erfolge/verein/31,2026-04-28T07:46:09.255073+00:00,Assigned season derived from achievement season label '78/79' using method 'season_label_expanded_fallback'.
premier_league,Premier League,liverpool,Liverpool,78/79,1978/79,1978,1979,UEFA Super Cup runner-up,other,other,False,season_label_expanded_fallback,medium,transfermarkt_achievements_page,https://www.transfermarkt.com/liverpool/erfolge/verein/31,2026-04-28T07:46:09.255073+00:00,Assigned season derived from achievement season label '78/79' using method 'season_label_expanded_fallback'.
premier_league,Premier League,liverpool,Liverpool,79/80,1979/80,1979,1980,English Champion,league_title,winner,True,season_label_expanded_fallback,medium,transfermarkt_achievements_page,https://www.transfermarkt.com/liverpool/erfolge/verein/31,2026-04-28T07:46:09.255073+00:00,Assigned season derived from achievement season label '79/80' using method 'season_label_expanded_fallback'.
premier_league,Premier League,liverpool,Liverpool,79/80,1979/80,1979,1980,English Supercup Winner,super_cup,winner,True,season_label_expanded_fallback,medium,transfermarkt_achievements_page,https://www.transfermarkt.com/liverpool/erfolge/verein/31,2026-04-28T07:46:09.255073+00:00,Assigned season derived from achievement season label '79/80' using method 'season_label_expanded_fallback'.
premier_league,Premier League,liverpool,Liverpool,80/81,1980/81,1980,1981,English League Cup winner,league_cup,winner,True,season_label_expanded_fallback,medium,transfermarkt_achievements_page,https://www.transfermarkt.com/liverpool/erfolge/verein/31,2026-04-28T07:46:09.255073+00:00,Assigned season derived from achievement season label '80/81' using method 'season_label_expanded_fallback'.
premier_league,Premier League,liverpool,Liverpool,80/81,1980/81,1980,1981,English Supercup Winner,super_cup,winner,True,season_label_expanded_fallback,medium,transfermarkt_achievements_page,https://www.transfermarkt.com/liverpool/erfolge/verein/31,2026-04-28T07:46:09.255073+00:00,Assigned season derived from achievement season label '80/81' using method 'season_label_expanded_fallback'.
premier_league,Premier League,liverpool,Liverpool,80/81,1980/81,1980,1981,European Champion Clubs' Cup winner,league_title,winner,True,season_label_expanded_fallback,medium,transfermarkt_achievements_page,https://www.transfermarkt.com/liverpool/erfolge/verein/31,2026-04-28T07:46:09.255073+00:00,Assigned season derived from achievement season label '80/81' using method 'season_label_expanded_fallback'.
premier_league,Premier League,liverpool,Liverpool,81/82,1981/82,1981,1982,English Champion,league_title,winner,True,season_label_expanded_fallback,medium,transfermarkt_achievements_page,https://www.transfermarkt.com/liverpool/erfolge/verein/31,2026-04-28T07:46:09.255073+00:00,Assigned season derived from achievement season label '81/82' using method 'season_label_expanded_fallback'.
premier_league,Premier League,liverpool,Liverpool,81/82,1981/82,1981,1982,English League Cup winner,league_cup,winner,True,season_label_expanded_fallback,medium,transfermarkt_achievements_page,https://www.transfermarkt.com/liverpool/erfolge/verein/31,2026-04-28T07:46:09.255073+00:00,Assigned season derived from achievement season label '81/82' using method 'season_label_expanded_fallback'.
premier_league,Premier League,liverpool,Liverpool,81/82,1981/82,1981,1982,Intercontinental Cup Runner Up,other,runner_up,False,season_label_expanded_fallback,medium,transfermarkt_achievements_page,https://www.transfermarkt.com/liverpool/erfolge/verein/31,2026-04-28T07:46:09.255073+00:00,Assigned season derived from achievement season label '81/82' using method 'season_label_expanded_fallback'.
premier_league,Premier League,liverpool,Liverpool,82/83,1982/83,1982,1983,English Champion,league_title,winner,True,season_label_expanded_fallback,medium,transfermarkt_achievements_page,https://www.transfermarkt.com/liverpool/erfolge/verein/31,2026-04-28T07:46:09.255073+00:00,Assigned season derived from achievement season label '82/83' using method 'season_label_expanded_fallback'.
premier_league,Premier League,liverpool,Liverpool,82/83,1982/83,1982,1983,English League Cup winner,league_cup,winner,True,season_label_expanded_fallback,medium,transfermarkt_achievements_page,https://www.transfermarkt.com/liverpool/erfolge/verein/31,2026-04-28T07:46:09.255073+00:00,Assigned season derived from achievement season label '82/83' using method 'season_label_expanded_fallback'.
premier_league,Premier League,liverpool,Liverpool,82/83,1982/83,1982,1983,English Supercup Winner,super_cup,winner,True,season_label_expanded_fallback,medium,transfermarkt_achievements_page,https://www.transfermarkt.com/liverpool/erfolge/verein/31,2026-04-28T07:46:09.255073+00:00,Assigned season derived from achievement season label '82/83' using method 'season_label_expanded_fallback'.
premier_league,Premier League,liverpool,Liverpool,83/84,1983/84,1983,1984,English Champion,league_title,winner,True,season_label_expanded_fallback,medium,transfermarkt_achievements_page,https://www.transfermarkt.com/liverpool/erfolge/verein/31,2026-04-28T07:46:09.255073+00:00,Assigned season derived from achievement season label '83/84' using method 'season_label_expanded_fallback'.
premier_league,Premier League,liverpool,Liverpool,83/84,1983/84,1983,1984,English League Cup winner,league_cup,winner,True,season_label_expanded_fallback,medium,transfermarkt_achievements_page,https://www.transfermarkt.com/liverpool/erfolge/verein/31,2026-04-28T07:46:09.255073+00:00,Assigned season derived from achievement season label '83/84' using method 'season_label_expanded_fallback'.
premier_league,Premier League,liverpool,Liverpool,83/84,1983/84,1983,1984,European Champion Clubs' Cup winner,league_title,winner,True,season_label_expanded_fallback,medium,transfermarkt_achievements_page,https://www.transfermarkt.com/liverpool/erfolge/verein/31,2026-04-28T07:46:09.255073+00:00,Assigned season derived from achievement season label '83/84' using method 'season_label_expanded_fallback'.
premier_league,Premier League,liverpool,Liverpool,84/85,1984/85,1984,1985,European Cup Runner Up,other,runner_up,False,season_label_expanded_fallback,medium,transfermarkt_achievements_page,https://www.transfermarkt.com/liverpool/erfolge/verein/31,2026-04-28T07:46:09.255073+00:00,Assigned season derived from achievement season label '84/85' using method 'season_label_expanded_fallback'.
premier_league,Premier League,liverpool,Liverpool,84/85,1984/85,1984,1985,Intercontinental Cup Runner Up,other,runner_up,False,season_label_expanded_fallback,medium,transfermarkt_achievements_page,https://www.transfermarkt.com/liverpool/erfolge/verein/31,2026-04-28T07:46:09.255073+00:00,Assigned season derived from achievement season label '84/85' using method 'season_label_expanded_fallback'.
premier_league,Premier League,liverpool,Liverpool,84/85,1984/85,1984,1985,UEFA Super Cup runner-up,other,other,False,season_label_expanded_fallback,medium,transfermarkt_achievements_page,https://www.transfermarkt.com/liverpool/erfolge/verein/31,2026-04-28T07:46:09.255073+00:00,Assigned season derived from achievement season label '84/85' using method 'season_label_expanded_fallback'.
premier_league,Premier League,liverpool,Liverpool,85/86,1985/86,1985,1986,English Champion,league_title,winner,True,season_label_expanded_fallback,medium,transfermarkt_achievements_page,https://www.transfermarkt.com/liverpool/erfolge/verein/31,2026-04-28T07:46:09.255073+00:00,Assigned season derived from achievement season label '85/86' using method 'season_label_expanded_fallback'.
premier_league,Premier League,liverpool,Liverpool,85/86,1985/86,1985,1986,FA Cup Winner,fa_cup,winner,True,season_label_expanded_fallback,medium,transfermarkt_achievements_page,https://www.transfermarkt.com/liverpool/erfolge/verein/31,2026-04-28T07:46:09.255073+00:00,Assigned season derived from achievement season label '85/86' using method 'season_label_expanded_fallback'.
premier_league,Premier League,liverpool,Liverpool,86/87,1986/87,1986,1987,English League Cup runner-up,league_cup,other,False,season_label_expanded_fallback,medium,transfermarkt_achievements_page,https://www.transfermarkt.com/liverpool/erfolge/verein/31,2026-04-28T07:46:09.255073+00:00,Assigned season derived from achievement season label '86/87' using method 'season_label_expanded_fallback'.
premier_league,Premier League,liverpool,Liverpool,86/87,1986/87,1986,1987,English Supercup Winner,super_cup,winner,True,season_label_expanded_fallback,medium,transfermarkt_achievements_page,https://www.transfermarkt.com/liverpool/erfolge/verein/31,2026-04-28T07:46:09.255073+00:00,Assigned season derived from achievement season label '86/87' using method 'season_label_expanded_fallback'.
premier_league,Premier League,liverpool,Liverpool,87/88,1987/88,1987,1988,English Champion,league_title,winner,True,season_label_expanded_fallback,medium,transfermarkt_achievements_page,https://www.transfermarkt.com/liverpool/erfolge/verein/31,2026-04-28T07:46:09.255073+00:00,Assigned season derived from achievement season label '87/88' using method 'season_label_expanded_fallback'.
premier_league,Premier League,liverpool,Liverpool,87/88,1987/88,1987,1988,FA Cup Runner up,fa_cup,runner_up,False,season_label_expanded_fallback,medium,transfermarkt_achievements_page,https://www.transfermarkt.com/liverpool/erfolge/verein/31,2026-04-28T07:46:09.255073+00:00,Assigned season derived from achievement season label '87/88' using method 'season_label_expanded_fallback'.
premier_league,Premier League,liverpool,Liverpool,88/89,1988/89,1988,1989,English Supercup Winner,super_cup,winner,True,season_label_expanded_fallback,medium,transfermarkt_achievements_page,https://www.transfermarkt.com/liverpool/erfolge/verein/31,2026-04-28T07:46:09.255073+00:00,Assigned season derived from achievement season label '88/89' using method 'season_label_expanded_fallback'.
premier_league,Premier League,liverpool,Liverpool,88/89,1988/89,1988,1989,FA Cup Winner,fa_cup,winner,True,season_label_expanded_fallback,medium,transfermarkt_achievements_page,https://www.transfermarkt.com/liverpool/erfolge/verein/31,2026-04-28T07:46:09.255073+00:00,Assigned season derived from achievement season label '88/89' using method 'season_label_expanded_fallback'.
premier_league,Premier League,liverpool,Liverpool,89/90,1989/90,1989,1990,English Champion,league_title,winner,True,season_label_expanded_fallback,medium,transfermarkt_achievements_page,https://www.transfermarkt.com/liverpool/erfolge/verein/31,2026-04-28T07:46:09.255073+00:00,Assigned season derived from achievement season label '89/90' using method 'season_label_expanded_fallback'.
premier_league,Premier League,liverpool,Liverpool,89/90,1989/90,1989,1990,English Supercup Winner,super_cup,winner,True,season_label_expanded_fallback,medium,transfermarkt_achievements_page,https://www.transfermarkt.com/liverpool/erfolge/verein/31,2026-04-28T07:46:09.255073+00:00,Assigned season derived from achievement season label '89/90' using method 'season_label_expanded_fallback'.
premier_league,Premier League,liverpool,Liverpool,90/91,1990/91,1990,1991,English Supercup Winner,super_cup,winner,True,season_label_expanded,high,transfermarkt_achievements_page,https://www.transfermarkt.com/liverpool/erfolge/verein/31,2026-04-28T07:46:09.255073+00:00,
premier_league,Premier League,liverpool,Liverpool,91/92,1991/92,1991,1992,FA Cup Winner,fa_cup,winner,True,season_label_expanded,high,transfermarkt_achievements_page,https://www.transfermarkt.com/liverpool/erfolge/verein/31,2026-04-28T07:46:09.255073+00:00,
premier_league,Premier League,liverpool,Liverpool,91/92,1991/92,1991,1992,UEFA Cup Participant,fa_cup,participant,False,season_label_expanded,high,transfermarkt_achievements_page,https://www.transfermarkt.com/liverpool/erfolge/verein/31,2026-04-28T07:46:09.255073+00:00,
premier_league,Premier League,liverpool,Liverpool,94/95,1994/95,1994,1995,English League Cup winner,league_cup,winner,True,season_label_expanded,high,transfermarkt_achievements_page,https://www.transfermarkt.com/liverpool/erfolge/verein/31,2026-04-28T07:46:09.255073+00:00,
premier_league,Premier League,liverpool,Liverpool,95/96,1995/96,1995,1996,FA Cup Runner up,fa_cup,runner_up,False,season_label_expanded,high,transfermarkt_achievements_page,https://www.transfermarkt.com/liverpool/erfolge/verein/31,2026-04-28T07:46:09.255073+00:00,
premier_league,Premier League,liverpool,Liverpool,95/96,1995/96,1995,1996,UEFA Cup Participant,fa_cup,participant,False,season_label_expanded,high,transfermarkt_achievements_page,https://www.transfermarkt.com/liverpool/erfolge/verein/31,2026-04-28T07:46:09.255073+00:00,
premier_league,Premier League,liverpool,Liverpool,97/98,1997/98,1997,1998,UEFA Cup Participant,fa_cup,participant,False,season_label_expanded,high,transfermarkt_achievements_page,https://www.transfermarkt.com/liverpool/erfolge/verein/31,2026-04-28T07:46:09.255073+00:00,
premier_league,Premier League,liverpool,Liverpool,98/99,1998/99,1998,1999,UEFA Cup Participant,fa_cup,participant,False,season_label_expanded,high,transfermarkt_achievements_page,https://www.transfermarkt.com/liverpool/erfolge/verein/31,2026-04-28T07:46:09.255073+00:00,
premier_league,Premier League,liverpool,Liverpool,00/01,2000/01,2000,2001,English League Cup winner,league_cup,winner,True,season_label_expanded,high,transfermarkt_achievements_page,https://www.transfermarkt.com/liverpool/erfolge/verein/31,2026-04-28T07:46:09.255073+00:00,
premier_league,Premier League,liverpool,Liverpool,00/01,2000/01,2000,2001,FA Cup Winner,fa_cup,winner,True,season_label_expanded,high,transfermarkt_achievements_page,https://www.transfermarkt.com/liverpool/erfolge/verein/31,2026-04-28T07:46:09.255073+00:00,
premier_league,Premier League,liverpool,Liverpool,00/01,2000/01,2000,2001,UEFA Cup Participant,fa_cup,participant,False,season_label_expanded,high,transfermarkt_achievements_page,https://www.transfermarkt.com/liverpool/erfolge/verein/31,2026-04-28T07:46:09.255073+00:00,
premier_league,Premier League,liverpool,Liverpool,00/01,2000/01,2000,2001,UEFA Cup Winner,fa_cup,winner,True,season_label_expanded,high,transfermarkt_achievements_page,https://www.transfermarkt.com/liverpool/erfolge/verein/31,2026-04-28T07:46:09.255073+00:00,
premier_league,Premier League,liverpool,Liverpool,01/02,2001/02,2001,2002,Champions League Participant,uefa_champions_league,participant,False,season_label_expanded,high,transfermarkt_achievements_page,https://www.transfermarkt.com/liverpool/erfolge/verein/31,2026-04-28T07:46:09.255073+00:00,
premier_league,Premier League,liverpool,Liverpool,01/02,2001/02,2001,2002,English Supercup Winner,super_cup,winner,True,season_label_expanded,high,transfermarkt_achievements_page,https://www.transfermarkt.com/liverpool/erfolge/verein/31,2026-04-28T07:46:09.255073+00:00,
premier_league,Premier League,liverpool,Liverpool,01/02,2001/02,2001,2002,UEFA Supercup Winner,super_cup,winner,True,season_label_expanded,high,transfermarkt_achievements_page,https://www.transfermarkt.com/liverpool/erfolge/verein/31,2026-04-28T07:46:09.255073+00:00,
premier_league,Premier League,liverpool,Liverpool,02/03,2002/03,2002,2003,Champions League Participant,uefa_champions_league,participant,False,season_label_expanded,high,transfermarkt_achievements_page,https://www.transfermarkt.com/liverpool/erfolge/verein/31,2026-04-28T07:46:09.255073+00:00,
premier_league,Premier League,liverpool,Liverpool,02/03,2002/03,2002,2003,English League Cup winner,league_cup,winner,True,season_label_expanded,high,transfermarkt_achievements_page,https://www.transfermarkt.com/liverpool/erfolge/verein/31,2026-04-28T07:46:09.255073+00:00,
premier_league,Premier League,liverpool,Liverpool,02/03,2002/03,2002,2003,UEFA Cup Participant,fa_cup,participant,False,season_label_expanded,high,transfermarkt_achievements_page,https://www.transfermarkt.com/liverpool/erfolge/verein/31,2026-04-28T07:46:09.255073+00:00,
premier_league,Premier League,liverpool,Liverpool,03/04,2003/04,2003,2004,UEFA Cup Participant,fa_cup,participant,False,season_label_expanded,high,transfermarkt_achievements_page,https://www.transfermarkt.com/liverpool/erfolge/verein/31,2026-04-28T07:46:09.255073+00:00,
premier_league,Premier League,liverpool,Liverpool,04/05,2004/05,2004,2005,Champions League Participant,uefa_champions_league,participant,False,season_label_expanded,high,transfermarkt_achievements_page,https://www.transfermarkt.com/liverpool/erfolge/verein/31,2026-04-28T07:46:09.255073+00:00,
premier_league,Premier League,liverpool,Liverpool,04/05,2004/05,2004,2005,English League Cup runner-up,league_cup,other,False,season_label_expanded,high,transfermarkt_achievements_page,https://www.transfermarkt.com/liverpool/erfolge/verein/31,2026-04-28T07:46:09.255073+00:00,
premier_league,Premier League,liverpool,Liverpool,04/05,2004/05,2004,2005,UEFA Champions League winner,uefa_champions_league,winner,True,season_label_expanded,high,transfermarkt_achievements_page,https://www.transfermarkt.com/liverpool/erfolge/verein/31,2026-04-28T07:46:09.255073+00:00,
premier_league,Premier League,liverpool,Liverpool,05/06,2005/06,2005,2006,Champions League Participant,uefa_champions_league,participant,False,season_label_expanded,high,transfermarkt_achievements_page,https://www.transfermarkt.com/liverpool/erfolge/verein/31,2026-04-28T07:46:09.255073+00:00,
premier_league,Premier League,liverpool,Liverpool,05/06,2005/06,2005,2006,FA Cup Winner,fa_cup,winner,True,season_label_expanded,high,transfermarkt_achievements_page,https://www.transfermarkt.com/liverpool/erfolge/verein/31,2026-04-28T07:46:09.255073+00:00,
premier_league,Premier League,liverpool,Liverpool,05/06,2005/06,2005,2006,FIFA Club World Cup Participant,club_world_cup,participant,False,season_label_expanded,high,transfermarkt_achievements_page,https://www.transfermarkt.com/liverpool/erfolge/verein/31,2026-04-28T07:46:09.255073+00:00,
premier_league,Premier League,liverpool,Liverpool,05/06,2005/06,2005,2006,FIFA Club World Cup runner-up,club_world_cup,other,False,season_label_expanded,high,transfermarkt_achievements_page,https://www.transfermarkt.com/liverpool/erfolge/verein/31,2026-04-28T07:46:09.255073+00:00,
premier_league,Premier League,liverpool,Liverpool,05/06,2005/06,2005,2006,UEFA Supercup Winner,super_cup,winner,True,season_label_expanded,high,transfermarkt_achievements_page,https://www.transfermarkt.com/liverpool/erfolge/verein/31,2026-04-28T07:46:09.255073+00:00,
premier_league,Premier League,liverpool,Liverpool,06/07,2006/07,2006,2007,Champions League Participant,uefa_champions_league,participant,False,season_label_expanded,high,transfermarkt_achievements_page,https://www.transfermarkt.com/liverpool/erfolge/verein/31,2026-04-28T07:46:09.255073+00:00,
premier_league,Premier League,liverpool,Liverpool,06/07,2006/07,2006,2007,Champions League runner-up,uefa_champions_league,winner,True,season_label_expanded,high,transfermarkt_achievements_page,https://www.transfermarkt.com/liverpool/erfolge/verein/31,2026-04-28T07:46:09.255073+00:00,
premier_league,Premier League,liverpool,Liverpool,06/07,2006/07,2006,2007,English Supercup Winner,super_cup,winner,True,season_label_expanded,high,transfermarkt_achievements_page,https://www.transfermarkt.com/liverpool/erfolge/verein/31,2026-04-28T07:46:09.255073+00:00,
premier_league,Premier League,liverpool,Liverpool,07/08,2007/08,2007,2008,Champions League Participant,uefa_champions_league,participant,False,season_label_expanded,high,transfermarkt_achievements_page,https://www.transfermarkt.com/liverpool/erfolge/verein/31,2026-04-28T07:46:09.255073+00:00,
premier_league,Premier League,liverpool,Liverpool,08/09,2008/09,2008,2009,Champions League Participant,uefa_champions_league,participant,False,season_label_expanded,high,transfermarkt_achievements_page,https://www.transfermarkt.com/liverpool/erfolge/verein/31,2026-04-28T07:46:09.255073+00:00,
premier_league,Premier League,liverpool,Liverpool,09/10,2009/10,2009,2010,Champions League Participant,uefa_champions_league,participant,False,season_label_expanded,high,transfermarkt_achievements_page,https://www.transfermarkt.com/liverpool/erfolge/verein/31,2026-04-28T07:46:09.255073+00:00,
premier_league,Premier League,liverpool,Liverpool,09/10,2009/10,2009,2010,Europa League Participant,uefa_europa_league,participant,False,season_label_expanded,high,transfermarkt_achievements_page,https://www.transfermarkt.com/liverpool/erfolge/verein/31,2026-04-28T07:46:09.255073+00:00,
premier_league,Premier League,liverpool,Liverpool,10/11,2010/11,2010,2011,Europa League Participant,uefa_europa_league,participant,False,season_label_expanded,high,transfermarkt_achievements_page,https://www.transfermarkt.com/liverpool/erfolge/verein/31,2026-04-28T07:46:09.255073+00:00,
premier_league,Premier League,liverpool,Liverpool,11/12,2011/12,2011,2012,English League Cup winner,league_cup,winner,True,season_label_expanded,high,transfermarkt_achievements_page,https://www.transfermarkt.com/liverpool/erfolge/verein/31,2026-04-28T07:46:09.255073+00:00,
premier_league,Premier League,liverpool,Liverpool,12/13,2012/13,2012,2013,Europa League Participant,uefa_europa_league,participant,False,season_label_expanded,high,transfermarkt_achievements_page,https://www.transfermarkt.com/liverpool/erfolge/verein/31,2026-04-28T07:46:09.255073+00:00,
premier_league,Premier League,liverpool,Liverpool,14/15,2014/15,2014,2015,Champions League Participant,uefa_champions_league,participant,False,season_label_expanded,high,transfermarkt_achievements_page,https://www.transfermarkt.com/liverpool/erfolge/verein/31,2026-04-28T07:46:09.255073+00:00,
premier_league,Premier League,liverpool,Liverpool,14/15,2014/15,2014,2015,Europa League Participant,uefa_europa_league,participant,False,season_label_expanded,high,transfermarkt_achievements_page,https://www.transfermarkt.com/liverpool/erfolge/verein/31,2026-04-28T07:46:09.255073+00:00,
premier_league,Premier League,liverpool,Liverpool,15/16,2015/16,2015,2016,English League Cup runner-up,league_cup,other,False,season_label_expanded,high,transfermarkt_achievements_page,https://www.transfermarkt.com/liverpool/erfolge/verein/31,2026-04-28T07:46:09.255073+00:00,
premier_league,Premier League,liverpool,Liverpool,15/16,2015/16,2015,2016,Europa League Participant,uefa_europa_league,participant,False,season_label_expanded,high,transfermarkt_achievements_page,https://www.transfermarkt.com/liverpool/erfolge/verein/31,2026-04-28T07:46:09.255073+00:00,
premier_league,Premier League,liverpool,Liverpool,15/16,2015/16,2015,2016,Europa League runner-up,uefa_europa_league,other,False,season_label_expanded,high,transfermarkt_achievements_page,https://www.transfermarkt.com/liverpool/erfolge/verein/31,2026-04-28T07:46:09.255073+00:00,
premier_league,Premier League,liverpool,Liverpool,17/18,2017/18,2017,2018,Champions League Participant,uefa_champions_league,participant,False,season_label_expanded,high,transfermarkt_achievements_page,https://www.transfermarkt.com/liverpool/erfolge/verein/31,2026-04-28T07:46:09.255073+00:00,
premier_league,Premier League,liverpool,Liverpool,17/18,2017/18,2017,2018,Champions League runner-up,uefa_champions_league,winner,True,season_label_expanded,high,transfermarkt_achievements_page,https://www.transfermarkt.com/liverpool/erfolge/verein/31,2026-04-28T07:46:09.255073+00:00,
premier_league,Premier League,liverpool,Liverpool,18/19,2018/19,2018,2019,Champions League Participant,uefa_champions_league,participant,False,season_label_expanded,high,transfermarkt_achievements_page,https://www.transfermarkt.com/liverpool/erfolge/verein/31,2026-04-28T07:46:09.255073+00:00,
premier_league,Premier League,liverpool,Liverpool,18/19,2018/19,2018,2019,UEFA Champions League winner,uefa_champions_league,winner,True,season_label_expanded,high,transfermarkt_achievements_page,https://www.transfermarkt.com/liverpool/erfolge/verein/31,2026-04-28T07:46:09.255073+00:00,
premier_league,Premier League,liverpool,Liverpool,19/20,2019/20,2019,2020,Champions League Participant,uefa_champions_league,participant,False,season_label_expanded,high,transfermarkt_achievements_page,https://www.transfermarkt.com/liverpool/erfolge/verein/31,2026-04-28T07:46:09.255073+00:00,
premier_league,Premier League,liverpool,Liverpool,19/20,2019/20,2019,2020,English Champion,league_title,winner,True,season_label_expanded,high,transfermarkt_achievements_page,https://www.transfermarkt.com/liverpool/erfolge/verein/31,2026-04-28T07:46:09.255073+00:00,
premier_league,Premier League,liverpool,Liverpool,19/20,2019/20,2019,2020,FIFA Club World Cup Participant,club_world_cup,participant,False,season_label_expanded,high,transfermarkt_achievements_page,https://www.transfermarkt.com/liverpool/erfolge/verein/31,2026-04-28T07:46:09.255073+00:00,
premier_league,Premier League,liverpool,Liverpool,19/20,2019/20,2019,2020,UEFA Supercup Winner,super_cup,winner,True,season_label_expanded,high,transfermarkt_achievements_page,https://www.transfermarkt.com/liverpool/erfolge/verein/31,2026-04-28T07:46:09.255073+00:00,
premier_league,Premier League,liverpool,Liverpool,20/21,2020/21,2020,2021,Champions League Participant,uefa_champions_league,participant,False,season_label_expanded,high,transfermarkt_achievements_page,https://www.transfermarkt.com/liverpool/erfolge/verein/31,2026-04-28T07:46:09.255073+00:00,
premier_league,Premier League,liverpool,Liverpool,2020,2020/21,2020,2021,FIFA Club World Cup winner,club_world_cup,winner,True,calendar_year_mapped_to_start_year_season,medium,transfermarkt_achievements_page,https://www.transfermarkt.com/liverpool/erfolge/verein/31,2026-04-28T07:46:09.255073+00:00,Assigned season derived from achievement season label '2020' using method 'calendar_year_mapped_to_start_year_season'.
premier_league,Premier League,liverpool,Liverpool,21/22,2021/22,2021,2022,Champions League Participant,uefa_champions_league,participant,False,season_label_expanded,high,transfermarkt_achievements_page,https://www.transfermarkt.com/liverpool/erfolge/verein/31,2026-04-28T07:46:09.255073+00:00,
premier_league,Premier League,liverpool,Liverpool,21/22,2021/22,2021,2022,Champions League runner-up,uefa_champions_league,winner,True,season_label_expanded,high,transfermarkt_achievements_page,https://www.transfermarkt.com/liverpool/erfolge/verein/31,2026-04-28T07:46:09.255073+00:00,
premier_league,Premier League,liverpool,Liverpool,21/22,2021/22,2021,2022,English League Cup winner,league_cup,winner,True,season_label_expanded,high,transfermarkt_achievements_page,https://www.transfermarkt.com/liverpool/erfolge/verein/31,2026-04-28T07:46:09.255073+00:00,
premier_league,Premier League,liverpool,Liverpool,21/22,2021/22,2021,2022,FA Cup Winner,fa_cup,winner,True,season_label_expanded,high,transfermarkt_achievements_page,https://www.transfermarkt.com/liverpool/erfolge/verein/31,2026-04-28T07:46:09.255073+00:00,
premier_league,Premier League,liverpool,Liverpool,22/23,2022/23,2022,2023,Champions League Participant,uefa_champions_league,participant,False,season_label_expanded,high,transfermarkt_achievements_page,https://www.transfermarkt.com/liverpool/erfolge/verein/31,2026-04-28T07:46:09.255073+00:00,
premier_league,Premier League,liverpool,Liverpool,22/23,2022/23,2022,2023,English Supercup Winner,super_cup,winner,True,season_label_expanded,high,transfermarkt_achievements_page,https://www.transfermarkt.com/liverpool/erfolge/verein/31,2026-04-28T07:46:09.255073+00:00,
premier_league,Premier League,liverpool,Liverpool,23/24,2023/24,2023,2024,English League Cup winner,league_cup,winner,True,season_label_expanded,high,transfermarkt_achievements_page,https://www.transfermarkt.com/liverpool/erfolge/verein/31,2026-04-28T07:46:09.255073+00:00,
premier_league,Premier League,liverpool,Liverpool,23/24,2023/24,2023,2024,Europa League Participant,uefa_europa_league,participant,False,season_label_expanded,high,transfermarkt_achievements_page,https://www.transfermarkt.com/liverpool/erfolge/verein/31,2026-04-28T07:46:09.255073+00:00,
premier_league,Premier League,liverpool,Liverpool,24/25,2024/25,2024,2025,Champions League Participant,uefa_champions_league,participant,False,season_label_expanded,high,transfermarkt_achievements_page,https://www.transfermarkt.com/liverpool/erfolge/verein/31,2026-04-28T07:46:09.255073+00:00,
premier_league,Premier League,liverpool,Liverpool,24/25,2024/25,2024,2025,English Champion,league_title,winner,True,season_label_expanded,high,transfermarkt_achievements_page,https://www.transfermarkt.com/liverpool/erfolge/verein/31,2026-04-28T07:46:09.255073+00:00,
premier_league,Premier League,manchester_city,Manchester City,1898/99,1898/99,1898,1899,English 2nd tier champion,league_title,winner,True,season_label_preserved,medium,transfermarkt_achievements_page,https://www.transfermarkt.com/manchester-city/erfolge/verein/281,2026-04-28T07:46:02.709517+00:00,Assigned season derived from achievement season label '1898/99' using method 'season_label_preserved'.
premier_league,Premier League,manchester_city,Manchester City,1898/99,1898/99,1898,1899,Promoted to 1st league,other,other,False,season_label_preserved,medium,transfermarkt_achievements_page,https://www.transfermarkt.com/manchester-city/erfolge/verein/281,2026-04-28T07:46:02.709517+00:00,Assigned season derived from achievement season label '1898/99' using method 'season_label_preserved'.
premier_league,Premier League,manchester_city,Manchester City,1901/02,1901/02,1901,1902,Relegated from 1st league,other,other,False,season_label_preserved,medium,transfermarkt_achievements_page,https://www.transfermarkt.com/manchester-city/erfolge/verein/281,2026-04-28T07:46:02.709517+00:00,Assigned season derived from achievement season label '1901/02' using method 'season_label_preserved'.
premier_league,Premier League,manchester_city,Manchester City,1902/03,1902/03,1902,1903,English 2nd tier champion,league_title,winner,True,season_label_preserved,medium,transfermarkt_achievements_page,https://www.transfermarkt.com/manchester-city/erfolge/verein/281,2026-04-28T07:46:02.709517+00:00,Assigned season derived from achievement season label '1902/03' using method 'season_label_preserved'.
premier_league,Premier League,manchester_city,Manchester City,1902/03,1902/03,1902,1903,Promoted to 1st league,other,other,False,season_label_preserved,medium,transfermarkt_achievements_page,https://www.transfermarkt.com/manchester-city/erfolge/verein/281,2026-04-28T07:46:02.709517+00:00,Assigned season derived from achievement season label '1902/03' using method 'season_label_preserved'.
premier_league,Premier League,manchester_city,Manchester City,1903/04,1903/04,1903,1904,FA Cup Winner,fa_cup,winner,True,season_label_preserved,medium,transfermarkt_achievements_page,https://www.transfermarkt.com/manchester-city/erfolge/verein/281,2026-04-28T07:46:02.709517+00:00,Assigned season derived from achievement season label '1903/04' using method 'season_label_preserved'.
premier_league,Premier League,manchester_city,Manchester City,1908/09,1908/09,1908,1909,Relegated from 1st league,other,other,False,season_label_preserved,medium,transfermarkt_achievements_page,https://www.transfermarkt.com/manchester-city/erfolge/verein/281,2026-04-28T07:46:02.709517+00:00,Assigned season derived from achievement season label '1908/09' using method 'season_label_preserved'.
premier_league,Premier League,manchester_city,Manchester City,1909/10,1909/10,1909,1910,English 2nd tier champion,league_title,winner,True,season_label_preserved,medium,transfermarkt_achievements_page,https://www.transfermarkt.com/manchester-city/erfolge/verein/281,2026-04-28T07:46:02.709517+00:00,Assigned season derived from achievement season label '1909/10' using method 'season_label_preserved'.
premier_league,Premier League,manchester_city,Manchester City,1909/10,1909/10,1909,1910,Promoted to 1st league,other,other,False,season_label_preserved,medium,transfermarkt_achievements_page,https://www.transfermarkt.com/manchester-city/erfolge/verein/281,2026-04-28T07:46:02.709517+00:00,Assigned season derived from achievement season label '1909/10' using method 'season_label_preserved'.
premier_league,Premier League,manchester_city,Manchester City,1925/26,1925/26,1925,1926,FA Cup Runner up,fa_cup,runner_up,False,season_label_preserved,medium,transfermarkt_achievements_page,https://www.transfermarkt.com/manchester-city/erfolge/verein/281,2026-04-28T07:46:02.709517+00:00,Assigned season derived from achievement season label '1925/26' using method 'season_label_preserved'.
premier_league,Premier League,manchester_city,Manchester City,1925/26,1925/26,1925,1926,Relegated from 1st league,other,other,False,season_label_preserved,medium,transfermarkt_achievements_page,https://www.transfermarkt.com/manchester-city/erfolge/verein/281,2026-04-28T07:46:02.709517+00:00,Assigned season derived from achievement season label '1925/26' using method 'season_label_preserved'.
premier_league,Premier League,manchester_city,Manchester City,1927/28,1927/28,1927,1928,English 2nd tier champion,league_title,winner,True,season_label_preserved,medium,transfermarkt_achievements_page,https://www.transfermarkt.com/manchester-city/erfolge/verein/281,2026-04-28T07:46:02.709517+00:00,Assigned season derived from achievement season label '1927/28' using method 'season_label_preserved'.
premier_league,Premier League,manchester_city,Manchester City,1927/28,1927/28,1927,1928,Promoted to 1st league,other,other,False,season_label_preserved,medium,transfermarkt_achievements_page,https://www.transfermarkt.com/manchester-city/erfolge/verein/281,2026-04-28T07:46:02.709517+00:00,Assigned season derived from achievement season label '1927/28' using method 'season_label_preserved'.
premier_league,Premier League,manchester_city,Manchester City,32/33,1932/33,1932,1933,FA Cup Runner up,fa_cup,runner_up,False,season_label_expanded_fallback,medium,transfermarkt_achievements_page,https://www.transfermarkt.com/manchester-city/erfolge/verein/281,2026-04-28T07:46:02.709517+00:00,Assigned season derived from achievement season label '32/33' using method 'season_label_expanded_fallback'.
premier_league,Premier League,manchester_city,Manchester City,33/34,1933/34,1933,1934,FA Cup Winner,fa_cup,winner,True,season_label_expanded_fallback,medium,transfermarkt_achievements_page,https://www.transfermarkt.com/manchester-city/erfolge/verein/281,2026-04-28T07:46:02.709517+00:00,Assigned season derived from achievement season label '33/34' using method 'season_label_expanded_fallback'.
premier_league,Premier League,manchester_city,Manchester City,36/37,1936/37,1936,1937,English Champion,league_title,winner,True,season_label_expanded_fallback,medium,transfermarkt_achievements_page,https://www.transfermarkt.com/manchester-city/erfolge/verein/281,2026-04-28T07:46:02.709517+00:00,Assigned season derived from achievement season label '36/37' using method 'season_label_expanded_fallback'.
premier_league,Premier League,manchester_city,Manchester City,37/38,1937/38,1937,1938,English Supercup Winner,super_cup,winner,True,season_label_expanded_fallback,medium,transfermarkt_achievements_page,https://www.transfermarkt.com/manchester-city/erfolge/verein/281,2026-04-28T07:46:02.709517+00:00,Assigned season derived from achievement season label '37/38' using method 'season_label_expanded_fallback'.
premier_league,Premier League,manchester_city,Manchester City,37/38,1937/38,1937,1938,Relegated from 1st league,other,other,False,season_label_expanded_fallback,medium,transfermarkt_achievements_page,https://www.transfermarkt.com/manchester-city/erfolge/verein/281,2026-04-28T07:46:02.709517+00:00,Assigned season derived from achievement season label '37/38' using method 'season_label_expanded_fallback'.
premier_league,Premier League,manchester_city,Manchester City,46/47,1946/47,1946,1947,English 2nd tier champion,league_title,winner,True,season_label_expanded_fallback,medium,transfermarkt_achievements_page,https://www.transfermarkt.com/manchester-city/erfolge/verein/281,2026-04-28T07:46:02.709517+00:00,Assigned season derived from achievement season label '46/47' using method 'season_label_expanded_fallback'.
premier_league,Premier League,manchester_city,Manchester City,46/47,1946/47,1946,1947,Promoted to 1st league,other,other,False,season_label_expanded_fallback,medium,transfermarkt_achievements_page,https://www.transfermarkt.com/manchester-city/erfolge/verein/281,2026-04-28T07:46:02.709517+00:00,Assigned season derived from achievement season label '46/47' using method 'season_label_expanded_fallback'.
premier_league,Premier League,manchester_city,Manchester City,49/50,1949/50,1949,1950,Relegated from 1st league,other,other,False,season_label_expanded_fallback,medium,transfermarkt_achievements_page,https://www.transfermarkt.com/manchester-city/erfolge/verein/281,2026-04-28T07:46:02.709517+00:00,Assigned season derived from achievement season label '49/50' using method 'season_label_expanded_fallback'.
premier_league,Premier League,manchester_city,Manchester City,50/51,1950/51,1950,1951,Promoted to 1st league,other,other,False,season_label_expanded_fallback,medium,transfermarkt_achievements_page,https://www.transfermarkt.com/manchester-city/erfolge/verein/281,2026-04-28T07:46:02.709517+00:00,Assigned season derived from achievement season label '50/51' using method 'season_label_expanded_fallback'.
premier_league,Premier League,manchester_city,Manchester City,54/55,1954/55,1954,1955,FA Cup Runner up,fa_cup,runner_up,False,season_label_expanded_fallback,medium,transfermarkt_achievements_page,https://www.transfermarkt.com/manchester-city/erfolge/verein/281,2026-04-28T07:46:02.709517+00:00,Assigned season derived from achievement season label '54/55' using method 'season_label_expanded_fallback'.
premier_league,Premier League,manchester_city,Manchester City,55/56,1955/56,1955,1956,FA Cup Winner,fa_cup,winner,True,season_label_expanded_fallback,medium,transfermarkt_achievements_page,https://www.transfermarkt.com/manchester-city/erfolge/verein/281,2026-04-28T07:46:02.709517+00:00,Assigned season derived from achievement season label '55/56' using method 'season_label_expanded_fallback'.
premier_league,Premier League,manchester_city,Manchester City,62/63,1962/63,1962,1963,Relegated from 1st league,other,other,False,season_label_expanded_fallback,medium,transfermarkt_achievements_page,https://www.transfermarkt.com/manchester-city/erfolge/verein/281,2026-04-28T07:46:02.709517+00:00,Assigned season derived from achievement season label '62/63' using method 'season_label_expanded_fallback'.
premier_league,Premier League,manchester_city,Manchester City,65/66,1965/66,1965,1966,English 2nd tier champion,league_title,winner,True,season_label_expanded_fallback,medium,transfermarkt_achievements_page,https://www.transfermarkt.com/manchester-city/erfolge/verein/281,2026-04-28T07:46:02.709517+00:00,Assigned season derived from achievement season label '65/66' using method 'season_label_expanded_fallback'.
premier_league,Premier League,manchester_city,Manchester City,65/66,1965/66,1965,1966,Promoted to 1st league,other,other,False,season_label_expanded_fallback,medium,transfermarkt_achievements_page,https://www.transfermarkt.com/manchester-city/erfolge/verein/281,2026-04-28T07:46:02.709517+00:00,Assigned season derived from achievement season label '65/66' using method 'season_label_expanded_fallback'.
premier_league,Premier League,manchester_city,Manchester City,67/68,1967/68,1967,1968,English Champion,league_title,winner,True,season_label_expanded_fallback,medium,transfermarkt_achievements_page,https://www.transfermarkt.com/manchester-city/erfolge/verein/281,2026-04-28T07:46:02.709517+00:00,Assigned season derived from achievement season label '67/68' using method 'season_label_expanded_fallback'.
premier_league,Premier League,manchester_city,Manchester City,68/69,1968/69,1968,1969,English Supercup Winner,super_cup,winner,True,season_label_expanded_fallback,medium,transfermarkt_achievements_page,https://www.transfermarkt.com/manchester-city/erfolge/verein/281,2026-04-28T07:46:02.709517+00:00,Assigned season derived from achievement season label '68/69' using method 'season_label_expanded_fallback'.
premier_league,Premier League,manchester_city,Manchester City,68/69,1968/69,1968,1969,FA Cup Winner,fa_cup,winner,True,season_label_expanded_fallback,medium,transfermarkt_achievements_page,https://www.transfermarkt.com/manchester-city/erfolge/verein/281,2026-04-28T07:46:02.709517+00:00,Assigned season derived from achievement season label '68/69' using method 'season_label_expanded_fallback'.
premier_league,Premier League,manchester_city,Manchester City,69/70,1969/70,1969,1970,Cup Winners Cup Winner,other,winner,True,season_label_expanded_fallback,medium,transfermarkt_achievements_page,https://www.transfermarkt.com/manchester-city/erfolge/verein/281,2026-04-28T07:46:02.709517+00:00,Assigned season derived from achievement season label '69/70' using method 'season_label_expanded_fallback'.
premier_league,Premier League,manchester_city,Manchester City,69/70,1969/70,1969,1970,English League Cup winner,league_cup,winner,True,season_label_expanded_fallback,medium,transfermarkt_achievements_page,https://www.transfermarkt.com/manchester-city/erfolge/verein/281,2026-04-28T07:46:02.709517+00:00,Assigned season derived from achievement season label '69/70' using method 'season_label_expanded_fallback'.
premier_league,Premier League,manchester_city,Manchester City,72/73,1972/73,1972,1973,English Supercup Winner,super_cup,winner,True,season_label_expanded_fallback,medium,transfermarkt_achievements_page,https://www.transfermarkt.com/manchester-city/erfolge/verein/281,2026-04-28T07:46:02.709517+00:00,Assigned season derived from achievement season label '72/73' using method 'season_label_expanded_fallback'.
premier_league,Premier League,manchester_city,Manchester City,73/74,1973/74,1973,1974,English League Cup runner-up,league_cup,other,False,season_label_expanded_fallback,medium,transfermarkt_achievements_page,https://www.transfermarkt.com/manchester-city/erfolge/verein/281,2026-04-28T07:46:02.709517+00:00,Assigned season derived from achievement season label '73/74' using method 'season_label_expanded_fallback'.
premier_league,Premier League,manchester_city,Manchester City,75/76,1975/76,1975,1976,English League Cup winner,league_cup,winner,True,season_label_expanded_fallback,medium,transfermarkt_achievements_page,https://www.transfermarkt.com/manchester-city/erfolge/verein/281,2026-04-28T07:46:02.709517+00:00,Assigned season derived from achievement season label '75/76' using method 'season_label_expanded_fallback'.
premier_league,Premier League,manchester_city,Manchester City,80/81,1980/81,1980,1981,FA Cup Runner up,fa_cup,runner_up,False,season_label_expanded_fallback,medium,transfermarkt_achievements_page,https://www.transfermarkt.com/manchester-city/erfolge/verein/281,2026-04-28T07:46:02.709517+00:00,Assigned season derived from achievement season label '80/81' using method 'season_label_expanded_fallback'.
premier_league,Premier League,manchester_city,Manchester City,82/83,1982/83,1982,1983,Relegated from 1st league,other,other,False,season_label_expanded_fallback,medium,transfermarkt_achievements_page,https://www.transfermarkt.com/manchester-city/erfolge/verein/281,2026-04-28T07:46:02.709517+00:00,Assigned season derived from achievement season label '82/83' using method 'season_label_expanded_fallback'.
premier_league,Premier League,manchester_city,Manchester City,84/85,1984/85,1984,1985,Promoted to 1st league,other,other,False,season_label_expanded_fallback,medium,transfermarkt_achievements_page,https://www.transfermarkt.com/manchester-city/erfolge/verein/281,2026-04-28T07:46:02.709517+00:00,Assigned season derived from achievement season label '84/85' using method 'season_label_expanded_fallback'.
premier_league,Premier League,manchester_city,Manchester City,86/87,1986/87,1986,1987,Relegated from 1st league,other,other,False,season_label_expanded_fallback,medium,transfermarkt_achievements_page,https://www.transfermarkt.com/manchester-city/erfolge/verein/281,2026-04-28T07:46:02.709517+00:00,Assigned season derived from achievement season label '86/87' using method 'season_label_expanded_fallback'.
premier_league,Premier League,manchester_city,Manchester City,88/89,1988/89,1988,1989,Promoted to 1st league,other,other,False,season_label_expanded_fallback,medium,transfermarkt_achievements_page,https://www.transfermarkt.com/manchester-city/erfolge/verein/281,2026-04-28T07:46:02.709517+00:00,Assigned season derived from achievement season label '88/89' using method 'season_label_expanded_fallback'.
premier_league,Premier League,manchester_city,Manchester City,95/96,1995/96,1995,1996,Relegated from 1st league,other,other,False,season_label_expanded,high,transfermarkt_achievements_page,https://www.transfermarkt.com/manchester-city/erfolge/verein/281,2026-04-28T07:46:02.709517+00:00,
premier_league,Premier League,manchester_city,Manchester City,97/98,1997/98,1997,1998,relegated from 2nd league,other,other,False,season_label_expanded,high,transfermarkt_achievements_page,https://www.transfermarkt.com/manchester-city/erfolge/verein/281,2026-04-28T07:46:02.709517+00:00,
premier_league,Premier League,manchester_city,Manchester City,98/99,1998/99,1998,1999,Promoted to 2. Liga,other,other,False,season_label_expanded,high,transfermarkt_achievements_page,https://www.transfermarkt.com/manchester-city/erfolge/verein/281,2026-04-28T07:46:02.709517+00:00,
premier_league,Premier League,manchester_city,Manchester City,99/00,1999/00,1999,2000,Promoted to 1st league,other,other,False,season_label_expanded,high,transfermarkt_achievements_page,https://www.transfermarkt.com/manchester-city/erfolge/verein/281,2026-04-28T07:46:02.709517+00:00,
premier_league,Premier League,manchester_city,Manchester City,00/01,2000/01,2000,2001,Relegated from 1st league,other,other,False,season_label_expanded,high,transfermarkt_achievements_page,https://www.transfermarkt.com/manchester-city/erfolge/verein/281,2026-04-28T07:46:02.709517+00:00,
premier_league,Premier League,manchester_city,Manchester City,01/02,2001/02,2001,2002,English 2nd tier champion,league_title,winner,True,season_label_expanded,high,transfermarkt_achievements_page,https://www.transfermarkt.com/manchester-city/erfolge/verein/281,2026-04-28T07:46:02.709517+00:00,
premier_league,Premier League,manchester_city,Manchester City,01/02,2001/02,2001,2002,Promoted to 1st league,other,other,False,season_label_expanded,high,transfermarkt_achievements_page,https://www.transfermarkt.com/manchester-city/erfolge/verein/281,2026-04-28T07:46:02.709517+00:00,
premier_league,Premier League,manchester_city,Manchester City,03/04,2003/04,2003,2004,UEFA Cup Participant,fa_cup,participant,False,season_label_expanded,high,transfermarkt_achievements_page,https://www.transfermarkt.com/manchester-city/erfolge/verein/281,2026-04-28T07:46:02.709517+00:00,
premier_league,Premier League,manchester_city,Manchester City,08/09,2008/09,2008,2009,UEFA Cup Participant,fa_cup,participant,False,season_label_expanded,high,transfermarkt_achievements_page,https://www.transfermarkt.com/manchester-city/erfolge/verein/281,2026-04-28T07:46:02.709517+00:00,
premier_league,Premier League,manchester_city,Manchester City,10/11,2010/11,2010,2011,Europa League Participant,uefa_europa_league,participant,False,season_label_expanded,high,transfermarkt_achievements_page,https://www.transfermarkt.com/manchester-city/erfolge/verein/281,2026-04-28T07:46:02.709517+00:00,
premier_league,Premier League,manchester_city,Manchester City,10/11,2010/11,2010,2011,FA Cup Winner,fa_cup,winner,True,season_label_expanded,high,transfermarkt_achievements_page,https://www.transfermarkt.com/manchester-city/erfolge/verein/281,2026-04-28T07:46:02.709517+00:00,
premier_league,Premier League,manchester_city,Manchester City,11/12,2011/12,2011,2012,Champions League Participant,uefa_champions_league,participant,False,season_label_expanded,high,transfermarkt_achievements_page,https://www.transfermarkt.com/manchester-city/erfolge/verein/281,2026-04-28T07:46:02.709517+00:00,
premier_league,Premier League,manchester_city,Manchester City,11/12,2011/12,2011,2012,English Champion,league_title,winner,True,season_label_expanded,high,transfermarkt_achievements_page,https://www.transfermarkt.com/manchester-city/erfolge/verein/281,2026-04-28T07:46:02.709517+00:00,
premier_league,Premier League,manchester_city,Manchester City,11/12,2011/12,2011,2012,Europa League Participant,uefa_europa_league,participant,False,season_label_expanded,high,transfermarkt_achievements_page,https://www.transfermarkt.com/manchester-city/erfolge/verein/281,2026-04-28T07:46:02.709517+00:00,
premier_league,Premier League,manchester_city,Manchester City,12/13,2012/13,2012,2013,Champions League Participant,uefa_champions_league,participant,False,season_label_expanded,high,transfermarkt_achievements_page,https://www.transfermarkt.com/manchester-city/erfolge/verein/281,2026-04-28T07:46:02.709517+00:00,
premier_league,Premier League,manchester_city,Manchester City,12/13,2012/13,2012,2013,English Supercup Winner,super_cup,winner,True,season_label_expanded,high,transfermarkt_achievements_page,https://www.transfermarkt.com/manchester-city/erfolge/verein/281,2026-04-28T07:46:02.709517+00:00,
premier_league,Premier League,manchester_city,Manchester City,12/13,2012/13,2012,2013,FA Cup Runner up,fa_cup,runner_up,False,season_label_expanded,high,transfermarkt_achievements_page,https://www.transfermarkt.com/manchester-city/erfolge/verein/281,2026-04-28T07:46:02.709517+00:00,
premier_league,Premier League,manchester_city,Manchester City,13/14,2013/14,2013,2014,Champions League Participant,uefa_champions_league,participant,False,season_label_expanded,high,transfermarkt_achievements_page,https://www.transfermarkt.com/manchester-city/erfolge/verein/281,2026-04-28T07:46:02.709517+00:00,
premier_league,Premier League,manchester_city,Manchester City,13/14,2013/14,2013,2014,English Champion,league_title,winner,True,season_label_expanded,high,transfermarkt_achievements_page,https://www.transfermarkt.com/manchester-city/erfolge/verein/281,2026-04-28T07:46:02.709517+00:00,
premier_league,Premier League,manchester_city,Manchester City,13/14,2013/14,2013,2014,English League Cup winner,league_cup,winner,True,season_label_expanded,high,transfermarkt_achievements_page,https://www.transfermarkt.com/manchester-city/erfolge/verein/281,2026-04-28T07:46:02.709517+00:00,
premier_league,Premier League,manchester_city,Manchester City,14/15,2014/15,2014,2015,Champions League Participant,uefa_champions_league,participant,False,season_label_expanded,high,transfermarkt_achievements_page,https://www.transfermarkt.com/manchester-city/erfolge/verein/281,2026-04-28T07:46:02.709517+00:00,
premier_league,Premier League,manchester_city,Manchester City,15/16,2015/16,2015,2016,Champions League Participant,uefa_champions_league,participant,False,season_label_expanded,high,transfermarkt_achievements_page,https://www.transfermarkt.com/manchester-city/erfolge/verein/281,2026-04-28T07:46:02.709517+00:00,
premier_league,Premier League,manchester_city,Manchester City,15/16,2015/16,2015,2016,English League Cup winner,league_cup,winner,True,season_label_expanded,high,transfermarkt_achievements_page,https://www.transfermarkt.com/manchester-city/erfolge/verein/281,2026-04-28T07:46:02.709517+00:00,
premier_league,Premier League,manchester_city,Manchester City,16/17,2016/17,2016,2017,Champions League Participant,uefa_champions_league,participant,False,season_label_expanded,high,transfermarkt_achievements_page,https://www.transfermarkt.com/manchester-city/erfolge/verein/281,2026-04-28T07:46:02.709517+00:00,
premier_league,Premier League,manchester_city,Manchester City,17/18,2017/18,2017,2018,Champions League Participant,uefa_champions_league,participant,False,season_label_expanded,high,transfermarkt_achievements_page,https://www.transfermarkt.com/manchester-city/erfolge/verein/281,2026-04-28T07:46:02.709517+00:00,
premier_league,Premier League,manchester_city,Manchester City,17/18,2017/18,2017,2018,English Champion,league_title,winner,True,season_label_expanded,high,transfermarkt_achievements_page,https://www.transfermarkt.com/manchester-city/erfolge/verein/281,2026-04-28T07:46:02.709517+00:00,
premier_league,Premier League,manchester_city,Manchester City,17/18,2017/18,2017,2018,English League Cup winner,league_cup,winner,True,season_label_expanded,high,transfermarkt_achievements_page,https://www.transfermarkt.com/manchester-city/erfolge/verein/281,2026-04-28T07:46:02.709517+00:00,
premier_league,Premier League,manchester_city,Manchester City,18/19,2018/19,2018,2019,Champions League Participant,uefa_champions_league,participant,False,season_label_expanded,high,transfermarkt_achievements_page,https://www.transfermarkt.com/manchester-city/erfolge/verein/281,2026-04-28T07:46:02.709517+00:00,
premier_league,Premier League,manchester_city,Manchester City,18/19,2018/19,2018,2019,English Champion,league_title,winner,True,season_label_expanded,high,transfermarkt_achievements_page,https://www.transfermarkt.com/manchester-city/erfolge/verein/281,2026-04-28T07:46:02.709517+00:00,
premier_league,Premier League,manchester_city,Manchester City,18/19,2018/19,2018,2019,English League Cup winner,league_cup,winner,True,season_label_expanded,high,transfermarkt_achievements_page,https://www.transfermarkt.com/manchester-city/erfolge/verein/281,2026-04-28T07:46:02.709517+00:00,
premier_league,Premier League,manchester_city,Manchester City,18/19,2018/19,2018,2019,English Supercup Winner,super_cup,winner,True,season_label_expanded,high,transfermarkt_achievements_page,https://www.transfermarkt.com/manchester-city/erfolge/verein/281,2026-04-28T07:46:02.709517+00:00,
premier_league,Premier League,manchester_city,Manchester City,18/19,2018/19,2018,2019,FA Cup Winner,fa_cup,winner,True,season_label_expanded,high,transfermarkt_achievements_page,https://www.transfermarkt.com/manchester-city/erfolge/verein/281,2026-04-28T07:46:02.709517+00:00,
premier_league,Premier League,manchester_city,Manchester City,19/20,2019/20,2019,2020,Champions League Participant,uefa_champions_league,participant,False,season_label_expanded,high,transfermarkt_achievements_page,https://www.transfermarkt.com/manchester-city/erfolge/verein/281,2026-04-28T07:46:02.709517+00:00,
premier_league,Premier League,manchester_city,Manchester City,19/20,2019/20,2019,2020,English League Cup winner,league_cup,winner,True,season_label_expanded,high,transfermarkt_achievements_page,https://www.transfermarkt.com/manchester-city/erfolge/verein/281,2026-04-28T07:46:02.709517+00:00,
premier_league,Premier League,manchester_city,Manchester City,19/20,2019/20,2019,2020,English Supercup Winner,super_cup,winner,True,season_label_expanded,high,transfermarkt_achievements_page,https://www.transfermarkt.com/manchester-city/erfolge/verein/281,2026-04-28T07:46:02.709517+00:00,
premier_league,Premier League,manchester_city,Manchester City,20/21,2020/21,2020,2021,Champions League Participant,uefa_champions_league,participant,False,season_label_expanded,high,transfermarkt_achievements_page,https://www.transfermarkt.com/manchester-city/erfolge/verein/281,2026-04-28T07:46:02.709517+00:00,
premier_league,Premier League,manchester_city,Manchester City,20/21,2020/21,2020,2021,Champions League runner-up,uefa_champions_league,winner,True,season_label_expanded,high,transfermarkt_achievements_page,https://www.transfermarkt.com/manchester-city/erfolge/verein/281,2026-04-28T07:46:02.709517+00:00,
premier_league,Premier League,manchester_city,Manchester City,20/21,2020/21,2020,2021,English Champion,league_title,winner,True,season_label_expanded,high,transfermarkt_achievements_page,https://www.transfermarkt.com/manchester-city/erfolge/verein/281,2026-04-28T07:46:02.709517+00:00,
premier_league,Premier League,manchester_city,Manchester City,20/21,2020/21,2020,2021,English League Cup winner,league_cup,winner,True,season_label_expanded,high,transfermarkt_achievements_page,https://www.transfermarkt.com/manchester-city/erfolge/verein/281,2026-04-28T07:46:02.709517+00:00,
premier_league,Premier League,manchester_city,Manchester City,21/22,2021/22,2021,2022,Champions League Participant,uefa_champions_league,participant,False,season_label_expanded,high,transfermarkt_achievements_page,https://www.transfermarkt.com/manchester-city/erfolge/verein/281,2026-04-28T07:46:02.709517+00:00,
premier_league,Premier League,manchester_city,Manchester City,21/22,2021/22,2021,2022,English Champion,league_title,winner,True,season_label_expanded,high,transfermarkt_achievements_page,https://www.transfermarkt.com/manchester-city/erfolge/verein/281,2026-04-28T07:46:02.709517+00:00,
premier_league,Premier League,manchester_city,Manchester City,22/23,2022/23,2022,2023,Champions League Participant,uefa_champions_league,participant,False,season_label_expanded,high,transfermarkt_achievements_page,https://www.transfermarkt.com/manchester-city/erfolge/verein/281,2026-04-28T07:46:02.709517+00:00,
premier_league,Premier League,manchester_city,Manchester City,22/23,2022/23,2022,2023,English Champion,league_title,winner,True,season_label_expanded,high,transfermarkt_achievements_page,https://www.transfermarkt.com/manchester-city/erfolge/verein/281,2026-04-28T07:46:02.709517+00:00,
premier_league,Premier League,manchester_city,Manchester City,22/23,2022/23,2022,2023,FA Cup Winner,fa_cup,winner,True,season_label_expanded,high,transfermarkt_achievements_page,https://www.transfermarkt.com/manchester-city/erfolge/verein/281,2026-04-28T07:46:02.709517+00:00,
premier_league,Premier League,manchester_city,Manchester City,22/23,2022/23,2022,2023,UEFA Champions League winner,uefa_champions_league,winner,True,season_label_expanded,high,transfermarkt_achievements_page,https://www.transfermarkt.com/manchester-city/erfolge/verein/281,2026-04-28T07:46:02.709517+00:00,
premier_league,Premier League,manchester_city,Manchester City,23/24,2023/24,2023,2024,Champions League Participant,uefa_champions_league,participant,False,season_label_expanded,high,transfermarkt_achievements_page,https://www.transfermarkt.com/manchester-city/erfolge/verein/281,2026-04-28T07:46:02.709517+00:00,
premier_league,Premier League,manchester_city,Manchester City,23/24,2023/24,2023,2024,English Champion,league_title,winner,True,season_label_expanded,high,transfermarkt_achievements_page,https://www.transfermarkt.com/manchester-city/erfolge/verein/281,2026-04-28T07:46:02.709517+00:00,
premier_league,Premier League,manchester_city,Manchester City,23/24,2023/24,2023,2024,FA Cup Runner up,fa_cup,runner_up,False,season_label_expanded,high,transfermarkt_achievements_page,https://www.transfermarkt.com/manchester-city/erfolge/verein/281,2026-04-28T07:46:02.709517+00:00,
premier_league,Premier League,manchester_city,Manchester City,23/24,2023/24,2023,2024,FIFA Club World Cup Participant,club_world_cup,participant,False,season_label_expanded,high,transfermarkt_achievements_page,https://www.transfermarkt.com/manchester-city/erfolge/verein/281,2026-04-28T07:46:02.709517+00:00,
premier_league,Premier League,manchester_city,Manchester City,23/24,2023/24,2023,2024,UEFA Supercup Winner,super_cup,winner,True,season_label_expanded,high,transfermarkt_achievements_page,https://www.transfermarkt.com/manchester-city/erfolge/verein/281,2026-04-28T07:46:02.709517+00:00,
premier_league,Premier League,manchester_city,Manchester City,24/25,2024/25,2024,2025,Champions League Participant,uefa_champions_league,participant,False,season_label_expanded,high,transfermarkt_achievements_page,https://www.transfermarkt.com/manchester-city/erfolge/verein/281,2026-04-28T07:46:02.709517+00:00,
premier_league,Premier League,manchester_city,Manchester City,24/25,2024/25,2024,2025,English Supercup Winner,super_cup,winner,True,season_label_expanded,high,transfermarkt_achievements_page,https://www.transfermarkt.com/manchester-city/erfolge/verein/281,2026-04-28T07:46:02.709517+00:00,
premier_league,Premier League,manchester_city,Manchester City,24/25,2024/25,2024,2025,FIFA Club World Cup Participant,club_world_cup,participant,False,season_label_expanded,high,transfermarkt_achievements_page,https://www.transfermarkt.com/manchester-city/erfolge/verein/281,2026-04-28T07:46:02.709517+00:00,
premier_league,Premier League,manchester_city,Manchester City,2024,2024/25,2024,2025,FIFA Club World Cup winner,club_world_cup,winner,True,calendar_year_mapped_to_start_year_season,medium,transfermarkt_achievements_page,https://www.transfermarkt.com/manchester-city/erfolge/verein/281,2026-04-28T07:46:02.709517+00:00,Assigned season derived from achievement season label '2024' using method 'calendar_year_mapped_to_start_year_season'.
premier_league,Premier League,manchester_city,Manchester City,25/26,2025/26,2025,2026,English League Cup winner,league_cup,winner,True,season_label_expanded,high,transfermarkt_achievements_page,https://www.transfermarkt.com/manchester-city/erfolge/verein/281,2026-04-28T07:46:02.709517+00:00,
premier_league,Premier League,manchester_united,Manchester United,1905/06,1905/06,1905,1906,Promoted to 1st league,other,other,False,season_label_preserved,medium,transfermarkt_achievements_page,https://www.transfermarkt.com/manchester-united/erfolge/verein/985,2026-04-28T07:46:04.827964+00:00,Assigned season derived from achievement season label '1905/06' using method 'season_label_preserved'.
premier_league,Premier League,manchester_united,Manchester United,1907/08,1907/08,1907,1908,English Champion,league_title,winner,True,season_label_preserved,medium,transfermarkt_achievements_page,https://www.transfermarkt.com/manchester-united/erfolge/verein/985,2026-04-28T07:46:04.827964+00:00,Assigned season derived from achievement season label '1907/08' using method 'season_label_preserved'.
premier_league,Premier League,manchester_united,Manchester United,1908/09,1908/09,1908,1909,English Supercup Winner,super_cup,winner,True,season_label_preserved,medium,transfermarkt_achievements_page,https://www.transfermarkt.com/manchester-united/erfolge/verein/985,2026-04-28T07:46:04.827964+00:00,Assigned season derived from achievement season label '1908/09' using method 'season_label_preserved'.
premier_league,Premier League,manchester_united,Manchester United,1908/09,1908/09,1908,1909,FA Cup Winner,fa_cup,winner,True,season_label_preserved,medium,transfermarkt_achievements_page,https://www.transfermarkt.com/manchester-united/erfolge/verein/985,2026-04-28T07:46:04.827964+00:00,Assigned season derived from achievement season label '1908/09' using method 'season_label_preserved'.
premier_league,Premier League,manchester_united,Manchester United,1910/11,1910/11,1910,1911,English Champion,league_title,winner,True,season_label_preserved,medium,transfermarkt_achievements_page,https://www.transfermarkt.com/manchester-united/erfolge/verein/985,2026-04-28T07:46:04.827964+00:00,Assigned season derived from achievement season label '1910/11' using method 'season_label_preserved'.
premier_league,Premier League,manchester_united,Manchester United,1911/12,1911/12,1911,1912,English Supercup Winner,super_cup,winner,True,season_label_preserved,medium,transfermarkt_achievements_page,https://www.transfermarkt.com/manchester-united/erfolge/verein/985,2026-04-28T07:46:04.827964+00:00,Assigned season derived from achievement season label '1911/12' using method 'season_label_preserved'.
premier_league,Premier League,manchester_united,Manchester United,1921/22,1921/22,1921,1922,Relegated from 1st league,other,other,False,season_label_preserved,medium,transfermarkt_achievements_page,https://www.transfermarkt.com/manchester-united/erfolge/verein/985,2026-04-28T07:46:04.827964+00:00,Assigned season derived from achievement season label '1921/22' using method 'season_label_preserved'.
premier_league,Premier League,manchester_united,Manchester United,1924/25,1924/25,1924,1925,Promoted to 1st league,other,other,False,season_label_preserved,medium,transfermarkt_achievements_page,https://www.transfermarkt.com/manchester-united/erfolge/verein/985,2026-04-28T07:46:04.827964+00:00,Assigned season derived from achievement season label '1924/25' using method 'season_label_preserved'.
premier_league,Premier League,manchester_united,Manchester United,30/31,1930/31,1930,1931,Relegated from 1st league,other,other,False,season_label_expanded_fallback,medium,transfermarkt_achievements_page,https://www.transfermarkt.com/manchester-united/erfolge/verein/985,2026-04-28T07:46:04.827964+00:00,Assigned season derived from achievement season label '30/31' using method 'season_label_expanded_fallback'.
premier_league,Premier League,manchester_united,Manchester United,35/36,1935/36,1935,1936,English 2nd tier champion,league_title,winner,True,season_label_expanded_fallback,medium,transfermarkt_achievements_page,https://www.transfermarkt.com/manchester-united/erfolge/verein/985,2026-04-28T07:46:04.827964+00:00,Assigned season derived from achievement season label '35/36' using method 'season_label_expanded_fallback'.
premier_league,Premier League,manchester_united,Manchester United,35/36,1935/36,1935,1936,Promoted to 1st league,other,other,False,season_label_expanded_fallback,medium,transfermarkt_achievements_page,https://www.transfermarkt.com/manchester-united/erfolge/verein/985,2026-04-28T07:46:04.827964+00:00,Assigned season derived from achievement season label '35/36' using method 'season_label_expanded_fallback'.
premier_league,Premier League,manchester_united,Manchester United,36/37,1936/37,1936,1937,Relegated from 1st league,other,other,False,season_label_expanded_fallback,medium,transfermarkt_achievements_page,https://www.transfermarkt.com/manchester-united/erfolge/verein/985,2026-04-28T07:46:04.827964+00:00,Assigned season derived from achievement season label '36/37' using method 'season_label_expanded_fallback'.
premier_league,Premier League,manchester_united,Manchester United,37/38,1937/38,1937,1938,Promoted to 1st league,other,other,False,season_label_expanded_fallback,medium,transfermarkt_achievements_page,https://www.transfermarkt.com/manchester-united/erfolge/verein/985,2026-04-28T07:46:04.827964+00:00,Assigned season derived from achievement season label '37/38' using method 'season_label_expanded_fallback'.
premier_league,Premier League,manchester_united,Manchester United,47/48,1947/48,1947,1948,FA Cup Winner,fa_cup,winner,True,season_label_expanded_fallback,medium,transfermarkt_achievements_page,https://www.transfermarkt.com/manchester-united/erfolge/verein/985,2026-04-28T07:46:04.827964+00:00,Assigned season derived from achievement season label '47/48' using method 'season_label_expanded_fallback'.
premier_league,Premier League,manchester_united,Manchester United,51/52,1951/52,1951,1952,English Champion,league_title,winner,True,season_label_expanded_fallback,medium,transfermarkt_achievements_page,https://www.transfermarkt.com/manchester-united/erfolge/verein/985,2026-04-28T07:46:04.827964+00:00,Assigned season derived from achievement season label '51/52' using method 'season_label_expanded_fallback'.
premier_league,Premier League,manchester_united,Manchester United,52/53,1952/53,1952,1953,English Supercup Winner,super_cup,winner,True,season_label_expanded_fallback,medium,transfermarkt_achievements_page,https://www.transfermarkt.com/manchester-united/erfolge/verein/985,2026-04-28T07:46:04.827964+00:00,Assigned season derived from achievement season label '52/53' using method 'season_label_expanded_fallback'.
premier_league,Premier League,manchester_united,Manchester United,55/56,1955/56,1955,1956,English Champion,league_title,winner,True,season_label_expanded_fallback,medium,transfermarkt_achievements_page,https://www.transfermarkt.com/manchester-united/erfolge/verein/985,2026-04-28T07:46:04.827964+00:00,Assigned season derived from achievement season label '55/56' using method 'season_label_expanded_fallback'.
premier_league,Premier League,manchester_united,Manchester United,56/57,1956/57,1956,1957,English Champion,league_title,winner,True,season_label_expanded_fallback,medium,transfermarkt_achievements_page,https://www.transfermarkt.com/manchester-united/erfolge/verein/985,2026-04-28T07:46:04.827964+00:00,Assigned season derived from achievement season label '56/57' using method 'season_label_expanded_fallback'.
premier_league,Premier League,manchester_united,Manchester United,56/57,1956/57,1956,1957,English Supercup Winner,super_cup,winner,True,season_label_expanded_fallback,medium,transfermarkt_achievements_page,https://www.transfermarkt.com/manchester-united/erfolge/verein/985,2026-04-28T07:46:04.827964+00:00,Assigned season derived from achievement season label '56/57' using method 'season_label_expanded_fallback'.
premier_league,Premier League,manchester_united,Manchester United,56/57,1956/57,1956,1957,FA Cup Runner up,fa_cup,runner_up,False,season_label_expanded_fallback,medium,transfermarkt_achievements_page,https://www.transfermarkt.com/manchester-united/erfolge/verein/985,2026-04-28T07:46:04.827964+00:00,Assigned season derived from achievement season label '56/57' using method 'season_label_expanded_fallback'.
premier_league,Premier League,manchester_united,Manchester United,57/58,1957/58,1957,1958,English Supercup Winner,super_cup,winner,True,season_label_expanded_fallback,medium,transfermarkt_achievements_page,https://www.transfermarkt.com/manchester-united/erfolge/verein/985,2026-04-28T07:46:04.827964+00:00,Assigned season derived from achievement season label '57/58' using method 'season_label_expanded_fallback'.
premier_league,Premier League,manchester_united,Manchester United,57/58,1957/58,1957,1958,FA Cup Runner up,fa_cup,runner_up,False,season_label_expanded_fallback,medium,transfermarkt_achievements_page,https://www.transfermarkt.com/manchester-united/erfolge/verein/985,2026-04-28T07:46:04.827964+00:00,Assigned season derived from achievement season label '57/58' using method 'season_label_expanded_fallback'.
premier_league,Premier League,manchester_united,Manchester United,62/63,1962/63,1962,1963,FA Cup Winner,fa_cup,winner,True,season_label_expanded_fallback,medium,transfermarkt_achievements_page,https://www.transfermarkt.com/manchester-united/erfolge/verein/985,2026-04-28T07:46:04.827964+00:00,Assigned season derived from achievement season label '62/63' using method 'season_label_expanded_fallback'.
premier_league,Premier League,manchester_united,Manchester United,64/65,1964/65,1964,1965,English Champion,league_title,winner,True,season_label_expanded_fallback,medium,transfermarkt_achievements_page,https://www.transfermarkt.com/manchester-united/erfolge/verein/985,2026-04-28T07:46:04.827964+00:00,Assigned season derived from achievement season label '64/65' using method 'season_label_expanded_fallback'.
premier_league,Premier League,manchester_united,Manchester United,65/66,1965/66,1965,1966,English Supercup Winner,super_cup,winner,True,season_label_expanded_fallback,medium,transfermarkt_achievements_page,https://www.transfermarkt.com/manchester-united/erfolge/verein/985,2026-04-28T07:46:04.827964+00:00,Assigned season derived from achievement season label '65/66' using method 'season_label_expanded_fallback'.
premier_league,Premier League,manchester_united,Manchester United,66/67,1966/67,1966,1967,English Champion,league_title,winner,True,season_label_expanded_fallback,medium,transfermarkt_achievements_page,https://www.transfermarkt.com/manchester-united/erfolge/verein/985,2026-04-28T07:46:04.827964+00:00,Assigned season derived from achievement season label '66/67' using method 'season_label_expanded_fallback'.
premier_league,Premier League,manchester_united,Manchester United,67/68,1967/68,1967,1968,English Supercup Winner,super_cup,winner,True,season_label_expanded_fallback,medium,transfermarkt_achievements_page,https://www.transfermarkt.com/manchester-united/erfolge/verein/985,2026-04-28T07:46:04.827964+00:00,Assigned season derived from achievement season label '67/68' using method 'season_label_expanded_fallback'.
premier_league,Premier League,manchester_united,Manchester United,67/68,1967/68,1967,1968,European Champion Clubs' Cup winner,league_title,winner,True,season_label_expanded_fallback,medium,transfermarkt_achievements_page,https://www.transfermarkt.com/manchester-united/erfolge/verein/985,2026-04-28T07:46:04.827964+00:00,Assigned season derived from achievement season label '67/68' using method 'season_label_expanded_fallback'.
premier_league,Premier League,manchester_united,Manchester United,67/68,1967/68,1967,1968,Intercontinental Cup Runner Up,other,runner_up,False,season_label_expanded_fallback,medium,transfermarkt_achievements_page,https://www.transfermarkt.com/manchester-united/erfolge/verein/985,2026-04-28T07:46:04.827964+00:00,Assigned season derived from achievement season label '67/68' using method 'season_label_expanded_fallback'.
premier_league,Premier League,manchester_united,Manchester United,73/74,1973/74,1973,1974,Relegated from 1st league,other,other,False,season_label_expanded_fallback,medium,transfermarkt_achievements_page,https://www.transfermarkt.com/manchester-united/erfolge/verein/985,2026-04-28T07:46:04.827964+00:00,Assigned season derived from achievement season label '73/74' using method 'season_label_expanded_fallback'.
premier_league,Premier League,manchester_united,Manchester United,74/75,1974/75,1974,1975,English 2nd tier champion,league_title,winner,True,season_label_expanded_fallback,medium,transfermarkt_achievements_page,https://www.transfermarkt.com/manchester-united/erfolge/verein/985,2026-04-28T07:46:04.827964+00:00,Assigned season derived from achievement season label '74/75' using method 'season_label_expanded_fallback'.
premier_league,Premier League,manchester_united,Manchester United,74/75,1974/75,1974,1975,Promoted to 1st league,other,other,False,season_label_expanded_fallback,medium,transfermarkt_achievements_page,https://www.transfermarkt.com/manchester-united/erfolge/verein/985,2026-04-28T07:46:04.827964+00:00,Assigned season derived from achievement season label '74/75' using method 'season_label_expanded_fallback'.
premier_league,Premier League,manchester_united,Manchester United,75/76,1975/76,1975,1976,FA Cup Runner up,fa_cup,runner_up,False,season_label_expanded_fallback,medium,transfermarkt_achievements_page,https://www.transfermarkt.com/manchester-united/erfolge/verein/985,2026-04-28T07:46:04.827964+00:00,Assigned season derived from achievement season label '75/76' using method 'season_label_expanded_fallback'.
premier_league,Premier League,manchester_united,Manchester United,76/77,1976/77,1976,1977,FA Cup Winner,fa_cup,winner,True,season_label_expanded_fallback,medium,transfermarkt_achievements_page,https://www.transfermarkt.com/manchester-united/erfolge/verein/985,2026-04-28T07:46:04.827964+00:00,Assigned season derived from achievement season label '76/77' using method 'season_label_expanded_fallback'.
premier_league,Premier League,manchester_united,Manchester United,76/77,1976/77,1976,1977,UEFA Cup Participant,fa_cup,participant,False,season_label_expanded_fallback,medium,transfermarkt_achievements_page,https://www.transfermarkt.com/manchester-united/erfolge/verein/985,2026-04-28T07:46:04.827964+00:00,Assigned season derived from achievement season label '76/77' using method 'season_label_expanded_fallback'.
premier_league,Premier League,manchester_united,Manchester United,77/78,1977/78,1977,1978,English Supercup Winner,super_cup,winner,True,season_label_expanded_fallback,medium,transfermarkt_achievements_page,https://www.transfermarkt.com/manchester-united/erfolge/verein/985,2026-04-28T07:46:04.827964+00:00,Assigned season derived from achievement season label '77/78' using method 'season_label_expanded_fallback'.
premier_league,Premier League,manchester_united,Manchester United,78/79,1978/79,1978,1979,FA Cup Runner up,fa_cup,runner_up,False,season_label_expanded_fallback,medium,transfermarkt_achievements_page,https://www.transfermarkt.com/manchester-united/erfolge/verein/985,2026-04-28T07:46:04.827964+00:00,Assigned season derived from achievement season label '78/79' using method 'season_label_expanded_fallback'.
premier_league,Premier League,manchester_united,Manchester United,80/81,1980/81,1980,1981,UEFA Cup Participant,fa_cup,participant,False,season_label_expanded_fallback,medium,transfermarkt_achievements_page,https://www.transfermarkt.com/manchester-united/erfolge/verein/985,2026-04-28T07:46:04.827964+00:00,Assigned season derived from achievement season label '80/81' using method 'season_label_expanded_fallback'.
premier_league,Premier League,manchester_united,Manchester United,82/83,1982/83,1982,1983,English League Cup runner-up,league_cup,other,False,season_label_expanded_fallback,medium,transfermarkt_achievements_page,https://www.transfermarkt.com/manchester-united/erfolge/verein/985,2026-04-28T07:46:04.827964+00:00,Assigned season derived from achievement season label '82/83' using method 'season_label_expanded_fallback'.
premier_league,Premier League,manchester_united,Manchester United,82/83,1982/83,1982,1983,FA Cup Winner,fa_cup,winner,True,season_label_expanded_fallback,medium,transfermarkt_achievements_page,https://www.transfermarkt.com/manchester-united/erfolge/verein/985,2026-04-28T07:46:04.827964+00:00,Assigned season derived from achievement season label '82/83' using method 'season_label_expanded_fallback'.
premier_league,Premier League,manchester_united,Manchester United,82/83,1982/83,1982,1983,UEFA Cup Participant,fa_cup,participant,False,season_label_expanded_fallback,medium,transfermarkt_achievements_page,https://www.transfermarkt.com/manchester-united/erfolge/verein/985,2026-04-28T07:46:04.827964+00:00,Assigned season derived from achievement season label '82/83' using method 'season_label_expanded_fallback'.
premier_league,Premier League,manchester_united,Manchester United,83/84,1983/84,1983,1984,English Supercup Winner,super_cup,winner,True,season_label_expanded_fallback,medium,transfermarkt_achievements_page,https://www.transfermarkt.com/manchester-united/erfolge/verein/985,2026-04-28T07:46:04.827964+00:00,Assigned season derived from achievement season label '83/84' using method 'season_label_expanded_fallback'.
premier_league,Premier League,manchester_united,Manchester United,84/85,1984/85,1984,1985,FA Cup Winner,fa_cup,winner,True,season_label_expanded_fallback,medium,transfermarkt_achievements_page,https://www.transfermarkt.com/manchester-united/erfolge/verein/985,2026-04-28T07:46:04.827964+00:00,Assigned season derived from achievement season label '84/85' using method 'season_label_expanded_fallback'.
premier_league,Premier League,manchester_united,Manchester United,84/85,1984/85,1984,1985,UEFA Cup Participant,fa_cup,participant,False,season_label_expanded_fallback,medium,transfermarkt_achievements_page,https://www.transfermarkt.com/manchester-united/erfolge/verein/985,2026-04-28T07:46:04.827964+00:00,Assigned season derived from achievement season label '84/85' using method 'season_label_expanded_fallback'.
premier_league,Premier League,manchester_united,Manchester United,89/90,1989/90,1989,1990,FA Cup Winner,fa_cup,winner,True,season_label_expanded_fallback,medium,transfermarkt_achievements_page,https://www.transfermarkt.com/manchester-united/erfolge/verein/985,2026-04-28T07:46:04.827964+00:00,Assigned season derived from achievement season label '89/90' using method 'season_label_expanded_fallback'.
premier_league,Premier League,manchester_united,Manchester United,90/91,1990/91,1990,1991,Cup Winners Cup Winner,other,winner,True,season_label_expanded,high,transfermarkt_achievements_page,https://www.transfermarkt.com/manchester-united/erfolge/verein/985,2026-04-28T07:46:04.827964+00:00,
premier_league,Premier League,manchester_united,Manchester United,90/91,1990/91,1990,1991,English League Cup runner-up,league_cup,other,False,season_label_expanded,high,transfermarkt_achievements_page,https://www.transfermarkt.com/manchester-united/erfolge/verein/985,2026-04-28T07:46:04.827964+00:00,
premier_league,Premier League,manchester_united,Manchester United,90/91,1990/91,1990,1991,English Supercup Winner,super_cup,winner,True,season_label_expanded,high,transfermarkt_achievements_page,https://www.transfermarkt.com/manchester-united/erfolge/verein/985,2026-04-28T07:46:04.827964+00:00,
premier_league,Premier League,manchester_united,Manchester United,91/92,1991/92,1991,1992,English League Cup winner,league_cup,winner,True,season_label_expanded,high,transfermarkt_achievements_page,https://www.transfermarkt.com/manchester-united/erfolge/verein/985,2026-04-28T07:46:04.827964+00:00,
premier_league,Premier League,manchester_united,Manchester United,91/92,1991/92,1991,1992,UEFA Supercup Winner,super_cup,winner,True,season_label_expanded,high,transfermarkt_achievements_page,https://www.transfermarkt.com/manchester-united/erfolge/verein/985,2026-04-28T07:46:04.827964+00:00,
premier_league,Premier League,manchester_united,Manchester United,92/93,1992/93,1992,1993,English Champion,league_title,winner,True,season_label_expanded,high,transfermarkt_achievements_page,https://www.transfermarkt.com/manchester-united/erfolge/verein/985,2026-04-28T07:46:04.827964+00:00,
premier_league,Premier League,manchester_united,Manchester United,92/93,1992/93,1992,1993,UEFA Cup Participant,fa_cup,participant,False,season_label_expanded,high,transfermarkt_achievements_page,https://www.transfermarkt.com/manchester-united/erfolge/verein/985,2026-04-28T07:46:04.827964+00:00,
premier_league,Premier League,manchester_united,Manchester United,93/94,1993/94,1993,1994,Champions League Participant,uefa_champions_league,participant,False,season_label_expanded,high,transfermarkt_achievements_page,https://www.transfermarkt.com/manchester-united/erfolge/verein/985,2026-04-28T07:46:04.827964+00:00,
premier_league,Premier League,manchester_united,Manchester United,93/94,1993/94,1993,1994,English Champion,league_title,winner,True,season_label_expanded,high,transfermarkt_achievements_page,https://www.transfermarkt.com/manchester-united/erfolge/verein/985,2026-04-28T07:46:04.827964+00:00,
premier_league,Premier League,manchester_united,Manchester United,93/94,1993/94,1993,1994,English League Cup runner-up,league_cup,other,False,season_label_expanded,high,transfermarkt_achievements_page,https://www.transfermarkt.com/manchester-united/erfolge/verein/985,2026-04-28T07:46:04.827964+00:00,
premier_league,Premier League,manchester_united,Manchester United,93/94,1993/94,1993,1994,English Supercup Winner,super_cup,winner,True,season_label_expanded,high,transfermarkt_achievements_page,https://www.transfermarkt.com/manchester-united/erfolge/verein/985,2026-04-28T07:46:04.827964+00:00,
premier_league,Premier League,manchester_united,Manchester United,93/94,1993/94,1993,1994,FA Cup Winner,fa_cup,winner,True,season_label_expanded,high,transfermarkt_achievements_page,https://www.transfermarkt.com/manchester-united/erfolge/verein/985,2026-04-28T07:46:04.827964+00:00,
premier_league,Premier League,manchester_united,Manchester United,94/95,1994/95,1994,1995,Champions League Participant,uefa_champions_league,participant,False,season_label_expanded,high,transfermarkt_achievements_page,https://www.transfermarkt.com/manchester-united/erfolge/verein/985,2026-04-28T07:46:04.827964+00:00,
premier_league,Premier League,manchester_united,Manchester United,94/95,1994/95,1994,1995,English Supercup Winner,super_cup,winner,True,season_label_expanded,high,transfermarkt_achievements_page,https://www.transfermarkt.com/manchester-united/erfolge/verein/985,2026-04-28T07:46:04.827964+00:00,
premier_league,Premier League,manchester_united,Manchester United,94/95,1994/95,1994,1995,FA Cup Runner up,fa_cup,runner_up,False,season_label_expanded,high,transfermarkt_achievements_page,https://www.transfermarkt.com/manchester-united/erfolge/verein/985,2026-04-28T07:46:04.827964+00:00,
premier_league,Premier League,manchester_united,Manchester United,95/96,1995/96,1995,1996,English Champion,league_title,winner,True,season_label_expanded,high,transfermarkt_achievements_page,https://www.transfermarkt.com/manchester-united/erfolge/verein/985,2026-04-28T07:46:04.827964+00:00,
premier_league,Premier League,manchester_united,Manchester United,95/96,1995/96,1995,1996,FA Cup Winner,fa_cup,winner,True,season_label_expanded,high,transfermarkt_achievements_page,https://www.transfermarkt.com/manchester-united/erfolge/verein/985,2026-04-28T07:46:04.827964+00:00,
premier_league,Premier League,manchester_united,Manchester United,95/96,1995/96,1995,1996,UEFA Cup Participant,fa_cup,participant,False,season_label_expanded,high,transfermarkt_achievements_page,https://www.transfermarkt.com/manchester-united/erfolge/verein/985,2026-04-28T07:46:04.827964+00:00,
premier_league,Premier League,manchester_united,Manchester United,96/97,1996/97,1996,1997,Champions League Participant,uefa_champions_league,participant,False,season_label_expanded,high,transfermarkt_achievements_page,https://www.transfermarkt.com/manchester-united/erfolge/verein/985,2026-04-28T07:46:04.827964+00:00,
premier_league,Premier League,manchester_united,Manchester United,96/97,1996/97,1996,1997,English Champion,league_title,winner,True,season_label_expanded,high,transfermarkt_achievements_page,https://www.transfermarkt.com/manchester-united/erfolge/verein/985,2026-04-28T07:46:04.827964+00:00,
premier_league,Premier League,manchester_united,Manchester United,96/97,1996/97,1996,1997,English Supercup Winner,super_cup,winner,True,season_label_expanded,high,transfermarkt_achievements_page,https://www.transfermarkt.com/manchester-united/erfolge/verein/985,2026-04-28T07:46:04.827964+00:00,
premier_league,Premier League,manchester_united,Manchester United,97/98,1997/98,1997,1998,Champions League Participant,uefa_champions_league,participant,False,season_label_expanded,high,transfermarkt_achievements_page,https://www.transfermarkt.com/manchester-united/erfolge/verein/985,2026-04-28T07:46:04.827964+00:00,
premier_league,Premier League,manchester_united,Manchester United,97/98,1997/98,1997,1998,English Supercup Winner,super_cup,winner,True,season_label_expanded,high,transfermarkt_achievements_page,https://www.transfermarkt.com/manchester-united/erfolge/verein/985,2026-04-28T07:46:04.827964+00:00,
premier_league,Premier League,manchester_united,Manchester United,98/99,1998/99,1998,1999,Champions League Participant,uefa_champions_league,participant,False,season_label_expanded,high,transfermarkt_achievements_page,https://www.transfermarkt.com/manchester-united/erfolge/verein/985,2026-04-28T07:46:04.827964+00:00,
premier_league,Premier League,manchester_united,Manchester United,98/99,1998/99,1998,1999,English Champion,league_title,winner,True,season_label_expanded,high,transfermarkt_achievements_page,https://www.transfermarkt.com/manchester-united/erfolge/verein/985,2026-04-28T07:46:04.827964+00:00,
premier_league,Premier League,manchester_united,Manchester United,98/99,1998/99,1998,1999,FA Cup Winner,fa_cup,winner,True,season_label_expanded,high,transfermarkt_achievements_page,https://www.transfermarkt.com/manchester-united/erfolge/verein/985,2026-04-28T07:46:04.827964+00:00,
premier_league,Premier League,manchester_united,Manchester United,98/99,1998/99,1998,1999,UEFA Champions League winner,uefa_champions_league,winner,True,season_label_expanded,high,transfermarkt_achievements_page,https://www.transfermarkt.com/manchester-united/erfolge/verein/985,2026-04-28T07:46:04.827964+00:00,
premier_league,Premier League,manchester_united,Manchester United,98/99,1998/99,1998,1999,UEFA Super Cup runner-up,other,other,False,season_label_expanded,high,transfermarkt_achievements_page,https://www.transfermarkt.com/manchester-united/erfolge/verein/985,2026-04-28T07:46:04.827964+00:00,
premier_league,Premier League,manchester_united,Manchester United,99/00,1999/00,1999,2000,Champions League Participant,uefa_champions_league,participant,False,season_label_expanded,high,transfermarkt_achievements_page,https://www.transfermarkt.com/manchester-united/erfolge/verein/985,2026-04-28T07:46:04.827964+00:00,
premier_league,Premier League,manchester_united,Manchester United,99/00,1999/00,1999,2000,English Champion,league_title,winner,True,season_label_expanded,high,transfermarkt_achievements_page,https://www.transfermarkt.com/manchester-united/erfolge/verein/985,2026-04-28T07:46:04.827964+00:00,
premier_league,Premier League,manchester_united,Manchester United,99/00,1999/00,1999,2000,FIFA Club World Cup Participant,club_world_cup,participant,False,season_label_expanded,high,transfermarkt_achievements_page,https://www.transfermarkt.com/manchester-united/erfolge/verein/985,2026-04-28T07:46:04.827964+00:00,
premier_league,Premier League,manchester_united,Manchester United,1999,1999/00,1999,2000,Intercontinental Cup Winner,other,winner,True,calendar_year_mapped_to_start_year_season,medium,transfermarkt_achievements_page,https://www.transfermarkt.com/manchester-united/erfolge/verein/985,2026-04-28T07:46:04.827964+00:00,Assigned season derived from achievement season label '1999' using method 'calendar_year_mapped_to_start_year_season'.
premier_league,Premier League,manchester_united,Manchester United,99/00,1999/00,1999,2000,UEFA Super Cup runner-up,other,other,False,season_label_expanded,high,transfermarkt_achievements_page,https://www.transfermarkt.com/manchester-united/erfolge/verein/985,2026-04-28T07:46:04.827964+00:00,
premier_league,Premier League,manchester_united,Manchester United,00/01,2000/01,2000,2001,Champions League Participant,uefa_champions_league,participant,False,season_label_expanded,high,transfermarkt_achievements_page,https://www.transfermarkt.com/manchester-united/erfolge/verein/985,2026-04-28T07:46:04.827964+00:00,
premier_league,Premier League,manchester_united,Manchester United,00/01,2000/01,2000,2001,English Champion,league_title,winner,True,season_label_expanded,high,transfermarkt_achievements_page,https://www.transfermarkt.com/manchester-united/erfolge/verein/985,2026-04-28T07:46:04.827964+00:00,
premier_league,Premier League,manchester_united,Manchester United,01/02,2001/02,2001,2002,Champions League Participant,uefa_champions_league,participant,False,season_label_expanded,high,transfermarkt_achievements_page,https://www.transfermarkt.com/manchester-united/erfolge/verein/985,2026-04-28T07:46:04.827964+00:00,
premier_league,Premier League,manchester_united,Manchester United,02/03,2002/03,2002,2003,Champions League Participant,uefa_champions_league,participant,False,season_label_expanded,high,transfermarkt_achievements_page,https://www.transfermarkt.com/manchester-united/erfolge/verein/985,2026-04-28T07:46:04.827964+00:00,
premier_league,Premier League,manchester_united,Manchester United,02/03,2002/03,2002,2003,English Champion,league_title,winner,True,season_label_expanded,high,transfermarkt_achievements_page,https://www.transfermarkt.com/manchester-united/erfolge/verein/985,2026-04-28T07:46:04.827964+00:00,
premier_league,Premier League,manchester_united,Manchester United,02/03,2002/03,2002,2003,English League Cup runner-up,league_cup,other,False,season_label_expanded,high,transfermarkt_achievements_page,https://www.transfermarkt.com/manchester-united/erfolge/verein/985,2026-04-28T07:46:04.827964+00:00,
premier_league,Premier League,manchester_united,Manchester United,03/04,2003/04,2003,2004,Champions League Participant,uefa_champions_league,participant,False,season_label_expanded,high,transfermarkt_achievements_page,https://www.transfermarkt.com/manchester-united/erfolge/verein/985,2026-04-28T07:46:04.827964+00:00,
premier_league,Premier League,manchester_united,Manchester United,03/04,2003/04,2003,2004,English Supercup Winner,super_cup,winner,True,season_label_expanded,high,transfermarkt_achievements_page,https://www.transfermarkt.com/manchester-united/erfolge/verein/985,2026-04-28T07:46:04.827964+00:00,
premier_league,Premier League,manchester_united,Manchester United,03/04,2003/04,2003,2004,FA Cup Winner,fa_cup,winner,True,season_label_expanded,high,transfermarkt_achievements_page,https://www.transfermarkt.com/manchester-united/erfolge/verein/985,2026-04-28T07:46:04.827964+00:00,
premier_league,Premier League,manchester_united,Manchester United,04/05,2004/05,2004,2005,Champions League Participant,uefa_champions_league,participant,False,season_label_expanded,high,transfermarkt_achievements_page,https://www.transfermarkt.com/manchester-united/erfolge/verein/985,2026-04-28T07:46:04.827964+00:00,
premier_league,Premier League,manchester_united,Manchester United,04/05,2004/05,2004,2005,FA Cup Runner up,fa_cup,runner_up,False,season_label_expanded,high,transfermarkt_achievements_page,https://www.transfermarkt.com/manchester-united/erfolge/verein/985,2026-04-28T07:46:04.827964+00:00,
premier_league,Premier League,manchester_united,Manchester United,05/06,2005/06,2005,2006,Champions League Participant,uefa_champions_league,participant,False,season_label_expanded,high,transfermarkt_achievements_page,https://www.transfermarkt.com/manchester-united/erfolge/verein/985,2026-04-28T07:46:04.827964+00:00,
premier_league,Premier League,manchester_united,Manchester United,05/06,2005/06,2005,2006,English League Cup winner,league_cup,winner,True,season_label_expanded,high,transfermarkt_achievements_page,https://www.transfermarkt.com/manchester-united/erfolge/verein/985,2026-04-28T07:46:04.827964+00:00,
premier_league,Premier League,manchester_united,Manchester United,06/07,2006/07,2006,2007,Champions League Participant,uefa_champions_league,participant,False,season_label_expanded,high,transfermarkt_achievements_page,https://www.transfermarkt.com/manchester-united/erfolge/verein/985,2026-04-28T07:46:04.827964+00:00,
premier_league,Premier League,manchester_united,Manchester United,06/07,2006/07,2006,2007,English Champion,league_title,winner,True,season_label_expanded,high,transfermarkt_achievements_page,https://www.transfermarkt.com/manchester-united/erfolge/verein/985,2026-04-28T07:46:04.827964+00:00,
premier_league,Premier League,manchester_united,Manchester United,06/07,2006/07,2006,2007,FA Cup Runner up,fa_cup,runner_up,False,season_label_expanded,high,transfermarkt_achievements_page,https://www.transfermarkt.com/manchester-united/erfolge/verein/985,2026-04-28T07:46:04.827964+00:00,
premier_league,Premier League,manchester_united,Manchester United,07/08,2007/08,2007,2008,Champions League Participant,uefa_champions_league,participant,False,season_label_expanded,high,transfermarkt_achievements_page,https://www.transfermarkt.com/manchester-united/erfolge/verein/985,2026-04-28T07:46:04.827964+00:00,
premier_league,Premier League,manchester_united,Manchester United,07/08,2007/08,2007,2008,English Champion,league_title,winner,True,season_label_expanded,high,transfermarkt_achievements_page,https://www.transfermarkt.com/manchester-united/erfolge/verein/985,2026-04-28T07:46:04.827964+00:00,
premier_league,Premier League,manchester_united,Manchester United,07/08,2007/08,2007,2008,English Supercup Winner,super_cup,winner,True,season_label_expanded,high,transfermarkt_achievements_page,https://www.transfermarkt.com/manchester-united/erfolge/verein/985,2026-04-28T07:46:04.827964+00:00,
premier_league,Premier League,manchester_united,Manchester United,07/08,2007/08,2007,2008,UEFA Champions League winner,uefa_champions_league,winner,True,season_label_expanded,high,transfermarkt_achievements_page,https://www.transfermarkt.com/manchester-united/erfolge/verein/985,2026-04-28T07:46:04.827964+00:00,
premier_league,Premier League,manchester_united,Manchester United,07/08,2007/08,2007,2008,UEFA Super Cup runner-up,other,other,False,season_label_expanded,high,transfermarkt_achievements_page,https://www.transfermarkt.com/manchester-united/erfolge/verein/985,2026-04-28T07:46:04.827964+00:00,
premier_league,Premier League,manchester_united,Manchester United,08/09,2008/09,2008,2009,Champions League Participant,uefa_champions_league,participant,False,season_label_expanded,high,transfermarkt_achievements_page,https://www.transfermarkt.com/manchester-united/erfolge/verein/985,2026-04-28T07:46:04.827964+00:00,
premier_league,Premier League,manchester_united,Manchester United,08/09,2008/09,2008,2009,Champions League runner-up,uefa_champions_league,winner,True,season_label_expanded,high,transfermarkt_achievements_page,https://www.transfermarkt.com/manchester-united/erfolge/verein/985,2026-04-28T07:46:04.827964+00:00,
premier_league,Premier League,manchester_united,Manchester United,08/09,2008/09,2008,2009,English Champion,league_title,winner,True,season_label_expanded,high,transfermarkt_achievements_page,https://www.transfermarkt.com/manchester-united/erfolge/verein/985,2026-04-28T07:46:04.827964+00:00,
premier_league,Premier League,manchester_united,Manchester United,08/09,2008/09,2008,2009,English League Cup winner,league_cup,winner,True,season_label_expanded,high,transfermarkt_achievements_page,https://www.transfermarkt.com/manchester-united/erfolge/verein/985,2026-04-28T07:46:04.827964+00:00,
premier_league,Premier League,manchester_united,Manchester United,08/09,2008/09,2008,2009,English Supercup Winner,super_cup,winner,True,season_label_expanded,high,transfermarkt_achievements_page,https://www.transfermarkt.com/manchester-united/erfolge/verein/985,2026-04-28T07:46:04.827964+00:00,
premier_league,Premier League,manchester_united,Manchester United,08/09,2008/09,2008,2009,FIFA Club World Cup Participant,club_world_cup,participant,False,season_label_expanded,high,transfermarkt_achievements_page,https://www.transfermarkt.com/manchester-united/erfolge/verein/985,2026-04-28T07:46:04.827964+00:00,
premier_league,Premier League,manchester_united,Manchester United,08/09,2008/09,2008,2009,UEFA Super Cup runner-up,other,other,False,season_label_expanded,high,transfermarkt_achievements_page,https://www.transfermarkt.com/manchester-united/erfolge/verein/985,2026-04-28T07:46:04.827964+00:00,
premier_league,Premier League,manchester_united,Manchester United,09/10,2009/10,2009,2010,Champions League Participant,uefa_champions_league,participant,False,season_label_expanded,high,transfermarkt_achievements_page,https://www.transfermarkt.com/manchester-united/erfolge/verein/985,2026-04-28T07:46:04.827964+00:00,
premier_league,Premier League,manchester_united,Manchester United,09/10,2009/10,2009,2010,English League Cup winner,league_cup,winner,True,season_label_expanded,high,transfermarkt_achievements_page,https://www.transfermarkt.com/manchester-united/erfolge/verein/985,2026-04-28T07:46:04.827964+00:00,
premier_league,Premier League,manchester_united,Manchester United,2009,2009/10,2009,2010,FIFA Club World Cup winner,club_world_cup,winner,True,calendar_year_mapped_to_start_year_season,medium,transfermarkt_achievements_page,https://www.transfermarkt.com/manchester-united/erfolge/verein/985,2026-04-28T07:46:04.827964+00:00,Assigned season derived from achievement season label '2009' using method 'calendar_year_mapped_to_start_year_season'.
premier_league,Premier League,manchester_united,Manchester United,10/11,2010/11,2010,2011,Champions League Participant,uefa_champions_league,participant,False,season_label_expanded,high,transfermarkt_achievements_page,https://www.transfermarkt.com/manchester-united/erfolge/verein/985,2026-04-28T07:46:04.827964+00:00,
premier_league,Premier League,manchester_united,Manchester United,10/11,2010/11,2010,2011,Champions League runner-up,uefa_champions_league,winner,True,season_label_expanded,high,transfermarkt_achievements_page,https://www.transfermarkt.com/manchester-united/erfolge/verein/985,2026-04-28T07:46:04.827964+00:00,
premier_league,Premier League,manchester_united,Manchester United,10/11,2010/11,2010,2011,English Champion,league_title,winner,True,season_label_expanded,high,transfermarkt_achievements_page,https://www.transfermarkt.com/manchester-united/erfolge/verein/985,2026-04-28T07:46:04.827964+00:00,
premier_league,Premier League,manchester_united,Manchester United,10/11,2010/11,2010,2011,English Supercup Winner,super_cup,winner,True,season_label_expanded,high,transfermarkt_achievements_page,https://www.transfermarkt.com/manchester-united/erfolge/verein/985,2026-04-28T07:46:04.827964+00:00,
premier_league,Premier League,manchester_united,Manchester United,11/12,2011/12,2011,2012,Champions League Participant,uefa_champions_league,participant,False,season_label_expanded,high,transfermarkt_achievements_page,https://www.transfermarkt.com/manchester-united/erfolge/verein/985,2026-04-28T07:46:04.827964+00:00,
premier_league,Premier League,manchester_united,Manchester United,11/12,2011/12,2011,2012,English Supercup Winner,super_cup,winner,True,season_label_expanded,high,transfermarkt_achievements_page,https://www.transfermarkt.com/manchester-united/erfolge/verein/985,2026-04-28T07:46:04.827964+00:00,
premier_league,Premier League,manchester_united,Manchester United,11/12,2011/12,2011,2012,Europa League Participant,uefa_europa_league,participant,False,season_label_expanded,high,transfermarkt_achievements_page,https://www.transfermarkt.com/manchester-united/erfolge/verein/985,2026-04-28T07:46:04.827964+00:00,
premier_league,Premier League,manchester_united,Manchester United,12/13,2012/13,2012,2013,Champions League Participant,uefa_champions_league,participant,False,season_label_expanded,high,transfermarkt_achievements_page,https://www.transfermarkt.com/manchester-united/erfolge/verein/985,2026-04-28T07:46:04.827964+00:00,
premier_league,Premier League,manchester_united,Manchester United,12/13,2012/13,2012,2013,English Champion,league_title,winner,True,season_label_expanded,high,transfermarkt_achievements_page,https://www.transfermarkt.com/manchester-united/erfolge/verein/985,2026-04-28T07:46:04.827964+00:00,
premier_league,Premier League,manchester_united,Manchester United,13/14,2013/14,2013,2014,Champions League Participant,uefa_champions_league,participant,False,season_label_expanded,high,transfermarkt_achievements_page,https://www.transfermarkt.com/manchester-united/erfolge/verein/985,2026-04-28T07:46:04.827964+00:00,
premier_league,Premier League,manchester_united,Manchester United,13/14,2013/14,2013,2014,English Supercup Winner,super_cup,winner,True,season_label_expanded,high,transfermarkt_achievements_page,https://www.transfermarkt.com/manchester-united/erfolge/verein/985,2026-04-28T07:46:04.827964+00:00,
premier_league,Premier League,manchester_united,Manchester United,15/16,2015/16,2015,2016,Champions League Participant,uefa_champions_league,participant,False,season_label_expanded,high,transfermarkt_achievements_page,https://www.transfermarkt.com/manchester-united/erfolge/verein/985,2026-04-28T07:46:04.827964+00:00,
premier_league,Premier League,manchester_united,Manchester United,15/16,2015/16,2015,2016,Europa League Participant,uefa_europa_league,participant,False,season_label_expanded,high,transfermarkt_achievements_page,https://www.transfermarkt.com/manchester-united/erfolge/verein/985,2026-04-28T07:46:04.827964+00:00,
premier_league,Premier League,manchester_united,Manchester United,15/16,2015/16,2015,2016,FA Cup Winner,fa_cup,winner,True,season_label_expanded,high,transfermarkt_achievements_page,https://www.transfermarkt.com/manchester-united/erfolge/verein/985,2026-04-28T07:46:04.827964+00:00,
premier_league,Premier League,manchester_united,Manchester United,16/17,2016/17,2016,2017,English League Cup winner,league_cup,winner,True,season_label_expanded,high,transfermarkt_achievements_page,https://www.transfermarkt.com/manchester-united/erfolge/verein/985,2026-04-28T07:46:04.827964+00:00,
premier_league,Premier League,manchester_united,Manchester United,16/17,2016/17,2016,2017,English Supercup Winner,super_cup,winner,True,season_label_expanded,high,transfermarkt_achievements_page,https://www.transfermarkt.com/manchester-united/erfolge/verein/985,2026-04-28T07:46:04.827964+00:00,
premier_league,Premier League,manchester_united,Manchester United,16/17,2016/17,2016,2017,Europa League Participant,uefa_europa_league,participant,False,season_label_expanded,high,transfermarkt_achievements_page,https://www.transfermarkt.com/manchester-united/erfolge/verein/985,2026-04-28T07:46:04.827964+00:00,
premier_league,Premier League,manchester_united,Manchester United,16/17,2016/17,2016,2017,Europa League Winner,uefa_europa_league,winner,True,season_label_expanded,high,transfermarkt_achievements_page,https://www.transfermarkt.com/manchester-united/erfolge/verein/985,2026-04-28T07:46:04.827964+00:00,
premier_league,Premier League,manchester_united,Manchester United,17/18,2017/18,2017,2018,Champions League Participant,uefa_champions_league,participant,False,season_label_expanded,high,transfermarkt_achievements_page,https://www.transfermarkt.com/manchester-united/erfolge/verein/985,2026-04-28T07:46:04.827964+00:00,
premier_league,Premier League,manchester_united,Manchester United,17/18,2017/18,2017,2018,FA Cup Runner up,fa_cup,runner_up,False,season_label_expanded,high,transfermarkt_achievements_page,https://www.transfermarkt.com/manchester-united/erfolge/verein/985,2026-04-28T07:46:04.827964+00:00,
premier_league,Premier League,manchester_united,Manchester United,17/18,2017/18,2017,2018,UEFA Super Cup runner-up,other,other,False,season_label_expanded,high,transfermarkt_achievements_page,https://www.transfermarkt.com/manchester-united/erfolge/verein/985,2026-04-28T07:46:04.827964+00:00,
premier_league,Premier League,manchester_united,Manchester United,18/19,2018/19,2018,2019,Champions League Participant,uefa_champions_league,participant,False,season_label_expanded,high,transfermarkt_achievements_page,https://www.transfermarkt.com/manchester-united/erfolge/verein/985,2026-04-28T07:46:04.827964+00:00,
premier_league,Premier League,manchester_united,Manchester United,19/20,2019/20,2019,2020,Europa League Participant,uefa_europa_league,participant,False,season_label_expanded,high,transfermarkt_achievements_page,https://www.transfermarkt.com/manchester-united/erfolge/verein/985,2026-04-28T07:46:04.827964+00:00,
premier_league,Premier League,manchester_united,Manchester United,20/21,2020/21,2020,2021,Champions League Participant,uefa_champions_league,participant,False,season_label_expanded,high,transfermarkt_achievements_page,https://www.transfermarkt.com/manchester-united/erfolge/verein/985,2026-04-28T07:46:04.827964+00:00,
premier_league,Premier League,manchester_united,Manchester United,20/21,2020/21,2020,2021,Europa League Participant,uefa_europa_league,participant,False,season_label_expanded,high,transfermarkt_achievements_page,https://www.transfermarkt.com/manchester-united/erfolge/verein/985,2026-04-28T07:46:04.827964+00:00,
premier_league,Premier League,manchester_united,Manchester United,20/21,2020/21,2020,2021,Europa League runner-up,uefa_europa_league,other,False,season_label_expanded,high,transfermarkt_achievements_page,https://www.transfermarkt.com/manchester-united/erfolge/verein/985,2026-04-28T07:46:04.827964+00:00,
premier_league,Premier League,manchester_united,Manchester United,21/22,2021/22,2021,2022,Champions League Participant,uefa_champions_league,participant,False,season_label_expanded,high,transfermarkt_achievements_page,https://www.transfermarkt.com/manchester-united/erfolge/verein/985,2026-04-28T07:46:04.827964+00:00,
premier_league,Premier League,manchester_united,Manchester United,22/23,2022/23,2022,2023,English League Cup winner,league_cup,winner,True,season_label_expanded,high,transfermarkt_achievements_page,https://www.transfermarkt.com/manchester-united/erfolge/verein/985,2026-04-28T07:46:04.827964+00:00,
premier_league,Premier League,manchester_united,Manchester United,22/23,2022/23,2022,2023,Europa League Participant,uefa_europa_league,participant,False,season_label_expanded,high,transfermarkt_achievements_page,https://www.transfermarkt.com/manchester-united/erfolge/verein/985,2026-04-28T07:46:04.827964+00:00,
premier_league,Premier League,manchester_united,Manchester United,22/23,2022/23,2022,2023,FA Cup Runner up,fa_cup,runner_up,False,season_label_expanded,high,transfermarkt_achievements_page,https://www.transfermarkt.com/manchester-united/erfolge/verein/985,2026-04-28T07:46:04.827964+00:00,
premier_league,Premier League,manchester_united,Manchester United,23/24,2023/24,2023,2024,Champions League Participant,uefa_champions_league,participant,False,season_label_expanded,high,transfermarkt_achievements_page,https://www.transfermarkt.com/manchester-united/erfolge/verein/985,2026-04-28T07:46:04.827964+00:00,
premier_league,Premier League,manchester_united,Manchester United,23/24,2023/24,2023,2024,FA Cup Winner,fa_cup,winner,True,season_label_expanded,high,transfermarkt_achievements_page,https://www.transfermarkt.com/manchester-united/erfolge/verein/985,2026-04-28T07:46:04.827964+00:00,
premier_league,Premier League,manchester_united,Manchester United,24/25,2024/25,2024,2025,Europa League Participant,uefa_europa_league,participant,False,season_label_expanded,high,transfermarkt_achievements_page,https://www.transfermarkt.com/manchester-united/erfolge/verein/985,2026-04-28T07:46:04.827964+00:00,
premier_league,Premier League,manchester_united,Manchester United,24/25,2024/25,2024,2025,Europa League runner-up,uefa_europa_league,other,False,season_label_expanded,high,transfermarkt_achievements_page,https://www.transfermarkt.com/manchester-united/erfolge/verein/985,2026-04-28T07:46:04.827964+00:00,
premier_league,Premier League,tottenham_hotspur,Tottenham Hotspur,1900/01,1900/01,1900,1901,FA Cup Winner,fa_cup,winner,True,season_label_preserved,medium,transfermarkt_achievements_page,https://www.transfermarkt.com/tottenham-hotspur/erfolge/verein/148,2026-04-28T07:46:11.825063+00:00,Assigned season derived from achievement season label '1900/01' using method 'season_label_preserved'.
premier_league,Premier League,tottenham_hotspur,Tottenham Hotspur,1908/09,1908/09,1908,1909,Promoted to 1st league,other,other,False,season_label_preserved,medium,transfermarkt_achievements_page,https://www.transfermarkt.com/tottenham-hotspur/erfolge/verein/148,2026-04-28T07:46:11.825063+00:00,Assigned season derived from achievement season label '1908/09' using method 'season_label_preserved'.
premier_league,Premier League,tottenham_hotspur,Tottenham Hotspur,1914/15,1914/15,1914,1915,Relegated from 1st league,other,other,False,season_label_preserved,medium,transfermarkt_achievements_page,https://www.transfermarkt.com/tottenham-hotspur/erfolge/verein/148,2026-04-28T07:46:11.825063+00:00,Assigned season derived from achievement season label '1914/15' using method 'season_label_preserved'.
premier_league,Premier League,tottenham_hotspur,Tottenham Hotspur,1919/20,1919/20,1919,1920,English 2nd tier champion,league_title,winner,True,season_label_preserved,medium,transfermarkt_achievements_page,https://www.transfermarkt.com/tottenham-hotspur/erfolge/verein/148,2026-04-28T07:46:11.825063+00:00,Assigned season derived from achievement season label '1919/20' using method 'season_label_preserved'.
premier_league,Premier League,tottenham_hotspur,Tottenham Hotspur,1919/20,1919/20,1919,1920,Promoted to 1st league,other,other,False,season_label_preserved,medium,transfermarkt_achievements_page,https://www.transfermarkt.com/tottenham-hotspur/erfolge/verein/148,2026-04-28T07:46:11.825063+00:00,Assigned season derived from achievement season label '1919/20' using method 'season_label_preserved'.
premier_league,Premier League,tottenham_hotspur,Tottenham Hotspur,1920/21,1920/21,1920,1921,FA Cup Winner,fa_cup,winner,True,season_label_preserved,medium,transfermarkt_achievements_page,https://www.transfermarkt.com/tottenham-hotspur/erfolge/verein/148,2026-04-28T07:46:11.825063+00:00,Assigned season derived from achievement season label '1920/21' using method 'season_label_preserved'.
premier_league,Premier League,tottenham_hotspur,Tottenham Hotspur,1921/22,1921/22,1921,1922,English Supercup Winner,super_cup,winner,True,season_label_preserved,medium,transfermarkt_achievements_page,https://www.transfermarkt.com/tottenham-hotspur/erfolge/verein/148,2026-04-28T07:46:11.825063+00:00,Assigned season derived from achievement season label '1921/22' using method 'season_label_preserved'.
premier_league,Premier League,tottenham_hotspur,Tottenham Hotspur,1927/28,1927/28,1927,1928,Relegated from 1st league,other,other,False,season_label_preserved,medium,transfermarkt_achievements_page,https://www.transfermarkt.com/tottenham-hotspur/erfolge/verein/148,2026-04-28T07:46:11.825063+00:00,Assigned season derived from achievement season label '1927/28' using method 'season_label_preserved'.
premier_league,Premier League,tottenham_hotspur,Tottenham Hotspur,32/33,1932/33,1932,1933,Promoted to 1st league,other,other,False,season_label_expanded_fallback,medium,transfermarkt_achievements_page,https://www.transfermarkt.com/tottenham-hotspur/erfolge/verein/148,2026-04-28T07:46:11.825063+00:00,Assigned season derived from achievement season label '32/33' using method 'season_label_expanded_fallback'.
premier_league,Premier League,tottenham_hotspur,Tottenham Hotspur,34/35,1934/35,1934,1935,Relegated from 1st league,other,other,False,season_label_expanded_fallback,medium,transfermarkt_achievements_page,https://www.transfermarkt.com/tottenham-hotspur/erfolge/verein/148,2026-04-28T07:46:11.825063+00:00,Assigned season derived from achievement season label '34/35' using method 'season_label_expanded_fallback'.
premier_league,Premier League,tottenham_hotspur,Tottenham Hotspur,49/50,1949/50,1949,1950,English 2nd tier champion,league_title,winner,True,season_label_expanded_fallback,medium,transfermarkt_achievements_page,https://www.transfermarkt.com/tottenham-hotspur/erfolge/verein/148,2026-04-28T07:46:11.825063+00:00,Assigned season derived from achievement season label '49/50' using method 'season_label_expanded_fallback'.
premier_league,Premier League,tottenham_hotspur,Tottenham Hotspur,49/50,1949/50,1949,1950,Promoted to 1st league,other,other,False,season_label_expanded_fallback,medium,transfermarkt_achievements_page,https://www.transfermarkt.com/tottenham-hotspur/erfolge/verein/148,2026-04-28T07:46:11.825063+00:00,Assigned season derived from achievement season label '49/50' using method 'season_label_expanded_fallback'.
premier_league,Premier League,tottenham_hotspur,Tottenham Hotspur,50/51,1950/51,1950,1951,English Champion,league_title,winner,True,season_label_expanded_fallback,medium,transfermarkt_achievements_page,https://www.transfermarkt.com/tottenham-hotspur/erfolge/verein/148,2026-04-28T07:46:11.825063+00:00,Assigned season derived from achievement season label '50/51' using method 'season_label_expanded_fallback'.
premier_league,Premier League,tottenham_hotspur,Tottenham Hotspur,51/52,1951/52,1951,1952,English Supercup Winner,super_cup,winner,True,season_label_expanded_fallback,medium,transfermarkt_achievements_page,https://www.transfermarkt.com/tottenham-hotspur/erfolge/verein/148,2026-04-28T07:46:11.825063+00:00,Assigned season derived from achievement season label '51/52' using method 'season_label_expanded_fallback'.
premier_league,Premier League,tottenham_hotspur,Tottenham Hotspur,60/61,1960/61,1960,1961,English Champion,league_title,winner,True,season_label_expanded_fallback,medium,transfermarkt_achievements_page,https://www.transfermarkt.com/tottenham-hotspur/erfolge/verein/148,2026-04-28T07:46:11.825063+00:00,Assigned season derived from achievement season label '60/61' using method 'season_label_expanded_fallback'.
premier_league,Premier League,tottenham_hotspur,Tottenham Hotspur,60/61,1960/61,1960,1961,FA Cup Winner,fa_cup,winner,True,season_label_expanded_fallback,medium,transfermarkt_achievements_page,https://www.transfermarkt.com/tottenham-hotspur/erfolge/verein/148,2026-04-28T07:46:11.825063+00:00,Assigned season derived from achievement season label '60/61' using method 'season_label_expanded_fallback'.
premier_league,Premier League,tottenham_hotspur,Tottenham Hotspur,61/62,1961/62,1961,1962,English Supercup Winner,super_cup,winner,True,season_label_expanded_fallback,medium,transfermarkt_achievements_page,https://www.transfermarkt.com/tottenham-hotspur/erfolge/verein/148,2026-04-28T07:46:11.825063+00:00,Assigned season derived from achievement season label '61/62' using method 'season_label_expanded_fallback'.
premier_league,Premier League,tottenham_hotspur,Tottenham Hotspur,61/62,1961/62,1961,1962,FA Cup Winner,fa_cup,winner,True,season_label_expanded_fallback,medium,transfermarkt_achievements_page,https://www.transfermarkt.com/tottenham-hotspur/erfolge/verein/148,2026-04-28T07:46:11.825063+00:00,Assigned season derived from achievement season label '61/62' using method 'season_label_expanded_fallback'.
premier_league,Premier League,tottenham_hotspur,Tottenham Hotspur,62/63,1962/63,1962,1963,Cup Winners Cup Winner,other,winner,True,season_label_expanded_fallback,medium,transfermarkt_achievements_page,https://www.transfermarkt.com/tottenham-hotspur/erfolge/verein/148,2026-04-28T07:46:11.825063+00:00,Assigned season derived from achievement season label '62/63' using method 'season_label_expanded_fallback'.
premier_league,Premier League,tottenham_hotspur,Tottenham Hotspur,62/63,1962/63,1962,1963,English Supercup Winner,super_cup,winner,True,season_label_expanded_fallback,medium,transfermarkt_achievements_page,https://www.transfermarkt.com/tottenham-hotspur/erfolge/verein/148,2026-04-28T07:46:11.825063+00:00,Assigned season derived from achievement season label '62/63' using method 'season_label_expanded_fallback'.
premier_league,Premier League,tottenham_hotspur,Tottenham Hotspur,66/67,1966/67,1966,1967,FA Cup Winner,fa_cup,winner,True,season_label_expanded_fallback,medium,transfermarkt_achievements_page,https://www.transfermarkt.com/tottenham-hotspur/erfolge/verein/148,2026-04-28T07:46:11.825063+00:00,Assigned season derived from achievement season label '66/67' using method 'season_label_expanded_fallback'.
premier_league,Premier League,tottenham_hotspur,Tottenham Hotspur,67/68,1967/68,1967,1968,English Supercup Winner,super_cup,winner,True,season_label_expanded_fallback,medium,transfermarkt_achievements_page,https://www.transfermarkt.com/tottenham-hotspur/erfolge/verein/148,2026-04-28T07:46:11.825063+00:00,Assigned season derived from achievement season label '67/68' using method 'season_label_expanded_fallback'.
premier_league,Premier League,tottenham_hotspur,Tottenham Hotspur,70/71,1970/71,1970,1971,English League Cup winner,league_cup,winner,True,season_label_expanded_fallback,medium,transfermarkt_achievements_page,https://www.transfermarkt.com/tottenham-hotspur/erfolge/verein/148,2026-04-28T07:46:11.825063+00:00,Assigned season derived from achievement season label '70/71' using method 'season_label_expanded_fallback'.
premier_league,Premier League,tottenham_hotspur,Tottenham Hotspur,71/72,1971/72,1971,1972,UEFA Cup Participant,fa_cup,participant,False,season_label_expanded_fallback,medium,transfermarkt_achievements_page,https://www.transfermarkt.com/tottenham-hotspur/erfolge/verein/148,2026-04-28T07:46:11.825063+00:00,Assigned season derived from achievement season label '71/72' using method 'season_label_expanded_fallback'.
premier_league,Premier League,tottenham_hotspur,Tottenham Hotspur,71/72,1971/72,1971,1972,UEFA Cup Winner,fa_cup,winner,True,season_label_expanded_fallback,medium,transfermarkt_achievements_page,https://www.transfermarkt.com/tottenham-hotspur/erfolge/verein/148,2026-04-28T07:46:11.825063+00:00,Assigned season derived from achievement season label '71/72' using method 'season_label_expanded_fallback'.
premier_league,Premier League,tottenham_hotspur,Tottenham Hotspur,72/73,1972/73,1972,1973,English League Cup winner,league_cup,winner,True,season_label_expanded_fallback,medium,transfermarkt_achievements_page,https://www.transfermarkt.com/tottenham-hotspur/erfolge/verein/148,2026-04-28T07:46:11.825063+00:00,Assigned season derived from achievement season label '72/73' using method 'season_label_expanded_fallback'.
premier_league,Premier League,tottenham_hotspur,Tottenham Hotspur,72/73,1972/73,1972,1973,UEFA Cup Participant,fa_cup,participant,False,season_label_expanded_fallback,medium,transfermarkt_achievements_page,https://www.transfermarkt.com/tottenham-hotspur/erfolge/verein/148,2026-04-28T07:46:11.825063+00:00,Assigned season derived from achievement season label '72/73' using method 'season_label_expanded_fallback'.
premier_league,Premier League,tottenham_hotspur,Tottenham Hotspur,73/74,1973/74,1973,1974,UEFA Cup Participant,fa_cup,participant,False,season_label_expanded_fallback,medium,transfermarkt_achievements_page,https://www.transfermarkt.com/tottenham-hotspur/erfolge/verein/148,2026-04-28T07:46:11.825063+00:00,Assigned season derived from achievement season label '73/74' using method 'season_label_expanded_fallback'.
premier_league,Premier League,tottenham_hotspur,Tottenham Hotspur,73/74,1973/74,1973,1974,UEFA Cup runner-up,fa_cup,other,False,season_label_expanded_fallback,medium,transfermarkt_achievements_page,https://www.transfermarkt.com/tottenham-hotspur/erfolge/verein/148,2026-04-28T07:46:11.825063+00:00,Assigned season derived from achievement season label '73/74' using method 'season_label_expanded_fallback'.
premier_league,Premier League,tottenham_hotspur,Tottenham Hotspur,76/77,1976/77,1976,1977,Relegated from 1st league,other,other,False,season_label_expanded_fallback,medium,transfermarkt_achievements_page,https://www.transfermarkt.com/tottenham-hotspur/erfolge/verein/148,2026-04-28T07:46:11.825063+00:00,Assigned season derived from achievement season label '76/77' using method 'season_label_expanded_fallback'.
premier_league,Premier League,tottenham_hotspur,Tottenham Hotspur,77/78,1977/78,1977,1978,Promoted to 1st league,other,other,False,season_label_expanded_fallback,medium,transfermarkt_achievements_page,https://www.transfermarkt.com/tottenham-hotspur/erfolge/verein/148,2026-04-28T07:46:11.825063+00:00,Assigned season derived from achievement season label '77/78' using method 'season_label_expanded_fallback'.
premier_league,Premier League,tottenham_hotspur,Tottenham Hotspur,80/81,1980/81,1980,1981,FA Cup Winner,fa_cup,winner,True,season_label_expanded_fallback,medium,transfermarkt_achievements_page,https://www.transfermarkt.com/tottenham-hotspur/erfolge/verein/148,2026-04-28T07:46:11.825063+00:00,Assigned season derived from achievement season label '80/81' using method 'season_label_expanded_fallback'.
premier_league,Premier League,tottenham_hotspur,Tottenham Hotspur,81/82,1981/82,1981,1982,English League Cup runner-up,league_cup,other,False,season_label_expanded_fallback,medium,transfermarkt_achievements_page,https://www.transfermarkt.com/tottenham-hotspur/erfolge/verein/148,2026-04-28T07:46:11.825063+00:00,Assigned season derived from achievement season label '81/82' using method 'season_label_expanded_fallback'.
premier_league,Premier League,tottenham_hotspur,Tottenham Hotspur,81/82,1981/82,1981,1982,English Supercup Winner,super_cup,winner,True,season_label_expanded_fallback,medium,transfermarkt_achievements_page,https://www.transfermarkt.com/tottenham-hotspur/erfolge/verein/148,2026-04-28T07:46:11.825063+00:00,Assigned season derived from achievement season label '81/82' using method 'season_label_expanded_fallback'.
premier_league,Premier League,tottenham_hotspur,Tottenham Hotspur,81/82,1981/82,1981,1982,FA Cup Winner,fa_cup,winner,True,season_label_expanded_fallback,medium,transfermarkt_achievements_page,https://www.transfermarkt.com/tottenham-hotspur/erfolge/verein/148,2026-04-28T07:46:11.825063+00:00,Assigned season derived from achievement season label '81/82' using method 'season_label_expanded_fallback'.
premier_league,Premier League,tottenham_hotspur,Tottenham Hotspur,83/84,1983/84,1983,1984,UEFA Cup Participant,fa_cup,participant,False,season_label_expanded_fallback,medium,transfermarkt_achievements_page,https://www.transfermarkt.com/tottenham-hotspur/erfolge/verein/148,2026-04-28T07:46:11.825063+00:00,Assigned season derived from achievement season label '83/84' using method 'season_label_expanded_fallback'.
premier_league,Premier League,tottenham_hotspur,Tottenham Hotspur,83/84,1983/84,1983,1984,UEFA Cup Winner,fa_cup,winner,True,season_label_expanded_fallback,medium,transfermarkt_achievements_page,https://www.transfermarkt.com/tottenham-hotspur/erfolge/verein/148,2026-04-28T07:46:11.825063+00:00,Assigned season derived from achievement season label '83/84' using method 'season_label_expanded_fallback'.
premier_league,Premier League,tottenham_hotspur,Tottenham Hotspur,84/85,1984/85,1984,1985,UEFA Cup Participant,fa_cup,participant,False,season_label_expanded_fallback,medium,transfermarkt_achievements_page,https://www.transfermarkt.com/tottenham-hotspur/erfolge/verein/148,2026-04-28T07:46:11.825063+00:00,Assigned season derived from achievement season label '84/85' using method 'season_label_expanded_fallback'.
premier_league,Premier League,tottenham_hotspur,Tottenham Hotspur,86/87,1986/87,1986,1987,FA Cup Runner up,fa_cup,runner_up,False,season_label_expanded_fallback,medium,transfermarkt_achievements_page,https://www.transfermarkt.com/tottenham-hotspur/erfolge/verein/148,2026-04-28T07:46:11.825063+00:00,Assigned season derived from achievement season label '86/87' using method 'season_label_expanded_fallback'.
premier_league,Premier League,tottenham_hotspur,Tottenham Hotspur,90/91,1990/91,1990,1991,FA Cup Winner,fa_cup,winner,True,season_label_expanded,high,transfermarkt_achievements_page,https://www.transfermarkt.com/tottenham-hotspur/erfolge/verein/148,2026-04-28T07:46:11.825063+00:00,
premier_league,Premier League,tottenham_hotspur,Tottenham Hotspur,91/92,1991/92,1991,1992,English Supercup Winner,super_cup,winner,True,season_label_expanded,high,transfermarkt_achievements_page,https://www.transfermarkt.com/tottenham-hotspur/erfolge/verein/148,2026-04-28T07:46:11.825063+00:00,
premier_league,Premier League,tottenham_hotspur,Tottenham Hotspur,98/99,1998/99,1998,1999,English League Cup winner,league_cup,winner,True,season_label_expanded,high,transfermarkt_achievements_page,https://www.transfermarkt.com/tottenham-hotspur/erfolge/verein/148,2026-04-28T07:46:11.825063+00:00,
premier_league,Premier League,tottenham_hotspur,Tottenham Hotspur,99/00,1999/00,1999,2000,UEFA Cup Participant,fa_cup,participant,False,season_label_expanded,high,transfermarkt_achievements_page,https://www.transfermarkt.com/tottenham-hotspur/erfolge/verein/148,2026-04-28T07:46:11.825063+00:00,
premier_league,Premier League,tottenham_hotspur,Tottenham Hotspur,01/02,2001/02,2001,2002,English League Cup runner-up,league_cup,other,False,season_label_expanded,high,transfermarkt_achievements_page,https://www.transfermarkt.com/tottenham-hotspur/erfolge/verein/148,2026-04-28T07:46:11.825063+00:00,
premier_league,Premier League,tottenham_hotspur,Tottenham Hotspur,06/07,2006/07,2006,2007,UEFA Cup Participant,fa_cup,participant,False,season_label_expanded,high,transfermarkt_achievements_page,https://www.transfermarkt.com/tottenham-hotspur/erfolge/verein/148,2026-04-28T07:46:11.825063+00:00,
premier_league,Premier League,tottenham_hotspur,Tottenham Hotspur,07/08,2007/08,2007,2008,English League Cup winner,league_cup,winner,True,season_label_expanded,high,transfermarkt_achievements_page,https://www.transfermarkt.com/tottenham-hotspur/erfolge/verein/148,2026-04-28T07:46:11.825063+00:00,
premier_league,Premier League,tottenham_hotspur,Tottenham Hotspur,07/08,2007/08,2007,2008,UEFA Cup Participant,fa_cup,participant,False,season_label_expanded,high,transfermarkt_achievements_page,https://www.transfermarkt.com/tottenham-hotspur/erfolge/verein/148,2026-04-28T07:46:11.825063+00:00,
premier_league,Premier League,tottenham_hotspur,Tottenham Hotspur,08/09,2008/09,2008,2009,UEFA Cup Participant,fa_cup,participant,False,season_label_expanded,high,transfermarkt_achievements_page,https://www.transfermarkt.com/tottenham-hotspur/erfolge/verein/148,2026-04-28T07:46:11.825063+00:00,
premier_league,Premier League,tottenham_hotspur,Tottenham Hotspur,10/11,2010/11,2010,2011,Champions League Participant,uefa_champions_league,participant,False,season_label_expanded,high,transfermarkt_achievements_page,https://www.transfermarkt.com/tottenham-hotspur/erfolge/verein/148,2026-04-28T07:46:11.825063+00:00,
premier_league,Premier League,tottenham_hotspur,Tottenham Hotspur,11/12,2011/12,2011,2012,Europa League Participant,uefa_europa_league,participant,False,season_label_expanded,high,transfermarkt_achievements_page,https://www.transfermarkt.com/tottenham-hotspur/erfolge/verein/148,2026-04-28T07:46:11.825063+00:00,
premier_league,Premier League,tottenham_hotspur,Tottenham Hotspur,12/13,2012/13,2012,2013,Europa League Participant,uefa_europa_league,participant,False,season_label_expanded,high,transfermarkt_achievements_page,https://www.transfermarkt.com/tottenham-hotspur/erfolge/verein/148,2026-04-28T07:46:11.825063+00:00,
premier_league,Premier League,tottenham_hotspur,Tottenham Hotspur,13/14,2013/14,2013,2014,Europa League Participant,uefa_europa_league,participant,False,season_label_expanded,high,transfermarkt_achievements_page,https://www.transfermarkt.com/tottenham-hotspur/erfolge/verein/148,2026-04-28T07:46:11.825063+00:00,
premier_league,Premier League,tottenham_hotspur,Tottenham Hotspur,14/15,2014/15,2014,2015,English League Cup runner-up,league_cup,other,False,season_label_expanded,high,transfermarkt_achievements_page,https://www.transfermarkt.com/tottenham-hotspur/erfolge/verein/148,2026-04-28T07:46:11.825063+00:00,
premier_league,Premier League,tottenham_hotspur,Tottenham Hotspur,14/15,2014/15,2014,2015,Europa League Participant,uefa_europa_league,participant,False,season_label_expanded,high,transfermarkt_achievements_page,https://www.transfermarkt.com/tottenham-hotspur/erfolge/verein/148,2026-04-28T07:46:11.825063+00:00,
premier_league,Premier League,tottenham_hotspur,Tottenham Hotspur,15/16,2015/16,2015,2016,Europa League Participant,uefa_europa_league,participant,False,season_label_expanded,high,transfermarkt_achievements_page,https://www.transfermarkt.com/tottenham-hotspur/erfolge/verein/148,2026-04-28T07:46:11.825063+00:00,
premier_league,Premier League,tottenham_hotspur,Tottenham Hotspur,16/17,2016/17,2016,2017,Champions League Participant,uefa_champions_league,participant,False,season_label_expanded,high,transfermarkt_achievements_page,https://www.transfermarkt.com/tottenham-hotspur/erfolge/verein/148,2026-04-28T07:46:11.825063+00:00,
premier_league,Premier League,tottenham_hotspur,Tottenham Hotspur,16/17,2016/17,2016,2017,Europa League Participant,uefa_europa_league,participant,False,season_label_expanded,high,transfermarkt_achievements_page,https://www.transfermarkt.com/tottenham-hotspur/erfolge/verein/148,2026-04-28T07:46:11.825063+00:00,
premier_league,Premier League,tottenham_hotspur,Tottenham Hotspur,17/18,2017/18,2017,2018,Champions League Participant,uefa_champions_league,participant,False,season_label_expanded,high,transfermarkt_achievements_page,https://www.transfermarkt.com/tottenham-hotspur/erfolge/verein/148,2026-04-28T07:46:11.825063+00:00,
premier_league,Premier League,tottenham_hotspur,Tottenham Hotspur,18/19,2018/19,2018,2019,Champions League Participant,uefa_champions_league,participant,False,season_label_expanded,high,transfermarkt_achievements_page,https://www.transfermarkt.com/tottenham-hotspur/erfolge/verein/148,2026-04-28T07:46:11.825063+00:00,
premier_league,Premier League,tottenham_hotspur,Tottenham Hotspur,18/19,2018/19,2018,2019,Champions League runner-up,uefa_champions_league,winner,True,season_label_expanded,high,transfermarkt_achievements_page,https://www.transfermarkt.com/tottenham-hotspur/erfolge/verein/148,2026-04-28T07:46:11.825063+00:00,
premier_league,Premier League,tottenham_hotspur,Tottenham Hotspur,19/20,2019/20,2019,2020,Champions League Participant,uefa_champions_league,participant,False,season_label_expanded,high,transfermarkt_achievements_page,https://www.transfermarkt.com/tottenham-hotspur/erfolge/verein/148,2026-04-28T07:46:11.825063+00:00,
premier_league,Premier League,tottenham_hotspur,Tottenham Hotspur,20/21,2020/21,2020,2021,Europa League Participant,uefa_europa_league,participant,False,season_label_expanded,high,transfermarkt_achievements_page,https://www.transfermarkt.com/tottenham-hotspur/erfolge/verein/148,2026-04-28T07:46:11.825063+00:00,
premier_league,Premier League,tottenham_hotspur,Tottenham Hotspur,21/22,2021/22,2021,2022,Conference League participant,uefa_conference_league,participant,False,season_label_expanded,high,transfermarkt_achievements_page,https://www.transfermarkt.com/tottenham-hotspur/erfolge/verein/148,2026-04-28T07:46:11.825063+00:00,
premier_league,Premier League,tottenham_hotspur,Tottenham Hotspur,22/23,2022/23,2022,2023,Champions League Participant,uefa_champions_league,participant,False,season_label_expanded,high,transfermarkt_achievements_page,https://www.transfermarkt.com/tottenham-hotspur/erfolge/verein/148,2026-04-28T07:46:11.825063+00:00,
premier_league,Premier League,tottenham_hotspur,Tottenham Hotspur,24/25,2024/25,2024,2025,Europa League Participant,uefa_europa_league,participant,False,season_label_expanded,high,transfermarkt_achievements_page,https://www.transfermarkt.com/tottenham-hotspur/erfolge/verein/148,2026-04-28T07:46:11.825063+00:00,
premier_league,Premier League,tottenham_hotspur,Tottenham Hotspur,24/25,2024/25,2024,2025,Europa League Winner,uefa_europa_league,winner,True,season_label_expanded,high,transfermarkt_achievements_page,https://www.transfermarkt.com/tottenham-hotspur/erfolge/verein/148,2026-04-28T07:46:11.825063+00:00,
premier_league,Premier League,tottenham_hotspur,Tottenham Hotspur,25/26,2025/26,2025,2026,UEFA Super Cup runner-up,other,other,False,season_label_expanded,high,transfermarkt_achievements_page,https://www.transfermarkt.com/tottenham-hotspur/erfolge/verein/148,2026-04-28T07:46:11.825063+00:00,
