league_key,league_name,club_id,club_name,role_key,role_name,season,season_start_year,season_end_year,transfermarkt_manager_id,manager_id,manager_name,manager_date_of_birth,nationalities,spell_start_date,spell_end_date,time_in_post_text,time_in_post_days,matches,wins,draws,losses,ppg,overlap_start_date,overlap_end_date,days_in_charge_in_season,days_in_season,share_of_season,source_name,source_endpoint,collected_at_utc,confidence_level,notes
premier_league,Premier League,arsenal,Arsenal,manager,Manager,1990/91,1990,1991,2636,george_graham_30-11-1944,George Graham,30/11/1944,Scotland,1986-05-14,1995-02-21,08 years 09 months 07 days,3206,460.0,226,131,103,1.76,1990-07-01,1991-06-30,365,365,1.0,transfermarkt_manager_history_page,https://www.transfermarkt.com/arsenal/mitarbeiterhistorie/verein/11/personalie_id/1/plus/1,2026-04-27T18:42:52.621832+00:00,high,
premier_league,Premier League,arsenal,Arsenal,manager,Manager,1991/92,1991,1992,2636,george_graham_30-11-1944,George Graham,30/11/1944,Scotland,1986-05-14,1995-02-21,08 years 09 months 07 days,3206,460.0,226,131,103,1.76,1991-07-01,1992-06-30,366,366,1.0,transfermarkt_manager_history_page,https://www.transfermarkt.com/arsenal/mitarbeiterhistorie/verein/11/personalie_id/1/plus/1,2026-04-27T18:42:52.621832+00:00,high,
premier_league,Premier League,arsenal,Arsenal,manager,Manager,1992/93,1992,1993,2636,george_graham_30-11-1944,George Graham,30/11/1944,Scotland,1986-05-14,1995-02-21,08 years 09 months 07 days,3206,460.0,226,131,103,1.76,1992-07-01,1993-06-30,365,365,1.0,transfermarkt_manager_history_page,https://www.transfermarkt.com/arsenal/mitarbeiterhistorie/verein/11/personalie_id/1/plus/1,2026-04-27T18:42:52.621832+00:00,high,
premier_league,Premier League,arsenal,Arsenal,manager,Manager,1993/94,1993,1994,2636,george_graham_30-11-1944,George Graham,30/11/1944,Scotland,1986-05-14,1995-02-21,08 years 09 months 07 days,3206,460.0,226,131,103,1.76,1993-07-01,1994-06-30,365,365,1.0,transfermarkt_manager_history_page,https://www.transfermarkt.com/arsenal/mitarbeiterhistorie/verein/11/personalie_id/1/plus/1,2026-04-27T18:42:52.621832+00:00,high,
premier_league,Premier League,arsenal,Arsenal,manager,Manager,1994/95,1994,1995,2636,george_graham_30-11-1944,George Graham,30/11/1944,Scotland,1986-05-14,1995-02-21,08 years 09 months 07 days,3206,460.0,226,131,103,1.76,1994-07-01,1995-02-21,236,365,0.6465753424657534,transfermarkt_manager_history_page,https://www.transfermarkt.com/arsenal/mitarbeiterhistorie/verein/11/personalie_id/1/plus/1,2026-04-27T18:42:52.621832+00:00,high,
premier_league,Premier League,arsenal,Arsenal,manager,Manager,1995/96,1995,1996,2635,bruce_rioch_06-09-1947,Bruce Rioch,06/09/1947,Scotland | England,1995-07-01,1996-06-30,11 months 30 days,366,47.0,22,15,10,1.72,1995-07-01,1996-06-30,366,366,1.0,transfermarkt_manager_history_page,https://www.transfermarkt.com/arsenal/mitarbeiterhistorie/verein/11/personalie_id/1/plus/1,2026-04-27T18:42:52.621832+00:00,high,
premier_league,Premier League,arsenal,Arsenal,manager,Manager,1996/97,1996,1997,280,ars_ne_wenger_22-10-1949,Arsène Wenger,22/10/1949,France,1996-10-01,2018-06-30,21 years 08 months 30 days,7943,1231.0,713,267,251,1.95,1996-10-01,1997-06-30,273,365,0.7479452054794521,transfermarkt_manager_history_page,https://www.transfermarkt.com/arsenal/mitarbeiterhistorie/verein/11/personalie_id/1/plus/1,2026-04-27T18:42:52.621832+00:00,high,
premier_league,Premier League,arsenal,Arsenal,manager,Manager,1997/98,1997,1998,280,ars_ne_wenger_22-10-1949,Arsène Wenger,22/10/1949,France,1996-10-01,2018-06-30,21 years 08 months 30 days,7943,1231.0,713,267,251,1.95,1997-07-01,1998-06-30,365,365,1.0,transfermarkt_manager_history_page,https://www.transfermarkt.com/arsenal/mitarbeiterhistorie/verein/11/personalie_id/1/plus/1,2026-04-27T18:42:52.621832+00:00,high,
premier_league,Premier League,arsenal,Arsenal,manager,Manager,1998/99,1998,1999,280,ars_ne_wenger_22-10-1949,Arsène Wenger,22/10/1949,France,1996-10-01,2018-06-30,21 years 08 months 30 days,7943,1231.0,713,267,251,1.95,1998-07-01,1999-06-30,365,365,1.0,transfermarkt_manager_history_page,https://www.transfermarkt.com/arsenal/mitarbeiterhistorie/verein/11/personalie_id/1/plus/1,2026-04-27T18:42:52.621832+00:00,high,
premier_league,Premier League,arsenal,Arsenal,manager,Manager,1999/00,1999,2000,280,ars_ne_wenger_22-10-1949,Arsène Wenger,22/10/1949,France,1996-10-01,2018-06-30,21 years 08 months 30 days,7943,1231.0,713,267,251,1.95,1999-07-01,2000-06-30,366,366,1.0,transfermarkt_manager_history_page,https://www.transfermarkt.com/arsenal/mitarbeiterhistorie/verein/11/personalie_id/1/plus/1,2026-04-27T18:42:52.621832+00:00,high,
premier_league,Premier League,arsenal,Arsenal,manager,Manager,2000/01,2000,2001,280,ars_ne_wenger_22-10-1949,Arsène Wenger,22/10/1949,France,1996-10-01,2018-06-30,21 years 08 months 30 days,7943,1231.0,713,267,251,1.95,2000-07-01,2001-06-30,365,365,1.0,transfermarkt_manager_history_page,https://www.transfermarkt.com/arsenal/mitarbeiterhistorie/verein/11/personalie_id/1/plus/1,2026-04-27T18:42:52.621832+00:00,high,
premier_league,Premier League,arsenal,Arsenal,manager,Manager,2001/02,2001,2002,280,ars_ne_wenger_22-10-1949,Arsène Wenger,22/10/1949,France,1996-10-01,2018-06-30,21 years 08 months 30 days,7943,1231.0,713,267,251,1.95,2001-07-01,2002-06-30,365,365,1.0,transfermarkt_manager_history_page,https://www.transfermarkt.com/arsenal/mitarbeiterhistorie/verein/11/personalie_id/1/plus/1,2026-04-27T18:42:52.621832+00:00,high,
premier_league,Premier League,arsenal,Arsenal,manager,Manager,2002/03,2002,2003,280,ars_ne_wenger_22-10-1949,Arsène Wenger,22/10/1949,France,1996-10-01,2018-06-30,21 years 08 months 30 days,7943,1231.0,713,267,251,1.95,2002-07-01,2003-06-30,365,365,1.0,transfermarkt_manager_history_page,https://www.transfermarkt.com/arsenal/mitarbeiterhistorie/verein/11/personalie_id/1/plus/1,2026-04-27T18:42:52.621832+00:00,high,
premier_league,Premier League,arsenal,Arsenal,manager,Manager,2003/04,2003,2004,280,ars_ne_wenger_22-10-1949,Arsène Wenger,22/10/1949,France,1996-10-01,2018-06-30,21 years 08 months 30 days,7943,1231.0,713,267,251,1.95,2003-07-01,2004-06-30,366,366,1.0,transfermarkt_manager_history_page,https://www.transfermarkt.com/arsenal/mitarbeiterhistorie/verein/11/personalie_id/1/plus/1,2026-04-27T18:42:52.621832+00:00,high,
premier_league,Premier League,arsenal,Arsenal,manager,Manager,2004/05,2004,2005,280,ars_ne_wenger_22-10-1949,Arsène Wenger,22/10/1949,France,1996-10-01,2018-06-30,21 years 08 months 30 days,7943,1231.0,713,267,251,1.95,2004-07-01,2005-06-30,365,365,1.0,transfermarkt_manager_history_page,https://www.transfermarkt.com/arsenal/mitarbeiterhistorie/verein/11/personalie_id/1/plus/1,2026-04-27T18:42:52.621832+00:00,high,
premier_league,Premier League,arsenal,Arsenal,manager,Manager,2005/06,2005,2006,280,ars_ne_wenger_22-10-1949,Arsène Wenger,22/10/1949,France,1996-10-01,2018-06-30,21 years 08 months 30 days,7943,1231.0,713,267,251,1.95,2005-07-01,2006-06-30,365,365,1.0,transfermarkt_manager_history_page,https://www.transfermarkt.com/arsenal/mitarbeiterhistorie/verein/11/personalie_id/1/plus/1,2026-04-27T18:42:52.621832+00:00,high,
premier_league,Premier League,arsenal,Arsenal,manager,Manager,2006/07,2006,2007,280,ars_ne_wenger_22-10-1949,Arsène Wenger,22/10/1949,France,1996-10-01,2018-06-30,21 years 08 months 30 days,7943,1231.0,713,267,251,1.95,2006-07-01,2007-06-30,365,365,1.0,transfermarkt_manager_history_page,https://www.transfermarkt.com/arsenal/mitarbeiterhistorie/verein/11/personalie_id/1/plus/1,2026-04-27T18:42:52.621832+00:00,high,
premier_league,Premier League,arsenal,Arsenal,manager,Manager,2007/08,2007,2008,280,ars_ne_wenger_22-10-1949,Arsène Wenger,22/10/1949,France,1996-10-01,2018-06-30,21 years 08 months 30 days,7943,1231.0,713,267,251,1.95,2007-07-01,2008-06-30,366,366,1.0,transfermarkt_manager_history_page,https://www.transfermarkt.com/arsenal/mitarbeiterhistorie/verein/11/personalie_id/1/plus/1,2026-04-27T18:42:52.621832+00:00,high,
premier_league,Premier League,arsenal,Arsenal,manager,Manager,2008/09,2008,2009,280,ars_ne_wenger_22-10-1949,Arsène Wenger,22/10/1949,France,1996-10-01,2018-06-30,21 years 08 months 30 days,7943,1231.0,713,267,251,1.95,2008-07-01,2009-06-30,365,365,1.0,transfermarkt_manager_history_page,https://www.transfermarkt.com/arsenal/mitarbeiterhistorie/verein/11/personalie_id/1/plus/1,2026-04-27T18:42:52.621832+00:00,high,
premier_league,Premier League,arsenal,Arsenal,manager,Manager,2009/10,2009,2010,280,ars_ne_wenger_22-10-1949,Arsène Wenger,22/10/1949,France,1996-10-01,2018-06-30,21 years 08 months 30 days,7943,1231.0,713,267,251,1.95,2009-07-01,2010-06-30,365,365,1.0,transfermarkt_manager_history_page,https://www.transfermarkt.com/arsenal/mitarbeiterhistorie/verein/11/personalie_id/1/plus/1,2026-04-27T18:42:52.621832+00:00,high,
premier_league,Premier League,arsenal,Arsenal,manager,Manager,2010/11,2010,2011,280,ars_ne_wenger_22-10-1949,Arsène Wenger,22/10/1949,France,1996-10-01,2018-06-30,21 years 08 months 30 days,7943,1231.0,713,267,251,1.95,2010-07-01,2011-06-30,365,365,1.0,transfermarkt_manager_history_page,https://www.transfermarkt.com/arsenal/mitarbeiterhistorie/verein/11/personalie_id/1/plus/1,2026-04-27T18:42:52.621832+00:00,high,
premier_league,Premier League,arsenal,Arsenal,manager,Manager,2011/12,2011,2012,280,ars_ne_wenger_22-10-1949,Arsène Wenger,22/10/1949,France,1996-10-01,2018-06-30,21 years 08 months 30 days,7943,1231.0,713,267,251,1.95,2011-07-01,2012-06-30,366,366,1.0,transfermarkt_manager_history_page,https://www.transfermarkt.com/arsenal/mitarbeiterhistorie/verein/11/personalie_id/1/plus/1,2026-04-27T18:42:52.621832+00:00,high,
premier_league,Premier League,arsenal,Arsenal,manager,Manager,2012/13,2012,2013,280,ars_ne_wenger_22-10-1949,Arsène Wenger,22/10/1949,France,1996-10-01,2018-06-30,21 years 08 months 30 days,7943,1231.0,713,267,251,1.95,2012-07-01,2013-06-30,365,365,1.0,transfermarkt_manager_history_page,https://www.transfermarkt.com/arsenal/mitarbeiterhistorie/verein/11/personalie_id/1/plus/1,2026-04-27T18:42:52.621832+00:00,high,
premier_league,Premier League,arsenal,Arsenal,manager,Manager,2013/14,2013,2014,280,ars_ne_wenger_22-10-1949,Arsène Wenger,22/10/1949,France,1996-10-01,2018-06-30,21 years 08 months 30 days,7943,1231.0,713,267,251,1.95,2013-07-01,2014-06-30,365,365,1.0,transfermarkt_manager_history_page,https://www.transfermarkt.com/arsenal/mitarbeiterhistorie/verein/11/personalie_id/1/plus/1,2026-04-27T18:42:52.621832+00:00,high,
premier_league,Premier League,arsenal,Arsenal,manager,Manager,2014/15,2014,2015,280,ars_ne_wenger_22-10-1949,Arsène Wenger,22/10/1949,France,1996-10-01,2018-06-30,21 years 08 months 30 days,7943,1231.0,713,267,251,1.95,2014-07-01,2015-06-30,365,365,1.0,transfermarkt_manager_history_page,https://www.transfermarkt.com/arsenal/mitarbeiterhistorie/verein/11/personalie_id/1/plus/1,2026-04-27T18:42:52.621832+00:00,high,
premier_league,Premier League,arsenal,Arsenal,manager,Manager,2015/16,2015,2016,280,ars_ne_wenger_22-10-1949,Arsène Wenger,22/10/1949,France,1996-10-01,2018-06-30,21 years 08 months 30 days,7943,1231.0,713,267,251,1.95,2015-07-01,2016-06-30,366,366,1.0,transfermarkt_manager_history_page,https://www.transfermarkt.com/arsenal/mitarbeiterhistorie/verein/11/personalie_id/1/plus/1,2026-04-27T18:42:52.621832+00:00,high,
premier_league,Premier League,arsenal,Arsenal,manager,Manager,2016/17,2016,2017,280,ars_ne_wenger_22-10-1949,Arsène Wenger,22/10/1949,France,1996-10-01,2018-06-30,21 years 08 months 30 days,7943,1231.0,713,267,251,1.95,2016-07-01,2017-06-30,365,365,1.0,transfermarkt_manager_history_page,https://www.transfermarkt.com/arsenal/mitarbeiterhistorie/verein/11/personalie_id/1/plus/1,2026-04-27T18:42:52.621832+00:00,high,
premier_league,Premier League,arsenal,Arsenal,manager,Manager,2017/18,2017,2018,280,ars_ne_wenger_22-10-1949,Arsène Wenger,22/10/1949,France,1996-10-01,2018-06-30,21 years 08 months 30 days,7943,1231.0,713,267,251,1.95,2017-07-01,2018-06-30,365,365,1.0,transfermarkt_manager_history_page,https://www.transfermarkt.com/arsenal/mitarbeiterhistorie/verein/11/personalie_id/1/plus/1,2026-04-27T18:42:52.621832+00:00,high,
premier_league,Premier League,arsenal,Arsenal,manager,Manager,2018/19,2018,2019,5075,unai_emery_03-11-1971,Unai Emery,03/11/1971,Spain,2018-07-01,2019-11-29,01 year 04 months 29 days,517,78.0,43,15,20,1.85,2018-07-01,2019-06-30,365,365,1.0,transfermarkt_manager_history_page,https://www.transfermarkt.com/arsenal/mitarbeiterhistorie/verein/11/personalie_id/1/plus/1,2026-04-27T18:42:52.621832+00:00,high,
premier_league,Premier League,arsenal,Arsenal,manager,Manager,2019/20,2019,2020,5075,unai_emery_03-11-1971,Unai Emery,03/11/1971,Spain,2018-07-01,2019-11-29,01 year 04 months 29 days,517,78.0,43,15,20,1.85,2019-07-01,2019-11-29,152,366,0.41530054644808745,transfermarkt_manager_history_page,https://www.transfermarkt.com/arsenal/mitarbeiterhistorie/verein/11/personalie_id/1/plus/1,2026-04-27T18:42:52.621832+00:00,high,
premier_league,Premier League,arsenal,Arsenal,manager,Manager,2019/20,2019,2020,47620,mikel_arteta_26-03-1982,Mikel Arteta,26/03/1982,Spain,2019-12-22,,06 years 04 months 05 days,2319,345.0,212,59,74,2.01,2019-12-22,2020-06-30,192,366,0.5245901639344263,transfermarkt_manager_history_page,https://www.transfermarkt.com/arsenal/mitarbeiterhistorie/verein/11/personalie_id/1/plus/1,2026-04-27T18:42:52.621832+00:00,high,Manager spell appears ongoing on the collection date. Ongoing manager spell; overlap calculated through the collection date or season end.
premier_league,Premier League,arsenal,Arsenal,manager,Manager,2020/21,2020,2021,47620,mikel_arteta_26-03-1982,Mikel Arteta,26/03/1982,Spain,2019-12-22,,06 years 04 months 05 days,2319,345.0,212,59,74,2.01,2020-07-01,2021-06-30,365,365,1.0,transfermarkt_manager_history_page,https://www.transfermarkt.com/arsenal/mitarbeiterhistorie/verein/11/personalie_id/1/plus/1,2026-04-27T18:42:52.621832+00:00,high,Manager spell appears ongoing on the collection date. Ongoing manager spell; overlap calculated through the collection date or season end.
premier_league,Premier League,arsenal,Arsenal,manager,Manager,2021/22,2021,2022,47620,mikel_arteta_26-03-1982,Mikel Arteta,26/03/1982,Spain,2019-12-22,,06 years 04 months 05 days,2319,345.0,212,59,74,2.01,2021-07-01,2022-06-30,365,365,1.0,transfermarkt_manager_history_page,https://www.transfermarkt.com/arsenal/mitarbeiterhistorie/verein/11/personalie_id/1/plus/1,2026-04-27T18:42:52.621832+00:00,high,Manager spell appears ongoing on the collection date. Ongoing manager spell; overlap calculated through the collection date or season end.
premier_league,Premier League,arsenal,Arsenal,manager,Manager,2022/23,2022,2023,47620,mikel_arteta_26-03-1982,Mikel Arteta,26/03/1982,Spain,2019-12-22,,06 years 04 months 05 days,2319,345.0,212,59,74,2.01,2022-07-01,2023-06-30,365,365,1.0,transfermarkt_manager_history_page,https://www.transfermarkt.com/arsenal/mitarbeiterhistorie/verein/11/personalie_id/1/plus/1,2026-04-27T18:42:52.621832+00:00,high,Manager spell appears ongoing on the collection date. Ongoing manager spell; overlap calculated through the collection date or season end.
premier_league,Premier League,arsenal,Arsenal,manager,Manager,2023/24,2023,2024,47620,mikel_arteta_26-03-1982,Mikel Arteta,26/03/1982,Spain,2019-12-22,,06 years 04 months 05 days,2319,345.0,212,59,74,2.01,2023-07-01,2024-06-30,366,366,1.0,transfermarkt_manager_history_page,https://www.transfermarkt.com/arsenal/mitarbeiterhistorie/verein/11/personalie_id/1/plus/1,2026-04-27T18:42:52.621832+00:00,high,Manager spell appears ongoing on the collection date. Ongoing manager spell; overlap calculated through the collection date or season end.
premier_league,Premier League,arsenal,Arsenal,manager,Manager,2024/25,2024,2025,47620,mikel_arteta_26-03-1982,Mikel Arteta,26/03/1982,Spain,2019-12-22,,06 years 04 months 05 days,2319,345.0,212,59,74,2.01,2024-07-01,2025-06-30,365,365,1.0,transfermarkt_manager_history_page,https://www.transfermarkt.com/arsenal/mitarbeiterhistorie/verein/11/personalie_id/1/plus/1,2026-04-27T18:42:52.621832+00:00,high,Manager spell appears ongoing on the collection date. Ongoing manager spell; overlap calculated through the collection date or season end.
premier_league,Premier League,arsenal,Arsenal,manager,Manager,2025/26,2025,2026,47620,mikel_arteta_26-03-1982,Mikel Arteta,26/03/1982,Spain,2019-12-22,,06 years 04 months 05 days,2319,345.0,212,59,74,2.01,2025-07-01,2026-04-27,301,365,0.8246575342465754,transfermarkt_manager_history_page,https://www.transfermarkt.com/arsenal/mitarbeiterhistorie/verein/11/personalie_id/1/plus/1,2026-04-27T18:42:52.621832+00:00,high,Manager spell appears ongoing on the collection date. Ongoing manager spell; overlap calculated through the collection date or season end.
premier_league,Premier League,chelsea,Chelsea,manager,Manager,1990/91,1990,1991,23631,bobby_campbell_23-04-1937,Bobby Campbell,23/04/1937,England,1988-03-06,1991-05-12,03 years 02 months 06 days,1163,150.0,65,46,39,1.61,1990-07-01,1991-05-12,316,365,0.8657534246575342,transfermarkt_manager_history_page,https://www.transfermarkt.com/chelsea/mitarbeiterhistorie/verein/631/personalie_id/1/plus/1,2026-04-27T18:42:58.504177+00:00,high,
premier_league,Premier League,chelsea,Chelsea,manager,Manager,1991/92,1991,1992,3694,ian_porterfield_11-02-1946,Ian Porterfield,11/02/1946,Scotland,1991-07-01,1993-02-15,01 year 07 months 15 days,596,85.0,29,27,29,1.34,1991-07-01,1992-06-30,366,366,1.0,transfermarkt_manager_history_page,https://www.transfermarkt.com/chelsea/mitarbeiterhistorie/verein/631/personalie_id/1/plus/1,2026-04-27T18:42:58.504177+00:00,high,
premier_league,Premier League,chelsea,Chelsea,manager,Manager,1992/93,1992,1993,3694,ian_porterfield_11-02-1946,Ian Porterfield,11/02/1946,Scotland,1991-07-01,1993-02-15,01 year 07 months 15 days,596,85.0,29,27,29,1.34,1992-07-01,1993-02-15,230,365,0.6301369863013698,transfermarkt_manager_history_page,https://www.transfermarkt.com/chelsea/mitarbeiterhistorie/verein/631/personalie_id/1/plus/1,2026-04-27T18:42:58.504177+00:00,high,
premier_league,Premier League,chelsea,Chelsea,manager,Manager,1992/93,1992,1993,6119,david_webb_09-04-1946,David Webb,09/04/1946,England,1993-02-16,1993-06-30,04 months 14 days,135,13.0,5,4,4,1.46,1993-02-16,1993-06-30,135,365,0.3698630136986301,transfermarkt_manager_history_page,https://www.transfermarkt.com/chelsea/mitarbeiterhistorie/verein/631/personalie_id/1/plus/1,2026-04-27T18:42:58.504177+00:00,high,
premier_league,Premier League,chelsea,Chelsea,manager,Manager,1993/94,1993,1994,459,glenn_hoddle_27-10-1957,Glenn Hoddle,27/10/1957,England,1993-07-01,1996-06-30,02 years 11 months 30 days,1096,157.0,54,52,51,1.36,1993-07-01,1994-06-30,365,365,1.0,transfermarkt_manager_history_page,https://www.transfermarkt.com/chelsea/mitarbeiterhistorie/verein/631/personalie_id/1/plus/1,2026-04-27T18:42:58.504177+00:00,high,
premier_league,Premier League,chelsea,Chelsea,manager,Manager,1994/95,1994,1995,459,glenn_hoddle_27-10-1957,Glenn Hoddle,27/10/1957,England,1993-07-01,1996-06-30,02 years 11 months 30 days,1096,157.0,54,52,51,1.36,1994-07-01,1995-06-30,365,365,1.0,transfermarkt_manager_history_page,https://www.transfermarkt.com/chelsea/mitarbeiterhistorie/verein/631/personalie_id/1/plus/1,2026-04-27T18:42:58.504177+00:00,high,
premier_league,Premier League,chelsea,Chelsea,manager,Manager,1995/96,1995,1996,459,glenn_hoddle_27-10-1957,Glenn Hoddle,27/10/1957,England,1993-07-01,1996-06-30,02 years 11 months 30 days,1096,157.0,54,52,51,1.36,1995-07-01,1996-06-30,366,366,1.0,transfermarkt_manager_history_page,https://www.transfermarkt.com/chelsea/mitarbeiterhistorie/verein/631/personalie_id/1/plus/1,2026-04-27T18:42:58.504177+00:00,high,
premier_league,Premier League,chelsea,Chelsea,manager,Manager,1997/98,1997,1998,2640,gianluca_vialli_09-07-1964,Gianluca Vialli,09/07/1964,Italy,1998-02-13,2000-09-12,02 years 06 months 30 days,943,135.0,72,38,25,1.88,1998-02-13,1998-06-30,138,365,0.3780821917808219,transfermarkt_manager_history_page,https://www.transfermarkt.com/chelsea/mitarbeiterhistorie/verein/631/personalie_id/1/plus/1,2026-04-27T18:42:58.504177+00:00,high,
premier_league,Premier League,chelsea,Chelsea,manager,Manager,1998/99,1998,1999,2640,gianluca_vialli_09-07-1964,Gianluca Vialli,09/07/1964,Italy,1998-02-13,2000-09-12,02 years 06 months 30 days,943,135.0,72,38,25,1.88,1998-07-01,1999-06-30,365,365,1.0,transfermarkt_manager_history_page,https://www.transfermarkt.com/chelsea/mitarbeiterhistorie/verein/631/personalie_id/1/plus/1,2026-04-27T18:42:58.504177+00:00,high,
premier_league,Premier League,chelsea,Chelsea,manager,Manager,1999/00,1999,2000,2640,gianluca_vialli_09-07-1964,Gianluca Vialli,09/07/1964,Italy,1998-02-13,2000-09-12,02 years 06 months 30 days,943,135.0,72,38,25,1.88,1999-07-01,2000-06-30,366,366,1.0,transfermarkt_manager_history_page,https://www.transfermarkt.com/chelsea/mitarbeiterhistorie/verein/631/personalie_id/1/plus/1,2026-04-27T18:42:58.504177+00:00,high,
premier_league,Premier League,chelsea,Chelsea,manager,Manager,2000/01,2000,2001,2640,gianluca_vialli_09-07-1964,Gianluca Vialli,09/07/1964,Italy,1998-02-13,2000-09-12,02 years 06 months 30 days,943,135.0,72,38,25,1.88,2000-07-01,2000-09-12,74,365,0.20273972602739726,transfermarkt_manager_history_page,https://www.transfermarkt.com/chelsea/mitarbeiterhistorie/verein/631/personalie_id/1/plus/1,2026-04-27T18:42:58.504177+00:00,high,
premier_league,Premier League,chelsea,Chelsea,manager,Manager,2000/01,2000,2001,456,claudio_ranieri_20-10-1951,Claudio Ranieri,20/10/1951,Italy,2000-09-18,2004-06-30,03 years 09 months 12 days,1382,199.0,107,46,46,1.84,2000-09-18,2001-06-30,286,365,0.7835616438356164,transfermarkt_manager_history_page,https://www.transfermarkt.com/chelsea/mitarbeiterhistorie/verein/631/personalie_id/1/plus/1,2026-04-27T18:42:58.504177+00:00,high,
premier_league,Premier League,chelsea,Chelsea,manager,Manager,2001/02,2001,2002,456,claudio_ranieri_20-10-1951,Claudio Ranieri,20/10/1951,Italy,2000-09-18,2004-06-30,03 years 09 months 12 days,1382,199.0,107,46,46,1.84,2001-07-01,2002-06-30,365,365,1.0,transfermarkt_manager_history_page,https://www.transfermarkt.com/chelsea/mitarbeiterhistorie/verein/631/personalie_id/1/plus/1,2026-04-27T18:42:58.504177+00:00,high,
premier_league,Premier League,chelsea,Chelsea,manager,Manager,2002/03,2002,2003,456,claudio_ranieri_20-10-1951,Claudio Ranieri,20/10/1951,Italy,2000-09-18,2004-06-30,03 years 09 months 12 days,1382,199.0,107,46,46,1.84,2002-07-01,2003-06-30,365,365,1.0,transfermarkt_manager_history_page,https://www.transfermarkt.com/chelsea/mitarbeiterhistorie/verein/631/personalie_id/1/plus/1,2026-04-27T18:42:58.504177+00:00,high,
premier_league,Premier League,chelsea,Chelsea,manager,Manager,2003/04,2003,2004,456,claudio_ranieri_20-10-1951,Claudio Ranieri,20/10/1951,Italy,2000-09-18,2004-06-30,03 years 09 months 12 days,1382,199.0,107,46,46,1.84,2003-07-01,2004-06-30,366,366,1.0,transfermarkt_manager_history_page,https://www.transfermarkt.com/chelsea/mitarbeiterhistorie/verein/631/personalie_id/1/plus/1,2026-04-27T18:42:58.504177+00:00,high,
premier_league,Premier League,chelsea,Chelsea,manager,Manager,2004/05,2004,2005,781,jos_mourinho_26-01-1963,José Mourinho,26/01/1963,Portugal,2004-07-01,2007-09-20,03 years 02 months 20 days,1177,185.0,124,38,23,2.22,2004-07-01,2005-06-30,365,365,1.0,transfermarkt_manager_history_page,https://www.transfermarkt.com/chelsea/mitarbeiterhistorie/verein/631/personalie_id/1/plus/1,2026-04-27T18:42:58.504177+00:00,high,
premier_league,Premier League,chelsea,Chelsea,manager,Manager,2005/06,2005,2006,781,jos_mourinho_26-01-1963,José Mourinho,26/01/1963,Portugal,2004-07-01,2007-09-20,03 years 02 months 20 days,1177,185.0,124,38,23,2.22,2005-07-01,2006-06-30,365,365,1.0,transfermarkt_manager_history_page,https://www.transfermarkt.com/chelsea/mitarbeiterhistorie/verein/631/personalie_id/1/plus/1,2026-04-27T18:42:58.504177+00:00,high,
premier_league,Premier League,chelsea,Chelsea,manager,Manager,2006/07,2006,2007,781,jos_mourinho_26-01-1963,José Mourinho,26/01/1963,Portugal,2004-07-01,2007-09-20,03 years 02 months 20 days,1177,185.0,124,38,23,2.22,2006-07-01,2007-06-30,365,365,1.0,transfermarkt_manager_history_page,https://www.transfermarkt.com/chelsea/mitarbeiterhistorie/verein/631/personalie_id/1/plus/1,2026-04-27T18:42:58.504177+00:00,high,
premier_league,Premier League,chelsea,Chelsea,manager,Manager,2007/08,2007,2008,781,jos_mourinho_26-01-1963,José Mourinho,26/01/1963,Portugal,2004-07-01,2007-09-20,03 years 02 months 20 days,1177,185.0,124,38,23,2.22,2007-07-01,2007-09-20,82,366,0.22404371584699453,transfermarkt_manager_history_page,https://www.transfermarkt.com/chelsea/mitarbeiterhistorie/verein/631/personalie_id/1/plus/1,2026-04-27T18:42:58.504177+00:00,high,
premier_league,Premier League,chelsea,Chelsea,manager,Manager,2007/08,2007,2008,5232,avram_grant_06-02-1955,Avram Grant,06/02/1955,Israel | Poland,2007-09-20,2008-05-24,08 months 04 days,248,54.0,36,12,6,2.22,2007-09-20,2008-05-24,248,366,0.6775956284153005,transfermarkt_manager_history_page,https://www.transfermarkt.com/chelsea/mitarbeiterhistorie/verein/631/personalie_id/1/plus/1,2026-04-27T18:42:58.504177+00:00,high,
premier_league,Premier League,chelsea,Chelsea,manager,Manager,2008/09,2008,2009,1068,luiz_felipe_scolari_09-11-1948,Luiz Felipe Scolari,09/11/1948,Brazil | Italy,2008-07-01,2009-02-09,07 months 09 days,224,36.0,20,10,6,1.94,2008-07-01,2009-02-09,224,365,0.6136986301369863,transfermarkt_manager_history_page,https://www.transfermarkt.com/chelsea/mitarbeiterhistorie/verein/631/personalie_id/1/plus/1,2026-04-27T18:42:58.504177+00:00,high,
premier_league,Premier League,chelsea,Chelsea,manager,Manager,2008/09,2008,2009,506,guus_hiddink_08-11-1946,Guus Hiddink,08/11/1946,Netherlands,2009-02-11,2009-06-30,04 months 19 days,140,22.0,16,5,1,2.41,2009-02-11,2009-06-30,140,365,0.3835616438356164,transfermarkt_manager_history_page,https://www.transfermarkt.com/chelsea/mitarbeiterhistorie/verein/631/personalie_id/1/plus/1,2026-04-27T18:42:58.504177+00:00,high,
premier_league,Premier League,chelsea,Chelsea,manager,Manager,2009/10,2009,2010,523,carlo_ancelotti_10-06-1959,Carlo Ancelotti,10/06/1959,Italy,2009-07-01,2011-06-30,01 year 11 months 30 days,730,109.0,68,17,24,2.03,2009-07-01,2010-06-30,365,365,1.0,transfermarkt_manager_history_page,https://www.transfermarkt.com/chelsea/mitarbeiterhistorie/verein/631/personalie_id/1/plus/1,2026-04-27T18:42:58.504177+00:00,high,
premier_league,Premier League,chelsea,Chelsea,manager,Manager,2010/11,2010,2011,523,carlo_ancelotti_10-06-1959,Carlo Ancelotti,10/06/1959,Italy,2009-07-01,2011-06-30,01 year 11 months 30 days,730,109.0,68,17,24,2.03,2010-07-01,2011-06-30,365,365,1.0,transfermarkt_manager_history_page,https://www.transfermarkt.com/chelsea/mitarbeiterhistorie/verein/631/personalie_id/1/plus/1,2026-04-27T18:42:58.504177+00:00,high,
premier_league,Premier League,chelsea,Chelsea,manager,Manager,2011/12,2011,2012,1696,andr_villas_boas_17-10-1977,André Villas-Boas,17/10/1977,Portugal,2011-07-01,2012-03-04,08 months 02 days,248,40.0,20,10,10,1.75,2011-07-01,2012-03-04,248,366,0.6775956284153005,transfermarkt_manager_history_page,https://www.transfermarkt.com/chelsea/mitarbeiterhistorie/verein/631/personalie_id/1/plus/1,2026-04-27T18:42:58.504177+00:00,high,
premier_league,Premier League,chelsea,Chelsea,manager,Manager,2012/13,2012,2013,6783,roberto_di_matteo_29-05-1970,Roberto Di Matteo,29/05/1970,Italy | Switzerland,2012-07-01,2012-11-21,04 months 21 days,144,21.0,11,4,6,1.76,2012-07-01,2012-11-21,144,365,0.39452054794520547,transfermarkt_manager_history_page,https://www.transfermarkt.com/chelsea/mitarbeiterhistorie/verein/631/personalie_id/1/plus/1,2026-04-27T18:42:58.504177+00:00,high,
premier_league,Premier League,chelsea,Chelsea,manager,Manager,2012/13,2012,2013,1522,rafael_ben_tez_16-04-1960,Rafael Benítez,16/04/1960,Spain,2012-11-22,2013-06-30,07 months 08 days,221,48.0,28,10,10,1.96,2012-11-22,2013-06-30,221,365,0.6054794520547945,transfermarkt_manager_history_page,https://www.transfermarkt.com/chelsea/mitarbeiterhistorie/verein/631/personalie_id/1/plus/1,2026-04-27T18:42:58.504177+00:00,high,
premier_league,Premier League,chelsea,Chelsea,manager,Manager,2013/14,2013,2014,781,jos_mourinho_26-01-1963,José Mourinho,26/01/1963,Portugal,2013-07-01,2015-12-17,02 years 05 months 16 days,900,136.0,80,27,29,1.96,2013-07-01,2014-06-30,365,365,1.0,transfermarkt_manager_history_page,https://www.transfermarkt.com/chelsea/mitarbeiterhistorie/verein/631/personalie_id/1/plus/1,2026-04-27T18:42:58.504177+00:00,high,
premier_league,Premier League,chelsea,Chelsea,manager,Manager,2014/15,2014,2015,781,jos_mourinho_26-01-1963,José Mourinho,26/01/1963,Portugal,2013-07-01,2015-12-17,02 years 05 months 16 days,900,136.0,80,27,29,1.96,2014-07-01,2015-06-30,365,365,1.0,transfermarkt_manager_history_page,https://www.transfermarkt.com/chelsea/mitarbeiterhistorie/verein/631/personalie_id/1/plus/1,2026-04-27T18:42:58.504177+00:00,high,
premier_league,Premier League,chelsea,Chelsea,manager,Manager,2015/16,2015,2016,781,jos_mourinho_26-01-1963,José Mourinho,26/01/1963,Portugal,2013-07-01,2015-12-17,02 years 05 months 16 days,900,136.0,80,27,29,1.96,2015-07-01,2015-12-17,170,366,0.4644808743169399,transfermarkt_manager_history_page,https://www.transfermarkt.com/chelsea/mitarbeiterhistorie/verein/631/personalie_id/1/plus/1,2026-04-27T18:42:58.504177+00:00,high,
premier_league,Premier League,chelsea,Chelsea,manager,Manager,2016/17,2016,2017,3517,antonio_conte_31-07-1969,Antonio Conte,31/07/1969,Italy,2016-07-01,2018-07-13,02 years 12 days,743,106.0,70,15,21,2.12,2016-07-01,2017-06-30,365,365,1.0,transfermarkt_manager_history_page,https://www.transfermarkt.com/chelsea/mitarbeiterhistorie/verein/631/personalie_id/1/plus/1,2026-04-27T18:42:58.504177+00:00,high,
premier_league,Premier League,chelsea,Chelsea,manager,Manager,2017/18,2017,2018,3517,antonio_conte_31-07-1969,Antonio Conte,31/07/1969,Italy,2016-07-01,2018-07-13,02 years 12 days,743,106.0,70,15,21,2.12,2017-07-01,2018-06-30,365,365,1.0,transfermarkt_manager_history_page,https://www.transfermarkt.com/chelsea/mitarbeiterhistorie/verein/631/personalie_id/1/plus/1,2026-04-27T18:42:58.504177+00:00,high,
premier_league,Premier League,chelsea,Chelsea,manager,Manager,2018/19,2018,2019,3517,antonio_conte_31-07-1969,Antonio Conte,31/07/1969,Italy,2016-07-01,2018-07-13,02 years 12 days,743,106.0,70,15,21,2.12,2018-07-01,2018-07-13,13,365,0.03561643835616438,transfermarkt_manager_history_page,https://www.transfermarkt.com/chelsea/mitarbeiterhistorie/verein/631/personalie_id/1/plus/1,2026-04-27T18:42:58.504177+00:00,high,
premier_league,Premier League,chelsea,Chelsea,manager,Manager,2018/19,2018,2019,10073,maurizio_sarri_10-01-1959,Maurizio Sarri,10/01/1959,Italy,2018-07-14,2019-06-30,11 months 16 days,352,63.0,40,11,12,2.08,2018-07-14,2019-06-30,352,365,0.9643835616438357,transfermarkt_manager_history_page,https://www.transfermarkt.com/chelsea/mitarbeiterhistorie/verein/631/personalie_id/1/plus/1,2026-04-27T18:42:58.504177+00:00,high,
premier_league,Premier League,chelsea,Chelsea,manager,Manager,2019/20,2019,2020,60805,frank_lampard_20-06-1978,Frank Lampard,20/06/1978,England,2019-07-04,2021-01-25,01 year 06 months 21 days,572,84.0,44,15,25,1.75,2019-07-04,2020-06-30,363,366,0.9918032786885246,transfermarkt_manager_history_page,https://www.transfermarkt.com/chelsea/mitarbeiterhistorie/verein/631/personalie_id/1/plus/1,2026-04-27T18:42:58.504177+00:00,high,
premier_league,Premier League,chelsea,Chelsea,manager,Manager,2020/21,2020,2021,60805,frank_lampard_20-06-1978,Frank Lampard,20/06/1978,England,2019-07-04,2021-01-25,01 year 06 months 21 days,572,84.0,44,15,25,1.75,2020-07-01,2021-01-25,209,365,0.5726027397260274,transfermarkt_manager_history_page,https://www.transfermarkt.com/chelsea/mitarbeiterhistorie/verein/631/personalie_id/1/plus/1,2026-04-27T18:42:58.504177+00:00,high,
premier_league,Premier League,chelsea,Chelsea,manager,Manager,2020/21,2020,2021,7471,thomas_tuchel_29-08-1973,Thomas Tuchel,29/08/1973,Germany,2021-01-26,2022-09-07,01 year 07 months 12 days,590,100.0,63,19,18,2.08,2021-01-26,2021-06-30,156,365,0.4273972602739726,transfermarkt_manager_history_page,https://www.transfermarkt.com/chelsea/mitarbeiterhistorie/verein/631/personalie_id/1/plus/1,2026-04-27T18:42:58.504177+00:00,high,
premier_league,Premier League,chelsea,Chelsea,manager,Manager,2021/22,2021,2022,7471,thomas_tuchel_29-08-1973,Thomas Tuchel,29/08/1973,Germany,2021-01-26,2022-09-07,01 year 07 months 12 days,590,100.0,63,19,18,2.08,2021-07-01,2022-06-30,365,365,1.0,transfermarkt_manager_history_page,https://www.transfermarkt.com/chelsea/mitarbeiterhistorie/verein/631/personalie_id/1/plus/1,2026-04-27T18:42:58.504177+00:00,high,
premier_league,Premier League,chelsea,Chelsea,manager,Manager,2022/23,2022,2023,7471,thomas_tuchel_29-08-1973,Thomas Tuchel,29/08/1973,Germany,2021-01-26,2022-09-07,01 year 07 months 12 days,590,100.0,63,19,18,2.08,2022-07-01,2022-09-07,69,365,0.18904109589041096,transfermarkt_manager_history_page,https://www.transfermarkt.com/chelsea/mitarbeiterhistorie/verein/631/personalie_id/1/plus/1,2026-04-27T18:42:58.504177+00:00,high,
premier_league,Premier League,chelsea,Chelsea,manager,Manager,2022/23,2022,2023,23954,graham_potter_20-05-1975,Graham Potter,20/05/1975,England,2022-09-08,2023-04-02,06 months 25 days,207,31.0,12,8,11,1.42,2022-09-08,2023-04-02,207,365,0.5671232876712329,transfermarkt_manager_history_page,https://www.transfermarkt.com/chelsea/mitarbeiterhistorie/verein/631/personalie_id/1/plus/1,2026-04-27T18:42:58.504177+00:00,high,
premier_league,Premier League,chelsea,Chelsea,manager,Manager,2023/24,2023,2024,9044,mauricio_pochettino_02-03-1972,Mauricio Pochettino,02/03/1972,Argentina | Spain,2023-07-01,2024-06-30,11 months 30 days,366,51.0,27,10,14,1.78,2023-07-01,2024-06-30,366,366,1.0,transfermarkt_manager_history_page,https://www.transfermarkt.com/chelsea/mitarbeiterhistorie/verein/631/personalie_id/1/plus/1,2026-04-27T18:42:58.504177+00:00,high,
premier_league,Premier League,chelsea,Chelsea,manager,Manager,2024/25,2024,2025,53749,enzo_maresca_10-02-1980,Enzo Maresca,10/02/1980,Italy,2024-07-01,2026-01-01,01 year 06 months 01 day,550,92.0,55,16,21,1.97,2024-07-01,2025-06-30,365,365,1.0,transfermarkt_manager_history_page,https://www.transfermarkt.com/chelsea/mitarbeiterhistorie/verein/631/personalie_id/1/plus/1,2026-04-27T18:42:58.504177+00:00,high,
premier_league,Premier League,chelsea,Chelsea,manager,Manager,2025/26,2025,2026,53749,enzo_maresca_10-02-1980,Enzo Maresca,10/02/1980,Italy,2024-07-01,2026-01-01,01 year 06 months 01 day,550,92.0,55,16,21,1.97,2025-07-01,2026-01-01,185,365,0.5068493150684932,transfermarkt_manager_history_page,https://www.transfermarkt.com/chelsea/mitarbeiterhistorie/verein/631/personalie_id/1/plus/1,2026-04-27T18:42:58.504177+00:00,high,
premier_league,Premier League,chelsea,Chelsea,manager,Manager,2025/26,2025,2026,62134,liam_rosenior_09-07-1984,Liam Rosenior,09/07/1984,England | Sierra Leone,2026-01-08,2026-04-22,03 months 14 days,105,23.0,11,2,10,1.52,2026-01-08,2026-04-22,105,365,0.2876712328767123,transfermarkt_manager_history_page,https://www.transfermarkt.com/chelsea/mitarbeiterhistorie/verein/631/personalie_id/1/plus/1,2026-04-27T18:42:58.504177+00:00,high,
premier_league,Premier League,liverpool,Liverpool,manager,Manager,1990/91,1990,1991,449,graeme_souness_06-05-1953,Graeme Souness,06/05/1953,Scotland,1991-04-16,1994-01-28,02 years 09 months 12 days,1019,156.0,65,45,46,1.54,1991-04-16,1991-06-30,76,365,0.20821917808219179,transfermarkt_manager_history_page,https://www.transfermarkt.com/liverpool/mitarbeiterhistorie/verein/31/personalie_id/1/plus/1,2026-04-27T18:43:00.386012+00:00,high,
premier_league,Premier League,liverpool,Liverpool,manager,Manager,1991/92,1991,1992,449,graeme_souness_06-05-1953,Graeme Souness,06/05/1953,Scotland,1991-04-16,1994-01-28,02 years 09 months 12 days,1019,156.0,65,45,46,1.54,1991-07-01,1992-06-30,366,366,1.0,transfermarkt_manager_history_page,https://www.transfermarkt.com/liverpool/mitarbeiterhistorie/verein/31/personalie_id/1/plus/1,2026-04-27T18:43:00.386012+00:00,high,
premier_league,Premier League,liverpool,Liverpool,manager,Manager,1992/93,1992,1993,449,graeme_souness_06-05-1953,Graeme Souness,06/05/1953,Scotland,1991-04-16,1994-01-28,02 years 09 months 12 days,1019,156.0,65,45,46,1.54,1992-07-01,1993-06-30,365,365,1.0,transfermarkt_manager_history_page,https://www.transfermarkt.com/liverpool/mitarbeiterhistorie/verein/31/personalie_id/1/plus/1,2026-04-27T18:43:00.386012+00:00,high,
premier_league,Premier League,liverpool,Liverpool,manager,Manager,1993/94,1993,1994,449,graeme_souness_06-05-1953,Graeme Souness,06/05/1953,Scotland,1991-04-16,1994-01-28,02 years 09 months 12 days,1019,156.0,65,45,46,1.54,1993-07-01,1994-01-28,212,365,0.5808219178082191,transfermarkt_manager_history_page,https://www.transfermarkt.com/liverpool/mitarbeiterhistorie/verein/31/personalie_id/1/plus/1,2026-04-27T18:43:00.386012+00:00,high,
premier_league,Premier League,liverpool,Liverpool,manager,Manager,1993/94,1993,1994,17624,roy_evans_04-10-1948,Roy Evans,04/10/1948,England,1994-01-28,1998-11-11,04 years 09 months 14 days,1749,243.0,124,62,57,1.79,1994-01-28,1994-06-30,154,365,0.42191780821917807,transfermarkt_manager_history_page,https://www.transfermarkt.com/liverpool/mitarbeiterhistorie/verein/31/personalie_id/1/plus/1,2026-04-27T18:43:00.386012+00:00,high,
premier_league,Premier League,liverpool,Liverpool,manager,Manager,1994/95,1994,1995,17624,roy_evans_04-10-1948,Roy Evans,04/10/1948,England,1994-01-28,1998-11-11,04 years 09 months 14 days,1749,243.0,124,62,57,1.79,1994-07-01,1995-06-30,365,365,1.0,transfermarkt_manager_history_page,https://www.transfermarkt.com/liverpool/mitarbeiterhistorie/verein/31/personalie_id/1/plus/1,2026-04-27T18:43:00.386012+00:00,high,
premier_league,Premier League,liverpool,Liverpool,manager,Manager,1995/96,1995,1996,17624,roy_evans_04-10-1948,Roy Evans,04/10/1948,England,1994-01-28,1998-11-11,04 years 09 months 14 days,1749,243.0,124,62,57,1.79,1995-07-01,1996-06-30,366,366,1.0,transfermarkt_manager_history_page,https://www.transfermarkt.com/liverpool/mitarbeiterhistorie/verein/31/personalie_id/1/plus/1,2026-04-27T18:43:00.386012+00:00,high,
premier_league,Premier League,liverpool,Liverpool,manager,Manager,1996/97,1996,1997,17624,roy_evans_04-10-1948,Roy Evans,04/10/1948,England,1994-01-28,1998-11-11,04 years 09 months 14 days,1749,243.0,124,62,57,1.79,1996-07-01,1997-06-30,365,365,1.0,transfermarkt_manager_history_page,https://www.transfermarkt.com/liverpool/mitarbeiterhistorie/verein/31/personalie_id/1/plus/1,2026-04-27T18:43:00.386012+00:00,high,
premier_league,Premier League,liverpool,Liverpool,manager,Manager,1997/98,1997,1998,17624,roy_evans_04-10-1948,Roy Evans,04/10/1948,England,1994-01-28,1998-11-11,04 years 09 months 14 days,1749,243.0,124,62,57,1.79,1997-07-01,1998-06-30,365,365,1.0,transfermarkt_manager_history_page,https://www.transfermarkt.com/liverpool/mitarbeiterhistorie/verein/31/personalie_id/1/plus/1,2026-04-27T18:43:00.386012+00:00,high,
premier_league,Premier League,liverpool,Liverpool,manager,Manager,1998/99,1998,1999,17624,roy_evans_04-10-1948,Roy Evans,04/10/1948,England,1994-01-28,1998-11-11,04 years 09 months 14 days,1749,243.0,124,62,57,1.79,1998-07-01,1998-11-11,134,365,0.36712328767123287,transfermarkt_manager_history_page,https://www.transfermarkt.com/liverpool/mitarbeiterhistorie/verein/31/personalie_id/1/plus/1,2026-04-27T18:43:00.386012+00:00,high,
premier_league,Premier League,liverpool,Liverpool,manager,Manager,1998/99,1998,1999,460,g_rard_houllier_03-09-1947,Gérard Houllier,03/09/1947,France,1998-11-12,2004-06-30,05 years 07 months 18 days,2058,307.0,160,73,74,1.8,1998-11-12,1999-06-30,231,365,0.6328767123287671,transfermarkt_manager_history_page,https://www.transfermarkt.com/liverpool/mitarbeiterhistorie/verein/31/personalie_id/1/plus/1,2026-04-27T18:43:00.386012+00:00,high,
premier_league,Premier League,liverpool,Liverpool,manager,Manager,1999/00,1999,2000,460,g_rard_houllier_03-09-1947,Gérard Houllier,03/09/1947,France,1998-11-12,2004-06-30,05 years 07 months 18 days,2058,307.0,160,73,74,1.8,1999-07-01,2000-06-30,366,366,1.0,transfermarkt_manager_history_page,https://www.transfermarkt.com/liverpool/mitarbeiterhistorie/verein/31/personalie_id/1/plus/1,2026-04-27T18:43:00.386012+00:00,high,
premier_league,Premier League,liverpool,Liverpool,manager,Manager,2000/01,2000,2001,460,g_rard_houllier_03-09-1947,Gérard Houllier,03/09/1947,France,1998-11-12,2004-06-30,05 years 07 months 18 days,2058,307.0,160,73,74,1.8,2000-07-01,2001-06-30,365,365,1.0,transfermarkt_manager_history_page,https://www.transfermarkt.com/liverpool/mitarbeiterhistorie/verein/31/personalie_id/1/plus/1,2026-04-27T18:43:00.386012+00:00,high,
premier_league,Premier League,liverpool,Liverpool,manager,Manager,2001/02,2001,2002,460,g_rard_houllier_03-09-1947,Gérard Houllier,03/09/1947,France,1998-11-12,2004-06-30,05 years 07 months 18 days,2058,307.0,160,73,74,1.8,2001-07-01,2002-06-30,365,365,1.0,transfermarkt_manager_history_page,https://www.transfermarkt.com/liverpool/mitarbeiterhistorie/verein/31/personalie_id/1/plus/1,2026-04-27T18:43:00.386012+00:00,high,
premier_league,Premier League,liverpool,Liverpool,manager,Manager,2002/03,2002,2003,460,g_rard_houllier_03-09-1947,Gérard Houllier,03/09/1947,France,1998-11-12,2004-06-30,05 years 07 months 18 days,2058,307.0,160,73,74,1.8,2002-07-01,2003-06-30,365,365,1.0,transfermarkt_manager_history_page,https://www.transfermarkt.com/liverpool/mitarbeiterhistorie/verein/31/personalie_id/1/plus/1,2026-04-27T18:43:00.386012+00:00,high,
premier_league,Premier League,liverpool,Liverpool,manager,Manager,2003/04,2003,2004,460,g_rard_houllier_03-09-1947,Gérard Houllier,03/09/1947,France,1998-11-12,2004-06-30,05 years 07 months 18 days,2058,307.0,160,73,74,1.8,2003-07-01,2004-06-30,366,366,1.0,transfermarkt_manager_history_page,https://www.transfermarkt.com/liverpool/mitarbeiterhistorie/verein/31/personalie_id/1/plus/1,2026-04-27T18:43:00.386012+00:00,high,
premier_league,Premier League,liverpool,Liverpool,manager,Manager,2004/05,2004,2005,1522,rafael_ben_tez_16-04-1960,Rafael Benítez,16/04/1960,Spain,2004-07-01,2010-06-30,05 years 11 months 30 days,2191,350.0,197,74,79,1.9,2004-07-01,2005-06-30,365,365,1.0,transfermarkt_manager_history_page,https://www.transfermarkt.com/liverpool/mitarbeiterhistorie/verein/31/personalie_id/1/plus/1,2026-04-27T18:43:00.386012+00:00,high,
premier_league,Premier League,liverpool,Liverpool,manager,Manager,2005/06,2005,2006,1522,rafael_ben_tez_16-04-1960,Rafael Benítez,16/04/1960,Spain,2004-07-01,2010-06-30,05 years 11 months 30 days,2191,350.0,197,74,79,1.9,2005-07-01,2006-06-30,365,365,1.0,transfermarkt_manager_history_page,https://www.transfermarkt.com/liverpool/mitarbeiterhistorie/verein/31/personalie_id/1/plus/1,2026-04-27T18:43:00.386012+00:00,high,
premier_league,Premier League,liverpool,Liverpool,manager,Manager,2006/07,2006,2007,1522,rafael_ben_tez_16-04-1960,Rafael Benítez,16/04/1960,Spain,2004-07-01,2010-06-30,05 years 11 months 30 days,2191,350.0,197,74,79,1.9,2006-07-01,2007-06-30,365,365,1.0,transfermarkt_manager_history_page,https://www.transfermarkt.com/liverpool/mitarbeiterhistorie/verein/31/personalie_id/1/plus/1,2026-04-27T18:43:00.386012+00:00,high,
premier_league,Premier League,liverpool,Liverpool,manager,Manager,2007/08,2007,2008,1522,rafael_ben_tez_16-04-1960,Rafael Benítez,16/04/1960,Spain,2004-07-01,2010-06-30,05 years 11 months 30 days,2191,350.0,197,74,79,1.9,2007-07-01,2008-06-30,366,366,1.0,transfermarkt_manager_history_page,https://www.transfermarkt.com/liverpool/mitarbeiterhistorie/verein/31/personalie_id/1/plus/1,2026-04-27T18:43:00.386012+00:00,high,
premier_league,Premier League,liverpool,Liverpool,manager,Manager,2008/09,2008,2009,1522,rafael_ben_tez_16-04-1960,Rafael Benítez,16/04/1960,Spain,2004-07-01,2010-06-30,05 years 11 months 30 days,2191,350.0,197,74,79,1.9,2008-07-01,2009-06-30,365,365,1.0,transfermarkt_manager_history_page,https://www.transfermarkt.com/liverpool/mitarbeiterhistorie/verein/31/personalie_id/1/plus/1,2026-04-27T18:43:00.386012+00:00,high,
premier_league,Premier League,liverpool,Liverpool,manager,Manager,2009/10,2009,2010,1522,rafael_ben_tez_16-04-1960,Rafael Benítez,16/04/1960,Spain,2004-07-01,2010-06-30,05 years 11 months 30 days,2191,350.0,197,74,79,1.9,2009-07-01,2010-06-30,365,365,1.0,transfermarkt_manager_history_page,https://www.transfermarkt.com/liverpool/mitarbeiterhistorie/verein/31/personalie_id/1/plus/1,2026-04-27T18:43:00.386012+00:00,high,
premier_league,Premier League,liverpool,Liverpool,manager,Manager,2010/11,2010,2011,1775,roy_hodgson_09-08-1947,Roy Hodgson,09/08/1947,England,2010-07-01,2011-01-07,06 months 07 days,191,31.0,13,8,10,1.52,2010-07-01,2011-01-07,191,365,0.5232876712328767,transfermarkt_manager_history_page,https://www.transfermarkt.com/liverpool/mitarbeiterhistorie/verein/31/personalie_id/1/plus/1,2026-04-27T18:43:00.386012+00:00,high,
premier_league,Premier League,liverpool,Liverpool,manager,Manager,2010/11,2010,2011,12320,kenny_dalglish_04-03-1951,Kenny Dalglish,04/03/1951,Scotland,2011-01-08,2012-05-16,01 year 04 months 08 days,495,74.0,36,16,22,1.68,2011-01-08,2011-06-30,174,365,0.4767123287671233,transfermarkt_manager_history_page,https://www.transfermarkt.com/liverpool/mitarbeiterhistorie/verein/31/personalie_id/1/plus/1,2026-04-27T18:43:00.386012+00:00,high,
premier_league,Premier League,liverpool,Liverpool,manager,Manager,2011/12,2011,2012,12320,kenny_dalglish_04-03-1951,Kenny Dalglish,04/03/1951,Scotland,2011-01-08,2012-05-16,01 year 04 months 08 days,495,74.0,36,16,22,1.68,2011-07-01,2012-05-16,321,366,0.8770491803278688,transfermarkt_manager_history_page,https://www.transfermarkt.com/liverpool/mitarbeiterhistorie/verein/31/personalie_id/1/plus/1,2026-04-27T18:43:00.386012+00:00,high,
premier_league,Premier League,liverpool,Liverpool,manager,Manager,2012/13,2012,2013,1366,brendan_rodgers_26-01-1973,Brendan Rodgers,26/01/1973,Northern Ireland,2012-07-01,2015-10-04,03 years 03 months 03 days,1191,166.0,85,39,42,1.77,2012-07-01,2013-06-30,365,365,1.0,transfermarkt_manager_history_page,https://www.transfermarkt.com/liverpool/mitarbeiterhistorie/verein/31/personalie_id/1/plus/1,2026-04-27T18:43:00.386012+00:00,high,
premier_league,Premier League,liverpool,Liverpool,manager,Manager,2013/14,2013,2014,1366,brendan_rodgers_26-01-1973,Brendan Rodgers,26/01/1973,Northern Ireland,2012-07-01,2015-10-04,03 years 03 months 03 days,1191,166.0,85,39,42,1.77,2013-07-01,2014-06-30,365,365,1.0,transfermarkt_manager_history_page,https://www.transfermarkt.com/liverpool/mitarbeiterhistorie/verein/31/personalie_id/1/plus/1,2026-04-27T18:43:00.386012+00:00,high,
premier_league,Premier League,liverpool,Liverpool,manager,Manager,2014/15,2014,2015,1366,brendan_rodgers_26-01-1973,Brendan Rodgers,26/01/1973,Northern Ireland,2012-07-01,2015-10-04,03 years 03 months 03 days,1191,166.0,85,39,42,1.77,2014-07-01,2015-06-30,365,365,1.0,transfermarkt_manager_history_page,https://www.transfermarkt.com/liverpool/mitarbeiterhistorie/verein/31/personalie_id/1/plus/1,2026-04-27T18:43:00.386012+00:00,high,
premier_league,Premier League,liverpool,Liverpool,manager,Manager,2015/16,2015,2016,1366,brendan_rodgers_26-01-1973,Brendan Rodgers,26/01/1973,Northern Ireland,2012-07-01,2015-10-04,03 years 03 months 03 days,1191,166.0,85,39,42,1.77,2015-07-01,2015-10-04,96,366,0.26229508196721313,transfermarkt_manager_history_page,https://www.transfermarkt.com/liverpool/mitarbeiterhistorie/verein/31/personalie_id/1/plus/1,2026-04-27T18:43:00.386012+00:00,high,
premier_league,Premier League,liverpool,Liverpool,manager,Manager,2015/16,2015,2016,118,j_rgen_klopp_16-06-1967,Jürgen Klopp,16/06/1967,Germany,2015-10-08,2024-06-30,08 years 08 months 22 days,3189,489.0,304,100,85,2.07,2015-10-08,2016-06-30,267,366,0.7295081967213115,transfermarkt_manager_history_page,https://www.transfermarkt.com/liverpool/mitarbeiterhistorie/verein/31/personalie_id/1/plus/1,2026-04-27T18:43:00.386012+00:00,high,
premier_league,Premier League,liverpool,Liverpool,manager,Manager,2016/17,2016,2017,118,j_rgen_klopp_16-06-1967,Jürgen Klopp,16/06/1967,Germany,2015-10-08,2024-06-30,08 years 08 months 22 days,3189,489.0,304,100,85,2.07,2016-07-01,2017-06-30,365,365,1.0,transfermarkt_manager_history_page,https://www.transfermarkt.com/liverpool/mitarbeiterhistorie/verein/31/personalie_id/1/plus/1,2026-04-27T18:43:00.386012+00:00,high,
premier_league,Premier League,liverpool,Liverpool,manager,Manager,2017/18,2017,2018,118,j_rgen_klopp_16-06-1967,Jürgen Klopp,16/06/1967,Germany,2015-10-08,2024-06-30,08 years 08 months 22 days,3189,489.0,304,100,85,2.07,2017-07-01,2018-06-30,365,365,1.0,transfermarkt_manager_history_page,https://www.transfermarkt.com/liverpool/mitarbeiterhistorie/verein/31/personalie_id/1/plus/1,2026-04-27T18:43:00.386012+00:00,high,
premier_league,Premier League,liverpool,Liverpool,manager,Manager,2018/19,2018,2019,118,j_rgen_klopp_16-06-1967,Jürgen Klopp,16/06/1967,Germany,2015-10-08,2024-06-30,08 years 08 months 22 days,3189,489.0,304,100,85,2.07,2018-07-01,2019-06-30,365,365,1.0,transfermarkt_manager_history_page,https://www.transfermarkt.com/liverpool/mitarbeiterhistorie/verein/31/personalie_id/1/plus/1,2026-04-27T18:43:00.386012+00:00,high,
premier_league,Premier League,liverpool,Liverpool,manager,Manager,2019/20,2019,2020,118,j_rgen_klopp_16-06-1967,Jürgen Klopp,16/06/1967,Germany,2015-10-08,2024-06-30,08 years 08 months 22 days,3189,489.0,304,100,85,2.07,2019-07-01,2020-06-30,366,366,1.0,transfermarkt_manager_history_page,https://www.transfermarkt.com/liverpool/mitarbeiterhistorie/verein/31/personalie_id/1/plus/1,2026-04-27T18:43:00.386012+00:00,high,
premier_league,Premier League,liverpool,Liverpool,manager,Manager,2020/21,2020,2021,118,j_rgen_klopp_16-06-1967,Jürgen Klopp,16/06/1967,Germany,2015-10-08,2024-06-30,08 years 08 months 22 days,3189,489.0,304,100,85,2.07,2020-07-01,2021-06-30,365,365,1.0,transfermarkt_manager_history_page,https://www.transfermarkt.com/liverpool/mitarbeiterhistorie/verein/31/personalie_id/1/plus/1,2026-04-27T18:43:00.386012+00:00,high,
premier_league,Premier League,liverpool,Liverpool,manager,Manager,2021/22,2021,2022,118,j_rgen_klopp_16-06-1967,Jürgen Klopp,16/06/1967,Germany,2015-10-08,2024-06-30,08 years 08 months 22 days,3189,489.0,304,100,85,2.07,2021-07-01,2022-06-30,365,365,1.0,transfermarkt_manager_history_page,https://www.transfermarkt.com/liverpool/mitarbeiterhistorie/verein/31/personalie_id/1/plus/1,2026-04-27T18:43:00.386012+00:00,high,
premier_league,Premier League,liverpool,Liverpool,manager,Manager,2022/23,2022,2023,118,j_rgen_klopp_16-06-1967,Jürgen Klopp,16/06/1967,Germany,2015-10-08,2024-06-30,08 years 08 months 22 days,3189,489.0,304,100,85,2.07,2022-07-01,2023-06-30,365,365,1.0,transfermarkt_manager_history_page,https://www.transfermarkt.com/liverpool/mitarbeiterhistorie/verein/31/personalie_id/1/plus/1,2026-04-27T18:43:00.386012+00:00,high,
premier_league,Premier League,liverpool,Liverpool,manager,Manager,2023/24,2023,2024,118,j_rgen_klopp_16-06-1967,Jürgen Klopp,16/06/1967,Germany,2015-10-08,2024-06-30,08 years 08 months 22 days,3189,489.0,304,100,85,2.07,2023-07-01,2024-06-30,366,366,1.0,transfermarkt_manager_history_page,https://www.transfermarkt.com/liverpool/mitarbeiterhistorie/verein/31/personalie_id/1/plus/1,2026-04-27T18:43:00.386012+00:00,high,
premier_league,Premier League,liverpool,Liverpool,manager,Manager,2024/25,2024,2025,34822,arne_slot_17-09-1978,Arne Slot,17/09/1978,Netherlands,2024-07-01,,01 year 09 months 27 days,666,109.0,66,16,27,1.96,2024-07-01,2025-06-30,365,365,1.0,transfermarkt_manager_history_page,https://www.transfermarkt.com/liverpool/mitarbeiterhistorie/verein/31/personalie_id/1/plus/1,2026-04-27T18:43:00.386012+00:00,high,Manager spell appears ongoing on the collection date. Ongoing manager spell; overlap calculated through the collection date or season end.
premier_league,Premier League,liverpool,Liverpool,manager,Manager,2025/26,2025,2026,34822,arne_slot_17-09-1978,Arne Slot,17/09/1978,Netherlands,2024-07-01,,01 year 09 months 27 days,666,109.0,66,16,27,1.96,2025-07-01,2026-04-27,301,365,0.8246575342465754,transfermarkt_manager_history_page,https://www.transfermarkt.com/liverpool/mitarbeiterhistorie/verein/31/personalie_id/1/plus/1,2026-04-27T18:43:00.386012+00:00,high,Manager spell appears ongoing on the collection date. Ongoing manager spell; overlap calculated through the collection date or season end.
premier_league,Premier League,manchester_city,Manchester City,manager,Manager,1990/91,1990,1991,6117,howard_kendall_22-05-1946,Howard Kendall,22/05/1946,England,1989-12-06,1990-11-05,10 months 30 days,335,39.0,13,18,8,1.46,1990-07-01,1990-11-05,128,365,0.3506849315068493,transfermarkt_manager_history_page,https://www.transfermarkt.com/manchester-city/mitarbeiterhistorie/verein/281/personalie_id/1/plus/1,2026-04-27T18:42:54.735190+00:00,high,
premier_league,Premier League,manchester_city,Manchester City,manager,Manager,1990/91,1990,1991,454,peter_reid_20-06-1956,Peter Reid,20/06/1956,England,1990-11-15,1993-08-26,02 years 09 months 11 days,1016,131.0,57,31,43,1.54,1990-11-15,1991-06-30,228,365,0.6246575342465753,transfermarkt_manager_history_page,https://www.transfermarkt.com/manchester-city/mitarbeiterhistorie/verein/281/personalie_id/1/plus/1,2026-04-27T18:42:54.735190+00:00,high,
premier_league,Premier League,manchester_city,Manchester City,manager,Manager,1991/92,1991,1992,454,peter_reid_20-06-1956,Peter Reid,20/06/1956,England,1990-11-15,1993-08-26,02 years 09 months 11 days,1016,131.0,57,31,43,1.54,1991-07-01,1992-06-30,366,366,1.0,transfermarkt_manager_history_page,https://www.transfermarkt.com/manchester-city/mitarbeiterhistorie/verein/281/personalie_id/1/plus/1,2026-04-27T18:42:54.735190+00:00,high,
premier_league,Premier League,manchester_city,Manchester City,manager,Manager,1992/93,1992,1993,454,peter_reid_20-06-1956,Peter Reid,20/06/1956,England,1990-11-15,1993-08-26,02 years 09 months 11 days,1016,131.0,57,31,43,1.54,1992-07-01,1993-06-30,365,365,1.0,transfermarkt_manager_history_page,https://www.transfermarkt.com/manchester-city/mitarbeiterhistorie/verein/281/personalie_id/1/plus/1,2026-04-27T18:42:54.735190+00:00,high,
premier_league,Premier League,manchester_city,Manchester City,manager,Manager,1993/94,1993,1994,454,peter_reid_20-06-1956,Peter Reid,20/06/1956,England,1990-11-15,1993-08-26,02 years 09 months 11 days,1016,131.0,57,31,43,1.54,1993-07-01,1993-08-26,57,365,0.15616438356164383,transfermarkt_manager_history_page,https://www.transfermarkt.com/manchester-city/mitarbeiterhistorie/verein/281/personalie_id/1/plus/1,2026-04-27T18:42:54.735190+00:00,high,
premier_league,Premier League,manchester_city,Manchester City,manager,Manager,1993/94,1993,1994,3129,brian_horton_04-02-1949,Brian Horton,04/02/1949,England,1993-08-28,1995-05-16,01 year 08 months 18 days,627,96.0,29,33,34,1.25,1993-08-28,1994-06-30,307,365,0.8410958904109589,transfermarkt_manager_history_page,https://www.transfermarkt.com/manchester-city/mitarbeiterhistorie/verein/281/personalie_id/1/plus/1,2026-04-27T18:42:54.735190+00:00,high,
premier_league,Premier League,manchester_city,Manchester City,manager,Manager,1994/95,1994,1995,3129,brian_horton_04-02-1949,Brian Horton,04/02/1949,England,1993-08-28,1995-05-16,01 year 08 months 18 days,627,96.0,29,33,34,1.25,1994-07-01,1995-05-16,320,365,0.8767123287671232,transfermarkt_manager_history_page,https://www.transfermarkt.com/manchester-city/mitarbeiterhistorie/verein/281/personalie_id/1/plus/1,2026-04-27T18:42:54.735190+00:00,high,
premier_league,Premier League,manchester_city,Manchester City,manager,Manager,1995/96,1995,1996,23003,alan_ball_12-05-1945,Alan Ball,12/05/1945,England,1995-07-02,1996-08-27,01 year 01 month 25 days,423,49.0,13,14,22,1.08,1995-07-02,1996-06-30,365,366,0.9972677595628415,transfermarkt_manager_history_page,https://www.transfermarkt.com/manchester-city/mitarbeiterhistorie/verein/281/personalie_id/1/plus/1,2026-04-27T18:42:54.735190+00:00,high,
premier_league,Premier League,manchester_city,Manchester City,manager,Manager,1996/97,1996,1997,23003,alan_ball_12-05-1945,Alan Ball,12/05/1945,England,1995-07-02,1996-08-27,01 year 01 month 25 days,423,49.0,13,14,22,1.08,1996-07-01,1996-08-27,58,365,0.1589041095890411,transfermarkt_manager_history_page,https://www.transfermarkt.com/manchester-city/mitarbeiterhistorie/verein/281/personalie_id/1/plus/1,2026-04-27T18:42:54.735190+00:00,high,
premier_league,Premier League,manchester_city,Manchester City,manager,Manager,1996/97,1996,1997,676,steve_coppell_09-07-1955,Steve Coppell,09/07/1955,England,1996-10-06,1996-11-08,01 month 02 days,34,6.0,2,1,3,1.17,1996-10-06,1996-11-08,34,365,0.09315068493150686,transfermarkt_manager_history_page,https://www.transfermarkt.com/manchester-city/mitarbeiterhistorie/verein/281/personalie_id/1/plus/1,2026-04-27T18:42:54.735190+00:00,high,
premier_league,Premier League,manchester_city,Manchester City,manager,Manager,1996/97,1996,1997,16598,frank_clark_09-09-1943,Frank Clark,09/09/1943,England,1996-12-29,1998-02-17,01 year 01 month 19 days,416,59.0,19,17,23,1.25,1996-12-29,1997-06-30,184,365,0.5041095890410959,transfermarkt_manager_history_page,https://www.transfermarkt.com/manchester-city/mitarbeiterhistorie/verein/281/personalie_id/1/plus/1,2026-04-27T18:42:54.735190+00:00,high,
premier_league,Premier League,manchester_city,Manchester City,manager,Manager,1997/98,1997,1998,16598,frank_clark_09-09-1943,Frank Clark,09/09/1943,England,1996-12-29,1998-02-17,01 year 01 month 19 days,416,59.0,19,17,23,1.25,1997-07-01,1998-02-17,232,365,0.6356164383561644,transfermarkt_manager_history_page,https://www.transfermarkt.com/manchester-city/mitarbeiterhistorie/verein/281/personalie_id/1/plus/1,2026-04-27T18:42:54.735190+00:00,high,
premier_league,Premier League,manchester_city,Manchester City,manager,Manager,1997/98,1997,1998,602,joe_royle_08-04-1949,Joe Royle,08/04/1949,England,1998-02-18,2001-05-21,03 years 03 months 03 days,1189,167.0,73,44,50,1.57,1998-02-18,1998-06-30,133,365,0.3643835616438356,transfermarkt_manager_history_page,https://www.transfermarkt.com/manchester-city/mitarbeiterhistorie/verein/281/personalie_id/1/plus/1,2026-04-27T18:42:54.735190+00:00,high,
premier_league,Premier League,manchester_city,Manchester City,manager,Manager,1998/99,1998,1999,602,joe_royle_08-04-1949,Joe Royle,08/04/1949,England,1998-02-18,2001-05-21,03 years 03 months 03 days,1189,167.0,73,44,50,1.57,1998-07-01,1999-06-30,365,365,1.0,transfermarkt_manager_history_page,https://www.transfermarkt.com/manchester-city/mitarbeiterhistorie/verein/281/personalie_id/1/plus/1,2026-04-27T18:42:54.735190+00:00,high,
premier_league,Premier League,manchester_city,Manchester City,manager,Manager,1999/00,1999,2000,602,joe_royle_08-04-1949,Joe Royle,08/04/1949,England,1998-02-18,2001-05-21,03 years 03 months 03 days,1189,167.0,73,44,50,1.57,1999-07-01,2000-06-30,366,366,1.0,transfermarkt_manager_history_page,https://www.transfermarkt.com/manchester-city/mitarbeiterhistorie/verein/281/personalie_id/1/plus/1,2026-04-27T18:42:54.735190+00:00,high,
premier_league,Premier League,manchester_city,Manchester City,manager,Manager,2000/01,2000,2001,602,joe_royle_08-04-1949,Joe Royle,08/04/1949,England,1998-02-18,2001-05-21,03 years 03 months 03 days,1189,167.0,73,44,50,1.57,2000-07-01,2001-05-21,325,365,0.8904109589041096,transfermarkt_manager_history_page,https://www.transfermarkt.com/manchester-city/mitarbeiterhistorie/verein/281/personalie_id/1/plus/1,2026-04-27T18:42:54.735190+00:00,high,
premier_league,Premier League,manchester_city,Manchester City,manager,Manager,2000/01,2000,2001,453,kevin_keegan_14-02-1951,Kevin Keegan,14/02/1951,England,2001-05-24,2005-03-10,03 years 09 months 14 days,1387,176.0,77,39,60,1.53,2001-05-24,2001-06-30,38,365,0.10410958904109589,transfermarkt_manager_history_page,https://www.transfermarkt.com/manchester-city/mitarbeiterhistorie/verein/281/personalie_id/1/plus/1,2026-04-27T18:42:54.735190+00:00,high,
premier_league,Premier League,manchester_city,Manchester City,manager,Manager,2001/02,2001,2002,453,kevin_keegan_14-02-1951,Kevin Keegan,14/02/1951,England,2001-05-24,2005-03-10,03 years 09 months 14 days,1387,176.0,77,39,60,1.53,2001-07-01,2002-06-30,365,365,1.0,transfermarkt_manager_history_page,https://www.transfermarkt.com/manchester-city/mitarbeiterhistorie/verein/281/personalie_id/1/plus/1,2026-04-27T18:42:54.735190+00:00,high,
premier_league,Premier League,manchester_city,Manchester City,manager,Manager,2002/03,2002,2003,453,kevin_keegan_14-02-1951,Kevin Keegan,14/02/1951,England,2001-05-24,2005-03-10,03 years 09 months 14 days,1387,176.0,77,39,60,1.53,2002-07-01,2003-06-30,365,365,1.0,transfermarkt_manager_history_page,https://www.transfermarkt.com/manchester-city/mitarbeiterhistorie/verein/281/personalie_id/1/plus/1,2026-04-27T18:42:54.735190+00:00,high,
premier_league,Premier League,manchester_city,Manchester City,manager,Manager,2003/04,2003,2004,453,kevin_keegan_14-02-1951,Kevin Keegan,14/02/1951,England,2001-05-24,2005-03-10,03 years 09 months 14 days,1387,176.0,77,39,60,1.53,2003-07-01,2004-06-30,366,366,1.0,transfermarkt_manager_history_page,https://www.transfermarkt.com/manchester-city/mitarbeiterhistorie/verein/281/personalie_id/1/plus/1,2026-04-27T18:42:54.735190+00:00,high,
premier_league,Premier League,manchester_city,Manchester City,manager,Manager,2004/05,2004,2005,453,kevin_keegan_14-02-1951,Kevin Keegan,14/02/1951,England,2001-05-24,2005-03-10,03 years 09 months 14 days,1387,176.0,77,39,60,1.53,2004-07-01,2005-03-10,253,365,0.6931506849315069,transfermarkt_manager_history_page,https://www.transfermarkt.com/manchester-city/mitarbeiterhistorie/verein/281/personalie_id/1/plus/1,2026-04-27T18:42:54.735190+00:00,high,
premier_league,Premier League,manchester_city,Manchester City,manager,Manager,2004/05,2004,2005,2090,stuart_pearce_24-04-1962,Stuart Pearce,24/04/1962,England,2005-03-11,2007-05-14,02 years 02 months 03 days,795,97.0,34,19,44,1.25,2005-03-11,2005-06-30,112,365,0.30684931506849317,transfermarkt_manager_history_page,https://www.transfermarkt.com/manchester-city/mitarbeiterhistorie/verein/281/personalie_id/1/plus/1,2026-04-27T18:42:54.735190+00:00,high,
premier_league,Premier League,manchester_city,Manchester City,manager,Manager,2005/06,2005,2006,2090,stuart_pearce_24-04-1962,Stuart Pearce,24/04/1962,England,2005-03-11,2007-05-14,02 years 02 months 03 days,795,97.0,34,19,44,1.25,2005-07-01,2006-06-30,365,365,1.0,transfermarkt_manager_history_page,https://www.transfermarkt.com/manchester-city/mitarbeiterhistorie/verein/281/personalie_id/1/plus/1,2026-04-27T18:42:54.735190+00:00,high,
premier_league,Premier League,manchester_city,Manchester City,manager,Manager,2006/07,2006,2007,2090,stuart_pearce_24-04-1962,Stuart Pearce,24/04/1962,England,2005-03-11,2007-05-14,02 years 02 months 03 days,795,97.0,34,19,44,1.25,2006-07-01,2007-05-14,318,365,0.8712328767123287,transfermarkt_manager_history_page,https://www.transfermarkt.com/manchester-city/mitarbeiterhistorie/verein/281/personalie_id/1/plus/1,2026-04-27T18:42:54.735190+00:00,high,
premier_league,Premier League,manchester_city,Manchester City,manager,Manager,2007/08,2007,2008,1100,sven_g_ran_eriksson_05-02-1948,Sven-Göran Eriksson,05/02/1948,Sweden,2007-07-06,2008-06-02,10 months 27 days,333,45.0,19,11,15,1.51,2007-07-06,2008-06-02,333,366,0.9098360655737705,transfermarkt_manager_history_page,https://www.transfermarkt.com/manchester-city/mitarbeiterhistorie/verein/281/personalie_id/1/plus/1,2026-04-27T18:42:54.735190+00:00,high,
premier_league,Premier League,manchester_city,Manchester City,manager,Manager,2007/08,2007,2008,1646,mark_hughes_01-11-1963,Mark Hughes,01/11/1963,Wales,2008-06-04,2009-12-19,01 year 06 months 15 days,564,77.0,37,15,25,1.64,2008-06-04,2008-06-30,27,366,0.07377049180327869,transfermarkt_manager_history_page,https://www.transfermarkt.com/manchester-city/mitarbeiterhistorie/verein/281/personalie_id/1/plus/1,2026-04-27T18:42:54.735190+00:00,high,
premier_league,Premier League,manchester_city,Manchester City,manager,Manager,2008/09,2008,2009,1646,mark_hughes_01-11-1963,Mark Hughes,01/11/1963,Wales,2008-06-04,2009-12-19,01 year 06 months 15 days,564,77.0,37,15,25,1.64,2008-07-01,2009-06-30,365,365,1.0,transfermarkt_manager_history_page,https://www.transfermarkt.com/manchester-city/mitarbeiterhistorie/verein/281/personalie_id/1/plus/1,2026-04-27T18:42:54.735190+00:00,high,
premier_league,Premier League,manchester_city,Manchester City,manager,Manager,2009/10,2009,2010,1646,mark_hughes_01-11-1963,Mark Hughes,01/11/1963,Wales,2008-06-04,2009-12-19,01 year 06 months 15 days,564,77.0,37,15,25,1.64,2009-07-01,2009-12-19,172,365,0.4712328767123288,transfermarkt_manager_history_page,https://www.transfermarkt.com/manchester-city/mitarbeiterhistorie/verein/281/personalie_id/1/plus/1,2026-04-27T18:42:54.735190+00:00,high,
premier_league,Premier League,manchester_city,Manchester City,manager,Manager,2009/10,2009,2010,524,roberto_mancini_27-11-1964,Roberto Mancini,27/11/1964,Italy,2009-12-19,2013-06-30,03 years 06 months 11 days,1290,191.0,113,38,40,1.97,2009-12-19,2010-06-30,194,365,0.5315068493150685,transfermarkt_manager_history_page,https://www.transfermarkt.com/manchester-city/mitarbeiterhistorie/verein/281/personalie_id/1/plus/1,2026-04-27T18:42:54.735190+00:00,high,
premier_league,Premier League,manchester_city,Manchester City,manager,Manager,2010/11,2010,2011,524,roberto_mancini_27-11-1964,Roberto Mancini,27/11/1964,Italy,2009-12-19,2013-06-30,03 years 06 months 11 days,1290,191.0,113,38,40,1.97,2010-07-01,2011-06-30,365,365,1.0,transfermarkt_manager_history_page,https://www.transfermarkt.com/manchester-city/mitarbeiterhistorie/verein/281/personalie_id/1/plus/1,2026-04-27T18:42:54.735190+00:00,high,
premier_league,Premier League,manchester_city,Manchester City,manager,Manager,2011/12,2011,2012,524,roberto_mancini_27-11-1964,Roberto Mancini,27/11/1964,Italy,2009-12-19,2013-06-30,03 years 06 months 11 days,1290,191.0,113,38,40,1.97,2011-07-01,2012-06-30,366,366,1.0,transfermarkt_manager_history_page,https://www.transfermarkt.com/manchester-city/mitarbeiterhistorie/verein/281/personalie_id/1/plus/1,2026-04-27T18:42:54.735190+00:00,high,
premier_league,Premier League,manchester_city,Manchester City,manager,Manager,2012/13,2012,2013,524,roberto_mancini_27-11-1964,Roberto Mancini,27/11/1964,Italy,2009-12-19,2013-06-30,03 years 06 months 11 days,1290,191.0,113,38,40,1.97,2012-07-01,2013-06-30,365,365,1.0,transfermarkt_manager_history_page,https://www.transfermarkt.com/manchester-city/mitarbeiterhistorie/verein/281/personalie_id/1/plus/1,2026-04-27T18:42:54.735190+00:00,high,
premier_league,Premier League,manchester_city,Manchester City,manager,Manager,2013/14,2013,2014,1558,manuel_pellegrini_16-09-1953,Manuel Pellegrini,16/09/1953,Chile | Italy,2013-07-01,2016-06-30,02 years 11 months 30 days,1096,166.0,101,27,38,1.99,2013-07-01,2014-06-30,365,365,1.0,transfermarkt_manager_history_page,https://www.transfermarkt.com/manchester-city/mitarbeiterhistorie/verein/281/personalie_id/1/plus/1,2026-04-27T18:42:54.735190+00:00,high,
premier_league,Premier League,manchester_city,Manchester City,manager,Manager,2014/15,2014,2015,1558,manuel_pellegrini_16-09-1953,Manuel Pellegrini,16/09/1953,Chile | Italy,2013-07-01,2016-06-30,02 years 11 months 30 days,1096,166.0,101,27,38,1.99,2014-07-01,2015-06-30,365,365,1.0,transfermarkt_manager_history_page,https://www.transfermarkt.com/manchester-city/mitarbeiterhistorie/verein/281/personalie_id/1/plus/1,2026-04-27T18:42:54.735190+00:00,high,
premier_league,Premier League,manchester_city,Manchester City,manager,Manager,2015/16,2015,2016,1558,manuel_pellegrini_16-09-1953,Manuel Pellegrini,16/09/1953,Chile | Italy,2013-07-01,2016-06-30,02 years 11 months 30 days,1096,166.0,101,27,38,1.99,2015-07-01,2016-06-30,366,366,1.0,transfermarkt_manager_history_page,https://www.transfermarkt.com/manchester-city/mitarbeiterhistorie/verein/281/personalie_id/1/plus/1,2026-04-27T18:42:54.735190+00:00,high,
premier_league,Premier League,manchester_city,Manchester City,manager,Manager,2016/17,2016,2017,5672,pep_guardiola_18-01-1971,Pep Guardiola,18/01/1971,Spain,2016-07-01,,09 years 09 months 27 days,3588,587.0,420,75,92,2.27,2016-07-01,2017-06-30,365,365,1.0,transfermarkt_manager_history_page,https://www.transfermarkt.com/manchester-city/mitarbeiterhistorie/verein/281/personalie_id/1/plus/1,2026-04-27T18:42:54.735190+00:00,high,Manager spell appears ongoing on the collection date. Ongoing manager spell; overlap calculated through the collection date or season end.
premier_league,Premier League,manchester_city,Manchester City,manager,Manager,2017/18,2017,2018,5672,pep_guardiola_18-01-1971,Pep Guardiola,18/01/1971,Spain,2016-07-01,,09 years 09 months 27 days,3588,587.0,420,75,92,2.27,2017-07-01,2018-06-30,365,365,1.0,transfermarkt_manager_history_page,https://www.transfermarkt.com/manchester-city/mitarbeiterhistorie/verein/281/personalie_id/1/plus/1,2026-04-27T18:42:54.735190+00:00,high,Manager spell appears ongoing on the collection date. Ongoing manager spell; overlap calculated through the collection date or season end.
premier_league,Premier League,manchester_city,Manchester City,manager,Manager,2018/19,2018,2019,5672,pep_guardiola_18-01-1971,Pep Guardiola,18/01/1971,Spain,2016-07-01,,09 years 09 months 27 days,3588,587.0,420,75,92,2.27,2018-07-01,2019-06-30,365,365,1.0,transfermarkt_manager_history_page,https://www.transfermarkt.com/manchester-city/mitarbeiterhistorie/verein/281/personalie_id/1/plus/1,2026-04-27T18:42:54.735190+00:00,high,Manager spell appears ongoing on the collection date. Ongoing manager spell; overlap calculated through the collection date or season end.
premier_league,Premier League,manchester_city,Manchester City,manager,Manager,2019/20,2019,2020,5672,pep_guardiola_18-01-1971,Pep Guardiola,18/01/1971,Spain,2016-07-01,,09 years 09 months 27 days,3588,587.0,420,75,92,2.27,2019-07-01,2020-06-30,366,366,1.0,transfermarkt_manager_history_page,https://www.transfermarkt.com/manchester-city/mitarbeiterhistorie/verein/281/personalie_id/1/plus/1,2026-04-27T18:42:54.735190+00:00,high,Manager spell appears ongoing on the collection date. Ongoing manager spell; overlap calculated through the collection date or season end.
premier_league,Premier League,manchester_city,Manchester City,manager,Manager,2020/21,2020,2021,5672,pep_guardiola_18-01-1971,Pep Guardiola,18/01/1971,Spain,2016-07-01,,09 years 09 months 27 days,3588,587.0,420,75,92,2.27,2020-07-01,2021-06-30,365,365,1.0,transfermarkt_manager_history_page,https://www.transfermarkt.com/manchester-city/mitarbeiterhistorie/verein/281/personalie_id/1/plus/1,2026-04-27T18:42:54.735190+00:00,high,Manager spell appears ongoing on the collection date. Ongoing manager spell; overlap calculated through the collection date or season end.
premier_league,Premier League,manchester_city,Manchester City,manager,Manager,2021/22,2021,2022,5672,pep_guardiola_18-01-1971,Pep Guardiola,18/01/1971,Spain,2016-07-01,,09 years 09 months 27 days,3588,587.0,420,75,92,2.27,2021-07-01,2022-06-30,365,365,1.0,transfermarkt_manager_history_page,https://www.transfermarkt.com/manchester-city/mitarbeiterhistorie/verein/281/personalie_id/1/plus/1,2026-04-27T18:42:54.735190+00:00,high,Manager spell appears ongoing on the collection date. Ongoing manager spell; overlap calculated through the collection date or season end.
premier_league,Premier League,manchester_city,Manchester City,manager,Manager,2022/23,2022,2023,5672,pep_guardiola_18-01-1971,Pep Guardiola,18/01/1971,Spain,2016-07-01,,09 years 09 months 27 days,3588,587.0,420,75,92,2.27,2022-07-01,2023-06-30,365,365,1.0,transfermarkt_manager_history_page,https://www.transfermarkt.com/manchester-city/mitarbeiterhistorie/verein/281/personalie_id/1/plus/1,2026-04-27T18:42:54.735190+00:00,high,Manager spell appears ongoing on the collection date. Ongoing manager spell; overlap calculated through the collection date or season end.
premier_league,Premier League,manchester_city,Manchester City,manager,Manager,2023/24,2023,2024,5672,pep_guardiola_18-01-1971,Pep Guardiola,18/01/1971,Spain,2016-07-01,,09 years 09 months 27 days,3588,587.0,420,75,92,2.27,2023-07-01,2024-06-30,366,366,1.0,transfermarkt_manager_history_page,https://www.transfermarkt.com/manchester-city/mitarbeiterhistorie/verein/281/personalie_id/1/plus/1,2026-04-27T18:42:54.735190+00:00,high,Manager spell appears ongoing on the collection date. Ongoing manager spell; overlap calculated through the collection date or season end.
premier_league,Premier League,manchester_city,Manchester City,manager,Manager,2024/25,2024,2025,5672,pep_guardiola_18-01-1971,Pep Guardiola,18/01/1971,Spain,2016-07-01,,09 years 09 months 27 days,3588,587.0,420,75,92,2.27,2024-07-01,2025-06-30,365,365,1.0,transfermarkt_manager_history_page,https://www.transfermarkt.com/manchester-city/mitarbeiterhistorie/verein/281/personalie_id/1/plus/1,2026-04-27T18:42:54.735190+00:00,high,Manager spell appears ongoing on the collection date. Ongoing manager spell; overlap calculated through the collection date or season end.
premier_league,Premier League,manchester_city,Manchester City,manager,Manager,2025/26,2025,2026,5672,pep_guardiola_18-01-1971,Pep Guardiola,18/01/1971,Spain,2016-07-01,,09 years 09 months 27 days,3588,587.0,420,75,92,2.27,2025-07-01,2026-04-27,301,365,0.8246575342465754,transfermarkt_manager_history_page,https://www.transfermarkt.com/manchester-city/mitarbeiterhistorie/verein/281/personalie_id/1/plus/1,2026-04-27T18:42:54.735190+00:00,high,Manager spell appears ongoing on the collection date. Ongoing manager spell; overlap calculated through the collection date or season end.
premier_league,Premier League,manchester_united,Manchester United,manager,Manager,1990/91,1990,1991,4,alex_ferguson_31-12-1941,Alex Ferguson,31/12/1941,Scotland,1986-11-06,2013-06-30,26 years 07 months 24 days,9734,1499.0,902,326,271,2.02,1990-07-01,1991-06-30,365,365,1.0,transfermarkt_manager_history_page,https://www.transfermarkt.com/manchester-united/mitarbeiterhistorie/verein/985/personalie_id/1/plus/1,2026-04-27T18:42:56.688983+00:00,high,
premier_league,Premier League,manchester_united,Manchester United,manager,Manager,1991/92,1991,1992,4,alex_ferguson_31-12-1941,Alex Ferguson,31/12/1941,Scotland,1986-11-06,2013-06-30,26 years 07 months 24 days,9734,1499.0,902,326,271,2.02,1991-07-01,1992-06-30,366,366,1.0,transfermarkt_manager_history_page,https://www.transfermarkt.com/manchester-united/mitarbeiterhistorie/verein/985/personalie_id/1/plus/1,2026-04-27T18:42:56.688983+00:00,high,
premier_league,Premier League,manchester_united,Manchester United,manager,Manager,1992/93,1992,1993,4,alex_ferguson_31-12-1941,Alex Ferguson,31/12/1941,Scotland,1986-11-06,2013-06-30,26 years 07 months 24 days,9734,1499.0,902,326,271,2.02,1992-07-01,1993-06-30,365,365,1.0,transfermarkt_manager_history_page,https://www.transfermarkt.com/manchester-united/mitarbeiterhistorie/verein/985/personalie_id/1/plus/1,2026-04-27T18:42:56.688983+00:00,high,
premier_league,Premier League,manchester_united,Manchester United,manager,Manager,1993/94,1993,1994,4,alex_ferguson_31-12-1941,Alex Ferguson,31/12/1941,Scotland,1986-11-06,2013-06-30,26 years 07 months 24 days,9734,1499.0,902,326,271,2.02,1993-07-01,1994-06-30,365,365,1.0,transfermarkt_manager_history_page,https://www.transfermarkt.com/manchester-united/mitarbeiterhistorie/verein/985/personalie_id/1/plus/1,2026-04-27T18:42:56.688983+00:00,high,
premier_league,Premier League,manchester_united,Manchester United,manager,Manager,1994/95,1994,1995,4,alex_ferguson_31-12-1941,Alex Ferguson,31/12/1941,Scotland,1986-11-06,2013-06-30,26 years 07 months 24 days,9734,1499.0,902,326,271,2.02,1994-07-01,1995-06-30,365,365,1.0,transfermarkt_manager_history_page,https://www.transfermarkt.com/manchester-united/mitarbeiterhistorie/verein/985/personalie_id/1/plus/1,2026-04-27T18:42:56.688983+00:00,high,
premier_league,Premier League,manchester_united,Manchester United,manager,Manager,1995/96,1995,1996,4,alex_ferguson_31-12-1941,Alex Ferguson,31/12/1941,Scotland,1986-11-06,2013-06-30,26 years 07 months 24 days,9734,1499.0,902,326,271,2.02,1995-07-01,1996-06-30,366,366,1.0,transfermarkt_manager_history_page,https://www.transfermarkt.com/manchester-united/mitarbeiterhistorie/verein/985/personalie_id/1/plus/1,2026-04-27T18:42:56.688983+00:00,high,
premier_league,Premier League,manchester_united,Manchester United,manager,Manager,1996/97,1996,1997,4,alex_ferguson_31-12-1941,Alex Ferguson,31/12/1941,Scotland,1986-11-06,2013-06-30,26 years 07 months 24 days,9734,1499.0,902,326,271,2.02,1996-07-01,1997-06-30,365,365,1.0,transfermarkt_manager_history_page,https://www.transfermarkt.com/manchester-united/mitarbeiterhistorie/verein/985/personalie_id/1/plus/1,2026-04-27T18:42:56.688983+00:00,high,
premier_league,Premier League,manchester_united,Manchester United,manager,Manager,1997/98,1997,1998,4,alex_ferguson_31-12-1941,Alex Ferguson,31/12/1941,Scotland,1986-11-06,2013-06-30,26 years 07 months 24 days,9734,1499.0,902,326,271,2.02,1997-07-01,1998-06-30,365,365,1.0,transfermarkt_manager_history_page,https://www.transfermarkt.com/manchester-united/mitarbeiterhistorie/verein/985/personalie_id/1/plus/1,2026-04-27T18:42:56.688983+00:00,high,
premier_league,Premier League,manchester_united,Manchester United,manager,Manager,1998/99,1998,1999,4,alex_ferguson_31-12-1941,Alex Ferguson,31/12/1941,Scotland,1986-11-06,2013-06-30,26 years 07 months 24 days,9734,1499.0,902,326,271,2.02,1998-07-01,1999-06-30,365,365,1.0,transfermarkt_manager_history_page,https://www.transfermarkt.com/manchester-united/mitarbeiterhistorie/verein/985/personalie_id/1/plus/1,2026-04-27T18:42:56.688983+00:00,high,
premier_league,Premier League,manchester_united,Manchester United,manager,Manager,1999/00,1999,2000,4,alex_ferguson_31-12-1941,Alex Ferguson,31/12/1941,Scotland,1986-11-06,2013-06-30,26 years 07 months 24 days,9734,1499.0,902,326,271,2.02,1999-07-01,2000-06-30,366,366,1.0,transfermarkt_manager_history_page,https://www.transfermarkt.com/manchester-united/mitarbeiterhistorie/verein/985/personalie_id/1/plus/1,2026-04-27T18:42:56.688983+00:00,high,
premier_league,Premier League,manchester_united,Manchester United,manager,Manager,2000/01,2000,2001,4,alex_ferguson_31-12-1941,Alex Ferguson,31/12/1941,Scotland,1986-11-06,2013-06-30,26 years 07 months 24 days,9734,1499.0,902,326,271,2.02,2000-07-01,2001-06-30,365,365,1.0,transfermarkt_manager_history_page,https://www.transfermarkt.com/manchester-united/mitarbeiterhistorie/verein/985/personalie_id/1/plus/1,2026-04-27T18:42:56.688983+00:00,high,
premier_league,Premier League,manchester_united,Manchester United,manager,Manager,2001/02,2001,2002,4,alex_ferguson_31-12-1941,Alex Ferguson,31/12/1941,Scotland,1986-11-06,2013-06-30,26 years 07 months 24 days,9734,1499.0,902,326,271,2.02,2001-07-01,2002-06-30,365,365,1.0,transfermarkt_manager_history_page,https://www.transfermarkt.com/manchester-united/mitarbeiterhistorie/verein/985/personalie_id/1/plus/1,2026-04-27T18:42:56.688983+00:00,high,
premier_league,Premier League,manchester_united,Manchester United,manager,Manager,2002/03,2002,2003,4,alex_ferguson_31-12-1941,Alex Ferguson,31/12/1941,Scotland,1986-11-06,2013-06-30,26 years 07 months 24 days,9734,1499.0,902,326,271,2.02,2002-07-01,2003-06-30,365,365,1.0,transfermarkt_manager_history_page,https://www.transfermarkt.com/manchester-united/mitarbeiterhistorie/verein/985/personalie_id/1/plus/1,2026-04-27T18:42:56.688983+00:00,high,
premier_league,Premier League,manchester_united,Manchester United,manager,Manager,2003/04,2003,2004,4,alex_ferguson_31-12-1941,Alex Ferguson,31/12/1941,Scotland,1986-11-06,2013-06-30,26 years 07 months 24 days,9734,1499.0,902,326,271,2.02,2003-07-01,2004-06-30,366,366,1.0,transfermarkt_manager_history_page,https://www.transfermarkt.com/manchester-united/mitarbeiterhistorie/verein/985/personalie_id/1/plus/1,2026-04-27T18:42:56.688983+00:00,high,
premier_league,Premier League,manchester_united,Manchester United,manager,Manager,2004/05,2004,2005,4,alex_ferguson_31-12-1941,Alex Ferguson,31/12/1941,Scotland,1986-11-06,2013-06-30,26 years 07 months 24 days,9734,1499.0,902,326,271,2.02,2004-07-01,2005-06-30,365,365,1.0,transfermarkt_manager_history_page,https://www.transfermarkt.com/manchester-united/mitarbeiterhistorie/verein/985/personalie_id/1/plus/1,2026-04-27T18:42:56.688983+00:00,high,
premier_league,Premier League,manchester_united,Manchester United,manager,Manager,2005/06,2005,2006,4,alex_ferguson_31-12-1941,Alex Ferguson,31/12/1941,Scotland,1986-11-06,2013-06-30,26 years 07 months 24 days,9734,1499.0,902,326,271,2.02,2005-07-01,2006-06-30,365,365,1.0,transfermarkt_manager_history_page,https://www.transfermarkt.com/manchester-united/mitarbeiterhistorie/verein/985/personalie_id/1/plus/1,2026-04-27T18:42:56.688983+00:00,high,
premier_league,Premier League,manchester_united,Manchester United,manager,Manager,2006/07,2006,2007,4,alex_ferguson_31-12-1941,Alex Ferguson,31/12/1941,Scotland,1986-11-06,2013-06-30,26 years 07 months 24 days,9734,1499.0,902,326,271,2.02,2006-07-01,2007-06-30,365,365,1.0,transfermarkt_manager_history_page,https://www.transfermarkt.com/manchester-united/mitarbeiterhistorie/verein/985/personalie_id/1/plus/1,2026-04-27T18:42:56.688983+00:00,high,
premier_league,Premier League,manchester_united,Manchester United,manager,Manager,2007/08,2007,2008,4,alex_ferguson_31-12-1941,Alex Ferguson,31/12/1941,Scotland,1986-11-06,2013-06-30,26 years 07 months 24 days,9734,1499.0,902,326,271,2.02,2007-07-01,2008-06-30,366,366,1.0,transfermarkt_manager_history_page,https://www.transfermarkt.com/manchester-united/mitarbeiterhistorie/verein/985/personalie_id/1/plus/1,2026-04-27T18:42:56.688983+00:00,high,
premier_league,Premier League,manchester_united,Manchester United,manager,Manager,2008/09,2008,2009,4,alex_ferguson_31-12-1941,Alex Ferguson,31/12/1941,Scotland,1986-11-06,2013-06-30,26 years 07 months 24 days,9734,1499.0,902,326,271,2.02,2008-07-01,2009-06-30,365,365,1.0,transfermarkt_manager_history_page,https://www.transfermarkt.com/manchester-united/mitarbeiterhistorie/verein/985/personalie_id/1/plus/1,2026-04-27T18:42:56.688983+00:00,high,
premier_league,Premier League,manchester_united,Manchester United,manager,Manager,2009/10,2009,2010,4,alex_ferguson_31-12-1941,Alex Ferguson,31/12/1941,Scotland,1986-11-06,2013-06-30,26 years 07 months 24 days,9734,1499.0,902,326,271,2.02,2009-07-01,2010-06-30,365,365,1.0,transfermarkt_manager_history_page,https://www.transfermarkt.com/manchester-united/mitarbeiterhistorie/verein/985/personalie_id/1/plus/1,2026-04-27T18:42:56.688983+00:00,high,
premier_league,Premier League,manchester_united,Manchester United,manager,Manager,2010/11,2010,2011,4,alex_ferguson_31-12-1941,Alex Ferguson,31/12/1941,Scotland,1986-11-06,2013-06-30,26 years 07 months 24 days,9734,1499.0,902,326,271,2.02,2010-07-01,2011-06-30,365,365,1.0,transfermarkt_manager_history_page,https://www.transfermarkt.com/manchester-united/mitarbeiterhistorie/verein/985/personalie_id/1/plus/1,2026-04-27T18:42:56.688983+00:00,high,
premier_league,Premier League,manchester_united,Manchester United,manager,Manager,2011/12,2011,2012,4,alex_ferguson_31-12-1941,Alex Ferguson,31/12/1941,Scotland,1986-11-06,2013-06-30,26 years 07 months 24 days,9734,1499.0,902,326,271,2.02,2011-07-01,2012-06-30,366,366,1.0,transfermarkt_manager_history_page,https://www.transfermarkt.com/manchester-united/mitarbeiterhistorie/verein/985/personalie_id/1/plus/1,2026-04-27T18:42:56.688983+00:00,high,
premier_league,Premier League,manchester_united,Manchester United,manager,Manager,2012/13,2012,2013,4,alex_ferguson_31-12-1941,Alex Ferguson,31/12/1941,Scotland,1986-11-06,2013-06-30,26 years 07 months 24 days,9734,1499.0,902,326,271,2.02,2012-07-01,2013-06-30,365,365,1.0,transfermarkt_manager_history_page,https://www.transfermarkt.com/manchester-united/mitarbeiterhistorie/verein/985/personalie_id/1/plus/1,2026-04-27T18:42:56.688983+00:00,high,
premier_league,Premier League,manchester_united,Manchester United,manager,Manager,2013/14,2013,2014,450,david_moyes_25-04-1963,David Moyes,25/04/1963,Scotland,2013-07-01,2014-04-22,09 months 22 days,296,51.0,26,10,15,1.73,2013-07-01,2014-04-22,296,365,0.810958904109589,transfermarkt_manager_history_page,https://www.transfermarkt.com/manchester-united/mitarbeiterhistorie/verein/985/personalie_id/1/plus/1,2026-04-27T18:42:56.688983+00:00,high,
premier_league,Premier League,manchester_united,Manchester United,manager,Manager,2014/15,2014,2015,2029,louis_van_gaal_08-08-1951,Louis van Gaal,08/08/1951,Netherlands,2014-07-14,2016-05-23,01 year 10 months 09 days,680,103.0,54,24,25,1.81,2014-07-14,2015-06-30,352,365,0.9643835616438357,transfermarkt_manager_history_page,https://www.transfermarkt.com/manchester-united/mitarbeiterhistorie/verein/985/personalie_id/1/plus/1,2026-04-27T18:42:56.688983+00:00,high,
premier_league,Premier League,manchester_united,Manchester United,manager,Manager,2015/16,2015,2016,2029,louis_van_gaal_08-08-1951,Louis van Gaal,08/08/1951,Netherlands,2014-07-14,2016-05-23,01 year 10 months 09 days,680,103.0,54,24,25,1.81,2015-07-01,2016-05-23,328,366,0.8961748633879781,transfermarkt_manager_history_page,https://www.transfermarkt.com/manchester-united/mitarbeiterhistorie/verein/985/personalie_id/1/plus/1,2026-04-27T18:42:56.688983+00:00,high,
premier_league,Premier League,manchester_united,Manchester United,manager,Manager,2016/17,2016,2017,781,jos_mourinho_26-01-1963,José Mourinho,26/01/1963,Portugal,2016-07-01,2018-12-18,02 years 05 months 17 days,901,144.0,84,31,29,1.97,2016-07-01,2017-06-30,365,365,1.0,transfermarkt_manager_history_page,https://www.transfermarkt.com/manchester-united/mitarbeiterhistorie/verein/985/personalie_id/1/plus/1,2026-04-27T18:42:56.688983+00:00,high,
premier_league,Premier League,manchester_united,Manchester United,manager,Manager,2017/18,2017,2018,781,jos_mourinho_26-01-1963,José Mourinho,26/01/1963,Portugal,2016-07-01,2018-12-18,02 years 05 months 17 days,901,144.0,84,31,29,1.97,2017-07-01,2018-06-30,365,365,1.0,transfermarkt_manager_history_page,https://www.transfermarkt.com/manchester-united/mitarbeiterhistorie/verein/985/personalie_id/1/plus/1,2026-04-27T18:42:56.688983+00:00,high,
premier_league,Premier League,manchester_united,Manchester United,manager,Manager,2018/19,2018,2019,781,jos_mourinho_26-01-1963,José Mourinho,26/01/1963,Portugal,2016-07-01,2018-12-18,02 years 05 months 17 days,901,144.0,84,31,29,1.97,2018-07-01,2018-12-18,171,365,0.4684931506849315,transfermarkt_manager_history_page,https://www.transfermarkt.com/manchester-united/mitarbeiterhistorie/verein/985/personalie_id/1/plus/1,2026-04-27T18:42:56.688983+00:00,high,
premier_league,Premier League,manchester_united,Manchester United,manager,Manager,2018/19,2018,2019,7286,ole_gunnar_solskjaer_26-02-1973,Ole Gunnar Solskjaer,26/02/1973,Norway,2019-03-28,2021-11-21,02 years 07 months 24 days,970,149.0,78,33,38,1.79,2019-03-28,2019-06-30,95,365,0.2602739726027397,transfermarkt_manager_history_page,https://www.transfermarkt.com/manchester-united/mitarbeiterhistorie/verein/985/personalie_id/1/plus/1,2026-04-27T18:42:56.688983+00:00,high,
premier_league,Premier League,manchester_united,Manchester United,manager,Manager,2019/20,2019,2020,7286,ole_gunnar_solskjaer_26-02-1973,Ole Gunnar Solskjaer,26/02/1973,Norway,2019-03-28,2021-11-21,02 years 07 months 24 days,970,149.0,78,33,38,1.79,2019-07-01,2020-06-30,366,366,1.0,transfermarkt_manager_history_page,https://www.transfermarkt.com/manchester-united/mitarbeiterhistorie/verein/985/personalie_id/1/plus/1,2026-04-27T18:42:56.688983+00:00,high,
premier_league,Premier League,manchester_united,Manchester United,manager,Manager,2020/21,2020,2021,7286,ole_gunnar_solskjaer_26-02-1973,Ole Gunnar Solskjaer,26/02/1973,Norway,2019-03-28,2021-11-21,02 years 07 months 24 days,970,149.0,78,33,38,1.79,2020-07-01,2021-06-30,365,365,1.0,transfermarkt_manager_history_page,https://www.transfermarkt.com/manchester-united/mitarbeiterhistorie/verein/985/personalie_id/1/plus/1,2026-04-27T18:42:56.688983+00:00,high,
premier_league,Premier League,manchester_united,Manchester United,manager,Manager,2021/22,2021,2022,7286,ole_gunnar_solskjaer_26-02-1973,Ole Gunnar Solskjaer,26/02/1973,Norway,2019-03-28,2021-11-21,02 years 07 months 24 days,970,149.0,78,33,38,1.79,2021-07-01,2021-11-21,144,365,0.39452054794520547,transfermarkt_manager_history_page,https://www.transfermarkt.com/manchester-united/mitarbeiterhistorie/verein/985/personalie_id/1/plus/1,2026-04-27T18:42:56.688983+00:00,high,
premier_league,Premier League,manchester_united,Manchester United,manager,Manager,2022/23,2022,2023,3816,erik_ten_hag_02-02-1970,Erik ten Hag,02/02/1970,Netherlands,2022-07-01,2024-10-28,02 years 03 months 27 days,851,128.0,72,20,36,1.84,2022-07-01,2023-06-30,365,365,1.0,transfermarkt_manager_history_page,https://www.transfermarkt.com/manchester-united/mitarbeiterhistorie/verein/985/personalie_id/1/plus/1,2026-04-27T18:42:56.688983+00:00,high,
premier_league,Premier League,manchester_united,Manchester United,manager,Manager,2023/24,2023,2024,3816,erik_ten_hag_02-02-1970,Erik ten Hag,02/02/1970,Netherlands,2022-07-01,2024-10-28,02 years 03 months 27 days,851,128.0,72,20,36,1.84,2023-07-01,2024-06-30,366,366,1.0,transfermarkt_manager_history_page,https://www.transfermarkt.com/manchester-united/mitarbeiterhistorie/verein/985/personalie_id/1/plus/1,2026-04-27T18:42:56.688983+00:00,high,
premier_league,Premier League,manchester_united,Manchester United,manager,Manager,2024/25,2024,2025,3816,erik_ten_hag_02-02-1970,Erik ten Hag,02/02/1970,Netherlands,2022-07-01,2024-10-28,02 years 03 months 27 days,851,128.0,72,20,36,1.84,2024-07-01,2024-10-28,120,365,0.3287671232876712,transfermarkt_manager_history_page,https://www.transfermarkt.com/manchester-united/mitarbeiterhistorie/verein/985/personalie_id/1/plus/1,2026-04-27T18:42:56.688983+00:00,high,
premier_league,Premier League,manchester_united,Manchester United,manager,Manager,2024/25,2024,2025,65202,r_ben_amorim_27-01-1985,Rúben Amorim,27/01/1985,Portugal,2024-11-11,2026-01-05,01 year 01 month 25 days,421,63.0,25,15,23,1.43,2024-11-11,2025-06-30,232,365,0.6356164383561644,transfermarkt_manager_history_page,https://www.transfermarkt.com/manchester-united/mitarbeiterhistorie/verein/985/personalie_id/1/plus/1,2026-04-27T18:42:56.688983+00:00,high,
premier_league,Premier League,manchester_united,Manchester United,manager,Manager,2025/26,2025,2026,65202,r_ben_amorim_27-01-1985,Rúben Amorim,27/01/1985,Portugal,2024-11-11,2026-01-05,01 year 01 month 25 days,421,63.0,25,15,23,1.43,2025-07-01,2026-01-05,189,365,0.5178082191780822,transfermarkt_manager_history_page,https://www.transfermarkt.com/manchester-united/mitarbeiterhistorie/verein/985/personalie_id/1/plus/1,2026-04-27T18:42:56.688983+00:00,high,
premier_league,Premier League,manchester_united,Manchester United,manager,Manager,2025/26,2025,2026,65647,michael_carrick_28-07-1981,Michael Carrick,28/07/1981,England,2026-01-13,2026-06-30,05 months 17 days,169,12.0,8,2,2,2.17,2026-01-13,2026-06-30,169,365,0.46301369863013697,transfermarkt_manager_history_page,https://www.transfermarkt.com/manchester-united/mitarbeiterhistorie/verein/985/personalie_id/1/plus/1,2026-04-27T18:42:56.688983+00:00,high,
premier_league,Premier League,tottenham_hotspur,Tottenham Hotspur,manager,Manager,1990/91,1990,1991,1899,terry_venables_06-01-1943,Terry Venables,06/01/1943,England,1987-11-28,1991-06-30,03 years 07 months 02 days,1311,164.0,66,46,52,1.49,1990-07-01,1991-06-30,365,365,1.0,transfermarkt_manager_history_page,https://www.transfermarkt.com/tottenham-hotspur/mitarbeiterhistorie/verein/148/personalie_id/1/plus/1,2026-04-27T18:43:02.173820+00:00,high,
premier_league,Premier League,tottenham_hotspur,Tottenham Hotspur,manager,Manager,1991/92,1991,1992,32947,peter_shreeves_30-11-1940,Peter Shreeves,30/11/1940,Wales,1991-07-23,1992-05-15,09 months 22 days,298,59.0,23,12,24,1.37,1991-07-23,1992-05-15,298,366,0.8142076502732241,transfermarkt_manager_history_page,https://www.transfermarkt.com/tottenham-hotspur/mitarbeiterhistorie/verein/148/personalie_id/1/plus/1,2026-04-27T18:43:02.173820+00:00,high,
premier_league,Premier League,tottenham_hotspur,Tottenham Hotspur,manager,Manager,1991/92,1991,1992,1990,doug_livermore_27-12-1947,Doug Livermore,27/12/1947,England,1992-05-27,1993-06-19,01 year 23 days,389,51.0,23,11,17,1.57,1992-05-27,1992-06-30,35,366,0.09562841530054644,transfermarkt_manager_history_page,https://www.transfermarkt.com/tottenham-hotspur/mitarbeiterhistorie/verein/148/personalie_id/1/plus/1,2026-04-27T18:43:02.173820+00:00,high,
premier_league,Premier League,tottenham_hotspur,Tottenham Hotspur,manager,Manager,1992/93,1992,1993,1990,doug_livermore_27-12-1947,Doug Livermore,27/12/1947,England,1992-05-27,1993-06-19,01 year 23 days,389,51.0,23,11,17,1.57,1992-07-01,1993-06-19,354,365,0.9698630136986301,transfermarkt_manager_history_page,https://www.transfermarkt.com/tottenham-hotspur/mitarbeiterhistorie/verein/148/personalie_id/1/plus/1,2026-04-27T18:43:02.173820+00:00,high,
premier_league,Premier League,tottenham_hotspur,Tottenham Hotspur,manager,Manager,1992/93,1992,1993,5493,osvaldo_ardiles_03-08-1952,Osvaldo Ardiles,03/08/1952,Argentina,1993-06-19,1994-11-01,01 year 04 months 13 days,501,65.0,21,16,28,1.22,1993-06-19,1993-06-30,12,365,0.03287671232876712,transfermarkt_manager_history_page,https://www.transfermarkt.com/tottenham-hotspur/mitarbeiterhistorie/verein/148/personalie_id/1/plus/1,2026-04-27T18:43:02.173820+00:00,high,
premier_league,Premier League,tottenham_hotspur,Tottenham Hotspur,manager,Manager,1993/94,1993,1994,5493,osvaldo_ardiles_03-08-1952,Osvaldo Ardiles,03/08/1952,Argentina,1993-06-19,1994-11-01,01 year 04 months 13 days,501,65.0,21,16,28,1.22,1993-07-01,1994-06-30,365,365,1.0,transfermarkt_manager_history_page,https://www.transfermarkt.com/tottenham-hotspur/mitarbeiterhistorie/verein/148/personalie_id/1/plus/1,2026-04-27T18:43:02.173820+00:00,high,
premier_league,Premier League,tottenham_hotspur,Tottenham Hotspur,manager,Manager,1994/95,1994,1995,5493,osvaldo_ardiles_03-08-1952,Osvaldo Ardiles,03/08/1952,Argentina,1993-06-19,1994-11-01,01 year 04 months 13 days,501,65.0,21,16,28,1.22,1994-07-01,1994-11-01,124,365,0.33972602739726027,transfermarkt_manager_history_page,https://www.transfermarkt.com/tottenham-hotspur/mitarbeiterhistorie/verein/148/personalie_id/1/plus/1,2026-04-27T18:43:02.173820+00:00,high,
premier_league,Premier League,tottenham_hotspur,Tottenham Hotspur,manager,Manager,1994/95,1994,1995,6115,gerry_francis_06-12-1951,Gerry Francis,06/12/1951,England,1994-11-15,1997-11-19,03 years 04 days,1101,146.0,56,41,49,1.43,1994-11-15,1995-06-30,228,365,0.6246575342465753,transfermarkt_manager_history_page,https://www.transfermarkt.com/tottenham-hotspur/mitarbeiterhistorie/verein/148/personalie_id/1/plus/1,2026-04-27T18:43:02.173820+00:00,high,
premier_league,Premier League,tottenham_hotspur,Tottenham Hotspur,manager,Manager,1995/96,1995,1996,6115,gerry_francis_06-12-1951,Gerry Francis,06/12/1951,England,1994-11-15,1997-11-19,03 years 04 days,1101,146.0,56,41,49,1.43,1995-07-01,1996-06-30,366,366,1.0,transfermarkt_manager_history_page,https://www.transfermarkt.com/tottenham-hotspur/mitarbeiterhistorie/verein/148/personalie_id/1/plus/1,2026-04-27T18:43:02.173820+00:00,high,
premier_league,Premier League,tottenham_hotspur,Tottenham Hotspur,manager,Manager,1996/97,1996,1997,6115,gerry_francis_06-12-1951,Gerry Francis,06/12/1951,England,1994-11-15,1997-11-19,03 years 04 days,1101,146.0,56,41,49,1.43,1996-07-01,1997-06-30,365,365,1.0,transfermarkt_manager_history_page,https://www.transfermarkt.com/tottenham-hotspur/mitarbeiterhistorie/verein/148/personalie_id/1/plus/1,2026-04-27T18:43:02.173820+00:00,high,
premier_league,Premier League,tottenham_hotspur,Tottenham Hotspur,manager,Manager,1997/98,1997,1998,6115,gerry_francis_06-12-1951,Gerry Francis,06/12/1951,England,1994-11-15,1997-11-19,03 years 04 days,1101,146.0,56,41,49,1.43,1997-07-01,1997-11-19,142,365,0.38904109589041097,transfermarkt_manager_history_page,https://www.transfermarkt.com/tottenham-hotspur/mitarbeiterhistorie/verein/148/personalie_id/1/plus/1,2026-04-27T18:43:02.173820+00:00,high,
premier_league,Premier League,tottenham_hotspur,Tottenham Hotspur,manager,Manager,1997/98,1997,1998,532,christian_gross_14-08-1954,Christian Gross,14/08/1954,Switzerland,1997-11-24,1998-09-05,09 months 12 days,286,30.0,10,8,12,1.27,1997-11-24,1998-06-30,219,365,0.6,transfermarkt_manager_history_page,https://www.transfermarkt.com/tottenham-hotspur/mitarbeiterhistorie/verein/148/personalie_id/1/plus/1,2026-04-27T18:43:02.173820+00:00,high,
premier_league,Premier League,tottenham_hotspur,Tottenham Hotspur,manager,Manager,1998/99,1998,1999,532,christian_gross_14-08-1954,Christian Gross,14/08/1954,Switzerland,1997-11-24,1998-09-05,09 months 12 days,286,30.0,10,8,12,1.27,1998-07-01,1998-09-05,67,365,0.18356164383561643,transfermarkt_manager_history_page,https://www.transfermarkt.com/tottenham-hotspur/mitarbeiterhistorie/verein/148/personalie_id/1/plus/1,2026-04-27T18:43:02.173820+00:00,high,
premier_league,Premier League,tottenham_hotspur,Tottenham Hotspur,manager,Manager,1998/99,1998,1999,2636,george_graham_30-11-1944,George Graham,30/11/1944,Scotland,1998-10-01,2001-03-16,02 years 05 months 13 days,898,124.0,49,34,41,1.46,1998-10-01,1999-06-30,273,365,0.7479452054794521,transfermarkt_manager_history_page,https://www.transfermarkt.com/tottenham-hotspur/mitarbeiterhistorie/verein/148/personalie_id/1/plus/1,2026-04-27T18:43:02.173820+00:00,high,
premier_league,Premier League,tottenham_hotspur,Tottenham Hotspur,manager,Manager,1999/00,1999,2000,2636,george_graham_30-11-1944,George Graham,30/11/1944,Scotland,1998-10-01,2001-03-16,02 years 05 months 13 days,898,124.0,49,34,41,1.46,1999-07-01,2000-06-30,366,366,1.0,transfermarkt_manager_history_page,https://www.transfermarkt.com/tottenham-hotspur/mitarbeiterhistorie/verein/148/personalie_id/1/plus/1,2026-04-27T18:43:02.173820+00:00,high,
premier_league,Premier League,tottenham_hotspur,Tottenham Hotspur,manager,Manager,2000/01,2000,2001,2636,george_graham_30-11-1944,George Graham,30/11/1944,Scotland,1998-10-01,2001-03-16,02 years 05 months 13 days,898,124.0,49,34,41,1.46,2000-07-01,2001-03-16,259,365,0.7095890410958904,transfermarkt_manager_history_page,https://www.transfermarkt.com/tottenham-hotspur/mitarbeiterhistorie/verein/148/personalie_id/1/plus/1,2026-04-27T18:43:02.173820+00:00,high,
premier_league,Premier League,tottenham_hotspur,Tottenham Hotspur,manager,Manager,2000/01,2000,2001,459,glenn_hoddle_27-10-1957,Glenn Hoddle,27/10/1957,England,2001-04-02,2003-09-20,02 years 05 months 18 days,902,102.0,40,18,44,1.35,2001-04-02,2001-06-30,90,365,0.2465753424657534,transfermarkt_manager_history_page,https://www.transfermarkt.com/tottenham-hotspur/mitarbeiterhistorie/verein/148/personalie_id/1/plus/1,2026-04-27T18:43:02.173820+00:00,high,
premier_league,Premier League,tottenham_hotspur,Tottenham Hotspur,manager,Manager,2001/02,2001,2002,459,glenn_hoddle_27-10-1957,Glenn Hoddle,27/10/1957,England,2001-04-02,2003-09-20,02 years 05 months 18 days,902,102.0,40,18,44,1.35,2001-07-01,2002-06-30,365,365,1.0,transfermarkt_manager_history_page,https://www.transfermarkt.com/tottenham-hotspur/mitarbeiterhistorie/verein/148/personalie_id/1/plus/1,2026-04-27T18:43:02.173820+00:00,high,
premier_league,Premier League,tottenham_hotspur,Tottenham Hotspur,manager,Manager,2002/03,2002,2003,459,glenn_hoddle_27-10-1957,Glenn Hoddle,27/10/1957,England,2001-04-02,2003-09-20,02 years 05 months 18 days,902,102.0,40,18,44,1.35,2002-07-01,2003-06-30,365,365,1.0,transfermarkt_manager_history_page,https://www.transfermarkt.com/tottenham-hotspur/mitarbeiterhistorie/verein/148/personalie_id/1/plus/1,2026-04-27T18:43:02.173820+00:00,high,
premier_league,Premier League,tottenham_hotspur,Tottenham Hotspur,manager,Manager,2003/04,2003,2004,459,glenn_hoddle_27-10-1957,Glenn Hoddle,27/10/1957,England,2001-04-02,2003-09-20,02 years 05 months 18 days,902,102.0,40,18,44,1.35,2003-07-01,2003-09-20,82,366,0.22404371584699453,transfermarkt_manager_history_page,https://www.transfermarkt.com/tottenham-hotspur/mitarbeiterhistorie/verein/148/personalie_id/1/plus/1,2026-04-27T18:43:02.173820+00:00,high,
premier_league,Premier League,tottenham_hotspur,Tottenham Hotspur,manager,Manager,2004/05,2004,2005,1647,jacques_santini_25-04-1952,Jacques Santini,25/04/1952,France | Italy,2004-08-01,2004-11-06,03 months 05 days,98,13.0,5,4,4,1.46,2004-08-01,2004-11-06,98,365,0.2684931506849315,transfermarkt_manager_history_page,https://www.transfermarkt.com/tottenham-hotspur/mitarbeiterhistorie/verein/148/personalie_id/1/plus/1,2026-04-27T18:43:02.173820+00:00,high,
premier_league,Premier League,tottenham_hotspur,Tottenham Hotspur,manager,Manager,2004/05,2004,2005,500,martin_jol_16-01-1956,Martin Jol,16/01/1956,Netherlands,2004-11-08,2007-10-25,02 years 11 months 17 days,1082,147.0,67,37,43,1.62,2004-11-08,2005-06-30,235,365,0.6438356164383562,transfermarkt_manager_history_page,https://www.transfermarkt.com/tottenham-hotspur/mitarbeiterhistorie/verein/148/personalie_id/1/plus/1,2026-04-27T18:43:02.173820+00:00,high,
premier_league,Premier League,tottenham_hotspur,Tottenham Hotspur,manager,Manager,2005/06,2005,2006,500,martin_jol_16-01-1956,Martin Jol,16/01/1956,Netherlands,2004-11-08,2007-10-25,02 years 11 months 17 days,1082,147.0,67,37,43,1.62,2005-07-01,2006-06-30,365,365,1.0,transfermarkt_manager_history_page,https://www.transfermarkt.com/tottenham-hotspur/mitarbeiterhistorie/verein/148/personalie_id/1/plus/1,2026-04-27T18:43:02.173820+00:00,high,
premier_league,Premier League,tottenham_hotspur,Tottenham Hotspur,manager,Manager,2006/07,2006,2007,500,martin_jol_16-01-1956,Martin Jol,16/01/1956,Netherlands,2004-11-08,2007-10-25,02 years 11 months 17 days,1082,147.0,67,37,43,1.62,2006-07-01,2007-06-30,365,365,1.0,transfermarkt_manager_history_page,https://www.transfermarkt.com/tottenham-hotspur/mitarbeiterhistorie/verein/148/personalie_id/1/plus/1,2026-04-27T18:43:02.173820+00:00,high,
premier_league,Premier League,tottenham_hotspur,Tottenham Hotspur,manager,Manager,2007/08,2007,2008,500,martin_jol_16-01-1956,Martin Jol,16/01/1956,Netherlands,2004-11-08,2007-10-25,02 years 11 months 17 days,1082,147.0,67,37,43,1.62,2007-07-01,2007-10-25,117,366,0.319672131147541,transfermarkt_manager_history_page,https://www.transfermarkt.com/tottenham-hotspur/mitarbeiterhistorie/verein/148/personalie_id/1/plus/1,2026-04-27T18:43:02.173820+00:00,high,
premier_league,Premier League,tottenham_hotspur,Tottenham Hotspur,manager,Manager,2007/08,2007,2008,2317,juande_ramos_25-09-1954,Juande Ramos,25/09/1954,Spain,2007-10-26,2008-10-27,01 year 01 day,368,54.0,19,16,19,1.35,2007-10-26,2008-06-30,249,366,0.680327868852459,transfermarkt_manager_history_page,https://www.transfermarkt.com/tottenham-hotspur/mitarbeiterhistorie/verein/148/personalie_id/1/plus/1,2026-04-27T18:43:02.173820+00:00,high,
premier_league,Premier League,tottenham_hotspur,Tottenham Hotspur,manager,Manager,2008/09,2008,2009,2317,juande_ramos_25-09-1954,Juande Ramos,25/09/1954,Spain,2007-10-26,2008-10-27,01 year 01 day,368,54.0,19,16,19,1.35,2008-07-01,2008-10-27,119,365,0.32602739726027397,transfermarkt_manager_history_page,https://www.transfermarkt.com/tottenham-hotspur/mitarbeiterhistorie/verein/148/personalie_id/1/plus/1,2026-04-27T18:43:02.173820+00:00,high,
premier_league,Premier League,tottenham_hotspur,Tottenham Hotspur,manager,Manager,2008/09,2008,2009,448,harry_redknapp_02-03-1947,Harry Redknapp,02/03/1947,England,2008-10-26,2012-06-14,03 years 07 months 19 days,1328,198.0,98,48,52,1.73,2008-10-26,2009-06-30,248,365,0.6794520547945205,transfermarkt_manager_history_page,https://www.transfermarkt.com/tottenham-hotspur/mitarbeiterhistorie/verein/148/personalie_id/1/plus/1,2026-04-27T18:43:02.173820+00:00,high,
premier_league,Premier League,tottenham_hotspur,Tottenham Hotspur,manager,Manager,2009/10,2009,2010,448,harry_redknapp_02-03-1947,Harry Redknapp,02/03/1947,England,2008-10-26,2012-06-14,03 years 07 months 19 days,1328,198.0,98,48,52,1.73,2009-07-01,2010-06-30,365,365,1.0,transfermarkt_manager_history_page,https://www.transfermarkt.com/tottenham-hotspur/mitarbeiterhistorie/verein/148/personalie_id/1/plus/1,2026-04-27T18:43:02.173820+00:00,high,
premier_league,Premier League,tottenham_hotspur,Tottenham Hotspur,manager,Manager,2010/11,2010,2011,448,harry_redknapp_02-03-1947,Harry Redknapp,02/03/1947,England,2008-10-26,2012-06-14,03 years 07 months 19 days,1328,198.0,98,48,52,1.73,2010-07-01,2011-06-30,365,365,1.0,transfermarkt_manager_history_page,https://www.transfermarkt.com/tottenham-hotspur/mitarbeiterhistorie/verein/148/personalie_id/1/plus/1,2026-04-27T18:43:02.173820+00:00,high,
premier_league,Premier League,tottenham_hotspur,Tottenham Hotspur,manager,Manager,2011/12,2011,2012,448,harry_redknapp_02-03-1947,Harry Redknapp,02/03/1947,England,2008-10-26,2012-06-14,03 years 07 months 19 days,1328,198.0,98,48,52,1.73,2011-07-01,2012-06-14,350,366,0.9562841530054644,transfermarkt_manager_history_page,https://www.transfermarkt.com/tottenham-hotspur/mitarbeiterhistorie/verein/148/personalie_id/1/plus/1,2026-04-27T18:43:02.173820+00:00,high,
premier_league,Premier League,tottenham_hotspur,Tottenham Hotspur,manager,Manager,2012/13,2012,2013,1696,andr_villas_boas_17-10-1977,André Villas-Boas,17/10/1977,Portugal,2012-07-03,2013-12-16,01 year 05 months 13 days,532,80.0,45,18,17,1.91,2012-07-03,2013-06-30,363,365,0.9945205479452055,transfermarkt_manager_history_page,https://www.transfermarkt.com/tottenham-hotspur/mitarbeiterhistorie/verein/148/personalie_id/1/plus/1,2026-04-27T18:43:02.173820+00:00,high,
premier_league,Premier League,tottenham_hotspur,Tottenham Hotspur,manager,Manager,2013/14,2013,2014,1696,andr_villas_boas_17-10-1977,André Villas-Boas,17/10/1977,Portugal,2012-07-03,2013-12-16,01 year 05 months 13 days,532,80.0,45,18,17,1.91,2013-07-01,2013-12-16,169,365,0.46301369863013697,transfermarkt_manager_history_page,https://www.transfermarkt.com/tottenham-hotspur/mitarbeiterhistorie/verein/148/personalie_id/1/plus/1,2026-04-27T18:43:02.173820+00:00,high,
premier_league,Premier League,tottenham_hotspur,Tottenham Hotspur,manager,Manager,2013/14,2013,2014,8259,tim_sherwood_06-02-1969,Tim Sherwood,06/02/1969,England,2013-12-23,2014-05-13,04 months 20 days,142,26.0,13,4,9,1.65,2013-12-23,2014-05-13,142,365,0.38904109589041097,transfermarkt_manager_history_page,https://www.transfermarkt.com/tottenham-hotspur/mitarbeiterhistorie/verein/148/personalie_id/1/plus/1,2026-04-27T18:43:02.173820+00:00,high,
premier_league,Premier League,tottenham_hotspur,Tottenham Hotspur,manager,Manager,2014/15,2014,2015,9044,mauricio_pochettino_02-03-1972,Mauricio Pochettino,02/03/1972,Argentina | Spain,2014-07-01,2019-11-19,05 years 04 months 19 days,1968,293.0,160,60,73,1.84,2014-07-01,2015-06-30,365,365,1.0,transfermarkt_manager_history_page,https://www.transfermarkt.com/tottenham-hotspur/mitarbeiterhistorie/verein/148/personalie_id/1/plus/1,2026-04-27T18:43:02.173820+00:00,high,
premier_league,Premier League,tottenham_hotspur,Tottenham Hotspur,manager,Manager,2015/16,2015,2016,9044,mauricio_pochettino_02-03-1972,Mauricio Pochettino,02/03/1972,Argentina | Spain,2014-07-01,2019-11-19,05 years 04 months 19 days,1968,293.0,160,60,73,1.84,2015-07-01,2016-06-30,366,366,1.0,transfermarkt_manager_history_page,https://www.transfermarkt.com/tottenham-hotspur/mitarbeiterhistorie/verein/148/personalie_id/1/plus/1,2026-04-27T18:43:02.173820+00:00,high,
premier_league,Premier League,tottenham_hotspur,Tottenham Hotspur,manager,Manager,2016/17,2016,2017,9044,mauricio_pochettino_02-03-1972,Mauricio Pochettino,02/03/1972,Argentina | Spain,2014-07-01,2019-11-19,05 years 04 months 19 days,1968,293.0,160,60,73,1.84,2016-07-01,2017-06-30,365,365,1.0,transfermarkt_manager_history_page,https://www.transfermarkt.com/tottenham-hotspur/mitarbeiterhistorie/verein/148/personalie_id/1/plus/1,2026-04-27T18:43:02.173820+00:00,high,
premier_league,Premier League,tottenham_hotspur,Tottenham Hotspur,manager,Manager,2017/18,2017,2018,9044,mauricio_pochettino_02-03-1972,Mauricio Pochettino,02/03/1972,Argentina | Spain,2014-07-01,2019-11-19,05 years 04 months 19 days,1968,293.0,160,60,73,1.84,2017-07-01,2018-06-30,365,365,1.0,transfermarkt_manager_history_page,https://www.transfermarkt.com/tottenham-hotspur/mitarbeiterhistorie/verein/148/personalie_id/1/plus/1,2026-04-27T18:43:02.173820+00:00,high,
premier_league,Premier League,tottenham_hotspur,Tottenham Hotspur,manager,Manager,2018/19,2018,2019,9044,mauricio_pochettino_02-03-1972,Mauricio Pochettino,02/03/1972,Argentina | Spain,2014-07-01,2019-11-19,05 years 04 months 19 days,1968,293.0,160,60,73,1.84,2018-07-01,2019-06-30,365,365,1.0,transfermarkt_manager_history_page,https://www.transfermarkt.com/tottenham-hotspur/mitarbeiterhistorie/verein/148/personalie_id/1/plus/1,2026-04-27T18:43:02.173820+00:00,high,
premier_league,Premier League,tottenham_hotspur,Tottenham Hotspur,manager,Manager,2019/20,2019,2020,9044,mauricio_pochettino_02-03-1972,Mauricio Pochettino,02/03/1972,Argentina | Spain,2014-07-01,2019-11-19,05 years 04 months 19 days,1968,293.0,160,60,73,1.84,2019-07-01,2019-11-19,142,366,0.3879781420765027,transfermarkt_manager_history_page,https://www.transfermarkt.com/tottenham-hotspur/mitarbeiterhistorie/verein/148/personalie_id/1/plus/1,2026-04-27T18:43:02.173820+00:00,high,
premier_league,Premier League,tottenham_hotspur,Tottenham Hotspur,manager,Manager,2019/20,2019,2020,781,jos_mourinho_26-01-1963,José Mourinho,26/01/1963,Portugal,2019-11-20,2021-04-19,01 year 04 months 30 days,517,86.0,45,17,24,1.77,2019-11-20,2020-06-30,224,366,0.6120218579234973,transfermarkt_manager_history_page,https://www.transfermarkt.com/tottenham-hotspur/mitarbeiterhistorie/verein/148/personalie_id/1/plus/1,2026-04-27T18:43:02.173820+00:00,high,
premier_league,Premier League,tottenham_hotspur,Tottenham Hotspur,manager,Manager,2020/21,2020,2021,781,jos_mourinho_26-01-1963,José Mourinho,26/01/1963,Portugal,2019-11-20,2021-04-19,01 year 04 months 30 days,517,86.0,45,17,24,1.77,2020-07-01,2021-04-19,293,365,0.8027397260273973,transfermarkt_manager_history_page,https://www.transfermarkt.com/tottenham-hotspur/mitarbeiterhistorie/verein/148/personalie_id/1/plus/1,2026-04-27T18:43:02.173820+00:00,high,
premier_league,Premier League,tottenham_hotspur,Tottenham Hotspur,manager,Manager,2021/22,2021,2022,16520,nuno_esp_rito_santo_25-01-1974,Nuno Espírito Santo,25/01/1974,Portugal | Sao Tome and Principe,2021-07-01,2021-11-01,04 months 01 day,124,17.0,9,1,7,1.65,2021-07-01,2021-11-01,124,365,0.33972602739726027,transfermarkt_manager_history_page,https://www.transfermarkt.com/tottenham-hotspur/mitarbeiterhistorie/verein/148/personalie_id/1/plus/1,2026-04-27T18:43:02.173820+00:00,high,
premier_league,Premier League,tottenham_hotspur,Tottenham Hotspur,manager,Manager,2021/22,2021,2022,3517,antonio_conte_31-07-1969,Antonio Conte,31/07/1969,Italy,2021-11-02,2023-03-26,01 year 04 months 24 days,510,76.0,41,12,23,1.78,2021-11-02,2022-06-30,241,365,0.6602739726027397,transfermarkt_manager_history_page,https://www.transfermarkt.com/tottenham-hotspur/mitarbeiterhistorie/verein/148/personalie_id/1/plus/1,2026-04-27T18:43:02.173820+00:00,high,
premier_league,Premier League,tottenham_hotspur,Tottenham Hotspur,manager,Manager,2022/23,2022,2023,3517,antonio_conte_31-07-1969,Antonio Conte,31/07/1969,Italy,2021-11-02,2023-03-26,01 year 04 months 24 days,510,76.0,41,12,23,1.78,2022-07-01,2023-03-26,269,365,0.736986301369863,transfermarkt_manager_history_page,https://www.transfermarkt.com/tottenham-hotspur/mitarbeiterhistorie/verein/148/personalie_id/1/plus/1,2026-04-27T18:43:02.173820+00:00,high,
premier_league,Premier League,tottenham_hotspur,Tottenham Hotspur,manager,Manager,2023/24,2023,2024,11929,ange_postecoglou_27-08-1965,Ange Postecoglou,27/08/1965,Australia | Greece,2023-07-01,2025-06-06,01 year 11 months 06 days,707,101.0,47,14,40,1.53,2023-07-01,2024-06-30,366,366,1.0,transfermarkt_manager_history_page,https://www.transfermarkt.com/tottenham-hotspur/mitarbeiterhistorie/verein/148/personalie_id/1/plus/1,2026-04-27T18:43:02.173820+00:00,high,
premier_league,Premier League,tottenham_hotspur,Tottenham Hotspur,manager,Manager,2024/25,2024,2025,11929,ange_postecoglou_27-08-1965,Ange Postecoglou,27/08/1965,Australia | Greece,2023-07-01,2025-06-06,01 year 11 months 06 days,707,101.0,47,14,40,1.53,2024-07-01,2025-06-06,341,365,0.9342465753424658,transfermarkt_manager_history_page,https://www.transfermarkt.com/tottenham-hotspur/mitarbeiterhistorie/verein/148/personalie_id/1/plus/1,2026-04-27T18:43:02.173820+00:00,high,
premier_league,Premier League,tottenham_hotspur,Tottenham Hotspur,manager,Manager,2025/26,2025,2026,9002,thomas_frank_09-10-1973,Thomas Frank,09/10/1973,Denmark,2025-07-01,2026-02-11,07 months 11 days,226,38.0,13,10,15,1.29,2025-07-01,2026-02-11,226,365,0.6191780821917808,transfermarkt_manager_history_page,https://www.transfermarkt.com/tottenham-hotspur/mitarbeiterhistorie/verein/148/personalie_id/1/plus/1,2026-04-27T18:43:02.173820+00:00,high,
premier_league,Premier League,tottenham_hotspur,Tottenham Hotspur,manager,Manager,2025/26,2025,2026,28632,igor_tudor_16-04-1978,Igor Tudor,16/04/1978,Croatia,2026-02-14,2026-03-29,01 month 15 days,44,7.0,1,1,5,0.57,2026-02-14,2026-03-29,44,365,0.12054794520547946,transfermarkt_manager_history_page,https://www.transfermarkt.com/tottenham-hotspur/mitarbeiterhistorie/verein/148/personalie_id/1/plus/1,2026-04-27T18:43:02.173820+00:00,high,
premier_league,Premier League,tottenham_hotspur,Tottenham Hotspur,manager,Manager,2025/26,2025,2026,32157,roberto_de_zerbi_06-06-1979,Roberto De Zerbi,06/06/1979,Italy,2026-03-31,,27 days,28,3.0,1,1,1,1.33,2026-03-31,2026-04-27,28,365,0.07671232876712329,transfermarkt_manager_history_page,https://www.transfermarkt.com/tottenham-hotspur/mitarbeiterhistorie/verein/148/personalie_id/1/plus/1,2026-04-27T18:43:02.173820+00:00,high,Manager spell appears ongoing on the collection date. Ongoing manager spell; overlap calculated through the collection date or season end.
