league_key,league_name,club_id,club_name,season,season_start_year,season_end_year,achievement_count_total,major_trophy_count,achievement_names,major_trophies,source_name,source_endpoint,collected_at_utc,confidence_level,notes
premier_league,Premier League,arsenal,Arsenal,1903/04,1903,1904,1,0,Promoted to 1st league,,transfermarkt_achievements_page,https://www.transfermarkt.com/arsenal/erfolge/verein/11,2026-04-28T07:46:00.357727+00:00,medium,Assigned season derived from achievement season label '1903/04' using method 'season_label_preserved'.
premier_league,Premier League,arsenal,Arsenal,1912/13,1912,1913,1,0,Relegated from 1st league,,transfermarkt_achievements_page,https://www.transfermarkt.com/arsenal/erfolge/verein/11,2026-04-28T07:46:00.357727+00:00,medium,Assigned season derived from achievement season label '1912/13' using method 'season_label_preserved'.
premier_league,Premier League,arsenal,Arsenal,1914/15,1914,1915,1,0,Promoted to 1st league,,transfermarkt_achievements_page,https://www.transfermarkt.com/arsenal/erfolge/verein/11,2026-04-28T07:46:00.357727+00:00,medium,Assigned season derived from achievement season label '1914/15' using method 'season_label_preserved'.
premier_league,Premier League,arsenal,Arsenal,1926/27,1926,1927,1,0,FA Cup Runner up,,transfermarkt_achievements_page,https://www.transfermarkt.com/arsenal/erfolge/verein/11,2026-04-28T07:46:00.357727+00:00,medium,Assigned season derived from achievement season label '1926/27' using method 'season_label_preserved'.
premier_league,Premier League,arsenal,Arsenal,1929/30,1929,1930,1,1,FA Cup Winner,FA Cup Winner,transfermarkt_achievements_page,https://www.transfermarkt.com/arsenal/erfolge/verein/11,2026-04-28T07:46:00.357727+00:00,medium,Assigned season derived from achievement season label '1929/30' using method 'season_label_preserved'.
premier_league,Premier League,arsenal,Arsenal,1930/31,1930,1931,2,2,English Champion | English Supercup Winner,English Champion | English Supercup Winner,transfermarkt_achievements_page,https://www.transfermarkt.com/arsenal/erfolge/verein/11,2026-04-28T07:46:00.357727+00:00,medium,Assigned season derived from achievement season label '30/31' using method 'season_label_expanded_fallback'.
premier_league,Premier League,arsenal,Arsenal,1931/32,1931,1932,2,1,English Supercup Winner | FA Cup Runner up,English Supercup Winner,transfermarkt_achievements_page,https://www.transfermarkt.com/arsenal/erfolge/verein/11,2026-04-28T07:46:00.357727+00:00,medium,Assigned season derived from achievement season label '31/32' using method 'season_label_expanded_fallback'.
premier_league,Premier League,arsenal,Arsenal,1932/33,1932,1933,1,1,English Champion,English Champion,transfermarkt_achievements_page,https://www.transfermarkt.com/arsenal/erfolge/verein/11,2026-04-28T07:46:00.357727+00:00,medium,Assigned season derived from achievement season label '32/33' using method 'season_label_expanded_fallback'.
premier_league,Premier League,arsenal,Arsenal,1933/34,1933,1934,2,2,English Champion | English Supercup Winner,English Champion | English Supercup Winner,transfermarkt_achievements_page,https://www.transfermarkt.com/arsenal/erfolge/verein/11,2026-04-28T07:46:00.357727+00:00,medium,Assigned season derived from achievement season label '33/34' using method 'season_label_expanded_fallback'.
premier_league,Premier League,arsenal,Arsenal,1934/35,1934,1935,2,2,English Champion | English Supercup Winner,English Champion | English Supercup Winner,transfermarkt_achievements_page,https://www.transfermarkt.com/arsenal/erfolge/verein/11,2026-04-28T07:46:00.357727+00:00,medium,Assigned season derived from achievement season label '34/35' using method 'season_label_expanded_fallback'.
premier_league,Premier League,arsenal,Arsenal,1935/36,1935,1936,1,1,FA Cup Winner,FA Cup Winner,transfermarkt_achievements_page,https://www.transfermarkt.com/arsenal/erfolge/verein/11,2026-04-28T07:46:00.357727+00:00,medium,Assigned season derived from achievement season label '35/36' using method 'season_label_expanded_fallback'.
premier_league,Premier League,arsenal,Arsenal,1937/38,1937,1938,1,1,English Champion,English Champion,transfermarkt_achievements_page,https://www.transfermarkt.com/arsenal/erfolge/verein/11,2026-04-28T07:46:00.357727+00:00,medium,Assigned season derived from achievement season label '37/38' using method 'season_label_expanded_fallback'.
premier_league,Premier League,arsenal,Arsenal,1938/39,1938,1939,1,1,English Supercup Winner,English Supercup Winner,transfermarkt_achievements_page,https://www.transfermarkt.com/arsenal/erfolge/verein/11,2026-04-28T07:46:00.357727+00:00,medium,Assigned season derived from achievement season label '38/39' using method 'season_label_expanded_fallback'.
premier_league,Premier League,arsenal,Arsenal,1947/48,1947,1948,1,1,English Champion,English Champion,transfermarkt_achievements_page,https://www.transfermarkt.com/arsenal/erfolge/verein/11,2026-04-28T07:46:00.357727+00:00,medium,Assigned season derived from achievement season label '47/48' using method 'season_label_expanded_fallback'.
premier_league,Premier League,arsenal,Arsenal,1948/49,1948,1949,1,1,English Supercup Winner,English Supercup Winner,transfermarkt_achievements_page,https://www.transfermarkt.com/arsenal/erfolge/verein/11,2026-04-28T07:46:00.357727+00:00,medium,Assigned season derived from achievement season label '48/49' using method 'season_label_expanded_fallback'.
premier_league,Premier League,arsenal,Arsenal,1949/50,1949,1950,1,1,FA Cup Winner,FA Cup Winner,transfermarkt_achievements_page,https://www.transfermarkt.com/arsenal/erfolge/verein/11,2026-04-28T07:46:00.357727+00:00,medium,Assigned season derived from achievement season label '49/50' using method 'season_label_expanded_fallback'.
premier_league,Premier League,arsenal,Arsenal,1951/52,1951,1952,1,0,FA Cup Runner up,,transfermarkt_achievements_page,https://www.transfermarkt.com/arsenal/erfolge/verein/11,2026-04-28T07:46:00.357727+00:00,medium,Assigned season derived from achievement season label '51/52' using method 'season_label_expanded_fallback'.
premier_league,Premier League,arsenal,Arsenal,1952/53,1952,1953,1,1,English Champion,English Champion,transfermarkt_achievements_page,https://www.transfermarkt.com/arsenal/erfolge/verein/11,2026-04-28T07:46:00.357727+00:00,medium,Assigned season derived from achievement season label '52/53' using method 'season_label_expanded_fallback'.
premier_league,Premier League,arsenal,Arsenal,1953/54,1953,1954,1,1,English Supercup Winner,English Supercup Winner,transfermarkt_achievements_page,https://www.transfermarkt.com/arsenal/erfolge/verein/11,2026-04-28T07:46:00.357727+00:00,medium,Assigned season derived from achievement season label '53/54' using method 'season_label_expanded_fallback'.
premier_league,Premier League,arsenal,Arsenal,1967/68,1967,1968,1,0,English League Cup runner-up,,transfermarkt_achievements_page,https://www.transfermarkt.com/arsenal/erfolge/verein/11,2026-04-28T07:46:00.357727+00:00,medium,Assigned season derived from achievement season label '67/68' using method 'season_label_expanded_fallback'.
premier_league,Premier League,arsenal,Arsenal,1968/69,1968,1969,1,0,English League Cup runner-up,,transfermarkt_achievements_page,https://www.transfermarkt.com/arsenal/erfolge/verein/11,2026-04-28T07:46:00.357727+00:00,medium,Assigned season derived from achievement season label '68/69' using method 'season_label_expanded_fallback'.
premier_league,Premier League,arsenal,Arsenal,1969/70,1969,1970,1,1,Inter-Cities Fairs Cup winner,Inter-Cities Fairs Cup winner,transfermarkt_achievements_page,https://www.transfermarkt.com/arsenal/erfolge/verein/11,2026-04-28T07:46:00.357727+00:00,medium,Assigned season derived from achievement season label '69/70' using method 'season_label_expanded_fallback'.
premier_league,Premier League,arsenal,Arsenal,1970/71,1970,1971,2,2,English Champion | FA Cup Winner,English Champion | FA Cup Winner,transfermarkt_achievements_page,https://www.transfermarkt.com/arsenal/erfolge/verein/11,2026-04-28T07:46:00.357727+00:00,medium,Assigned season derived from achievement season label '70/71' using method 'season_label_expanded_fallback'.
premier_league,Premier League,arsenal,Arsenal,1971/72,1971,1972,1,0,FA Cup Runner up,,transfermarkt_achievements_page,https://www.transfermarkt.com/arsenal/erfolge/verein/11,2026-04-28T07:46:00.357727+00:00,medium,Assigned season derived from achievement season label '71/72' using method 'season_label_expanded_fallback'.
premier_league,Premier League,arsenal,Arsenal,1977/78,1977,1978,1,0,FA Cup Runner up,,transfermarkt_achievements_page,https://www.transfermarkt.com/arsenal/erfolge/verein/11,2026-04-28T07:46:00.357727+00:00,medium,Assigned season derived from achievement season label '77/78' using method 'season_label_expanded_fallback'.
premier_league,Premier League,arsenal,Arsenal,1978/79,1978,1979,1,1,FA Cup Winner,FA Cup Winner,transfermarkt_achievements_page,https://www.transfermarkt.com/arsenal/erfolge/verein/11,2026-04-28T07:46:00.357727+00:00,medium,Assigned season derived from achievement season label '78/79' using method 'season_label_expanded_fallback'.
premier_league,Premier League,arsenal,Arsenal,1979/80,1979,1980,2,0,Cup Winners Cup Runner Up | FA Cup Runner up,,transfermarkt_achievements_page,https://www.transfermarkt.com/arsenal/erfolge/verein/11,2026-04-28T07:46:00.357727+00:00,medium,Assigned season derived from achievement season label '79/80' using method 'season_label_expanded_fallback'.
premier_league,Premier League,arsenal,Arsenal,1986/87,1986,1987,1,1,English League Cup winner,English League Cup winner,transfermarkt_achievements_page,https://www.transfermarkt.com/arsenal/erfolge/verein/11,2026-04-28T07:46:00.357727+00:00,medium,Assigned season derived from achievement season label '86/87' using method 'season_label_expanded_fallback'.
premier_league,Premier League,arsenal,Arsenal,1987/88,1987,1988,1,0,English League Cup runner-up,,transfermarkt_achievements_page,https://www.transfermarkt.com/arsenal/erfolge/verein/11,2026-04-28T07:46:00.357727+00:00,medium,Assigned season derived from achievement season label '87/88' using method 'season_label_expanded_fallback'.
premier_league,Premier League,arsenal,Arsenal,1988/89,1988,1989,1,1,English Champion,English Champion,transfermarkt_achievements_page,https://www.transfermarkt.com/arsenal/erfolge/verein/11,2026-04-28T07:46:00.357727+00:00,medium,Assigned season derived from achievement season label '88/89' using method 'season_label_expanded_fallback'.
premier_league,Premier League,arsenal,Arsenal,1990/91,1990,1991,1,1,English Champion,English Champion,transfermarkt_achievements_page,https://www.transfermarkt.com/arsenal/erfolge/verein/11,2026-04-28T07:46:00.357727+00:00,high,
premier_league,Premier League,arsenal,Arsenal,1991/92,1991,1992,1,1,English Supercup Winner,English Supercup Winner,transfermarkt_achievements_page,https://www.transfermarkt.com/arsenal/erfolge/verein/11,2026-04-28T07:46:00.357727+00:00,high,
premier_league,Premier League,arsenal,Arsenal,1992/93,1992,1993,2,2,English League Cup winner | FA Cup Winner,English League Cup winner | FA Cup Winner,transfermarkt_achievements_page,https://www.transfermarkt.com/arsenal/erfolge/verein/11,2026-04-28T07:46:00.357727+00:00,high,
premier_league,Premier League,arsenal,Arsenal,1993/94,1993,1994,1,1,Cup Winners Cup Winner,Cup Winners Cup Winner,transfermarkt_achievements_page,https://www.transfermarkt.com/arsenal/erfolge/verein/11,2026-04-28T07:46:00.357727+00:00,high,
premier_league,Premier League,arsenal,Arsenal,1994/95,1994,1995,2,0,Cup Winners Cup Runner Up | UEFA Super Cup runner-up,,transfermarkt_achievements_page,https://www.transfermarkt.com/arsenal/erfolge/verein/11,2026-04-28T07:46:00.357727+00:00,high,
premier_league,Premier League,arsenal,Arsenal,1997/98,1997,1998,2,2,English Champion | FA Cup Winner,English Champion | FA Cup Winner,transfermarkt_achievements_page,https://www.transfermarkt.com/arsenal/erfolge/verein/11,2026-04-28T07:46:00.357727+00:00,high,
premier_league,Premier League,arsenal,Arsenal,1998/99,1998,1999,2,1,Champions League Participant | English Supercup Winner,English Supercup Winner,transfermarkt_achievements_page,https://www.transfermarkt.com/arsenal/erfolge/verein/11,2026-04-28T07:46:00.357727+00:00,high,
premier_league,Premier League,arsenal,Arsenal,1999/00,1999,2000,3,1,Champions League Participant | English Supercup Winner | UEFA Cup runner-up,English Supercup Winner,transfermarkt_achievements_page,https://www.transfermarkt.com/arsenal/erfolge/verein/11,2026-04-28T07:46:00.357727+00:00,high,
premier_league,Premier League,arsenal,Arsenal,2000/01,2000,2001,2,0,Champions League Participant | FA Cup Runner up,,transfermarkt_achievements_page,https://www.transfermarkt.com/arsenal/erfolge/verein/11,2026-04-28T07:46:00.357727+00:00,high,
premier_league,Premier League,arsenal,Arsenal,2001/02,2001,2002,3,2,Champions League Participant | English Champion | FA Cup Winner,English Champion | FA Cup Winner,transfermarkt_achievements_page,https://www.transfermarkt.com/arsenal/erfolge/verein/11,2026-04-28T07:46:00.357727+00:00,high,
premier_league,Premier League,arsenal,Arsenal,2002/03,2002,2003,3,2,Champions League Participant | English Supercup Winner | FA Cup Winner,English Supercup Winner | FA Cup Winner,transfermarkt_achievements_page,https://www.transfermarkt.com/arsenal/erfolge/verein/11,2026-04-28T07:46:00.357727+00:00,high,
premier_league,Premier League,arsenal,Arsenal,2003/04,2003,2004,2,1,Champions League Participant | English Champion,English Champion,transfermarkt_achievements_page,https://www.transfermarkt.com/arsenal/erfolge/verein/11,2026-04-28T07:46:00.357727+00:00,high,
premier_league,Premier League,arsenal,Arsenal,2004/05,2004,2005,3,2,Champions League Participant | English Supercup Winner | FA Cup Winner,English Supercup Winner | FA Cup Winner,transfermarkt_achievements_page,https://www.transfermarkt.com/arsenal/erfolge/verein/11,2026-04-28T07:46:00.357727+00:00,high,
premier_league,Premier League,arsenal,Arsenal,2005/06,2005,2006,2,1,Champions League Participant | Champions League runner-up,Champions League runner-up,transfermarkt_achievements_page,https://www.transfermarkt.com/arsenal/erfolge/verein/11,2026-04-28T07:46:00.357727+00:00,high,
premier_league,Premier League,arsenal,Arsenal,2006/07,2006,2007,2,0,Champions League Participant | English League Cup runner-up,,transfermarkt_achievements_page,https://www.transfermarkt.com/arsenal/erfolge/verein/11,2026-04-28T07:46:00.357727+00:00,high,
premier_league,Premier League,arsenal,Arsenal,2007/08,2007,2008,1,0,Champions League Participant,,transfermarkt_achievements_page,https://www.transfermarkt.com/arsenal/erfolge/verein/11,2026-04-28T07:46:00.357727+00:00,high,
premier_league,Premier League,arsenal,Arsenal,2008/09,2008,2009,1,0,Champions League Participant,,transfermarkt_achievements_page,https://www.transfermarkt.com/arsenal/erfolge/verein/11,2026-04-28T07:46:00.357727+00:00,high,
premier_league,Premier League,arsenal,Arsenal,2009/10,2009,2010,1,0,Champions League Participant,,transfermarkt_achievements_page,https://www.transfermarkt.com/arsenal/erfolge/verein/11,2026-04-28T07:46:00.357727+00:00,high,
premier_league,Premier League,arsenal,Arsenal,2010/11,2010,2011,2,0,Champions League Participant | English League Cup runner-up,,transfermarkt_achievements_page,https://www.transfermarkt.com/arsenal/erfolge/verein/11,2026-04-28T07:46:00.357727+00:00,high,
premier_league,Premier League,arsenal,Arsenal,2011/12,2011,2012,1,0,Champions League Participant,,transfermarkt_achievements_page,https://www.transfermarkt.com/arsenal/erfolge/verein/11,2026-04-28T07:46:00.357727+00:00,high,
premier_league,Premier League,arsenal,Arsenal,2012/13,2012,2013,1,0,Champions League Participant,,transfermarkt_achievements_page,https://www.transfermarkt.com/arsenal/erfolge/verein/11,2026-04-28T07:46:00.357727+00:00,high,
premier_league,Premier League,arsenal,Arsenal,2013/14,2013,2014,2,1,Champions League Participant | FA Cup Winner,FA Cup Winner,transfermarkt_achievements_page,https://www.transfermarkt.com/arsenal/erfolge/verein/11,2026-04-28T07:46:00.357727+00:00,high,
premier_league,Premier League,arsenal,Arsenal,2014/15,2014,2015,3,2,Champions League Participant | English Supercup Winner | FA Cup Winner,English Supercup Winner | FA Cup Winner,transfermarkt_achievements_page,https://www.transfermarkt.com/arsenal/erfolge/verein/11,2026-04-28T07:46:00.357727+00:00,high,
premier_league,Premier League,arsenal,Arsenal,2015/16,2015,2016,2,1,Champions League Participant | English Supercup Winner,English Supercup Winner,transfermarkt_achievements_page,https://www.transfermarkt.com/arsenal/erfolge/verein/11,2026-04-28T07:46:00.357727+00:00,high,
premier_league,Premier League,arsenal,Arsenal,2016/17,2016,2017,2,1,Champions League Participant | FA Cup Winner,FA Cup Winner,transfermarkt_achievements_page,https://www.transfermarkt.com/arsenal/erfolge/verein/11,2026-04-28T07:46:00.357727+00:00,high,
premier_league,Premier League,arsenal,Arsenal,2017/18,2017,2018,3,1,English League Cup runner-up | English Supercup Winner | Europa League Participant,English Supercup Winner,transfermarkt_achievements_page,https://www.transfermarkt.com/arsenal/erfolge/verein/11,2026-04-28T07:46:00.357727+00:00,high,
premier_league,Premier League,arsenal,Arsenal,2018/19,2018,2019,2,0,Europa League Participant | Europa League runner-up,,transfermarkt_achievements_page,https://www.transfermarkt.com/arsenal/erfolge/verein/11,2026-04-28T07:46:00.357727+00:00,high,
premier_league,Premier League,arsenal,Arsenal,2019/20,2019,2020,2,1,Europa League Participant | FA Cup Winner,FA Cup Winner,transfermarkt_achievements_page,https://www.transfermarkt.com/arsenal/erfolge/verein/11,2026-04-28T07:46:00.357727+00:00,high,
premier_league,Premier League,arsenal,Arsenal,2020/21,2020,2021,2,1,English Supercup Winner | Europa League Participant,English Supercup Winner,transfermarkt_achievements_page,https://www.transfermarkt.com/arsenal/erfolge/verein/11,2026-04-28T07:46:00.357727+00:00,high,
premier_league,Premier League,arsenal,Arsenal,2022/23,2022,2023,1,0,Europa League Participant,,transfermarkt_achievements_page,https://www.transfermarkt.com/arsenal/erfolge/verein/11,2026-04-28T07:46:00.357727+00:00,high,
premier_league,Premier League,arsenal,Arsenal,2023/24,2023,2024,2,1,Champions League Participant | English Supercup Winner,English Supercup Winner,transfermarkt_achievements_page,https://www.transfermarkt.com/arsenal/erfolge/verein/11,2026-04-28T07:46:00.357727+00:00,high,
premier_league,Premier League,arsenal,Arsenal,2024/25,2024,2025,1,0,Champions League Participant,,transfermarkt_achievements_page,https://www.transfermarkt.com/arsenal/erfolge/verein/11,2026-04-28T07:46:00.357727+00:00,high,
premier_league,Premier League,chelsea,Chelsea,1906/07,1906,1907,1,0,Promoted to 1st league,,transfermarkt_achievements_page,https://www.transfermarkt.com/chelsea/erfolge/verein/631,2026-04-28T07:46:07.184658+00:00,medium,Assigned season derived from achievement season label '1906/07' using method 'season_label_preserved'.
premier_league,Premier League,chelsea,Chelsea,1909/10,1909,1910,1,0,Relegated from 1st league,,transfermarkt_achievements_page,https://www.transfermarkt.com/chelsea/erfolge/verein/631,2026-04-28T07:46:07.184658+00:00,medium,Assigned season derived from achievement season label '1909/10' using method 'season_label_preserved'.
premier_league,Premier League,chelsea,Chelsea,1911/12,1911,1912,1,0,Promoted to 1st league,,transfermarkt_achievements_page,https://www.transfermarkt.com/chelsea/erfolge/verein/631,2026-04-28T07:46:07.184658+00:00,medium,Assigned season derived from achievement season label '1911/12' using method 'season_label_preserved'.
premier_league,Premier League,chelsea,Chelsea,1914/15,1914,1915,1,0,FA Cup Runner up,,transfermarkt_achievements_page,https://www.transfermarkt.com/chelsea/erfolge/verein/631,2026-04-28T07:46:07.184658+00:00,medium,Assigned season derived from achievement season label '1914/15' using method 'season_label_preserved'.
premier_league,Premier League,chelsea,Chelsea,1923/24,1923,1924,1,0,Relegated from 1st league,,transfermarkt_achievements_page,https://www.transfermarkt.com/chelsea/erfolge/verein/631,2026-04-28T07:46:07.184658+00:00,medium,Assigned season derived from achievement season label '1923/24' using method 'season_label_preserved'.
premier_league,Premier League,chelsea,Chelsea,1929/30,1929,1930,1,0,Promoted to 1st league,,transfermarkt_achievements_page,https://www.transfermarkt.com/chelsea/erfolge/verein/631,2026-04-28T07:46:07.184658+00:00,medium,Assigned season derived from achievement season label '1929/30' using method 'season_label_preserved'.
premier_league,Premier League,chelsea,Chelsea,1954/55,1954,1955,1,1,English Champion,English Champion,transfermarkt_achievements_page,https://www.transfermarkt.com/chelsea/erfolge/verein/631,2026-04-28T07:46:07.184658+00:00,medium,Assigned season derived from achievement season label '54/55' using method 'season_label_expanded_fallback'.
premier_league,Premier League,chelsea,Chelsea,1955/56,1955,1956,1,1,English Supercup Winner,English Supercup Winner,transfermarkt_achievements_page,https://www.transfermarkt.com/chelsea/erfolge/verein/631,2026-04-28T07:46:07.184658+00:00,medium,Assigned season derived from achievement season label '55/56' using method 'season_label_expanded_fallback'.
premier_league,Premier League,chelsea,Chelsea,1961/62,1961,1962,1,0,Relegated from 1st league,,transfermarkt_achievements_page,https://www.transfermarkt.com/chelsea/erfolge/verein/631,2026-04-28T07:46:07.184658+00:00,medium,Assigned season derived from achievement season label '61/62' using method 'season_label_expanded_fallback'.
premier_league,Premier League,chelsea,Chelsea,1962/63,1962,1963,1,0,Promoted to 1st league,,transfermarkt_achievements_page,https://www.transfermarkt.com/chelsea/erfolge/verein/631,2026-04-28T07:46:07.184658+00:00,medium,Assigned season derived from achievement season label '62/63' using method 'season_label_expanded_fallback'.
premier_league,Premier League,chelsea,Chelsea,1964/65,1964,1965,1,1,English League Cup winner,English League Cup winner,transfermarkt_achievements_page,https://www.transfermarkt.com/chelsea/erfolge/verein/631,2026-04-28T07:46:07.184658+00:00,medium,Assigned season derived from achievement season label '64/65' using method 'season_label_expanded_fallback'.
premier_league,Premier League,chelsea,Chelsea,1966/67,1966,1967,1,0,FA Cup Runner up,,transfermarkt_achievements_page,https://www.transfermarkt.com/chelsea/erfolge/verein/631,2026-04-28T07:46:07.184658+00:00,medium,Assigned season derived from achievement season label '66/67' using method 'season_label_expanded_fallback'.
premier_league,Premier League,chelsea,Chelsea,1969/70,1969,1970,1,1,FA Cup Winner,FA Cup Winner,transfermarkt_achievements_page,https://www.transfermarkt.com/chelsea/erfolge/verein/631,2026-04-28T07:46:07.184658+00:00,medium,Assigned season derived from achievement season label '69/70' using method 'season_label_expanded_fallback'.
premier_league,Premier League,chelsea,Chelsea,1970/71,1970,1971,1,1,Cup Winners Cup Winner,Cup Winners Cup Winner,transfermarkt_achievements_page,https://www.transfermarkt.com/chelsea/erfolge/verein/631,2026-04-28T07:46:07.184658+00:00,medium,Assigned season derived from achievement season label '70/71' using method 'season_label_expanded_fallback'.
premier_league,Premier League,chelsea,Chelsea,1971/72,1971,1972,1,0,English League Cup runner-up,,transfermarkt_achievements_page,https://www.transfermarkt.com/chelsea/erfolge/verein/631,2026-04-28T07:46:07.184658+00:00,medium,Assigned season derived from achievement season label '71/72' using method 'season_label_expanded_fallback'.
premier_league,Premier League,chelsea,Chelsea,1974/75,1974,1975,1,0,Relegated from 1st league,,transfermarkt_achievements_page,https://www.transfermarkt.com/chelsea/erfolge/verein/631,2026-04-28T07:46:07.184658+00:00,medium,Assigned season derived from achievement season label '74/75' using method 'season_label_expanded_fallback'.
premier_league,Premier League,chelsea,Chelsea,1976/77,1976,1977,1,0,Promoted to 1st league,,transfermarkt_achievements_page,https://www.transfermarkt.com/chelsea/erfolge/verein/631,2026-04-28T07:46:07.184658+00:00,medium,Assigned season derived from achievement season label '76/77' using method 'season_label_expanded_fallback'.
premier_league,Premier League,chelsea,Chelsea,1978/79,1978,1979,1,0,Relegated from 1st league,,transfermarkt_achievements_page,https://www.transfermarkt.com/chelsea/erfolge/verein/631,2026-04-28T07:46:07.184658+00:00,medium,Assigned season derived from achievement season label '78/79' using method 'season_label_expanded_fallback'.
premier_league,Premier League,chelsea,Chelsea,1983/84,1983,1984,2,1,English 2nd tier champion | Promoted to 1st league,English 2nd tier champion,transfermarkt_achievements_page,https://www.transfermarkt.com/chelsea/erfolge/verein/631,2026-04-28T07:46:07.184658+00:00,medium,Assigned season derived from achievement season label '83/84' using method 'season_label_expanded_fallback'.
premier_league,Premier League,chelsea,Chelsea,1987/88,1987,1988,1,0,Relegated from 1st league,,transfermarkt_achievements_page,https://www.transfermarkt.com/chelsea/erfolge/verein/631,2026-04-28T07:46:07.184658+00:00,medium,Assigned season derived from achievement season label '87/88' using method 'season_label_expanded_fallback'.
premier_league,Premier League,chelsea,Chelsea,1988/89,1988,1989,2,1,English 2nd tier champion | Promoted to 1st league,English 2nd tier champion,transfermarkt_achievements_page,https://www.transfermarkt.com/chelsea/erfolge/verein/631,2026-04-28T07:46:07.184658+00:00,medium,Assigned season derived from achievement season label '88/89' using method 'season_label_expanded_fallback'.
premier_league,Premier League,chelsea,Chelsea,1993/94,1993,1994,1,0,FA Cup Runner up,,transfermarkt_achievements_page,https://www.transfermarkt.com/chelsea/erfolge/verein/631,2026-04-28T07:46:07.184658+00:00,high,
premier_league,Premier League,chelsea,Chelsea,1996/97,1996,1997,1,1,FA Cup Winner,FA Cup Winner,transfermarkt_achievements_page,https://www.transfermarkt.com/chelsea/erfolge/verein/631,2026-04-28T07:46:07.184658+00:00,high,
premier_league,Premier League,chelsea,Chelsea,1997/98,1997,1998,2,2,Cup Winners Cup Winner | English League Cup winner,Cup Winners Cup Winner | English League Cup winner,transfermarkt_achievements_page,https://www.transfermarkt.com/chelsea/erfolge/verein/631,2026-04-28T07:46:07.184658+00:00,high,
premier_league,Premier League,chelsea,Chelsea,1998/99,1998,1999,1,1,UEFA Supercup Winner,UEFA Supercup Winner,transfermarkt_achievements_page,https://www.transfermarkt.com/chelsea/erfolge/verein/631,2026-04-28T07:46:07.184658+00:00,high,
premier_league,Premier League,chelsea,Chelsea,1999/00,1999,2000,2,1,Champions League Participant | FA Cup Winner,FA Cup Winner,transfermarkt_achievements_page,https://www.transfermarkt.com/chelsea/erfolge/verein/631,2026-04-28T07:46:07.184658+00:00,high,
premier_league,Premier League,chelsea,Chelsea,2000/01,2000,2001,2,1,English Supercup Winner | UEFA Cup Participant,English Supercup Winner,transfermarkt_achievements_page,https://www.transfermarkt.com/chelsea/erfolge/verein/631,2026-04-28T07:46:07.184658+00:00,high,
premier_league,Premier League,chelsea,Chelsea,2001/02,2001,2002,2,0,FA Cup Runner up | UEFA Cup Participant,,transfermarkt_achievements_page,https://www.transfermarkt.com/chelsea/erfolge/verein/631,2026-04-28T07:46:07.184658+00:00,high,
premier_league,Premier League,chelsea,Chelsea,2002/03,2002,2003,1,0,UEFA Cup Participant,,transfermarkt_achievements_page,https://www.transfermarkt.com/chelsea/erfolge/verein/631,2026-04-28T07:46:07.184658+00:00,high,
premier_league,Premier League,chelsea,Chelsea,2003/04,2003,2004,1,0,Champions League Participant,,transfermarkt_achievements_page,https://www.transfermarkt.com/chelsea/erfolge/verein/631,2026-04-28T07:46:07.184658+00:00,high,
premier_league,Premier League,chelsea,Chelsea,2004/05,2004,2005,3,2,Champions League Participant | English Champion | English League Cup winner,English Champion | English League Cup winner,transfermarkt_achievements_page,https://www.transfermarkt.com/chelsea/erfolge/verein/631,2026-04-28T07:46:07.184658+00:00,high,
premier_league,Premier League,chelsea,Chelsea,2005/06,2005,2006,3,2,Champions League Participant | English Champion | English Supercup Winner,English Champion | English Supercup Winner,transfermarkt_achievements_page,https://www.transfermarkt.com/chelsea/erfolge/verein/631,2026-04-28T07:46:07.184658+00:00,high,
premier_league,Premier League,chelsea,Chelsea,2006/07,2006,2007,3,2,Champions League Participant | English League Cup winner | FA Cup Winner,English League Cup winner | FA Cup Winner,transfermarkt_achievements_page,https://www.transfermarkt.com/chelsea/erfolge/verein/631,2026-04-28T07:46:07.184658+00:00,high,
premier_league,Premier League,chelsea,Chelsea,2007/08,2007,2008,3,1,Champions League Participant | Champions League runner-up | English League Cup runner-up,Champions League runner-up,transfermarkt_achievements_page,https://www.transfermarkt.com/chelsea/erfolge/verein/631,2026-04-28T07:46:07.184658+00:00,high,
premier_league,Premier League,chelsea,Chelsea,2008/09,2008,2009,2,1,Champions League Participant | FA Cup Winner,FA Cup Winner,transfermarkt_achievements_page,https://www.transfermarkt.com/chelsea/erfolge/verein/631,2026-04-28T07:46:07.184658+00:00,high,
premier_league,Premier League,chelsea,Chelsea,2009/10,2009,2010,4,3,Champions League Participant | English Champion | English Supercup Winner | FA Cup Winner,English Champion | English Supercup Winner | FA Cup Winner,transfermarkt_achievements_page,https://www.transfermarkt.com/chelsea/erfolge/verein/631,2026-04-28T07:46:07.184658+00:00,high,
premier_league,Premier League,chelsea,Chelsea,2010/11,2010,2011,1,0,Champions League Participant,,transfermarkt_achievements_page,https://www.transfermarkt.com/chelsea/erfolge/verein/631,2026-04-28T07:46:07.184658+00:00,high,
premier_league,Premier League,chelsea,Chelsea,2011/12,2011,2012,3,2,Champions League Participant | FA Cup Winner | UEFA Champions League winner,FA Cup Winner | UEFA Champions League winner,transfermarkt_achievements_page,https://www.transfermarkt.com/chelsea/erfolge/verein/631,2026-04-28T07:46:07.184658+00:00,high,
premier_league,Premier League,chelsea,Chelsea,2012/13,2012,2013,6,1,Champions League Participant | Europa League Participant | Europa League Winner | FIFA Club World Cup Participant | FIFA Club World Cup runner-up | UEFA Super Cup runner-up,Europa League Winner,transfermarkt_achievements_page,https://www.transfermarkt.com/chelsea/erfolge/verein/631,2026-04-28T07:46:07.184658+00:00,high,
premier_league,Premier League,chelsea,Chelsea,2013/14,2013,2014,2,0,Champions League Participant | UEFA Super Cup runner-up,,transfermarkt_achievements_page,https://www.transfermarkt.com/chelsea/erfolge/verein/631,2026-04-28T07:46:07.184658+00:00,high,
premier_league,Premier League,chelsea,Chelsea,2014/15,2014,2015,3,2,Champions League Participant | English Champion | English League Cup winner,English Champion | English League Cup winner,transfermarkt_achievements_page,https://www.transfermarkt.com/chelsea/erfolge/verein/631,2026-04-28T07:46:07.184658+00:00,high,
premier_league,Premier League,chelsea,Chelsea,2015/16,2015,2016,1,0,Champions League Participant,,transfermarkt_achievements_page,https://www.transfermarkt.com/chelsea/erfolge/verein/631,2026-04-28T07:46:07.184658+00:00,high,
premier_league,Premier League,chelsea,Chelsea,2016/17,2016,2017,1,1,English Champion,English Champion,transfermarkt_achievements_page,https://www.transfermarkt.com/chelsea/erfolge/verein/631,2026-04-28T07:46:07.184658+00:00,high,
premier_league,Premier League,chelsea,Chelsea,2017/18,2017,2018,2,1,Champions League Participant | FA Cup Winner,FA Cup Winner,transfermarkt_achievements_page,https://www.transfermarkt.com/chelsea/erfolge/verein/631,2026-04-28T07:46:07.184658+00:00,high,
premier_league,Premier League,chelsea,Chelsea,2018/19,2018,2019,2,1,Europa League Participant | Europa League Winner,Europa League Winner,transfermarkt_achievements_page,https://www.transfermarkt.com/chelsea/erfolge/verein/631,2026-04-28T07:46:07.184658+00:00,high,
premier_league,Premier League,chelsea,Chelsea,2019/20,2019,2020,2,0,Champions League Participant | UEFA Super Cup runner-up,,transfermarkt_achievements_page,https://www.transfermarkt.com/chelsea/erfolge/verein/631,2026-04-28T07:46:07.184658+00:00,high,
premier_league,Premier League,chelsea,Chelsea,2020/21,2020,2021,3,1,Champions League Participant | FA Cup Runner up | UEFA Champions League winner,UEFA Champions League winner,transfermarkt_achievements_page,https://www.transfermarkt.com/chelsea/erfolge/verein/631,2026-04-28T07:46:07.184658+00:00,high,
premier_league,Premier League,chelsea,Chelsea,2021/22,2021,2022,3,1,Champions League Participant | FIFA Club World Cup Participant | UEFA Supercup Winner,UEFA Supercup Winner,transfermarkt_achievements_page,https://www.transfermarkt.com/chelsea/erfolge/verein/631,2026-04-28T07:46:07.184658+00:00,high,
premier_league,Premier League,chelsea,Chelsea,2022/23,2022,2023,2,1,Champions League Participant | FIFA Club World Cup winner,FIFA Club World Cup winner,transfermarkt_achievements_page,https://www.transfermarkt.com/chelsea/erfolge/verein/631,2026-04-28T07:46:07.184658+00:00,medium,Assigned season derived from achievement season label '2022' using method 'calendar_year_mapped_to_start_year_season'.
premier_league,Premier League,chelsea,Chelsea,2024/25,2024,2025,3,1,Conference League participant | Conference League winner | FIFA Club World Cup Participant,Conference League winner,transfermarkt_achievements_page,https://www.transfermarkt.com/chelsea/erfolge/verein/631,2026-04-28T07:46:07.184658+00:00,high,
premier_league,Premier League,chelsea,Chelsea,2025/26,2025,2026,1,1,FIFA Club World Cup winner,FIFA Club World Cup winner,transfermarkt_achievements_page,https://www.transfermarkt.com/chelsea/erfolge/verein/631,2026-04-28T07:46:07.184658+00:00,medium,Assigned season derived from achievement season label '2025' using method 'calendar_year_mapped_to_start_year_season'.
premier_league,Premier League,liverpool,Liverpool,1893/94,1893,1894,2,1,English 2nd tier champion | Promoted to 1st league,English 2nd tier champion,transfermarkt_achievements_page,https://www.transfermarkt.com/liverpool/erfolge/verein/31,2026-04-28T07:46:09.255073+00:00,medium,Assigned season derived from achievement season label '1893/94' using method 'season_label_preserved'.
premier_league,Premier League,liverpool,Liverpool,1894/95,1894,1895,1,0,Relegated from 1st league,,transfermarkt_achievements_page,https://www.transfermarkt.com/liverpool/erfolge/verein/31,2026-04-28T07:46:09.255073+00:00,medium,Assigned season derived from achievement season label '1894/95' using method 'season_label_preserved'.
premier_league,Premier League,liverpool,Liverpool,1895/96,1895,1896,2,1,English 2nd tier champion | Promoted to 1st league,English 2nd tier champion,transfermarkt_achievements_page,https://www.transfermarkt.com/liverpool/erfolge/verein/31,2026-04-28T07:46:09.255073+00:00,medium,Assigned season derived from achievement season label '1895/96' using method 'season_label_preserved'.
premier_league,Premier League,liverpool,Liverpool,1900/01,1900,1901,1,1,English Champion,English Champion,transfermarkt_achievements_page,https://www.transfermarkt.com/liverpool/erfolge/verein/31,2026-04-28T07:46:09.255073+00:00,medium,Assigned season derived from achievement season label '1900/01' using method 'season_label_preserved'.
premier_league,Premier League,liverpool,Liverpool,1903/04,1903,1904,1,0,Relegated from 1st league,,transfermarkt_achievements_page,https://www.transfermarkt.com/liverpool/erfolge/verein/31,2026-04-28T07:46:09.255073+00:00,medium,Assigned season derived from achievement season label '1903/04' using method 'season_label_preserved'.
premier_league,Premier League,liverpool,Liverpool,1904/05,1904,1905,2,1,English 2nd tier champion | Promoted to 1st league,English 2nd tier champion,transfermarkt_achievements_page,https://www.transfermarkt.com/liverpool/erfolge/verein/31,2026-04-28T07:46:09.255073+00:00,medium,Assigned season derived from achievement season label '1904/05' using method 'season_label_preserved'.
premier_league,Premier League,liverpool,Liverpool,1905/06,1905,1906,1,1,English Champion,English Champion,transfermarkt_achievements_page,https://www.transfermarkt.com/liverpool/erfolge/verein/31,2026-04-28T07:46:09.255073+00:00,medium,Assigned season derived from achievement season label '1905/06' using method 'season_label_preserved'.
premier_league,Premier League,liverpool,Liverpool,1913/14,1913,1914,1,0,FA Cup Runner up,,transfermarkt_achievements_page,https://www.transfermarkt.com/liverpool/erfolge/verein/31,2026-04-28T07:46:09.255073+00:00,medium,Assigned season derived from achievement season label '1913/14' using method 'season_label_preserved'.
premier_league,Premier League,liverpool,Liverpool,1921/22,1921,1922,1,1,English Champion,English Champion,transfermarkt_achievements_page,https://www.transfermarkt.com/liverpool/erfolge/verein/31,2026-04-28T07:46:09.255073+00:00,medium,Assigned season derived from achievement season label '1921/22' using method 'season_label_preserved'.
premier_league,Premier League,liverpool,Liverpool,1922/23,1922,1923,1,1,English Champion,English Champion,transfermarkt_achievements_page,https://www.transfermarkt.com/liverpool/erfolge/verein/31,2026-04-28T07:46:09.255073+00:00,medium,Assigned season derived from achievement season label '1922/23' using method 'season_label_preserved'.
premier_league,Premier League,liverpool,Liverpool,1946/47,1946,1947,1,1,English Champion,English Champion,transfermarkt_achievements_page,https://www.transfermarkt.com/liverpool/erfolge/verein/31,2026-04-28T07:46:09.255073+00:00,medium,Assigned season derived from achievement season label '46/47' using method 'season_label_expanded_fallback'.
premier_league,Premier League,liverpool,Liverpool,1949/50,1949,1950,1,0,FA Cup Runner up,,transfermarkt_achievements_page,https://www.transfermarkt.com/liverpool/erfolge/verein/31,2026-04-28T07:46:09.255073+00:00,medium,Assigned season derived from achievement season label '49/50' using method 'season_label_expanded_fallback'.
premier_league,Premier League,liverpool,Liverpool,1953/54,1953,1954,1,0,Relegated from 1st league,,transfermarkt_achievements_page,https://www.transfermarkt.com/liverpool/erfolge/verein/31,2026-04-28T07:46:09.255073+00:00,medium,Assigned season derived from achievement season label '53/54' using method 'season_label_expanded_fallback'.
premier_league,Premier League,liverpool,Liverpool,1961/62,1961,1962,2,1,English 2nd tier champion | Promoted to 1st league,English 2nd tier champion,transfermarkt_achievements_page,https://www.transfermarkt.com/liverpool/erfolge/verein/31,2026-04-28T07:46:09.255073+00:00,medium,Assigned season derived from achievement season label '61/62' using method 'season_label_expanded_fallback'.
premier_league,Premier League,liverpool,Liverpool,1963/64,1963,1964,1,1,English Champion,English Champion,transfermarkt_achievements_page,https://www.transfermarkt.com/liverpool/erfolge/verein/31,2026-04-28T07:46:09.255073+00:00,medium,Assigned season derived from achievement season label '63/64' using method 'season_label_expanded_fallback'.
premier_league,Premier League,liverpool,Liverpool,1964/65,1964,1965,2,2,English Supercup Winner | FA Cup Winner,English Supercup Winner | FA Cup Winner,transfermarkt_achievements_page,https://www.transfermarkt.com/liverpool/erfolge/verein/31,2026-04-28T07:46:09.255073+00:00,medium,Assigned season derived from achievement season label '64/65' using method 'season_label_expanded_fallback'.
premier_league,Premier League,liverpool,Liverpool,1965/66,1965,1966,3,2,Cup Winners Cup Runner Up | English Champion | English Supercup Winner,English Champion | English Supercup Winner,transfermarkt_achievements_page,https://www.transfermarkt.com/liverpool/erfolge/verein/31,2026-04-28T07:46:09.255073+00:00,medium,Assigned season derived from achievement season label '65/66' using method 'season_label_expanded_fallback'.
premier_league,Premier League,liverpool,Liverpool,1966/67,1966,1967,1,1,English Supercup Winner,English Supercup Winner,transfermarkt_achievements_page,https://www.transfermarkt.com/liverpool/erfolge/verein/31,2026-04-28T07:46:09.255073+00:00,medium,Assigned season derived from achievement season label '66/67' using method 'season_label_expanded_fallback'.
premier_league,Premier League,liverpool,Liverpool,1970/71,1970,1971,1,0,FA Cup Runner up,,transfermarkt_achievements_page,https://www.transfermarkt.com/liverpool/erfolge/verein/31,2026-04-28T07:46:09.255073+00:00,medium,Assigned season derived from achievement season label '70/71' using method 'season_label_expanded_fallback'.
premier_league,Premier League,liverpool,Liverpool,1972/73,1972,1973,3,2,English Champion | UEFA Cup Participant | UEFA Cup Winner,English Champion | UEFA Cup Winner,transfermarkt_achievements_page,https://www.transfermarkt.com/liverpool/erfolge/verein/31,2026-04-28T07:46:09.255073+00:00,medium,Assigned season derived from achievement season label '72/73' using method 'season_label_expanded_fallback'.
premier_league,Premier League,liverpool,Liverpool,1973/74,1973,1974,1,1,FA Cup Winner,FA Cup Winner,transfermarkt_achievements_page,https://www.transfermarkt.com/liverpool/erfolge/verein/31,2026-04-28T07:46:09.255073+00:00,medium,Assigned season derived from achievement season label '73/74' using method 'season_label_expanded_fallback'.
premier_league,Premier League,liverpool,Liverpool,1974/75,1974,1975,1,1,English Supercup Winner,English Supercup Winner,transfermarkt_achievements_page,https://www.transfermarkt.com/liverpool/erfolge/verein/31,2026-04-28T07:46:09.255073+00:00,medium,Assigned season derived from achievement season label '74/75' using method 'season_label_expanded_fallback'.
premier_league,Premier League,liverpool,Liverpool,1975/76,1975,1976,3,2,English Champion | UEFA Cup Participant | UEFA Cup Winner,English Champion | UEFA Cup Winner,transfermarkt_achievements_page,https://www.transfermarkt.com/liverpool/erfolge/verein/31,2026-04-28T07:46:09.255073+00:00,medium,Assigned season derived from achievement season label '75/76' using method 'season_label_expanded_fallback'.
premier_league,Premier League,liverpool,Liverpool,1976/77,1976,1977,4,3,English Champion | English Supercup Winner | European Champion Clubs' Cup winner | FA Cup Runner up,English Champion | English Supercup Winner | European Champion Clubs' Cup winner,transfermarkt_achievements_page,https://www.transfermarkt.com/liverpool/erfolge/verein/31,2026-04-28T07:46:09.255073+00:00,medium,Assigned season derived from achievement season label '76/77' using method 'season_label_expanded_fallback'.
premier_league,Premier League,liverpool,Liverpool,1977/78,1977,1978,4,3,English League Cup runner-up | English Supercup Winner | European Champion Clubs' Cup winner | UEFA Supercup Winner,English Supercup Winner | European Champion Clubs' Cup winner | UEFA Supercup Winner,transfermarkt_achievements_page,https://www.transfermarkt.com/liverpool/erfolge/verein/31,2026-04-28T07:46:09.255073+00:00,medium,Assigned season derived from achievement season label '77/78' using method 'season_label_expanded_fallback'.
premier_league,Premier League,liverpool,Liverpool,1978/79,1978,1979,2,1,English Champion | UEFA Super Cup runner-up,English Champion,transfermarkt_achievements_page,https://www.transfermarkt.com/liverpool/erfolge/verein/31,2026-04-28T07:46:09.255073+00:00,medium,Assigned season derived from achievement season label '78/79' using method 'season_label_expanded_fallback'.
premier_league,Premier League,liverpool,Liverpool,1979/80,1979,1980,2,2,English Champion | English Supercup Winner,English Champion | English Supercup Winner,transfermarkt_achievements_page,https://www.transfermarkt.com/liverpool/erfolge/verein/31,2026-04-28T07:46:09.255073+00:00,medium,Assigned season derived from achievement season label '79/80' using method 'season_label_expanded_fallback'.
premier_league,Premier League,liverpool,Liverpool,1980/81,1980,1981,3,3,English League Cup winner | English Supercup Winner | European Champion Clubs' Cup winner,English League Cup winner | English Supercup Winner | European Champion Clubs' Cup winner,transfermarkt_achievements_page,https://www.transfermarkt.com/liverpool/erfolge/verein/31,2026-04-28T07:46:09.255073+00:00,medium,Assigned season derived from achievement season label '80/81' using method 'season_label_expanded_fallback'.
premier_league,Premier League,liverpool,Liverpool,1981/82,1981,1982,3,2,English Champion | English League Cup winner | Intercontinental Cup Runner Up,English Champion | English League Cup winner,transfermarkt_achievements_page,https://www.transfermarkt.com/liverpool/erfolge/verein/31,2026-04-28T07:46:09.255073+00:00,medium,Assigned season derived from achievement season label '81/82' using method 'season_label_expanded_fallback'.
premier_league,Premier League,liverpool,Liverpool,1982/83,1982,1983,3,3,English Champion | English League Cup winner | English Supercup Winner,English Champion | English League Cup winner | English Supercup Winner,transfermarkt_achievements_page,https://www.transfermarkt.com/liverpool/erfolge/verein/31,2026-04-28T07:46:09.255073+00:00,medium,Assigned season derived from achievement season label '82/83' using method 'season_label_expanded_fallback'.
premier_league,Premier League,liverpool,Liverpool,1983/84,1983,1984,3,3,English Champion | English League Cup winner | European Champion Clubs' Cup winner,English Champion | English League Cup winner | European Champion Clubs' Cup winner,transfermarkt_achievements_page,https://www.transfermarkt.com/liverpool/erfolge/verein/31,2026-04-28T07:46:09.255073+00:00,medium,Assigned season derived from achievement season label '83/84' using method 'season_label_expanded_fallback'.
premier_league,Premier League,liverpool,Liverpool,1984/85,1984,1985,3,0,European Cup Runner Up | Intercontinental Cup Runner Up | UEFA Super Cup runner-up,,transfermarkt_achievements_page,https://www.transfermarkt.com/liverpool/erfolge/verein/31,2026-04-28T07:46:09.255073+00:00,medium,Assigned season derived from achievement season label '84/85' using method 'season_label_expanded_fallback'.
premier_league,Premier League,liverpool,Liverpool,1985/86,1985,1986,2,2,English Champion | FA Cup Winner,English Champion | FA Cup Winner,transfermarkt_achievements_page,https://www.transfermarkt.com/liverpool/erfolge/verein/31,2026-04-28T07:46:09.255073+00:00,medium,Assigned season derived from achievement season label '85/86' using method 'season_label_expanded_fallback'.
premier_league,Premier League,liverpool,Liverpool,1986/87,1986,1987,2,1,English League Cup runner-up | English Supercup Winner,English Supercup Winner,transfermarkt_achievements_page,https://www.transfermarkt.com/liverpool/erfolge/verein/31,2026-04-28T07:46:09.255073+00:00,medium,Assigned season derived from achievement season label '86/87' using method 'season_label_expanded_fallback'.
premier_league,Premier League,liverpool,Liverpool,1987/88,1987,1988,2,1,English Champion | FA Cup Runner up,English Champion,transfermarkt_achievements_page,https://www.transfermarkt.com/liverpool/erfolge/verein/31,2026-04-28T07:46:09.255073+00:00,medium,Assigned season derived from achievement season label '87/88' using method 'season_label_expanded_fallback'.
premier_league,Premier League,liverpool,Liverpool,1988/89,1988,1989,2,2,English Supercup Winner | FA Cup Winner,English Supercup Winner | FA Cup Winner,transfermarkt_achievements_page,https://www.transfermarkt.com/liverpool/erfolge/verein/31,2026-04-28T07:46:09.255073+00:00,medium,Assigned season derived from achievement season label '88/89' using method 'season_label_expanded_fallback'.
premier_league,Premier League,liverpool,Liverpool,1989/90,1989,1990,2,2,English Champion | English Supercup Winner,English Champion | English Supercup Winner,transfermarkt_achievements_page,https://www.transfermarkt.com/liverpool/erfolge/verein/31,2026-04-28T07:46:09.255073+00:00,medium,Assigned season derived from achievement season label '89/90' using method 'season_label_expanded_fallback'.
premier_league,Premier League,liverpool,Liverpool,1990/91,1990,1991,1,1,English Supercup Winner,English Supercup Winner,transfermarkt_achievements_page,https://www.transfermarkt.com/liverpool/erfolge/verein/31,2026-04-28T07:46:09.255073+00:00,high,
premier_league,Premier League,liverpool,Liverpool,1991/92,1991,1992,2,1,FA Cup Winner | UEFA Cup Participant,FA Cup Winner,transfermarkt_achievements_page,https://www.transfermarkt.com/liverpool/erfolge/verein/31,2026-04-28T07:46:09.255073+00:00,high,
premier_league,Premier League,liverpool,Liverpool,1994/95,1994,1995,1,1,English League Cup winner,English League Cup winner,transfermarkt_achievements_page,https://www.transfermarkt.com/liverpool/erfolge/verein/31,2026-04-28T07:46:09.255073+00:00,high,
premier_league,Premier League,liverpool,Liverpool,1995/96,1995,1996,2,0,FA Cup Runner up | UEFA Cup Participant,,transfermarkt_achievements_page,https://www.transfermarkt.com/liverpool/erfolge/verein/31,2026-04-28T07:46:09.255073+00:00,high,
premier_league,Premier League,liverpool,Liverpool,1997/98,1997,1998,1,0,UEFA Cup Participant,,transfermarkt_achievements_page,https://www.transfermarkt.com/liverpool/erfolge/verein/31,2026-04-28T07:46:09.255073+00:00,high,
premier_league,Premier League,liverpool,Liverpool,1998/99,1998,1999,1,0,UEFA Cup Participant,,transfermarkt_achievements_page,https://www.transfermarkt.com/liverpool/erfolge/verein/31,2026-04-28T07:46:09.255073+00:00,high,
premier_league,Premier League,liverpool,Liverpool,2000/01,2000,2001,4,3,English League Cup winner | FA Cup Winner | UEFA Cup Participant | UEFA Cup Winner,English League Cup winner | FA Cup Winner | UEFA Cup Winner,transfermarkt_achievements_page,https://www.transfermarkt.com/liverpool/erfolge/verein/31,2026-04-28T07:46:09.255073+00:00,high,
premier_league,Premier League,liverpool,Liverpool,2001/02,2001,2002,3,2,Champions League Participant | English Supercup Winner | UEFA Supercup Winner,English Supercup Winner | UEFA Supercup Winner,transfermarkt_achievements_page,https://www.transfermarkt.com/liverpool/erfolge/verein/31,2026-04-28T07:46:09.255073+00:00,high,
premier_league,Premier League,liverpool,Liverpool,2002/03,2002,2003,3,1,Champions League Participant | English League Cup winner | UEFA Cup Participant,English League Cup winner,transfermarkt_achievements_page,https://www.transfermarkt.com/liverpool/erfolge/verein/31,2026-04-28T07:46:09.255073+00:00,high,
premier_league,Premier League,liverpool,Liverpool,2003/04,2003,2004,1,0,UEFA Cup Participant,,transfermarkt_achievements_page,https://www.transfermarkt.com/liverpool/erfolge/verein/31,2026-04-28T07:46:09.255073+00:00,high,
premier_league,Premier League,liverpool,Liverpool,2004/05,2004,2005,3,1,Champions League Participant | English League Cup runner-up | UEFA Champions League winner,UEFA Champions League winner,transfermarkt_achievements_page,https://www.transfermarkt.com/liverpool/erfolge/verein/31,2026-04-28T07:46:09.255073+00:00,high,
premier_league,Premier League,liverpool,Liverpool,2005/06,2005,2006,5,2,Champions League Participant | FA Cup Winner | FIFA Club World Cup Participant | FIFA Club World Cup runner-up | UEFA Supercup Winner,FA Cup Winner | UEFA Supercup Winner,transfermarkt_achievements_page,https://www.transfermarkt.com/liverpool/erfolge/verein/31,2026-04-28T07:46:09.255073+00:00,high,
premier_league,Premier League,liverpool,Liverpool,2006/07,2006,2007,3,2,Champions League Participant | Champions League runner-up | English Supercup Winner,Champions League runner-up | English Supercup Winner,transfermarkt_achievements_page,https://www.transfermarkt.com/liverpool/erfolge/verein/31,2026-04-28T07:46:09.255073+00:00,high,
premier_league,Premier League,liverpool,Liverpool,2007/08,2007,2008,1,0,Champions League Participant,,transfermarkt_achievements_page,https://www.transfermarkt.com/liverpool/erfolge/verein/31,2026-04-28T07:46:09.255073+00:00,high,
premier_league,Premier League,liverpool,Liverpool,2008/09,2008,2009,1,0,Champions League Participant,,transfermarkt_achievements_page,https://www.transfermarkt.com/liverpool/erfolge/verein/31,2026-04-28T07:46:09.255073+00:00,high,
premier_league,Premier League,liverpool,Liverpool,2009/10,2009,2010,2,0,Champions League Participant | Europa League Participant,,transfermarkt_achievements_page,https://www.transfermarkt.com/liverpool/erfolge/verein/31,2026-04-28T07:46:09.255073+00:00,high,
premier_league,Premier League,liverpool,Liverpool,2010/11,2010,2011,1,0,Europa League Participant,,transfermarkt_achievements_page,https://www.transfermarkt.com/liverpool/erfolge/verein/31,2026-04-28T07:46:09.255073+00:00,high,
premier_league,Premier League,liverpool,Liverpool,2011/12,2011,2012,1,1,English League Cup winner,English League Cup winner,transfermarkt_achievements_page,https://www.transfermarkt.com/liverpool/erfolge/verein/31,2026-04-28T07:46:09.255073+00:00,high,
premier_league,Premier League,liverpool,Liverpool,2012/13,2012,2013,1,0,Europa League Participant,,transfermarkt_achievements_page,https://www.transfermarkt.com/liverpool/erfolge/verein/31,2026-04-28T07:46:09.255073+00:00,high,
premier_league,Premier League,liverpool,Liverpool,2014/15,2014,2015,2,0,Champions League Participant | Europa League Participant,,transfermarkt_achievements_page,https://www.transfermarkt.com/liverpool/erfolge/verein/31,2026-04-28T07:46:09.255073+00:00,high,
premier_league,Premier League,liverpool,Liverpool,2015/16,2015,2016,3,0,English League Cup runner-up | Europa League Participant | Europa League runner-up,,transfermarkt_achievements_page,https://www.transfermarkt.com/liverpool/erfolge/verein/31,2026-04-28T07:46:09.255073+00:00,high,
premier_league,Premier League,liverpool,Liverpool,2017/18,2017,2018,2,1,Champions League Participant | Champions League runner-up,Champions League runner-up,transfermarkt_achievements_page,https://www.transfermarkt.com/liverpool/erfolge/verein/31,2026-04-28T07:46:09.255073+00:00,high,
premier_league,Premier League,liverpool,Liverpool,2018/19,2018,2019,2,1,Champions League Participant | UEFA Champions League winner,UEFA Champions League winner,transfermarkt_achievements_page,https://www.transfermarkt.com/liverpool/erfolge/verein/31,2026-04-28T07:46:09.255073+00:00,high,
premier_league,Premier League,liverpool,Liverpool,2019/20,2019,2020,4,2,Champions League Participant | English Champion | FIFA Club World Cup Participant | UEFA Supercup Winner,English Champion | UEFA Supercup Winner,transfermarkt_achievements_page,https://www.transfermarkt.com/liverpool/erfolge/verein/31,2026-04-28T07:46:09.255073+00:00,high,
premier_league,Premier League,liverpool,Liverpool,2020/21,2020,2021,2,1,Champions League Participant | FIFA Club World Cup winner,FIFA Club World Cup winner,transfermarkt_achievements_page,https://www.transfermarkt.com/liverpool/erfolge/verein/31,2026-04-28T07:46:09.255073+00:00,medium,Assigned season derived from achievement season label '2020' using method 'calendar_year_mapped_to_start_year_season'.
premier_league,Premier League,liverpool,Liverpool,2021/22,2021,2022,4,3,Champions League Participant | Champions League runner-up | English League Cup winner | FA Cup Winner,Champions League runner-up | English League Cup winner | FA Cup Winner,transfermarkt_achievements_page,https://www.transfermarkt.com/liverpool/erfolge/verein/31,2026-04-28T07:46:09.255073+00:00,high,
premier_league,Premier League,liverpool,Liverpool,2022/23,2022,2023,2,1,Champions League Participant | English Supercup Winner,English Supercup Winner,transfermarkt_achievements_page,https://www.transfermarkt.com/liverpool/erfolge/verein/31,2026-04-28T07:46:09.255073+00:00,high,
premier_league,Premier League,liverpool,Liverpool,2023/24,2023,2024,2,1,English League Cup winner | Europa League Participant,English League Cup winner,transfermarkt_achievements_page,https://www.transfermarkt.com/liverpool/erfolge/verein/31,2026-04-28T07:46:09.255073+00:00,high,
premier_league,Premier League,liverpool,Liverpool,2024/25,2024,2025,2,1,Champions League Participant | English Champion,English Champion,transfermarkt_achievements_page,https://www.transfermarkt.com/liverpool/erfolge/verein/31,2026-04-28T07:46:09.255073+00:00,high,
premier_league,Premier League,manchester_city,Manchester City,1898/99,1898,1899,2,1,English 2nd tier champion | Promoted to 1st league,English 2nd tier champion,transfermarkt_achievements_page,https://www.transfermarkt.com/manchester-city/erfolge/verein/281,2026-04-28T07:46:02.709517+00:00,medium,Assigned season derived from achievement season label '1898/99' using method 'season_label_preserved'.
premier_league,Premier League,manchester_city,Manchester City,1901/02,1901,1902,1,0,Relegated from 1st league,,transfermarkt_achievements_page,https://www.transfermarkt.com/manchester-city/erfolge/verein/281,2026-04-28T07:46:02.709517+00:00,medium,Assigned season derived from achievement season label '1901/02' using method 'season_label_preserved'.
premier_league,Premier League,manchester_city,Manchester City,1902/03,1902,1903,2,1,English 2nd tier champion | Promoted to 1st league,English 2nd tier champion,transfermarkt_achievements_page,https://www.transfermarkt.com/manchester-city/erfolge/verein/281,2026-04-28T07:46:02.709517+00:00,medium,Assigned season derived from achievement season label '1902/03' using method 'season_label_preserved'.
premier_league,Premier League,manchester_city,Manchester City,1903/04,1903,1904,1,1,FA Cup Winner,FA Cup Winner,transfermarkt_achievements_page,https://www.transfermarkt.com/manchester-city/erfolge/verein/281,2026-04-28T07:46:02.709517+00:00,medium,Assigned season derived from achievement season label '1903/04' using method 'season_label_preserved'.
premier_league,Premier League,manchester_city,Manchester City,1908/09,1908,1909,1,0,Relegated from 1st league,,transfermarkt_achievements_page,https://www.transfermarkt.com/manchester-city/erfolge/verein/281,2026-04-28T07:46:02.709517+00:00,medium,Assigned season derived from achievement season label '1908/09' using method 'season_label_preserved'.
premier_league,Premier League,manchester_city,Manchester City,1909/10,1909,1910,2,1,English 2nd tier champion | Promoted to 1st league,English 2nd tier champion,transfermarkt_achievements_page,https://www.transfermarkt.com/manchester-city/erfolge/verein/281,2026-04-28T07:46:02.709517+00:00,medium,Assigned season derived from achievement season label '1909/10' using method 'season_label_preserved'.
premier_league,Premier League,manchester_city,Manchester City,1925/26,1925,1926,2,0,FA Cup Runner up | Relegated from 1st league,,transfermarkt_achievements_page,https://www.transfermarkt.com/manchester-city/erfolge/verein/281,2026-04-28T07:46:02.709517+00:00,medium,Assigned season derived from achievement season label '1925/26' using method 'season_label_preserved'.
premier_league,Premier League,manchester_city,Manchester City,1927/28,1927,1928,2,1,English 2nd tier champion | Promoted to 1st league,English 2nd tier champion,transfermarkt_achievements_page,https://www.transfermarkt.com/manchester-city/erfolge/verein/281,2026-04-28T07:46:02.709517+00:00,medium,Assigned season derived from achievement season label '1927/28' using method 'season_label_preserved'.
premier_league,Premier League,manchester_city,Manchester City,1932/33,1932,1933,1,0,FA Cup Runner up,,transfermarkt_achievements_page,https://www.transfermarkt.com/manchester-city/erfolge/verein/281,2026-04-28T07:46:02.709517+00:00,medium,Assigned season derived from achievement season label '32/33' using method 'season_label_expanded_fallback'.
premier_league,Premier League,manchester_city,Manchester City,1933/34,1933,1934,1,1,FA Cup Winner,FA Cup Winner,transfermarkt_achievements_page,https://www.transfermarkt.com/manchester-city/erfolge/verein/281,2026-04-28T07:46:02.709517+00:00,medium,Assigned season derived from achievement season label '33/34' using method 'season_label_expanded_fallback'.
premier_league,Premier League,manchester_city,Manchester City,1936/37,1936,1937,1,1,English Champion,English Champion,transfermarkt_achievements_page,https://www.transfermarkt.com/manchester-city/erfolge/verein/281,2026-04-28T07:46:02.709517+00:00,medium,Assigned season derived from achievement season label '36/37' using method 'season_label_expanded_fallback'.
premier_league,Premier League,manchester_city,Manchester City,1937/38,1937,1938,2,1,English Supercup Winner | Relegated from 1st league,English Supercup Winner,transfermarkt_achievements_page,https://www.transfermarkt.com/manchester-city/erfolge/verein/281,2026-04-28T07:46:02.709517+00:00,medium,Assigned season derived from achievement season label '37/38' using method 'season_label_expanded_fallback'.
premier_league,Premier League,manchester_city,Manchester City,1946/47,1946,1947,2,1,English 2nd tier champion | Promoted to 1st league,English 2nd tier champion,transfermarkt_achievements_page,https://www.transfermarkt.com/manchester-city/erfolge/verein/281,2026-04-28T07:46:02.709517+00:00,medium,Assigned season derived from achievement season label '46/47' using method 'season_label_expanded_fallback'.
premier_league,Premier League,manchester_city,Manchester City,1949/50,1949,1950,1,0,Relegated from 1st league,,transfermarkt_achievements_page,https://www.transfermarkt.com/manchester-city/erfolge/verein/281,2026-04-28T07:46:02.709517+00:00,medium,Assigned season derived from achievement season label '49/50' using method 'season_label_expanded_fallback'.
premier_league,Premier League,manchester_city,Manchester City,1950/51,1950,1951,1,0,Promoted to 1st league,,transfermarkt_achievements_page,https://www.transfermarkt.com/manchester-city/erfolge/verein/281,2026-04-28T07:46:02.709517+00:00,medium,Assigned season derived from achievement season label '50/51' using method 'season_label_expanded_fallback'.
premier_league,Premier League,manchester_city,Manchester City,1954/55,1954,1955,1,0,FA Cup Runner up,,transfermarkt_achievements_page,https://www.transfermarkt.com/manchester-city/erfolge/verein/281,2026-04-28T07:46:02.709517+00:00,medium,Assigned season derived from achievement season label '54/55' using method 'season_label_expanded_fallback'.
premier_league,Premier League,manchester_city,Manchester City,1955/56,1955,1956,1,1,FA Cup Winner,FA Cup Winner,transfermarkt_achievements_page,https://www.transfermarkt.com/manchester-city/erfolge/verein/281,2026-04-28T07:46:02.709517+00:00,medium,Assigned season derived from achievement season label '55/56' using method 'season_label_expanded_fallback'.
premier_league,Premier League,manchester_city,Manchester City,1962/63,1962,1963,1,0,Relegated from 1st league,,transfermarkt_achievements_page,https://www.transfermarkt.com/manchester-city/erfolge/verein/281,2026-04-28T07:46:02.709517+00:00,medium,Assigned season derived from achievement season label '62/63' using method 'season_label_expanded_fallback'.
premier_league,Premier League,manchester_city,Manchester City,1965/66,1965,1966,2,1,English 2nd tier champion | Promoted to 1st league,English 2nd tier champion,transfermarkt_achievements_page,https://www.transfermarkt.com/manchester-city/erfolge/verein/281,2026-04-28T07:46:02.709517+00:00,medium,Assigned season derived from achievement season label '65/66' using method 'season_label_expanded_fallback'.
premier_league,Premier League,manchester_city,Manchester City,1967/68,1967,1968,1,1,English Champion,English Champion,transfermarkt_achievements_page,https://www.transfermarkt.com/manchester-city/erfolge/verein/281,2026-04-28T07:46:02.709517+00:00,medium,Assigned season derived from achievement season label '67/68' using method 'season_label_expanded_fallback'.
premier_league,Premier League,manchester_city,Manchester City,1968/69,1968,1969,2,2,English Supercup Winner | FA Cup Winner,English Supercup Winner | FA Cup Winner,transfermarkt_achievements_page,https://www.transfermarkt.com/manchester-city/erfolge/verein/281,2026-04-28T07:46:02.709517+00:00,medium,Assigned season derived from achievement season label '68/69' using method 'season_label_expanded_fallback'.
premier_league,Premier League,manchester_city,Manchester City,1969/70,1969,1970,2,2,Cup Winners Cup Winner | English League Cup winner,Cup Winners Cup Winner | English League Cup winner,transfermarkt_achievements_page,https://www.transfermarkt.com/manchester-city/erfolge/verein/281,2026-04-28T07:46:02.709517+00:00,medium,Assigned season derived from achievement season label '69/70' using method 'season_label_expanded_fallback'.
premier_league,Premier League,manchester_city,Manchester City,1972/73,1972,1973,1,1,English Supercup Winner,English Supercup Winner,transfermarkt_achievements_page,https://www.transfermarkt.com/manchester-city/erfolge/verein/281,2026-04-28T07:46:02.709517+00:00,medium,Assigned season derived from achievement season label '72/73' using method 'season_label_expanded_fallback'.
premier_league,Premier League,manchester_city,Manchester City,1973/74,1973,1974,1,0,English League Cup runner-up,,transfermarkt_achievements_page,https://www.transfermarkt.com/manchester-city/erfolge/verein/281,2026-04-28T07:46:02.709517+00:00,medium,Assigned season derived from achievement season label '73/74' using method 'season_label_expanded_fallback'.
premier_league,Premier League,manchester_city,Manchester City,1975/76,1975,1976,1,1,English League Cup winner,English League Cup winner,transfermarkt_achievements_page,https://www.transfermarkt.com/manchester-city/erfolge/verein/281,2026-04-28T07:46:02.709517+00:00,medium,Assigned season derived from achievement season label '75/76' using method 'season_label_expanded_fallback'.
premier_league,Premier League,manchester_city,Manchester City,1980/81,1980,1981,1,0,FA Cup Runner up,,transfermarkt_achievements_page,https://www.transfermarkt.com/manchester-city/erfolge/verein/281,2026-04-28T07:46:02.709517+00:00,medium,Assigned season derived from achievement season label '80/81' using method 'season_label_expanded_fallback'.
premier_league,Premier League,manchester_city,Manchester City,1982/83,1982,1983,1,0,Relegated from 1st league,,transfermarkt_achievements_page,https://www.transfermarkt.com/manchester-city/erfolge/verein/281,2026-04-28T07:46:02.709517+00:00,medium,Assigned season derived from achievement season label '82/83' using method 'season_label_expanded_fallback'.
premier_league,Premier League,manchester_city,Manchester City,1984/85,1984,1985,1,0,Promoted to 1st league,,transfermarkt_achievements_page,https://www.transfermarkt.com/manchester-city/erfolge/verein/281,2026-04-28T07:46:02.709517+00:00,medium,Assigned season derived from achievement season label '84/85' using method 'season_label_expanded_fallback'.
premier_league,Premier League,manchester_city,Manchester City,1986/87,1986,1987,1,0,Relegated from 1st league,,transfermarkt_achievements_page,https://www.transfermarkt.com/manchester-city/erfolge/verein/281,2026-04-28T07:46:02.709517+00:00,medium,Assigned season derived from achievement season label '86/87' using method 'season_label_expanded_fallback'.
premier_league,Premier League,manchester_city,Manchester City,1988/89,1988,1989,1,0,Promoted to 1st league,,transfermarkt_achievements_page,https://www.transfermarkt.com/manchester-city/erfolge/verein/281,2026-04-28T07:46:02.709517+00:00,medium,Assigned season derived from achievement season label '88/89' using method 'season_label_expanded_fallback'.
premier_league,Premier League,manchester_city,Manchester City,1995/96,1995,1996,1,0,Relegated from 1st league,,transfermarkt_achievements_page,https://www.transfermarkt.com/manchester-city/erfolge/verein/281,2026-04-28T07:46:02.709517+00:00,high,
premier_league,Premier League,manchester_city,Manchester City,1997/98,1997,1998,1,0,relegated from 2nd league,,transfermarkt_achievements_page,https://www.transfermarkt.com/manchester-city/erfolge/verein/281,2026-04-28T07:46:02.709517+00:00,high,
premier_league,Premier League,manchester_city,Manchester City,1998/99,1998,1999,1,0,Promoted to 2. Liga,,transfermarkt_achievements_page,https://www.transfermarkt.com/manchester-city/erfolge/verein/281,2026-04-28T07:46:02.709517+00:00,high,
premier_league,Premier League,manchester_city,Manchester City,1999/00,1999,2000,1,0,Promoted to 1st league,,transfermarkt_achievements_page,https://www.transfermarkt.com/manchester-city/erfolge/verein/281,2026-04-28T07:46:02.709517+00:00,high,
premier_league,Premier League,manchester_city,Manchester City,2000/01,2000,2001,1,0,Relegated from 1st league,,transfermarkt_achievements_page,https://www.transfermarkt.com/manchester-city/erfolge/verein/281,2026-04-28T07:46:02.709517+00:00,high,
premier_league,Premier League,manchester_city,Manchester City,2001/02,2001,2002,2,1,English 2nd tier champion | Promoted to 1st league,English 2nd tier champion,transfermarkt_achievements_page,https://www.transfermarkt.com/manchester-city/erfolge/verein/281,2026-04-28T07:46:02.709517+00:00,high,
premier_league,Premier League,manchester_city,Manchester City,2003/04,2003,2004,1,0,UEFA Cup Participant,,transfermarkt_achievements_page,https://www.transfermarkt.com/manchester-city/erfolge/verein/281,2026-04-28T07:46:02.709517+00:00,high,
premier_league,Premier League,manchester_city,Manchester City,2008/09,2008,2009,1,0,UEFA Cup Participant,,transfermarkt_achievements_page,https://www.transfermarkt.com/manchester-city/erfolge/verein/281,2026-04-28T07:46:02.709517+00:00,high,
premier_league,Premier League,manchester_city,Manchester City,2010/11,2010,2011,2,1,Europa League Participant | FA Cup Winner,FA Cup Winner,transfermarkt_achievements_page,https://www.transfermarkt.com/manchester-city/erfolge/verein/281,2026-04-28T07:46:02.709517+00:00,high,
premier_league,Premier League,manchester_city,Manchester City,2011/12,2011,2012,3,1,Champions League Participant | English Champion | Europa League Participant,English Champion,transfermarkt_achievements_page,https://www.transfermarkt.com/manchester-city/erfolge/verein/281,2026-04-28T07:46:02.709517+00:00,high,
premier_league,Premier League,manchester_city,Manchester City,2012/13,2012,2013,3,1,Champions League Participant | English Supercup Winner | FA Cup Runner up,English Supercup Winner,transfermarkt_achievements_page,https://www.transfermarkt.com/manchester-city/erfolge/verein/281,2026-04-28T07:46:02.709517+00:00,high,
premier_league,Premier League,manchester_city,Manchester City,2013/14,2013,2014,3,2,Champions League Participant | English Champion | English League Cup winner,English Champion | English League Cup winner,transfermarkt_achievements_page,https://www.transfermarkt.com/manchester-city/erfolge/verein/281,2026-04-28T07:46:02.709517+00:00,high,
premier_league,Premier League,manchester_city,Manchester City,2014/15,2014,2015,1,0,Champions League Participant,,transfermarkt_achievements_page,https://www.transfermarkt.com/manchester-city/erfolge/verein/281,2026-04-28T07:46:02.709517+00:00,high,
premier_league,Premier League,manchester_city,Manchester City,2015/16,2015,2016,2,1,Champions League Participant | English League Cup winner,English League Cup winner,transfermarkt_achievements_page,https://www.transfermarkt.com/manchester-city/erfolge/verein/281,2026-04-28T07:46:02.709517+00:00,high,
premier_league,Premier League,manchester_city,Manchester City,2016/17,2016,2017,1,0,Champions League Participant,,transfermarkt_achievements_page,https://www.transfermarkt.com/manchester-city/erfolge/verein/281,2026-04-28T07:46:02.709517+00:00,high,
premier_league,Premier League,manchester_city,Manchester City,2017/18,2017,2018,3,2,Champions League Participant | English Champion | English League Cup winner,English Champion | English League Cup winner,transfermarkt_achievements_page,https://www.transfermarkt.com/manchester-city/erfolge/verein/281,2026-04-28T07:46:02.709517+00:00,high,
premier_league,Premier League,manchester_city,Manchester City,2018/19,2018,2019,5,4,Champions League Participant | English Champion | English League Cup winner | English Supercup Winner | FA Cup Winner,English Champion | English League Cup winner | English Supercup Winner | FA Cup Winner,transfermarkt_achievements_page,https://www.transfermarkt.com/manchester-city/erfolge/verein/281,2026-04-28T07:46:02.709517+00:00,high,
premier_league,Premier League,manchester_city,Manchester City,2019/20,2019,2020,3,2,Champions League Participant | English League Cup winner | English Supercup Winner,English League Cup winner | English Supercup Winner,transfermarkt_achievements_page,https://www.transfermarkt.com/manchester-city/erfolge/verein/281,2026-04-28T07:46:02.709517+00:00,high,
premier_league,Premier League,manchester_city,Manchester City,2020/21,2020,2021,4,3,Champions League Participant | Champions League runner-up | English Champion | English League Cup winner,Champions League runner-up | English Champion | English League Cup winner,transfermarkt_achievements_page,https://www.transfermarkt.com/manchester-city/erfolge/verein/281,2026-04-28T07:46:02.709517+00:00,high,
premier_league,Premier League,manchester_city,Manchester City,2021/22,2021,2022,2,1,Champions League Participant | English Champion,English Champion,transfermarkt_achievements_page,https://www.transfermarkt.com/manchester-city/erfolge/verein/281,2026-04-28T07:46:02.709517+00:00,high,
premier_league,Premier League,manchester_city,Manchester City,2022/23,2022,2023,4,3,Champions League Participant | English Champion | FA Cup Winner | UEFA Champions League winner,English Champion | FA Cup Winner | UEFA Champions League winner,transfermarkt_achievements_page,https://www.transfermarkt.com/manchester-city/erfolge/verein/281,2026-04-28T07:46:02.709517+00:00,high,
premier_league,Premier League,manchester_city,Manchester City,2023/24,2023,2024,5,2,Champions League Participant | English Champion | FA Cup Runner up | FIFA Club World Cup Participant | UEFA Supercup Winner,English Champion | UEFA Supercup Winner,transfermarkt_achievements_page,https://www.transfermarkt.com/manchester-city/erfolge/verein/281,2026-04-28T07:46:02.709517+00:00,high,
premier_league,Premier League,manchester_city,Manchester City,2024/25,2024,2025,4,2,Champions League Participant | English Supercup Winner | FIFA Club World Cup Participant | FIFA Club World Cup winner,English Supercup Winner | FIFA Club World Cup winner,transfermarkt_achievements_page,https://www.transfermarkt.com/manchester-city/erfolge/verein/281,2026-04-28T07:46:02.709517+00:00,medium,Assigned season derived from achievement season label '2024' using method 'calendar_year_mapped_to_start_year_season'.
premier_league,Premier League,manchester_city,Manchester City,2025/26,2025,2026,1,1,English League Cup winner,English League Cup winner,transfermarkt_achievements_page,https://www.transfermarkt.com/manchester-city/erfolge/verein/281,2026-04-28T07:46:02.709517+00:00,high,
premier_league,Premier League,manchester_united,Manchester United,1905/06,1905,1906,1,0,Promoted to 1st league,,transfermarkt_achievements_page,https://www.transfermarkt.com/manchester-united/erfolge/verein/985,2026-04-28T07:46:04.827964+00:00,medium,Assigned season derived from achievement season label '1905/06' using method 'season_label_preserved'.
premier_league,Premier League,manchester_united,Manchester United,1907/08,1907,1908,1,1,English Champion,English Champion,transfermarkt_achievements_page,https://www.transfermarkt.com/manchester-united/erfolge/verein/985,2026-04-28T07:46:04.827964+00:00,medium,Assigned season derived from achievement season label '1907/08' using method 'season_label_preserved'.
premier_league,Premier League,manchester_united,Manchester United,1908/09,1908,1909,2,2,English Supercup Winner | FA Cup Winner,English Supercup Winner | FA Cup Winner,transfermarkt_achievements_page,https://www.transfermarkt.com/manchester-united/erfolge/verein/985,2026-04-28T07:46:04.827964+00:00,medium,Assigned season derived from achievement season label '1908/09' using method 'season_label_preserved'.
premier_league,Premier League,manchester_united,Manchester United,1910/11,1910,1911,1,1,English Champion,English Champion,transfermarkt_achievements_page,https://www.transfermarkt.com/manchester-united/erfolge/verein/985,2026-04-28T07:46:04.827964+00:00,medium,Assigned season derived from achievement season label '1910/11' using method 'season_label_preserved'.
premier_league,Premier League,manchester_united,Manchester United,1911/12,1911,1912,1,1,English Supercup Winner,English Supercup Winner,transfermarkt_achievements_page,https://www.transfermarkt.com/manchester-united/erfolge/verein/985,2026-04-28T07:46:04.827964+00:00,medium,Assigned season derived from achievement season label '1911/12' using method 'season_label_preserved'.
premier_league,Premier League,manchester_united,Manchester United,1921/22,1921,1922,1,0,Relegated from 1st league,,transfermarkt_achievements_page,https://www.transfermarkt.com/manchester-united/erfolge/verein/985,2026-04-28T07:46:04.827964+00:00,medium,Assigned season derived from achievement season label '1921/22' using method 'season_label_preserved'.
premier_league,Premier League,manchester_united,Manchester United,1924/25,1924,1925,1,0,Promoted to 1st league,,transfermarkt_achievements_page,https://www.transfermarkt.com/manchester-united/erfolge/verein/985,2026-04-28T07:46:04.827964+00:00,medium,Assigned season derived from achievement season label '1924/25' using method 'season_label_preserved'.
premier_league,Premier League,manchester_united,Manchester United,1930/31,1930,1931,1,0,Relegated from 1st league,,transfermarkt_achievements_page,https://www.transfermarkt.com/manchester-united/erfolge/verein/985,2026-04-28T07:46:04.827964+00:00,medium,Assigned season derived from achievement season label '30/31' using method 'season_label_expanded_fallback'.
premier_league,Premier League,manchester_united,Manchester United,1935/36,1935,1936,2,1,English 2nd tier champion | Promoted to 1st league,English 2nd tier champion,transfermarkt_achievements_page,https://www.transfermarkt.com/manchester-united/erfolge/verein/985,2026-04-28T07:46:04.827964+00:00,medium,Assigned season derived from achievement season label '35/36' using method 'season_label_expanded_fallback'.
premier_league,Premier League,manchester_united,Manchester United,1936/37,1936,1937,1,0,Relegated from 1st league,,transfermarkt_achievements_page,https://www.transfermarkt.com/manchester-united/erfolge/verein/985,2026-04-28T07:46:04.827964+00:00,medium,Assigned season derived from achievement season label '36/37' using method 'season_label_expanded_fallback'.
premier_league,Premier League,manchester_united,Manchester United,1937/38,1937,1938,1,0,Promoted to 1st league,,transfermarkt_achievements_page,https://www.transfermarkt.com/manchester-united/erfolge/verein/985,2026-04-28T07:46:04.827964+00:00,medium,Assigned season derived from achievement season label '37/38' using method 'season_label_expanded_fallback'.
premier_league,Premier League,manchester_united,Manchester United,1947/48,1947,1948,1,1,FA Cup Winner,FA Cup Winner,transfermarkt_achievements_page,https://www.transfermarkt.com/manchester-united/erfolge/verein/985,2026-04-28T07:46:04.827964+00:00,medium,Assigned season derived from achievement season label '47/48' using method 'season_label_expanded_fallback'.
premier_league,Premier League,manchester_united,Manchester United,1951/52,1951,1952,1,1,English Champion,English Champion,transfermarkt_achievements_page,https://www.transfermarkt.com/manchester-united/erfolge/verein/985,2026-04-28T07:46:04.827964+00:00,medium,Assigned season derived from achievement season label '51/52' using method 'season_label_expanded_fallback'.
premier_league,Premier League,manchester_united,Manchester United,1952/53,1952,1953,1,1,English Supercup Winner,English Supercup Winner,transfermarkt_achievements_page,https://www.transfermarkt.com/manchester-united/erfolge/verein/985,2026-04-28T07:46:04.827964+00:00,medium,Assigned season derived from achievement season label '52/53' using method 'season_label_expanded_fallback'.
premier_league,Premier League,manchester_united,Manchester United,1955/56,1955,1956,1,1,English Champion,English Champion,transfermarkt_achievements_page,https://www.transfermarkt.com/manchester-united/erfolge/verein/985,2026-04-28T07:46:04.827964+00:00,medium,Assigned season derived from achievement season label '55/56' using method 'season_label_expanded_fallback'.
premier_league,Premier League,manchester_united,Manchester United,1956/57,1956,1957,3,2,English Champion | English Supercup Winner | FA Cup Runner up,English Champion | English Supercup Winner,transfermarkt_achievements_page,https://www.transfermarkt.com/manchester-united/erfolge/verein/985,2026-04-28T07:46:04.827964+00:00,medium,Assigned season derived from achievement season label '56/57' using method 'season_label_expanded_fallback'.
premier_league,Premier League,manchester_united,Manchester United,1957/58,1957,1958,2,1,English Supercup Winner | FA Cup Runner up,English Supercup Winner,transfermarkt_achievements_page,https://www.transfermarkt.com/manchester-united/erfolge/verein/985,2026-04-28T07:46:04.827964+00:00,medium,Assigned season derived from achievement season label '57/58' using method 'season_label_expanded_fallback'.
premier_league,Premier League,manchester_united,Manchester United,1962/63,1962,1963,1,1,FA Cup Winner,FA Cup Winner,transfermarkt_achievements_page,https://www.transfermarkt.com/manchester-united/erfolge/verein/985,2026-04-28T07:46:04.827964+00:00,medium,Assigned season derived from achievement season label '62/63' using method 'season_label_expanded_fallback'.
premier_league,Premier League,manchester_united,Manchester United,1964/65,1964,1965,1,1,English Champion,English Champion,transfermarkt_achievements_page,https://www.transfermarkt.com/manchester-united/erfolge/verein/985,2026-04-28T07:46:04.827964+00:00,medium,Assigned season derived from achievement season label '64/65' using method 'season_label_expanded_fallback'.
premier_league,Premier League,manchester_united,Manchester United,1965/66,1965,1966,1,1,English Supercup Winner,English Supercup Winner,transfermarkt_achievements_page,https://www.transfermarkt.com/manchester-united/erfolge/verein/985,2026-04-28T07:46:04.827964+00:00,medium,Assigned season derived from achievement season label '65/66' using method 'season_label_expanded_fallback'.
premier_league,Premier League,manchester_united,Manchester United,1966/67,1966,1967,1,1,English Champion,English Champion,transfermarkt_achievements_page,https://www.transfermarkt.com/manchester-united/erfolge/verein/985,2026-04-28T07:46:04.827964+00:00,medium,Assigned season derived from achievement season label '66/67' using method 'season_label_expanded_fallback'.
premier_league,Premier League,manchester_united,Manchester United,1967/68,1967,1968,3,2,English Supercup Winner | European Champion Clubs' Cup winner | Intercontinental Cup Runner Up,English Supercup Winner | European Champion Clubs' Cup winner,transfermarkt_achievements_page,https://www.transfermarkt.com/manchester-united/erfolge/verein/985,2026-04-28T07:46:04.827964+00:00,medium,Assigned season derived from achievement season label '67/68' using method 'season_label_expanded_fallback'.
premier_league,Premier League,manchester_united,Manchester United,1973/74,1973,1974,1,0,Relegated from 1st league,,transfermarkt_achievements_page,https://www.transfermarkt.com/manchester-united/erfolge/verein/985,2026-04-28T07:46:04.827964+00:00,medium,Assigned season derived from achievement season label '73/74' using method 'season_label_expanded_fallback'.
premier_league,Premier League,manchester_united,Manchester United,1974/75,1974,1975,2,1,English 2nd tier champion | Promoted to 1st league,English 2nd tier champion,transfermarkt_achievements_page,https://www.transfermarkt.com/manchester-united/erfolge/verein/985,2026-04-28T07:46:04.827964+00:00,medium,Assigned season derived from achievement season label '74/75' using method 'season_label_expanded_fallback'.
premier_league,Premier League,manchester_united,Manchester United,1975/76,1975,1976,1,0,FA Cup Runner up,,transfermarkt_achievements_page,https://www.transfermarkt.com/manchester-united/erfolge/verein/985,2026-04-28T07:46:04.827964+00:00,medium,Assigned season derived from achievement season label '75/76' using method 'season_label_expanded_fallback'.
premier_league,Premier League,manchester_united,Manchester United,1976/77,1976,1977,2,1,FA Cup Winner | UEFA Cup Participant,FA Cup Winner,transfermarkt_achievements_page,https://www.transfermarkt.com/manchester-united/erfolge/verein/985,2026-04-28T07:46:04.827964+00:00,medium,Assigned season derived from achievement season label '76/77' using method 'season_label_expanded_fallback'.
premier_league,Premier League,manchester_united,Manchester United,1977/78,1977,1978,1,1,English Supercup Winner,English Supercup Winner,transfermarkt_achievements_page,https://www.transfermarkt.com/manchester-united/erfolge/verein/985,2026-04-28T07:46:04.827964+00:00,medium,Assigned season derived from achievement season label '77/78' using method 'season_label_expanded_fallback'.
premier_league,Premier League,manchester_united,Manchester United,1978/79,1978,1979,1,0,FA Cup Runner up,,transfermarkt_achievements_page,https://www.transfermarkt.com/manchester-united/erfolge/verein/985,2026-04-28T07:46:04.827964+00:00,medium,Assigned season derived from achievement season label '78/79' using method 'season_label_expanded_fallback'.
premier_league,Premier League,manchester_united,Manchester United,1980/81,1980,1981,1,0,UEFA Cup Participant,,transfermarkt_achievements_page,https://www.transfermarkt.com/manchester-united/erfolge/verein/985,2026-04-28T07:46:04.827964+00:00,medium,Assigned season derived from achievement season label '80/81' using method 'season_label_expanded_fallback'.
premier_league,Premier League,manchester_united,Manchester United,1982/83,1982,1983,3,1,English League Cup runner-up | FA Cup Winner | UEFA Cup Participant,FA Cup Winner,transfermarkt_achievements_page,https://www.transfermarkt.com/manchester-united/erfolge/verein/985,2026-04-28T07:46:04.827964+00:00,medium,Assigned season derived from achievement season label '82/83' using method 'season_label_expanded_fallback'.
premier_league,Premier League,manchester_united,Manchester United,1983/84,1983,1984,1,1,English Supercup Winner,English Supercup Winner,transfermarkt_achievements_page,https://www.transfermarkt.com/manchester-united/erfolge/verein/985,2026-04-28T07:46:04.827964+00:00,medium,Assigned season derived from achievement season label '83/84' using method 'season_label_expanded_fallback'.
premier_league,Premier League,manchester_united,Manchester United,1984/85,1984,1985,2,1,FA Cup Winner | UEFA Cup Participant,FA Cup Winner,transfermarkt_achievements_page,https://www.transfermarkt.com/manchester-united/erfolge/verein/985,2026-04-28T07:46:04.827964+00:00,medium,Assigned season derived from achievement season label '84/85' using method 'season_label_expanded_fallback'.
premier_league,Premier League,manchester_united,Manchester United,1989/90,1989,1990,1,1,FA Cup Winner,FA Cup Winner,transfermarkt_achievements_page,https://www.transfermarkt.com/manchester-united/erfolge/verein/985,2026-04-28T07:46:04.827964+00:00,medium,Assigned season derived from achievement season label '89/90' using method 'season_label_expanded_fallback'.
premier_league,Premier League,manchester_united,Manchester United,1990/91,1990,1991,3,2,Cup Winners Cup Winner | English League Cup runner-up | English Supercup Winner,Cup Winners Cup Winner | English Supercup Winner,transfermarkt_achievements_page,https://www.transfermarkt.com/manchester-united/erfolge/verein/985,2026-04-28T07:46:04.827964+00:00,high,
premier_league,Premier League,manchester_united,Manchester United,1991/92,1991,1992,2,2,English League Cup winner | UEFA Supercup Winner,English League Cup winner | UEFA Supercup Winner,transfermarkt_achievements_page,https://www.transfermarkt.com/manchester-united/erfolge/verein/985,2026-04-28T07:46:04.827964+00:00,high,
premier_league,Premier League,manchester_united,Manchester United,1992/93,1992,1993,2,1,English Champion | UEFA Cup Participant,English Champion,transfermarkt_achievements_page,https://www.transfermarkt.com/manchester-united/erfolge/verein/985,2026-04-28T07:46:04.827964+00:00,high,
premier_league,Premier League,manchester_united,Manchester United,1993/94,1993,1994,5,3,Champions League Participant | English Champion | English League Cup runner-up | English Supercup Winner | FA Cup Winner,English Champion | English Supercup Winner | FA Cup Winner,transfermarkt_achievements_page,https://www.transfermarkt.com/manchester-united/erfolge/verein/985,2026-04-28T07:46:04.827964+00:00,high,
premier_league,Premier League,manchester_united,Manchester United,1994/95,1994,1995,3,1,Champions League Participant | English Supercup Winner | FA Cup Runner up,English Supercup Winner,transfermarkt_achievements_page,https://www.transfermarkt.com/manchester-united/erfolge/verein/985,2026-04-28T07:46:04.827964+00:00,high,
premier_league,Premier League,manchester_united,Manchester United,1995/96,1995,1996,3,2,English Champion | FA Cup Winner | UEFA Cup Participant,English Champion | FA Cup Winner,transfermarkt_achievements_page,https://www.transfermarkt.com/manchester-united/erfolge/verein/985,2026-04-28T07:46:04.827964+00:00,high,
premier_league,Premier League,manchester_united,Manchester United,1996/97,1996,1997,3,2,Champions League Participant | English Champion | English Supercup Winner,English Champion | English Supercup Winner,transfermarkt_achievements_page,https://www.transfermarkt.com/manchester-united/erfolge/verein/985,2026-04-28T07:46:04.827964+00:00,high,
premier_league,Premier League,manchester_united,Manchester United,1997/98,1997,1998,2,1,Champions League Participant | English Supercup Winner,English Supercup Winner,transfermarkt_achievements_page,https://www.transfermarkt.com/manchester-united/erfolge/verein/985,2026-04-28T07:46:04.827964+00:00,high,
premier_league,Premier League,manchester_united,Manchester United,1998/99,1998,1999,5,3,Champions League Participant | English Champion | FA Cup Winner | UEFA Champions League winner | UEFA Super Cup runner-up,English Champion | FA Cup Winner | UEFA Champions League winner,transfermarkt_achievements_page,https://www.transfermarkt.com/manchester-united/erfolge/verein/985,2026-04-28T07:46:04.827964+00:00,high,
premier_league,Premier League,manchester_united,Manchester United,1999/00,1999,2000,5,2,Champions League Participant | English Champion | FIFA Club World Cup Participant | Intercontinental Cup Winner | UEFA Super Cup runner-up,English Champion | Intercontinental Cup Winner,transfermarkt_achievements_page,https://www.transfermarkt.com/manchester-united/erfolge/verein/985,2026-04-28T07:46:04.827964+00:00,medium,Assigned season derived from achievement season label '1999' using method 'calendar_year_mapped_to_start_year_season'.
premier_league,Premier League,manchester_united,Manchester United,2000/01,2000,2001,2,1,Champions League Participant | English Champion,English Champion,transfermarkt_achievements_page,https://www.transfermarkt.com/manchester-united/erfolge/verein/985,2026-04-28T07:46:04.827964+00:00,high,
premier_league,Premier League,manchester_united,Manchester United,2001/02,2001,2002,1,0,Champions League Participant,,transfermarkt_achievements_page,https://www.transfermarkt.com/manchester-united/erfolge/verein/985,2026-04-28T07:46:04.827964+00:00,high,
premier_league,Premier League,manchester_united,Manchester United,2002/03,2002,2003,3,1,Champions League Participant | English Champion | English League Cup runner-up,English Champion,transfermarkt_achievements_page,https://www.transfermarkt.com/manchester-united/erfolge/verein/985,2026-04-28T07:46:04.827964+00:00,high,
premier_league,Premier League,manchester_united,Manchester United,2003/04,2003,2004,3,2,Champions League Participant | English Supercup Winner | FA Cup Winner,English Supercup Winner | FA Cup Winner,transfermarkt_achievements_page,https://www.transfermarkt.com/manchester-united/erfolge/verein/985,2026-04-28T07:46:04.827964+00:00,high,
premier_league,Premier League,manchester_united,Manchester United,2004/05,2004,2005,2,0,Champions League Participant | FA Cup Runner up,,transfermarkt_achievements_page,https://www.transfermarkt.com/manchester-united/erfolge/verein/985,2026-04-28T07:46:04.827964+00:00,high,
premier_league,Premier League,manchester_united,Manchester United,2005/06,2005,2006,2,1,Champions League Participant | English League Cup winner,English League Cup winner,transfermarkt_achievements_page,https://www.transfermarkt.com/manchester-united/erfolge/verein/985,2026-04-28T07:46:04.827964+00:00,high,
premier_league,Premier League,manchester_united,Manchester United,2006/07,2006,2007,3,1,Champions League Participant | English Champion | FA Cup Runner up,English Champion,transfermarkt_achievements_page,https://www.transfermarkt.com/manchester-united/erfolge/verein/985,2026-04-28T07:46:04.827964+00:00,high,
premier_league,Premier League,manchester_united,Manchester United,2007/08,2007,2008,5,3,Champions League Participant | English Champion | English Supercup Winner | UEFA Champions League winner | UEFA Super Cup runner-up,English Champion | English Supercup Winner | UEFA Champions League winner,transfermarkt_achievements_page,https://www.transfermarkt.com/manchester-united/erfolge/verein/985,2026-04-28T07:46:04.827964+00:00,high,
premier_league,Premier League,manchester_united,Manchester United,2008/09,2008,2009,7,4,Champions League Participant | Champions League runner-up | English Champion | English League Cup winner | English Supercup Winner | FIFA Club World Cup Participant | UEFA Super Cup runner-up,Champions League runner-up | English Champion | English League Cup winner | English Supercup Winner,transfermarkt_achievements_page,https://www.transfermarkt.com/manchester-united/erfolge/verein/985,2026-04-28T07:46:04.827964+00:00,high,
premier_league,Premier League,manchester_united,Manchester United,2009/10,2009,2010,3,2,Champions League Participant | English League Cup winner | FIFA Club World Cup winner,English League Cup winner | FIFA Club World Cup winner,transfermarkt_achievements_page,https://www.transfermarkt.com/manchester-united/erfolge/verein/985,2026-04-28T07:46:04.827964+00:00,medium,Assigned season derived from achievement season label '2009' using method 'calendar_year_mapped_to_start_year_season'.
premier_league,Premier League,manchester_united,Manchester United,2010/11,2010,2011,4,3,Champions League Participant | Champions League runner-up | English Champion | English Supercup Winner,Champions League runner-up | English Champion | English Supercup Winner,transfermarkt_achievements_page,https://www.transfermarkt.com/manchester-united/erfolge/verein/985,2026-04-28T07:46:04.827964+00:00,high,
premier_league,Premier League,manchester_united,Manchester United,2011/12,2011,2012,3,1,Champions League Participant | English Supercup Winner | Europa League Participant,English Supercup Winner,transfermarkt_achievements_page,https://www.transfermarkt.com/manchester-united/erfolge/verein/985,2026-04-28T07:46:04.827964+00:00,high,
premier_league,Premier League,manchester_united,Manchester United,2012/13,2012,2013,2,1,Champions League Participant | English Champion,English Champion,transfermarkt_achievements_page,https://www.transfermarkt.com/manchester-united/erfolge/verein/985,2026-04-28T07:46:04.827964+00:00,high,
premier_league,Premier League,manchester_united,Manchester United,2013/14,2013,2014,2,1,Champions League Participant | English Supercup Winner,English Supercup Winner,transfermarkt_achievements_page,https://www.transfermarkt.com/manchester-united/erfolge/verein/985,2026-04-28T07:46:04.827964+00:00,high,
premier_league,Premier League,manchester_united,Manchester United,2015/16,2015,2016,3,1,Champions League Participant | Europa League Participant | FA Cup Winner,FA Cup Winner,transfermarkt_achievements_page,https://www.transfermarkt.com/manchester-united/erfolge/verein/985,2026-04-28T07:46:04.827964+00:00,high,
premier_league,Premier League,manchester_united,Manchester United,2016/17,2016,2017,4,3,English League Cup winner | English Supercup Winner | Europa League Participant | Europa League Winner,English League Cup winner | English Supercup Winner | Europa League Winner,transfermarkt_achievements_page,https://www.transfermarkt.com/manchester-united/erfolge/verein/985,2026-04-28T07:46:04.827964+00:00,high,
premier_league,Premier League,manchester_united,Manchester United,2017/18,2017,2018,3,0,Champions League Participant | FA Cup Runner up | UEFA Super Cup runner-up,,transfermarkt_achievements_page,https://www.transfermarkt.com/manchester-united/erfolge/verein/985,2026-04-28T07:46:04.827964+00:00,high,
premier_league,Premier League,manchester_united,Manchester United,2018/19,2018,2019,1,0,Champions League Participant,,transfermarkt_achievements_page,https://www.transfermarkt.com/manchester-united/erfolge/verein/985,2026-04-28T07:46:04.827964+00:00,high,
premier_league,Premier League,manchester_united,Manchester United,2019/20,2019,2020,1,0,Europa League Participant,,transfermarkt_achievements_page,https://www.transfermarkt.com/manchester-united/erfolge/verein/985,2026-04-28T07:46:04.827964+00:00,high,
premier_league,Premier League,manchester_united,Manchester United,2020/21,2020,2021,3,0,Champions League Participant | Europa League Participant | Europa League runner-up,,transfermarkt_achievements_page,https://www.transfermarkt.com/manchester-united/erfolge/verein/985,2026-04-28T07:46:04.827964+00:00,high,
premier_league,Premier League,manchester_united,Manchester United,2021/22,2021,2022,1,0,Champions League Participant,,transfermarkt_achievements_page,https://www.transfermarkt.com/manchester-united/erfolge/verein/985,2026-04-28T07:46:04.827964+00:00,high,
premier_league,Premier League,manchester_united,Manchester United,2022/23,2022,2023,3,1,English League Cup winner | Europa League Participant | FA Cup Runner up,English League Cup winner,transfermarkt_achievements_page,https://www.transfermarkt.com/manchester-united/erfolge/verein/985,2026-04-28T07:46:04.827964+00:00,high,
premier_league,Premier League,manchester_united,Manchester United,2023/24,2023,2024,2,1,Champions League Participant | FA Cup Winner,FA Cup Winner,transfermarkt_achievements_page,https://www.transfermarkt.com/manchester-united/erfolge/verein/985,2026-04-28T07:46:04.827964+00:00,high,
premier_league,Premier League,manchester_united,Manchester United,2024/25,2024,2025,2,0,Europa League Participant | Europa League runner-up,,transfermarkt_achievements_page,https://www.transfermarkt.com/manchester-united/erfolge/verein/985,2026-04-28T07:46:04.827964+00:00,high,
premier_league,Premier League,tottenham_hotspur,Tottenham Hotspur,1900/01,1900,1901,1,1,FA Cup Winner,FA Cup Winner,transfermarkt_achievements_page,https://www.transfermarkt.com/tottenham-hotspur/erfolge/verein/148,2026-04-28T07:46:11.825063+00:00,medium,Assigned season derived from achievement season label '1900/01' using method 'season_label_preserved'.
premier_league,Premier League,tottenham_hotspur,Tottenham Hotspur,1908/09,1908,1909,1,0,Promoted to 1st league,,transfermarkt_achievements_page,https://www.transfermarkt.com/tottenham-hotspur/erfolge/verein/148,2026-04-28T07:46:11.825063+00:00,medium,Assigned season derived from achievement season label '1908/09' using method 'season_label_preserved'.
premier_league,Premier League,tottenham_hotspur,Tottenham Hotspur,1914/15,1914,1915,1,0,Relegated from 1st league,,transfermarkt_achievements_page,https://www.transfermarkt.com/tottenham-hotspur/erfolge/verein/148,2026-04-28T07:46:11.825063+00:00,medium,Assigned season derived from achievement season label '1914/15' using method 'season_label_preserved'.
premier_league,Premier League,tottenham_hotspur,Tottenham Hotspur,1919/20,1919,1920,2,1,English 2nd tier champion | Promoted to 1st league,English 2nd tier champion,transfermarkt_achievements_page,https://www.transfermarkt.com/tottenham-hotspur/erfolge/verein/148,2026-04-28T07:46:11.825063+00:00,medium,Assigned season derived from achievement season label '1919/20' using method 'season_label_preserved'.
premier_league,Premier League,tottenham_hotspur,Tottenham Hotspur,1920/21,1920,1921,1,1,FA Cup Winner,FA Cup Winner,transfermarkt_achievements_page,https://www.transfermarkt.com/tottenham-hotspur/erfolge/verein/148,2026-04-28T07:46:11.825063+00:00,medium,Assigned season derived from achievement season label '1920/21' using method 'season_label_preserved'.
premier_league,Premier League,tottenham_hotspur,Tottenham Hotspur,1921/22,1921,1922,1,1,English Supercup Winner,English Supercup Winner,transfermarkt_achievements_page,https://www.transfermarkt.com/tottenham-hotspur/erfolge/verein/148,2026-04-28T07:46:11.825063+00:00,medium,Assigned season derived from achievement season label '1921/22' using method 'season_label_preserved'.
premier_league,Premier League,tottenham_hotspur,Tottenham Hotspur,1927/28,1927,1928,1,0,Relegated from 1st league,,transfermarkt_achievements_page,https://www.transfermarkt.com/tottenham-hotspur/erfolge/verein/148,2026-04-28T07:46:11.825063+00:00,medium,Assigned season derived from achievement season label '1927/28' using method 'season_label_preserved'.
premier_league,Premier League,tottenham_hotspur,Tottenham Hotspur,1932/33,1932,1933,1,0,Promoted to 1st league,,transfermarkt_achievements_page,https://www.transfermarkt.com/tottenham-hotspur/erfolge/verein/148,2026-04-28T07:46:11.825063+00:00,medium,Assigned season derived from achievement season label '32/33' using method 'season_label_expanded_fallback'.
premier_league,Premier League,tottenham_hotspur,Tottenham Hotspur,1934/35,1934,1935,1,0,Relegated from 1st league,,transfermarkt_achievements_page,https://www.transfermarkt.com/tottenham-hotspur/erfolge/verein/148,2026-04-28T07:46:11.825063+00:00,medium,Assigned season derived from achievement season label '34/35' using method 'season_label_expanded_fallback'.
premier_league,Premier League,tottenham_hotspur,Tottenham Hotspur,1949/50,1949,1950,2,1,English 2nd tier champion | Promoted to 1st league,English 2nd tier champion,transfermarkt_achievements_page,https://www.transfermarkt.com/tottenham-hotspur/erfolge/verein/148,2026-04-28T07:46:11.825063+00:00,medium,Assigned season derived from achievement season label '49/50' using method 'season_label_expanded_fallback'.
premier_league,Premier League,tottenham_hotspur,Tottenham Hotspur,1950/51,1950,1951,1,1,English Champion,English Champion,transfermarkt_achievements_page,https://www.transfermarkt.com/tottenham-hotspur/erfolge/verein/148,2026-04-28T07:46:11.825063+00:00,medium,Assigned season derived from achievement season label '50/51' using method 'season_label_expanded_fallback'.
premier_league,Premier League,tottenham_hotspur,Tottenham Hotspur,1951/52,1951,1952,1,1,English Supercup Winner,English Supercup Winner,transfermarkt_achievements_page,https://www.transfermarkt.com/tottenham-hotspur/erfolge/verein/148,2026-04-28T07:46:11.825063+00:00,medium,Assigned season derived from achievement season label '51/52' using method 'season_label_expanded_fallback'.
premier_league,Premier League,tottenham_hotspur,Tottenham Hotspur,1960/61,1960,1961,2,2,English Champion | FA Cup Winner,English Champion | FA Cup Winner,transfermarkt_achievements_page,https://www.transfermarkt.com/tottenham-hotspur/erfolge/verein/148,2026-04-28T07:46:11.825063+00:00,medium,Assigned season derived from achievement season label '60/61' using method 'season_label_expanded_fallback'.
premier_league,Premier League,tottenham_hotspur,Tottenham Hotspur,1961/62,1961,1962,2,2,English Supercup Winner | FA Cup Winner,English Supercup Winner | FA Cup Winner,transfermarkt_achievements_page,https://www.transfermarkt.com/tottenham-hotspur/erfolge/verein/148,2026-04-28T07:46:11.825063+00:00,medium,Assigned season derived from achievement season label '61/62' using method 'season_label_expanded_fallback'.
premier_league,Premier League,tottenham_hotspur,Tottenham Hotspur,1962/63,1962,1963,2,2,Cup Winners Cup Winner | English Supercup Winner,Cup Winners Cup Winner | English Supercup Winner,transfermarkt_achievements_page,https://www.transfermarkt.com/tottenham-hotspur/erfolge/verein/148,2026-04-28T07:46:11.825063+00:00,medium,Assigned season derived from achievement season label '62/63' using method 'season_label_expanded_fallback'.
premier_league,Premier League,tottenham_hotspur,Tottenham Hotspur,1966/67,1966,1967,1,1,FA Cup Winner,FA Cup Winner,transfermarkt_achievements_page,https://www.transfermarkt.com/tottenham-hotspur/erfolge/verein/148,2026-04-28T07:46:11.825063+00:00,medium,Assigned season derived from achievement season label '66/67' using method 'season_label_expanded_fallback'.
premier_league,Premier League,tottenham_hotspur,Tottenham Hotspur,1967/68,1967,1968,1,1,English Supercup Winner,English Supercup Winner,transfermarkt_achievements_page,https://www.transfermarkt.com/tottenham-hotspur/erfolge/verein/148,2026-04-28T07:46:11.825063+00:00,medium,Assigned season derived from achievement season label '67/68' using method 'season_label_expanded_fallback'.
premier_league,Premier League,tottenham_hotspur,Tottenham Hotspur,1970/71,1970,1971,1,1,English League Cup winner,English League Cup winner,transfermarkt_achievements_page,https://www.transfermarkt.com/tottenham-hotspur/erfolge/verein/148,2026-04-28T07:46:11.825063+00:00,medium,Assigned season derived from achievement season label '70/71' using method 'season_label_expanded_fallback'.
premier_league,Premier League,tottenham_hotspur,Tottenham Hotspur,1971/72,1971,1972,2,1,UEFA Cup Participant | UEFA Cup Winner,UEFA Cup Winner,transfermarkt_achievements_page,https://www.transfermarkt.com/tottenham-hotspur/erfolge/verein/148,2026-04-28T07:46:11.825063+00:00,medium,Assigned season derived from achievement season label '71/72' using method 'season_label_expanded_fallback'.
premier_league,Premier League,tottenham_hotspur,Tottenham Hotspur,1972/73,1972,1973,2,1,English League Cup winner | UEFA Cup Participant,English League Cup winner,transfermarkt_achievements_page,https://www.transfermarkt.com/tottenham-hotspur/erfolge/verein/148,2026-04-28T07:46:11.825063+00:00,medium,Assigned season derived from achievement season label '72/73' using method 'season_label_expanded_fallback'.
premier_league,Premier League,tottenham_hotspur,Tottenham Hotspur,1973/74,1973,1974,2,0,UEFA Cup Participant | UEFA Cup runner-up,,transfermarkt_achievements_page,https://www.transfermarkt.com/tottenham-hotspur/erfolge/verein/148,2026-04-28T07:46:11.825063+00:00,medium,Assigned season derived from achievement season label '73/74' using method 'season_label_expanded_fallback'.
premier_league,Premier League,tottenham_hotspur,Tottenham Hotspur,1976/77,1976,1977,1,0,Relegated from 1st league,,transfermarkt_achievements_page,https://www.transfermarkt.com/tottenham-hotspur/erfolge/verein/148,2026-04-28T07:46:11.825063+00:00,medium,Assigned season derived from achievement season label '76/77' using method 'season_label_expanded_fallback'.
premier_league,Premier League,tottenham_hotspur,Tottenham Hotspur,1977/78,1977,1978,1,0,Promoted to 1st league,,transfermarkt_achievements_page,https://www.transfermarkt.com/tottenham-hotspur/erfolge/verein/148,2026-04-28T07:46:11.825063+00:00,medium,Assigned season derived from achievement season label '77/78' using method 'season_label_expanded_fallback'.
premier_league,Premier League,tottenham_hotspur,Tottenham Hotspur,1980/81,1980,1981,1,1,FA Cup Winner,FA Cup Winner,transfermarkt_achievements_page,https://www.transfermarkt.com/tottenham-hotspur/erfolge/verein/148,2026-04-28T07:46:11.825063+00:00,medium,Assigned season derived from achievement season label '80/81' using method 'season_label_expanded_fallback'.
premier_league,Premier League,tottenham_hotspur,Tottenham Hotspur,1981/82,1981,1982,3,2,English League Cup runner-up | English Supercup Winner | FA Cup Winner,English Supercup Winner | FA Cup Winner,transfermarkt_achievements_page,https://www.transfermarkt.com/tottenham-hotspur/erfolge/verein/148,2026-04-28T07:46:11.825063+00:00,medium,Assigned season derived from achievement season label '81/82' using method 'season_label_expanded_fallback'.
premier_league,Premier League,tottenham_hotspur,Tottenham Hotspur,1983/84,1983,1984,2,1,UEFA Cup Participant | UEFA Cup Winner,UEFA Cup Winner,transfermarkt_achievements_page,https://www.transfermarkt.com/tottenham-hotspur/erfolge/verein/148,2026-04-28T07:46:11.825063+00:00,medium,Assigned season derived from achievement season label '83/84' using method 'season_label_expanded_fallback'.
premier_league,Premier League,tottenham_hotspur,Tottenham Hotspur,1984/85,1984,1985,1,0,UEFA Cup Participant,,transfermarkt_achievements_page,https://www.transfermarkt.com/tottenham-hotspur/erfolge/verein/148,2026-04-28T07:46:11.825063+00:00,medium,Assigned season derived from achievement season label '84/85' using method 'season_label_expanded_fallback'.
premier_league,Premier League,tottenham_hotspur,Tottenham Hotspur,1986/87,1986,1987,1,0,FA Cup Runner up,,transfermarkt_achievements_page,https://www.transfermarkt.com/tottenham-hotspur/erfolge/verein/148,2026-04-28T07:46:11.825063+00:00,medium,Assigned season derived from achievement season label '86/87' using method 'season_label_expanded_fallback'.
premier_league,Premier League,tottenham_hotspur,Tottenham Hotspur,1990/91,1990,1991,1,1,FA Cup Winner,FA Cup Winner,transfermarkt_achievements_page,https://www.transfermarkt.com/tottenham-hotspur/erfolge/verein/148,2026-04-28T07:46:11.825063+00:00,high,
premier_league,Premier League,tottenham_hotspur,Tottenham Hotspur,1991/92,1991,1992,1,1,English Supercup Winner,English Supercup Winner,transfermarkt_achievements_page,https://www.transfermarkt.com/tottenham-hotspur/erfolge/verein/148,2026-04-28T07:46:11.825063+00:00,high,
premier_league,Premier League,tottenham_hotspur,Tottenham Hotspur,1998/99,1998,1999,1,1,English League Cup winner,English League Cup winner,transfermarkt_achievements_page,https://www.transfermarkt.com/tottenham-hotspur/erfolge/verein/148,2026-04-28T07:46:11.825063+00:00,high,
premier_league,Premier League,tottenham_hotspur,Tottenham Hotspur,1999/00,1999,2000,1,0,UEFA Cup Participant,,transfermarkt_achievements_page,https://www.transfermarkt.com/tottenham-hotspur/erfolge/verein/148,2026-04-28T07:46:11.825063+00:00,high,
premier_league,Premier League,tottenham_hotspur,Tottenham Hotspur,2001/02,2001,2002,1,0,English League Cup runner-up,,transfermarkt_achievements_page,https://www.transfermarkt.com/tottenham-hotspur/erfolge/verein/148,2026-04-28T07:46:11.825063+00:00,high,
premier_league,Premier League,tottenham_hotspur,Tottenham Hotspur,2006/07,2006,2007,1,0,UEFA Cup Participant,,transfermarkt_achievements_page,https://www.transfermarkt.com/tottenham-hotspur/erfolge/verein/148,2026-04-28T07:46:11.825063+00:00,high,
premier_league,Premier League,tottenham_hotspur,Tottenham Hotspur,2007/08,2007,2008,2,1,English League Cup winner | UEFA Cup Participant,English League Cup winner,transfermarkt_achievements_page,https://www.transfermarkt.com/tottenham-hotspur/erfolge/verein/148,2026-04-28T07:46:11.825063+00:00,high,
premier_league,Premier League,tottenham_hotspur,Tottenham Hotspur,2008/09,2008,2009,1,0,UEFA Cup Participant,,transfermarkt_achievements_page,https://www.transfermarkt.com/tottenham-hotspur/erfolge/verein/148,2026-04-28T07:46:11.825063+00:00,high,
premier_league,Premier League,tottenham_hotspur,Tottenham Hotspur,2010/11,2010,2011,1,0,Champions League Participant,,transfermarkt_achievements_page,https://www.transfermarkt.com/tottenham-hotspur/erfolge/verein/148,2026-04-28T07:46:11.825063+00:00,high,
premier_league,Premier League,tottenham_hotspur,Tottenham Hotspur,2011/12,2011,2012,1,0,Europa League Participant,,transfermarkt_achievements_page,https://www.transfermarkt.com/tottenham-hotspur/erfolge/verein/148,2026-04-28T07:46:11.825063+00:00,high,
premier_league,Premier League,tottenham_hotspur,Tottenham Hotspur,2012/13,2012,2013,1,0,Europa League Participant,,transfermarkt_achievements_page,https://www.transfermarkt.com/tottenham-hotspur/erfolge/verein/148,2026-04-28T07:46:11.825063+00:00,high,
premier_league,Premier League,tottenham_hotspur,Tottenham Hotspur,2013/14,2013,2014,1,0,Europa League Participant,,transfermarkt_achievements_page,https://www.transfermarkt.com/tottenham-hotspur/erfolge/verein/148,2026-04-28T07:46:11.825063+00:00,high,
premier_league,Premier League,tottenham_hotspur,Tottenham Hotspur,2014/15,2014,2015,2,0,English League Cup runner-up | Europa League Participant,,transfermarkt_achievements_page,https://www.transfermarkt.com/tottenham-hotspur/erfolge/verein/148,2026-04-28T07:46:11.825063+00:00,high,
premier_league,Premier League,tottenham_hotspur,Tottenham Hotspur,2015/16,2015,2016,1,0,Europa League Participant,,transfermarkt_achievements_page,https://www.transfermarkt.com/tottenham-hotspur/erfolge/verein/148,2026-04-28T07:46:11.825063+00:00,high,
premier_league,Premier League,tottenham_hotspur,Tottenham Hotspur,2016/17,2016,2017,2,0,Champions League Participant | Europa League Participant,,transfermarkt_achievements_page,https://www.transfermarkt.com/tottenham-hotspur/erfolge/verein/148,2026-04-28T07:46:11.825063+00:00,high,
premier_league,Premier League,tottenham_hotspur,Tottenham Hotspur,2017/18,2017,2018,1,0,Champions League Participant,,transfermarkt_achievements_page,https://www.transfermarkt.com/tottenham-hotspur/erfolge/verein/148,2026-04-28T07:46:11.825063+00:00,high,
premier_league,Premier League,tottenham_hotspur,Tottenham Hotspur,2018/19,2018,2019,2,1,Champions League Participant | Champions League runner-up,Champions League runner-up,transfermarkt_achievements_page,https://www.transfermarkt.com/tottenham-hotspur/erfolge/verein/148,2026-04-28T07:46:11.825063+00:00,high,
premier_league,Premier League,tottenham_hotspur,Tottenham Hotspur,2019/20,2019,2020,1,0,Champions League Participant,,transfermarkt_achievements_page,https://www.transfermarkt.com/tottenham-hotspur/erfolge/verein/148,2026-04-28T07:46:11.825063+00:00,high,
premier_league,Premier League,tottenham_hotspur,Tottenham Hotspur,2020/21,2020,2021,1,0,Europa League Participant,,transfermarkt_achievements_page,https://www.transfermarkt.com/tottenham-hotspur/erfolge/verein/148,2026-04-28T07:46:11.825063+00:00,high,
premier_league,Premier League,tottenham_hotspur,Tottenham Hotspur,2021/22,2021,2022,1,0,Conference League participant,,transfermarkt_achievements_page,https://www.transfermarkt.com/tottenham-hotspur/erfolge/verein/148,2026-04-28T07:46:11.825063+00:00,high,
premier_league,Premier League,tottenham_hotspur,Tottenham Hotspur,2022/23,2022,2023,1,0,Champions League Participant,,transfermarkt_achievements_page,https://www.transfermarkt.com/tottenham-hotspur/erfolge/verein/148,2026-04-28T07:46:11.825063+00:00,high,
premier_league,Premier League,tottenham_hotspur,Tottenham Hotspur,2024/25,2024,2025,2,1,Europa League Participant | Europa League Winner,Europa League Winner,transfermarkt_achievements_page,https://www.transfermarkt.com/tottenham-hotspur/erfolge/verein/148,2026-04-28T07:46:11.825063+00:00,high,
premier_league,Premier League,tottenham_hotspur,Tottenham Hotspur,2025/26,2025,2026,1,0,UEFA Super Cup runner-up,,transfermarkt_achievements_page,https://www.transfermarkt.com/tottenham-hotspur/erfolge/verein/148,2026-04-28T07:46:11.825063+00:00,high,
